ano_mes,ano,faixa_potencia,marca,soma_kw,qtd_instalacoes,kw_medio_instalacao
1900-01,1900,≤10 kW,Fronius,2.34,1,2.34
1900-01,1900,≤10 kW,Goodwe,8.0,2,4.0
1900-01,1900,≤10 kW,Growatt,23.0,4,5.75
1900-01,1900,≤10 kW,Huawei,4.08,1,4.08
1900-01,1900,≤10 kW,Intelbras,4.28,1,4.28
1900-01,1900,≤10 kW,Sofar Solar,5.0,1,5.0
1900-01,1900,≤10 kW,Solis (Ginlong),8.8,1,8.8
1900-01,1900,≤10 kW,Sungrow,5.0,1,5.0
1900-01,1900,10–20 kW,WEG,10.5,1,10.5
1900-01,1900,20–75 kW,Growatt,141.0,2,70.5
2009-06,2009,≤10 kW,Foxess,5.0,1,5.0
2009-06,2009,≤10 kW,Fronius,8.2,1,8.2
2009-06,2009,≤10 kW,Growatt,10.0,2,5.0
2009-09,2009,≤10 kW,APsystems,2.0,1,2.0
2009-09,2009,≤10 kW,Bel Energy,9.2,4,2.3
2009-09,2009,≤10 kW,Deye,12.0,2,6.0
2009-09,2009,≤10 kW,Ecosolys,1.0,1,1.0
2009-09,2009,≤10 kW,WEG,4.0,1,4.0
2009-09,2009,10–20 kW,Bel Energy,113.0,8,14.125
2009-09,2009,10–20 kW,Komeco,10.45,1,10.45
2009-10,2009,≤10 kW,Deye,10.0,1,10.0
2010-03,2010,20–75 kW,Outros,30.0,1,30.0
2010-04,2010,≤10 kW,WEG,1.2,1,1.2
2010-08,2010,≤10 kW,Solis (Ginlong),6.0,1,6.0
2010-09,2010,≤10 kW,Fronius,6.0,1,6.0
2010-12,2010,≤10 kW,Intelbras,8.0,1,8.0
2011-02,2011,≤10 kW,Bel Energy,10.0,1,10.0
2011-02,2011,≤10 kW,Outros,1.0,1,1.0
2011-02,2011,≤10 kW,WEG,2.0,1,2.0
2011-04,2011,≤10 kW,Outros,3.0,1,3.0
2011-06,2011,≤10 kW,WEG,1.0,1,1.0
2011-06,2011,10–20 kW,ABB/FIMER,15.4,1,15.4
2011-06,2011,10–20 kW,Bel Energy,14.0,1,14.0
2011-07,2011,10–20 kW,Komeco,10.45,1,10.45
2011-09,2011,≤10 kW,Sungrow,4.08,1,4.08
2011-10,2011,≤10 kW,ABB/FIMER,5.0,1,5.0
2011-10,2011,≤10 kW,APsystems,2.0,1,2.0
2011-10,2011,≤10 kW,Bel Energy,11.0,4,2.75
2011-10,2011,≤10 kW,Deye,20.0,4,5.0
2011-10,2011,≤10 kW,Intelbras,3.0,1,3.0
2011-10,2011,≤10 kW,Kstar,2.0,2,1.0
2011-10,2011,≤10 kW,Outros,22.0,3,7.333333333333333
2011-10,2011,≤10 kW,PHB,6.0,3,2.0
2011-10,2011,≤10 kW,Solis (Ginlong),1.0,1,1.0
2011-10,2011,≤10 kW,Tsun,4.0,1,4.0
2011-10,2011,≤10 kW,WEG,24.8,5,4.96
2011-10,2011,10–20 kW,BYD,12.0,1,12.0
2011-10,2011,10–20 kW,Bel Energy,42.0,3,14.0
2011-10,2011,20–75 kW,BYD,60.0,1,60.0
2012-01,2012,≤10 kW,APsystems,2.0,1,2.0
2012-01,2012,75–300 kW,Bedin Solar,195.0,1,195.0
2012-02,2012,300 kW–1 MW,SMA,403.0,1,403.0
2012-03,2012,≤10 kW,APsystems,2.0,1,2.0
2012-03,2012,≤10 kW,Growatt,1.0,1,1.0
2012-06,2012,≤10 kW,Growatt,3.0,1,3.0
2012-07,2012,≤10 kW,Refusol,3.0,1,3.0
2012-09,2012,≤10 kW,APsystems,4.0,2,2.0
2012-09,2012,≤10 kW,Bel Energy,2.0,1,2.0
2012-09,2012,≤10 kW,Deye,1.0,1,1.0
2012-09,2012,≤10 kW,Growatt,11.0,3,3.6666666666666665
2012-09,2012,≤10 kW,Intelbras,6.0,1,6.0
2012-09,2012,≤10 kW,Kstar,1.0,1,1.0
2012-09,2012,≤10 kW,Outros,50.0,5,10.0
2012-09,2012,≤10 kW,PHB,6.0,3,2.0
2012-09,2012,≤10 kW,SAJ,19.0,3,6.333333333333333
2012-09,2012,≤10 kW,Solis (Ginlong),14.0,3,4.666666666666667
2012-09,2012,≤10 kW,Sungrow,5.0,1,5.0
2012-09,2012,≤10 kW,WEG,6.0,1,6.0
2012-09,2012,10–20 kW,WEG,14.0,1,14.0
2012-10,2012,≤10 kW,APsystems,2.0,1,2.0
2012-11,2012,≤10 kW,Hoymiles,10.0,1,10.0
2012-12,2012,≤10 kW,Canadian Solar,3.0,1,3.0
2012-12,2012,≤10 kW,Outros,6.8,1,6.8
2013-02,2013,≤10 kW,Intelbras,2.67,1,2.67
2013-03,2013,≤10 kW,Bel Energy,2.0,1,2.0
2013-04,2013,≤10 kW,Growatt,1.0,1,1.0
2013-04,2013,10–20 kW,WEG,15.0,1,15.0
2013-05,2013,≤10 kW,Bel Energy,1.0,1,1.0
2013-05,2013,≤10 kW,Growatt,5.0,1,5.0
2013-05,2013,≤10 kW,Outros,2.0,1,2.0
2013-05,2013,10–20 kW,Bel Energy,14.0,1,14.0
2013-05,2013,20–75 kW,Intelbras,75.0,1,75.0
2013-05,2013,20–75 kW,Solis (Ginlong),75.0,1,75.0
2013-06,2013,≤10 kW,Growatt,1.0,1,1.0
2013-06,2013,10–20 kW,Komeco,10.45,1,10.45
2013-06,2013,20–75 kW,Fronius,51.0,2,25.5
2013-07,2013,≤10 kW,Deye,1.0,1,1.0
2013-07,2013,≤10 kW,Outros,10.0,1,10.0
2013-07,2013,10–20 kW,Bel Energy,14.0,1,14.0
2013-08,2013,≤10 kW,APsystems,8.0,4,2.0
2013-08,2013,≤10 kW,Bel Energy,2.2,1,2.2
2013-08,2013,≤10 kW,Deye,1.0,1,1.0
2013-08,2013,≤10 kW,Fronius,3.0,1,3.0
2013-08,2013,≤10 kW,Growatt,1.0,1,1.0
2013-08,2013,≤10 kW,Outros,2.0,1,2.0
2013-08,2013,≤10 kW,PHB,2.12,1,2.12
2013-08,2013,≤10 kW,SMA,11.29,2,5.645
2013-08,2013,≤10 kW,WEG,5.0,1,5.0
2013-08,2013,10–20 kW,Bel Energy,42.0,3,14.0
2013-08,2013,20–75 kW,Outros,22.8,1,22.8
2013-08,2013,75–300 kW,Fronius,250.0,1,250.0
2013-09,2013,≤10 kW,APsystems,2.0,1,2.0
2013-09,2013,≤10 kW,Bel Energy,2.0,1,2.0
2013-09,2013,≤10 kW,Ingeteam,6.3,1,6.3
2013-09,2013,≤10 kW,Outros,2.1,2,1.05
2013-09,2013,10–20 kW,Bel Energy,14.0,1,14.0
2013-09,2013,20–75 kW,SMA,32.0,1,32.0
2013-10,2013,≤10 kW,Chint,4.6,1,4.6
2013-10,2013,≤10 kW,Outros,16.08,4,4.02
2013-10,2013,≤10 kW,PHB,2.0,1,2.0
2013-10,2013,≤10 kW,SAJ,4.0,2,2.0
2013-10,2013,10–20 kW,Outros,12.6,1,12.6
2013-10,2013,10–20 kW,SMA,11.52,1,11.52
2013-10,2013,20–75 kW,Chint,37.8,1,37.8
2013-11,2013,≤10 kW,APsystems,2.0,1,2.0
2013-11,2013,≤10 kW,Ingeteam,6.61,1,6.61
2013-11,2013,≤10 kW,Outros,2.0,1,2.0
2013-11,2013,≤10 kW,SAJ,1.5,1,1.5
2013-11,2013,≤10 kW,Sofar Solar,5.29,1,5.29
2013-11,2013,10–20 kW,Ingeteam,12.7,1,12.7
2013-12,2013,≤10 kW,ABB/FIMER,2.93,1,2.93
2013-12,2013,≤10 kW,Chint,2.0,1,2.0
2013-12,2013,≤10 kW,Fronius,8.0,1,8.0
2013-12,2013,≤10 kW,Growatt,8.0,1,8.0
2013-12,2013,≤10 kW,Outros,14.86,2,7.43
2013-12,2013,≤10 kW,PHB,4.12,2,2.06
2013-12,2013,≤10 kW,WEG,2.4,2,1.2
2013-12,2013,10–20 kW,Bel Energy,14.0,1,14.0
2013-12,2013,10–20 kW,Solis (Ginlong),13.0,1,13.0
2013-12,2013,10–20 kW,Sungrow,10.9,1,10.9
2014-01,2014,≤10 kW,ABB/FIMER,4.8,1,4.8
2014-01,2014,≤10 kW,Chint,1.5,1,1.5
2014-01,2014,≤10 kW,Outros,5.88,2,2.94
2014-01,2014,≤10 kW,PHB,4.08,2,2.04
2014-01,2014,≤10 kW,SMA,1.2,1,1.2
2014-01,2014,≤10 kW,WEG,5.0,1,5.0
2014-01,2014,20–75 kW,Não informado,30.36,1,30.36
2014-02,2014,≤10 kW,B&B POWER,5.39,1,5.39
2014-02,2014,≤10 kW,Fronius,7.35,1,7.35
2014-02,2014,≤10 kW,Outros,32.93,9,3.658888888888889
2014-02,2014,≤10 kW,SAJ,3.0,2,1.5
2014-02,2014,≤10 kW,SMA,9.3,3,3.1
2014-02,2014,≤10 kW,Solis (Ginlong),10.0,1,10.0
2014-02,2014,20–75 kW,Outros,21.12,1,21.12
2014-03,2014,≤10 kW,APsystems,2.0,1,2.0
2014-03,2014,≤10 kW,Outros,3.1,2,1.55
2014-03,2014,≤10 kW,PHB,3.06,1,3.06
2014-03,2014,≤10 kW,SAJ,3.0,1,3.0
2014-03,2014,≤10 kW,SMA,3.0,1,3.0
2014-03,2014,20–75 kW,B&B POWER,21.5,1,21.5
2014-03,2014,75–300 kW,Huawei,76.0,1,76.0
2014-03,2014,75–300 kW,Não informado,248.0,1,248.0
2014-04,2014,≤10 kW,Enphase,0.43,1,0.43
2014-04,2014,≤10 kW,Growatt,4.8,1,4.8
2014-04,2014,≤10 kW,Não informado,3.5,1,3.5
2014-04,2014,≤10 kW,Outros,14.370000000000001,3,4.79
2014-04,2014,≤10 kW,SMA,6.52,2,3.26
2014-04,2014,10–20 kW,Fronius,10.3,1,10.3
2014-04,2014,20–75 kW,Ingeteam,28.8,1,28.8
2014-04,2014,20–75 kW,Não informado,25.99,1,25.99
2014-04,2014,300 kW–1 MW,Ingeteam,360.0,1,360.0
2014-05,2014,≤10 kW,B&B POWER,9.35,3,3.1166666666666667
2014-05,2014,≤10 kW,Chint,10.0,1,10.0
2014-05,2014,≤10 kW,Fronius,23.96,4,5.99
2014-05,2014,≤10 kW,Growatt,2.16,1,2.16
2014-05,2014,≤10 kW,Hypontech,7.22,1,7.22
2014-05,2014,≤10 kW,Ingeteam,3.1900000000000004,2,1.5950000000000002
2014-05,2014,≤10 kW,Outros,6.64,3,2.2133333333333334
2014-05,2014,≤10 kW,PHB,2.35,1,2.35
2014-05,2014,≤10 kW,SMA,3.18,1,3.18
2014-05,2014,10–20 kW,Outros,11.52,1,11.52
2014-05,2014,20–75 kW,Sofar Solar,33.0,1,33.0
2014-06,2014,≤10 kW,ABB/FIMER,10.0,1,10.0
2014-06,2014,≤10 kW,Fronius,9.0,2,4.5
2014-06,2014,≤10 kW,Ingeteam,3.92,1,3.92
2014-06,2014,≤10 kW,Outros,15.39,5,3.0780000000000003
2014-06,2014,≤10 kW,SMA,16.92,3,5.640000000000001
2014-06,2014,≤10 kW,WEG,2.0,1,2.0
2014-06,2014,10–20 kW,Bel Energy,14.0,1,14.0
2014-06,2014,10–20 kW,Fronius,12.0,1,12.0
2014-07,2014,≤10 kW,ABB/FIMER,14.46,3,4.82
2014-07,2014,≤10 kW,B&B POWER,8.879999999999999,3,2.9599999999999995
2014-07,2014,≤10 kW,Bel Energy,2.0,1,2.0
2014-07,2014,≤10 kW,Fronius,16.0,3,5.333333333333333
2014-07,2014,≤10 kW,Growatt,5.16,2,2.58
2014-07,2014,≤10 kW,Outros,15.42,5,3.084
2014-07,2014,≤10 kW,SAJ,2.0,1,2.0
2014-07,2014,≤10 kW,SMA,20.25,4,5.0625
2014-07,2014,≤10 kW,Solis (Ginlong),5.0,1,5.0
2014-07,2014,10–20 kW,Fronius,12.5,1,12.5
2014-07,2014,10–20 kW,Outros,35.0,2,17.5
2014-07,2014,10–20 kW,SMA,27.0,2,13.5
2014-07,2014,20–75 kW,ABB/FIMER,25.48,1,25.48
2014-07,2014,20–75 kW,B&B POWER,20.58,1,20.58
2014-07,2014,300 kW–1 MW,Outros,361.64,1,361.64
2014-08,2014,≤10 kW,ABB/FIMER,6.92,2,3.46
2014-08,2014,≤10 kW,B&B POWER,1.5,1,1.5
2014-08,2014,≤10 kW,Fronius,15.0,2,7.5
2014-08,2014,≤10 kW,Outros,7.5,2,3.75
2014-08,2014,≤10 kW,SAJ,11.8,4,2.95
2014-08,2014,≤10 kW,SMA,12.2,4,3.05
2014-08,2014,10–20 kW,Bel Energy,14.0,1,14.0
2014-08,2014,10–20 kW,SMA,16.9,1,16.9
2014-08,2014,20–75 kW,ABB/FIMER,20.08,1,20.08
2014-08,2014,20–75 kW,Outros,24.0,1,24.0
2014-09,2014,≤10 kW,B&B POWER,9.9,3,3.3000000000000003
2014-09,2014,≤10 kW,Fronius,12.96,3,4.32
2014-09,2014,≤10 kW,Huawei,1.0,1,1.0
2014-09,2014,≤10 kW,Não informado,10.0,1,10.0
2014-09,2014,≤10 kW,Outros,24.93,9,2.77
2014-09,2014,≤10 kW,PHB,7.3,2,3.65
2014-09,2014,≤10 kW,SAJ,19.5,6,3.25
2014-09,2014,≤10 kW,SMA,11.31,5,2.262
2014-09,2014,≤10 kW,Sofar Solar,2.5,1,2.5
2014-09,2014,10–20 kW,Não informado,24.75,2,12.375
2014-09,2014,10–20 kW,SMA,12.0,1,12.0
2014-09,2014,20–75 kW,Fronius,75.0,1,75.0
2014-09,2014,20–75 kW,Outros,36.0,1,36.0
2014-09,2014,20–75 kW,Sungrow,73.1,1,73.1
2014-10,2014,≤10 kW,ABB/FIMER,3.0,1,3.0
2014-10,2014,≤10 kW,Fronius,4.9399999999999995,2,2.4699999999999998
2014-10,2014,≤10 kW,Growatt,1.23,1,1.23
2014-10,2014,≤10 kW,Ingeteam,8.28,1,8.28
2014-10,2014,≤10 kW,Intelbras,4.0,1,4.0
2014-10,2014,≤10 kW,Outros,32.980000000000004,14,2.355714285714286
2014-10,2014,≤10 kW,PHB,3.84,1,3.84
2014-10,2014,≤10 kW,SAJ,2.0,1,2.0
2014-10,2014,≤10 kW,SMA,18.729999999999997,6,3.121666666666666
2014-10,2014,20–75 kW,Fronius,20.2,1,20.2
2014-11,2014,≤10 kW,ABB/FIMER,4.0,1,4.0
2014-11,2014,≤10 kW,B&B POWER,9.0,3,3.0
2014-11,2014,≤10 kW,Deye,2.0,1,2.0
2014-11,2014,≤10 kW,Fronius,12.61,5,2.522
2014-11,2014,≤10 kW,Growatt,4.8,1,4.8
2014-11,2014,≤10 kW,Ingeteam,1.96,1,1.96
2014-11,2014,≤10 kW,Outros,57.85,13,4.45
2014-11,2014,≤10 kW,PHB,6.0,1,6.0
2014-11,2014,≤10 kW,SMA,24.16,7,3.4514285714285715
2014-11,2014,≤10 kW,WEG,1.3,1,1.3
2014-11,2014,20–75 kW,Outros,30.36,1,30.36
2014-12,2014,≤10 kW,ABB/FIMER,18.04,4,4.51
2014-12,2014,≤10 kW,B&B POWER,3.6,1,3.6
2014-12,2014,≤10 kW,Deye,10.0,1,10.0
2014-12,2014,≤10 kW,Enphase,0.46,1,0.46
2014-12,2014,≤10 kW,Fronius,34.51,8,4.31375
2014-12,2014,≤10 kW,Growatt,11.5,2,5.75
2014-12,2014,≤10 kW,Intelbras,5.0,1,5.0
2014-12,2014,≤10 kW,Outros,17.28,6,2.8800000000000003
2014-12,2014,≤10 kW,PHB,6.5,2,3.25
2014-12,2014,≤10 kW,SMA,4.8,3,1.5999999999999999
2014-12,2014,≤10 kW,Solis (Ginlong),3.0,1,3.0
2014-12,2014,10–20 kW,B&B POWER,13.0,1,13.0
2014-12,2014,10–20 kW,Bel Energy,14.0,1,14.0
2014-12,2014,20–75 kW,Outros,74.5,1,74.5
2015-01,2015,≤10 kW,ABB/FIMER,22.9,6,3.8166666666666664
2015-01,2015,≤10 kW,B&B POWER,1.6,1,1.6
2015-01,2015,≤10 kW,Bel Energy,1.0,1,1.0
2015-01,2015,≤10 kW,Fronius,23.82,6,3.97
2015-01,2015,≤10 kW,Growatt,15.4,3,5.133333333333334
2015-01,2015,≤10 kW,Outros,44.95,13,3.457692307692308
2015-01,2015,≤10 kW,SMA,51.28,12,4.273333333333333
2015-01,2015,10–20 kW,ABB/FIMER,27.0,2,13.5
2015-01,2015,10–20 kW,Bel Energy,14.0,1,14.0
2015-01,2015,10–20 kW,Fronius,25.14,2,12.57
2015-01,2015,10–20 kW,Growatt,18.0,1,18.0
2015-01,2015,10–20 kW,Não informado,12.75,1,12.75
2015-01,2015,10–20 kW,Outros,17.5,1,17.5
2015-01,2015,10–20 kW,SMA,26.0,2,13.0
2015-01,2015,20–75 kW,B&B POWER,30.0,1,30.0
2015-01,2015,20–75 kW,SMA,21.0,1,21.0
2015-01,2015,75–300 kW,Fronius,80.0,1,80.0
2015-02,2015,≤10 kW,ABB/FIMER,18.0,4,4.5
2015-02,2015,≤10 kW,B&B POWER,3.5,1,3.5
2015-02,2015,≤10 kW,Enphase,0.65,1,0.65
2015-02,2015,≤10 kW,Fronius,19.67,5,3.934
2015-02,2015,≤10 kW,Growatt,11.13,3,3.7100000000000004
2015-02,2015,≤10 kW,Não informado,5.1,1,5.1
2015-02,2015,≤10 kW,Outros,35.25,11,3.2045454545454546
2015-02,2015,≤10 kW,SAJ,8.0,1,8.0
2015-02,2015,≤10 kW,SMA,7.92,2,3.96
2015-02,2015,≤10 kW,Sofar Solar,10.0,1,10.0
2015-02,2015,10–20 kW,SMA,24.96,2,12.48
2015-02,2015,20–75 kW,Fronius,24.0,1,24.0
2015-02,2015,75–300 kW,Outros,182.7,1,182.7
2015-03,2015,≤10 kW,ABB/FIMER,20.35,5,4.07
2015-03,2015,≤10 kW,B&B POWER,12.5,2,6.25
2015-03,2015,≤10 kW,Enphase,3.03,2,1.515
2015-03,2015,≤10 kW,Fronius,25.63,7,3.6614285714285715
2015-03,2015,≤10 kW,Growatt,15.930000000000001,3,5.3100000000000005
2015-03,2015,≤10 kW,Ingeteam,6.380000000000001,2,3.1900000000000004
2015-03,2015,≤10 kW,Não informado,1.0,1,1.0
2015-03,2015,≤10 kW,Outros,44.269999999999996,14,3.162142857142857
2015-03,2015,≤10 kW,SAJ,2.2,1,2.2
2015-03,2015,≤10 kW,SMA,15.92,5,3.184
2015-03,2015,≤10 kW,Solis (Ginlong),5.0,1,5.0
2015-03,2015,10–20 kW,Bel Energy,14.0,1,14.0
2015-03,2015,10–20 kW,Chint,20.0,1,20.0
2015-03,2015,10–20 kW,Não informado,12.75,1,12.75
2015-03,2015,10–20 kW,Outros,12.0,1,12.0
2015-03,2015,20–75 kW,Outros,25.09,1,25.09
2015-04,2015,≤10 kW,ABB/FIMER,31.5,9,3.5
2015-04,2015,≤10 kW,APsystems,2.0,1,2.0
2015-04,2015,≤10 kW,B&B POWER,11.75,4,2.9375
2015-04,2015,≤10 kW,Deye,4.0,1,4.0
2015-04,2015,≤10 kW,Fronius,22.99,8,2.87375
2015-04,2015,≤10 kW,Growatt,21.2,5,4.24
2015-04,2015,≤10 kW,Outros,40.17,10,4.017
2015-04,2015,≤10 kW,PHB,1.2,1,1.2
2015-04,2015,≤10 kW,SAJ,3.0,1,3.0
2015-04,2015,≤10 kW,SMA,45.86,9,5.095555555555555
2015-04,2015,10–20 kW,ABB/FIMER,12.0,1,12.0
2015-04,2015,10–20 kW,Fronius,17.5,1,17.5
2015-04,2015,10–20 kW,Growatt,17.15,1,17.15
2015-04,2015,10–20 kW,SMA,11.76,1,11.76
2015-04,2015,10–20 kW,Solplanet,11.0,1,11.0
2015-04,2015,20–75 kW,Sungrow,60.0,1,60.0
2015-05,2015,≤10 kW,ABB/FIMER,44.65,9,4.961111111111111
2015-05,2015,≤10 kW,APsystems,1.5,1,1.5
2015-05,2015,≤10 kW,B&B POWER,5.0,1,5.0
2015-05,2015,≤10 kW,Bel Energy,2.0,1,2.0
2015-05,2015,≤10 kW,Enphase,11.29,5,2.258
2015-05,2015,≤10 kW,Fronius,61.31,14,4.3792857142857144
2015-05,2015,≤10 kW,Growatt,7.0,3,2.3333333333333335
2015-05,2015,≤10 kW,Não informado,10.0,1,10.0
2015-05,2015,≤10 kW,Outros,47.3,17,2.7823529411764705
2015-05,2015,≤10 kW,PHB,12.1,7,1.7285714285714284
2015-05,2015,≤10 kW,SAJ,4.0,1,4.0
2015-05,2015,≤10 kW,SMA,48.88,14,3.4914285714285715
2015-05,2015,≤10 kW,Solis (Ginlong),1.0,1,1.0
2015-05,2015,≤10 kW,Sungrow,3.0,1,3.0
2015-05,2015,10–20 kW,ABB/FIMER,32.3,2,16.15
2015-05,2015,10–20 kW,Deye,13.08,1,13.08
2015-05,2015,10–20 kW,Fronius,48.0,3,16.0
2015-05,2015,10–20 kW,Não informado,12.75,1,12.75
2015-05,2015,10–20 kW,SMA,11.76,1,11.76
2015-05,2015,20–75 kW,Canadian Solar,60.0,1,60.0
2015-05,2015,20–75 kW,Não informado,90.36,2,45.18
2015-05,2015,20–75 kW,Outros,50.7,2,25.35
2015-06,2015,≤10 kW,ABB/FIMER,39.55,10,3.9549999999999996
2015-06,2015,≤10 kW,B&B POWER,11.75,3,3.9166666666666665
2015-06,2015,≤10 kW,Fronius,23.79,5,4.758
2015-06,2015,≤10 kW,Growatt,11.5,3,3.8333333333333335
2015-06,2015,≤10 kW,Não informado,16.2,2,8.1
2015-06,2015,≤10 kW,Outros,38.17,9,4.2411111111111115
2015-06,2015,≤10 kW,PHB,18.54,5,3.7079999999999997
2015-06,2015,≤10 kW,SMA,23.64,6,3.94
2015-06,2015,10–20 kW,ABB/FIMER,12.24,1,12.24
2015-06,2015,10–20 kW,Fronius,10.29,1,10.29
2015-06,2015,10–20 kW,Outros,56.28,4,14.07
2015-06,2015,10–20 kW,SMA,15.0,1,15.0
2015-06,2015,20–75 kW,Chint,50.0,1,50.0
2015-06,2015,20–75 kW,Fronius,57.6,1,57.6
2015-06,2015,20–75 kW,Não informado,60.72,2,30.36
2015-06,2015,20–75 kW,Outros,28.2,1,28.2
2015-07,2015,≤10 kW,ABB/FIMER,92.03,22,4.183181818181819
2015-07,2015,≤10 kW,APsystems,9.0,2,4.5
2015-07,2015,≤10 kW,B&B POWER,28.7,8,3.5875
2015-07,2015,≤10 kW,Enphase,1.95,1,1.95
2015-07,2015,≤10 kW,Fronius,75.33,20,3.7664999999999997
2015-07,2015,≤10 kW,Growatt,20.0,2,10.0
2015-07,2015,≤10 kW,Ingeteam,3.7800000000000002,2,1.8900000000000001
2015-07,2015,≤10 kW,Outros,44.02,19,2.316842105263158
2015-07,2015,≤10 kW,PHB,12.16,6,2.026666666666667
2015-07,2015,≤10 kW,SMA,20.5,5,4.1
2015-07,2015,≤10 kW,Sofar Solar,3.0,1,3.0
2015-07,2015,≤10 kW,WEG,6.55,2,3.275
2015-07,2015,10–20 kW,ABB/FIMER,20.0,1,20.0
2015-07,2015,10–20 kW,APsystems,11.3,1,11.3
2015-07,2015,10–20 kW,Fronius,11.0,1,11.0
2015-07,2015,10–20 kW,Growatt,45.5,3,15.166666666666666
2015-07,2015,10–20 kW,Não informado,12.75,1,12.75
2015-07,2015,10–20 kW,Outros,11.0,1,11.0
2015-07,2015,10–20 kW,SMA,27.46,2,13.73
2015-07,2015,20–75 kW,Fronius,56.25,2,28.125
2015-07,2015,20–75 kW,Outros,66.18,2,33.09
2015-07,2015,20–75 kW,Solis (Ginlong),30.0,1,30.0
2015-07,2015,20–75 kW,WEG,60.0,1,60.0
2015-07,2015,300 kW–1 MW,ABB/FIMER,496.8,1,496.8
2015-08,2015,≤10 kW,ABB/FIMER,109.0,24,4.541666666666667
2015-08,2015,≤10 kW,B&B POWER,35.0,9,3.888888888888889
2015-08,2015,≤10 kW,Fronius,68.75,22,3.125
2015-08,2015,≤10 kW,Growatt,11.0,5,2.2
2015-08,2015,≤10 kW,Ingeteam,2.04,1,2.04
2015-08,2015,≤10 kW,Outros,113.16,36,3.143333333333333
2015-08,2015,≤10 kW,PHB,35.23,12,2.935833333333333
2015-08,2015,≤10 kW,SAJ,9.6,1,9.6
2015-08,2015,≤10 kW,SMA,10.37,4,2.5925
2015-08,2015,≤10 kW,Sofar Solar,7.75,3,2.5833333333333335
2015-08,2015,≤10 kW,Solis (Ginlong),2.0,1,2.0
2015-08,2015,≤10 kW,WEG,8.0,1,8.0
2015-08,2015,10–20 kW,Outros,26.0,2,13.0
2015-08,2015,10–20 kW,SAJ,11.52,1,11.52
2015-08,2015,10–20 kW,SMA,12.74,1,12.74
2015-08,2015,20–75 kW,ABB/FIMER,21.8,1,21.8
2015-08,2015,75–300 kW,Outros,89.4,1,89.4
2015-09,2015,≤10 kW,ABB/FIMER,66.29,16,4.143125
2015-09,2015,≤10 kW,APsystems,2.0,1,2.0
2015-09,2015,≤10 kW,B&B POWER,41.9,14,2.992857142857143
2015-09,2015,≤10 kW,Fronius,51.83,15,3.4553333333333334
2015-09,2015,≤10 kW,Growatt,12.5,2,6.25
2015-09,2015,≤10 kW,Ingeteam,2.7,1,2.7
2015-09,2015,≤10 kW,Não informado,16.8,4,4.2
2015-09,2015,≤10 kW,Outros,116.01,31,3.7422580645161294
2015-09,2015,≤10 kW,PHB,59.94,16,3.74625
2015-09,2015,≤10 kW,SMA,46.55,8,5.81875
2015-09,2015,≤10 kW,Solis (Ginlong),2.5,1,2.5
2015-09,2015,10–20 kW,ABB/FIMER,12.5,1,12.5
2015-09,2015,10–20 kW,B&B POWER,20.0,1,20.0
2015-09,2015,10–20 kW,Deye,16.0,1,16.0
2015-09,2015,10–20 kW,Fronius,80.0,5,16.0
2015-09,2015,10–20 kW,Outros,54.7,3,18.233333333333334
2015-09,2015,20–75 kW,Growatt,25.0,1,25.0
2015-09,2015,20–75 kW,Não informado,30.36,1,30.36
2015-09,2015,20–75 kW,Outros,107.22999999999999,3,35.74333333333333
2015-09,2015,20–75 kW,Solis (Ginlong),50.0,1,50.0
2015-09,2015,75–300 kW,Outros,230.0,2,115.0
2015-10,2015,≤10 kW,ABB/FIMER,99.24,23,4.314782608695652
2015-10,2015,≤10 kW,APsystems,3.7,3,1.2333333333333334
2015-10,2015,≤10 kW,B&B POWER,9.6,4,2.4
2015-10,2015,≤10 kW,Bel Energy,2.0,1,2.0
2015-10,2015,≤10 kW,Chint,10.0,1,10.0
2015-10,2015,≤10 kW,Fronius,136.82,33,4.146060606060606
2015-10,2015,≤10 kW,Growatt,12.98,2,6.49
2015-10,2015,≤10 kW,Hoymiles,8.0,1,8.0
2015-10,2015,≤10 kW,Não informado,15.0,2,7.5
2015-10,2015,≤10 kW,Outros,111.35,29,3.839655172413793
2015-10,2015,≤10 kW,PHB,78.88,23,3.4295652173913043
2015-10,2015,≤10 kW,Renovigi,7.0,2,3.5
2015-10,2015,≤10 kW,SAJ,20.8,3,6.933333333333334
2015-10,2015,≤10 kW,SMA,39.33,9,4.37
2015-10,2015,≤10 kW,Solis (Ginlong),10.0,2,5.0
2015-10,2015,≤10 kW,Sungrow,3.0,1,3.0
2015-10,2015,≤10 kW,WEG,5.0,1,5.0
2015-10,2015,10–20 kW,ABB/FIMER,36.5,3,12.166666666666666
2015-10,2015,10–20 kW,APsystems,14.32,1,14.32
2015-10,2015,10–20 kW,Fronius,49.2,3,16.400000000000002
2015-10,2015,10–20 kW,Outros,12.0,1,12.0
2015-10,2015,20–75 kW,ABB/FIMER,34.68,1,34.68
2015-10,2015,20–75 kW,B&B POWER,25.0,1,25.0
2015-10,2015,20–75 kW,Fronius,36.0,1,36.0
2015-10,2015,20–75 kW,Outros,42.84,2,21.42
2015-10,2015,20–75 kW,SAJ,31.2,1,31.2
2015-10,2015,20–75 kW,SMA,55.13,1,55.13
2015-11,2015,≤10 kW,ABB/FIMER,122.9,27,4.551851851851852
2015-11,2015,≤10 kW,B&B POWER,31.11,8,3.88875
2015-11,2015,≤10 kW,Enphase,1.1,1,1.1
2015-11,2015,≤10 kW,Fronius,137.22,45,3.0493333333333332
2015-11,2015,≤10 kW,Growatt,10.2,3,3.4
2015-11,2015,≤10 kW,Não informado,5.0,1,5.0
2015-11,2015,≤10 kW,Outros,117.86,32,3.683125
2015-11,2015,≤10 kW,PHB,56.26,15,3.7506666666666666
2015-11,2015,≤10 kW,Renovigi,6.0,1,6.0
2015-11,2015,≤10 kW,SAJ,9.8,2,4.9
2015-11,2015,≤10 kW,SMA,30.86,9,3.428888888888889
2015-11,2015,≤10 kW,Sofar Solar,20.5,5,4.1
2015-11,2015,≤10 kW,Solis (Ginlong),4.0,1,4.0
2015-11,2015,≤10 kW,WEG,9.280000000000001,4,2.3200000000000003
2015-11,2015,10–20 kW,ABB/FIMER,38.2,2,19.1
2015-11,2015,10–20 kW,Fronius,40.0,3,13.333333333333334
2015-11,2015,10–20 kW,Growatt,18.0,1,18.0
2015-11,2015,10–20 kW,Não informado,12.0,1,12.0
2015-11,2015,10–20 kW,Outros,27.5,2,13.75
2015-11,2015,10–20 kW,PHB,24.09,2,12.045
2015-11,2015,10–20 kW,SMA,14.21,1,14.21
2015-11,2015,20–75 kW,ABB/FIMER,67.6,2,33.8
2015-11,2015,20–75 kW,Fronius,40.0,1,40.0
2015-11,2015,20–75 kW,Outros,31.2,1,31.2
2015-11,2015,20–75 kW,PHB,40.0,1,40.0
2015-11,2015,20–75 kW,SAJ,84.0,2,42.0
2015-11,2015,1–5 MW,Outros,1263.0,1,1263.0
2015-12,2015,≤10 kW,ABB/FIMER,206.96,43,4.813023255813953
2015-12,2015,≤10 kW,B&B POWER,93.35,26,3.590384615384615
2015-12,2015,≤10 kW,Deye,8.3,2,4.15
2015-12,2015,≤10 kW,Enphase,1.94,1,1.94
2015-12,2015,≤10 kW,Fronius,166.1,51,3.256862745098039
2015-12,2015,≤10 kW,Growatt,23.200000000000003,4,5.800000000000001
2015-12,2015,≤10 kW,Não informado,7.45,2,3.725
2015-12,2015,≤10 kW,Outros,174.52,48,3.6358333333333337
2015-12,2015,≤10 kW,PHB,93.78999999999999,31,3.025483870967742
2015-12,2015,≤10 kW,SAJ,19.2,3,6.3999999999999995
2015-12,2015,≤10 kW,SHENZHEN,3.5,1,3.5
2015-12,2015,≤10 kW,SMA,33.71,9,3.7455555555555557
2015-12,2015,≤10 kW,Solis (Ginlong),3.6,1,3.6
2015-12,2015,≤10 kW,WEG,5.8999999999999995,2,2.9499999999999997
2015-12,2015,10–20 kW,ABB/FIMER,59.36,4,14.84
2015-12,2015,10–20 kW,BYD,13.0,1,13.0
2015-12,2015,10–20 kW,Fronius,38.5,3,12.833333333333334
2015-12,2015,10–20 kW,Ingeteam,12.5,1,12.5
2015-12,2015,10–20 kW,Não informado,11.22,1,11.22
2015-12,2015,10–20 kW,Outros,15.6,1,15.6
2015-12,2015,10–20 kW,PHB,28.599999999999998,2,14.299999999999999
2015-12,2015,10–20 kW,SAJ,28.8,2,14.4
2015-12,2015,20–75 kW,ABB/FIMER,111.0,3,37.0
2015-12,2015,20–75 kW,Fronius,150.0,5,30.0
2015-12,2015,20–75 kW,Growatt,36.0,1,36.0
2015-12,2015,20–75 kW,Não informado,30.36,1,30.36
2015-12,2015,20–75 kW,Outros,80.0,2,40.0
2015-12,2015,20–75 kW,SAJ,72.7,2,36.35
2015-12,2015,75–300 kW,Fronius,180.0,1,180.0
2016-01,2016,≤10 kW,ABB/FIMER,202.68,41,4.943414634146341
2016-01,2016,≤10 kW,B&B POWER,71.0,17,4.176470588235294
2016-01,2016,≤10 kW,Enphase,1.95,1,1.95
2016-01,2016,≤10 kW,Fronius,310.43,79,3.929493670886076
2016-01,2016,≤10 kW,Não informado,20.2,3,6.733333333333333
2016-01,2016,≤10 kW,Outros,110.74,36,3.076111111111111
2016-01,2016,≤10 kW,PHB,85.1,30,2.8366666666666664
2016-01,2016,≤10 kW,Renovigi,3.5,1,3.5
2016-01,2016,≤10 kW,SAJ,34.3,4,8.575
2016-01,2016,≤10 kW,SMA,37.68,9,4.1866666666666665
2016-01,2016,≤10 kW,Sofar Solar,7.5,2,3.75
2016-01,2016,≤10 kW,Solis (Ginlong),15.0,3,5.0
2016-01,2016,10–20 kW,ABB/FIMER,51.0,3,17.0
2016-01,2016,10–20 kW,B&B POWER,20.0,1,20.0
2016-01,2016,10–20 kW,Growatt,14.2,1,14.2
2016-01,2016,10–20 kW,Outros,30.3,2,15.15
2016-01,2016,10–20 kW,PHB,52.599999999999994,4,13.149999999999999
2016-01,2016,10–20 kW,SAJ,57.599999999999994,4,14.399999999999999
2016-01,2016,10–20 kW,SMA,39.5,3,13.166666666666666
2016-01,2016,20–75 kW,ABB/FIMER,102.2,3,34.06666666666667
2016-01,2016,20–75 kW,Deye,60.0,1,60.0
2016-01,2016,20–75 kW,Fronius,165.42000000000002,5,33.084
2016-01,2016,20–75 kW,Growatt,50.0,2,25.0
2016-01,2016,20–75 kW,Ingeteam,20.09,1,20.09
2016-01,2016,20–75 kW,Não informado,30.36,1,30.36
2016-01,2016,20–75 kW,Outros,23.5,1,23.5
2016-01,2016,20–75 kW,SAJ,200.1,5,40.019999999999996
2016-01,2016,20–75 kW,SMA,40.18,1,40.18
2016-02,2016,≤10 kW,ABB/FIMER,307.36,69,4.454492753623189
2016-02,2016,≤10 kW,B&B POWER,78.48,19,4.130526315789474
2016-02,2016,≤10 kW,Fronius,312.83,77,4.0627272727272725
2016-02,2016,≤10 kW,Growatt,2.5,1,2.5
2016-02,2016,≤10 kW,Ingeteam,5.1,2,2.55
2016-02,2016,≤10 kW,Kstar,3.0,1,3.0
2016-02,2016,≤10 kW,Não informado,5.0,1,5.0
2016-02,2016,≤10 kW,Outros,183.28,55,3.3323636363636364
2016-02,2016,≤10 kW,PHB,147.32,46,3.2026086956521738
2016-02,2016,≤10 kW,SAJ,23.9,4,5.975
2016-02,2016,≤10 kW,SMA,17.75,5,3.55
2016-02,2016,≤10 kW,Sofar Solar,2.25,1,2.25
2016-02,2016,≤10 kW,Solis (Ginlong),7.0,2,3.5
2016-02,2016,≤10 kW,WEG,8.68,2,4.34
2016-02,2016,10–20 kW,ABB/FIMER,111.0,8,13.875
2016-02,2016,10–20 kW,Bel Energy,14.0,1,14.0
2016-02,2016,10–20 kW,Fronius,42.2,3,14.066666666666668
2016-02,2016,10–20 kW,Growatt,15.6,1,15.6
2016-02,2016,10–20 kW,Outros,13.0,1,13.0
2016-02,2016,10–20 kW,SAJ,108.5,7,15.5
2016-02,2016,10–20 kW,SMA,38.25,3,12.75
2016-02,2016,10–20 kW,Solis (Ginlong),46.0,3,15.333333333333334
2016-02,2016,10–20 kW,WEG,12.1,1,12.1
2016-02,2016,20–75 kW,ABB/FIMER,27.25,1,27.25
2016-02,2016,20–75 kW,Fronius,57.0,2,28.5
2016-02,2016,20–75 kW,Não informado,90.72,3,30.24
2016-02,2016,20–75 kW,Outros,80.64,2,40.32
2016-02,2016,20–75 kW,PHB,26.31,1,26.31
2016-02,2016,20–75 kW,SAJ,105.6,2,52.8
2016-02,2016,20–75 kW,SMA,25.0,1,25.0
2016-03,2016,≤10 kW,ABB/FIMER,288.73,65,4.442
2016-03,2016,≤10 kW,B&B POWER,159.49,49,3.2548979591836735
2016-03,2016,≤10 kW,Canadian Solar,4.8,2,2.4
2016-03,2016,≤10 kW,Fronius,331.3,81,4.090123456790123
2016-03,2016,≤10 kW,Growatt,28.75,7,4.107142857142857
2016-03,2016,≤10 kW,Hoymiles,1.2,1,1.2
2016-03,2016,≤10 kW,Huawei,8.0,1,8.0
2016-03,2016,≤10 kW,Não informado,29.119999999999997,5,5.824
2016-03,2016,≤10 kW,Outros,243.6,66,3.690909090909091
2016-03,2016,≤10 kW,PHB,156.01,53,2.9435849056603773
2016-03,2016,≤10 kW,Renovigi,3.0,1,3.0
2016-03,2016,≤10 kW,SAJ,4.8,1,4.8
2016-03,2016,≤10 kW,SMA,47.86,17,2.815294117647059
2016-03,2016,≤10 kW,Sofar Solar,15.0,3,5.0
2016-03,2016,≤10 kW,Solis (Ginlong),8.0,2,4.0
2016-03,2016,≤10 kW,WEG,22.35,5,4.470000000000001
2016-03,2016,10–20 kW,ABB/FIMER,99.96,6,16.66
2016-03,2016,10–20 kW,B&B POWER,20.0,1,20.0
2016-03,2016,10–20 kW,Fronius,119.96,8,14.995
2016-03,2016,10–20 kW,Outros,33.4,2,16.7
2016-03,2016,10–20 kW,PHB,40.4,3,13.466666666666667
2016-03,2016,10–20 kW,SAJ,12.5,1,12.5
2016-03,2016,10–20 kW,SMA,17.5,1,17.5
2016-03,2016,10–20 kW,Sungrow,12.0,1,12.0
2016-03,2016,20–75 kW,ABB/FIMER,85.2,2,42.6
2016-03,2016,20–75 kW,B&B POWER,25.0,1,25.0
2016-03,2016,20–75 kW,Fronius,156.0,5,31.2
2016-03,2016,20–75 kW,Growatt,25.0,1,25.0
2016-03,2016,20–75 kW,Não informado,75.0,1,75.0
2016-03,2016,20–75 kW,Outros,125.0,4,31.25
2016-03,2016,20–75 kW,PHB,25.0,1,25.0
2016-03,2016,20–75 kW,SAJ,267.2,7,38.17142857142857
2016-03,2016,20–75 kW,SMA,39.0,1,39.0
2016-04,2016,≤10 kW,ABB/FIMER,293.34,69,4.251304347826086
2016-04,2016,≤10 kW,APsystems,9.45,2,4.725
2016-04,2016,≤10 kW,B&B POWER,160.14,44,3.639545454545454
2016-04,2016,≤10 kW,Deye,4.0,4,1.0
2016-04,2016,≤10 kW,Enphase,1.72,1,1.72
2016-04,2016,≤10 kW,Fronius,348.17,95,3.664947368421053
2016-04,2016,≤10 kW,Goodwe,3.36,1,3.36
2016-04,2016,≤10 kW,Growatt,6.83,3,2.276666666666667
2016-04,2016,≤10 kW,Huawei,4.05,1,4.05
2016-04,2016,≤10 kW,Não informado,1.6,1,1.6
2016-04,2016,≤10 kW,Outros,152.92000000000002,38,4.02421052631579
2016-04,2016,≤10 kW,PHB,207.1,59,3.510169491525424
2016-04,2016,≤10 kW,Renovigi,10.77,2,5.385
2016-04,2016,≤10 kW,SAJ,12.5,2,6.25
2016-04,2016,≤10 kW,SMA,66.55,21,3.169047619047619
2016-04,2016,≤10 kW,Sofar Solar,7.5,1,7.5
2016-04,2016,≤10 kW,Solis (Ginlong),6.25,2,3.125
2016-04,2016,≤10 kW,WEG,9.35,4,2.3375
2016-04,2016,10–20 kW,ABB/FIMER,29.04,2,14.52
2016-04,2016,10–20 kW,B&B POWER,45.4,3,15.133333333333333
2016-04,2016,10–20 kW,Enphase,10.05,1,10.05
2016-04,2016,10–20 kW,Fronius,142.2,10,14.219999999999999
2016-04,2016,10–20 kW,Não informado,42.59,3,14.196666666666667
2016-04,2016,10–20 kW,Outros,55.58,4,13.895
2016-04,2016,10–20 kW,PHB,29.96,2,14.98
2016-04,2016,10–20 kW,SAJ,71.4,5,14.280000000000001
2016-04,2016,10–20 kW,Solis (Ginlong),19.0,1,19.0
2016-04,2016,20–75 kW,ABB/FIMER,126.9,3,42.300000000000004
2016-04,2016,20–75 kW,Canadian Solar,75.0,1,75.0
2016-04,2016,20–75 kW,Fronius,160.0,3,53.333333333333336
2016-04,2016,20–75 kW,Outros,194.12,4,48.53
2016-04,2016,20–75 kW,SAJ,232.0,4,58.0
2016-04,2016,20–75 kW,SMA,44.0,1,44.0
2016-05,2016,≤10 kW,ABB/FIMER,302.75,65,4.657692307692308
2016-05,2016,≤10 kW,APsystems,2.0,1,2.0
2016-05,2016,≤10 kW,B&B POWER,346.83,92,3.769891304347826
2016-05,2016,≤10 kW,Bel Energy,2.0,1,2.0
2016-05,2016,≤10 kW,Canadian Solar,6.3,3,2.1
2016-05,2016,≤10 kW,Deye,1.0,1,1.0
2016-05,2016,≤10 kW,Fronius,440.63,106,4.1568867924528305
2016-05,2016,≤10 kW,Goodwe,1.5,1,1.5
2016-05,2016,≤10 kW,Growatt,15.5,7,2.2142857142857144
2016-05,2016,≤10 kW,Ingeteam,2.0,1,2.0
2016-05,2016,≤10 kW,Não informado,10.3,2,5.15
2016-05,2016,≤10 kW,Outros,239.6,75,3.1946666666666665
2016-05,2016,≤10 kW,PHB,238.27,71,3.3559154929577466
2016-05,2016,≤10 kW,Renovigi,3.0,1,3.0
2016-05,2016,≤10 kW,SAJ,4.8,1,4.8
2016-05,2016,≤10 kW,SMA,79.02,23,3.4356521739130432
2016-05,2016,≤10 kW,Solis (Ginlong),8.7,2,4.35
2016-05,2016,≤10 kW,Sungrow,5.0,1,5.0
2016-05,2016,≤10 kW,WEG,25.529999999999998,5,5.106
2016-05,2016,10–20 kW,ABB/FIMER,32.2,2,16.1
2016-05,2016,10–20 kW,B&B POWER,45.0,3,15.0
2016-05,2016,10–20 kW,Bel Energy,28.0,2,14.0
2016-05,2016,10–20 kW,Fronius,213.06,14,15.218571428571428
2016-05,2016,10–20 kW,Ingeteam,12.48,1,12.48
2016-05,2016,10–20 kW,Não informado,16.55,1,16.55
2016-05,2016,10–20 kW,Outros,31.6,2,15.8
2016-05,2016,10–20 kW,PHB,24.0,2,12.0
2016-05,2016,10–20 kW,SAJ,20.0,1,20.0
2016-05,2016,10–20 kW,SMA,29.1,2,14.55
2016-05,2016,10–20 kW,Sungrow,11.5,1,11.5
2016-05,2016,10–20 kW,WEG,33.0,2,16.5
2016-05,2016,20–75 kW,ABB/FIMER,167.37,5,33.474000000000004
2016-05,2016,20–75 kW,B&B POWER,89.8,2,44.9
2016-05,2016,20–75 kW,Fronius,330.44,9,36.715555555555554
2016-05,2016,20–75 kW,Ingeteam,25.0,1,25.0
2016-05,2016,20–75 kW,Não informado,121.44,4,30.36
2016-05,2016,20–75 kW,Outros,25.0,1,25.0
2016-05,2016,20–75 kW,SAJ,67.5,2,33.75
2016-05,2016,20–75 kW,SMA,23.0,1,23.0
2016-05,2016,20–75 kW,Solis (Ginlong),80.0,2,40.0
2016-05,2016,75–300 kW,ABB/FIMER,262.0,2,131.0
2016-06,2016,≤10 kW,ABB/FIMER,307.53000000000003,67,4.590000000000001
2016-06,2016,≤10 kW,APsystems,100.5,391,0.2570332480818414
2016-06,2016,≤10 kW,B&B POWER,209.52,54,3.8800000000000003
2016-06,2016,≤10 kW,Bel Energy,5.3,2,2.65
2016-06,2016,≤10 kW,Canadian Solar,1.5,1,1.5
2016-06,2016,≤10 kW,Fronius,483.06,121,3.9922314049586776
2016-06,2016,≤10 kW,Growatt,10.0,3,3.3333333333333335
2016-06,2016,≤10 kW,Não informado,10.1,2,5.05
2016-06,2016,≤10 kW,Outros,240.4,70,3.434285714285714
2016-06,2016,≤10 kW,PHB,199.78,62,3.222258064516129
2016-06,2016,≤10 kW,SAJ,25.0,3,8.333333333333334
2016-06,2016,≤10 kW,SMA,53.83,18,2.9905555555555554
2016-06,2016,≤10 kW,Sofar Solar,2.0,1,2.0
2016-06,2016,≤10 kW,Solis (Ginlong),4.5600000000000005,2,2.2800000000000002
2016-06,2016,≤10 kW,WEG,25.34,3,8.446666666666667
2016-06,2016,10–20 kW,ABB/FIMER,94.84,7,13.54857142857143
2016-06,2016,10–20 kW,B&B POWER,117.28,8,14.66
2016-06,2016,10–20 kW,Fronius,266.18,18,14.787777777777778
2016-06,2016,10–20 kW,Growatt,10.4,1,10.4
2016-06,2016,10–20 kW,Outros,65.6,5,13.12
2016-06,2016,10–20 kW,PHB,74.96,5,14.991999999999999
2016-06,2016,10–20 kW,SAJ,224.0,14,16.0
2016-06,2016,10–20 kW,SMA,78.02,6,13.003333333333332
2016-06,2016,10–20 kW,WEG,24.0,2,12.0
2016-06,2016,20–75 kW,ABB/FIMER,324.04,9,36.004444444444445
2016-06,2016,20–75 kW,B&B POWER,132.94,3,44.31333333333333
2016-06,2016,20–75 kW,Canadian Solar,30.36,1,30.36
2016-06,2016,20–75 kW,Fronius,463.15999999999997,11,42.10545454545454
2016-06,2016,20–75 kW,Ingeteam,78.5,2,39.25
2016-06,2016,20–75 kW,Não informado,91.08,3,30.36
2016-06,2016,20–75 kW,Outros,163.94,4,40.985
2016-06,2016,20–75 kW,PHB,25.5,1,25.5
2016-06,2016,20–75 kW,SAJ,25.0,1,25.0
2016-06,2016,20–75 kW,SMA,112.68,3,37.56
2016-06,2016,20–75 kW,Sungrow,25.0,1,25.0
2016-06,2016,75–300 kW,WEG,120.0,1,120.0
2016-06,2016,300 kW–1 MW,Outros,700.0,1,700.0
2016-07,2016,≤10 kW,ABB/FIMER,283.47,67,4.23089552238806
2016-07,2016,≤10 kW,APsystems,17.2,68,0.2529411764705882
2016-07,2016,≤10 kW,B&B POWER,182.94,47,3.892340425531915
2016-07,2016,≤10 kW,Fronius,359.57,92,3.908369565217391
2016-07,2016,≤10 kW,Goodwe,1.53,1,1.53
2016-07,2016,≤10 kW,Growatt,10.7,3,3.5666666666666664
2016-07,2016,≤10 kW,Ingeteam,5.0,1,5.0
2016-07,2016,≤10 kW,Não informado,21.6,3,7.2
2016-07,2016,≤10 kW,Outros,227.6,63,3.6126984126984127
2016-07,2016,≤10 kW,PHB,207.74,63,3.2974603174603176
2016-07,2016,≤10 kW,Renovigi,3.0,1,3.0
2016-07,2016,≤10 kW,SAJ,1.5,1,1.5
2016-07,2016,≤10 kW,SMA,53.74,16,3.35875
2016-07,2016,≤10 kW,SolarEdge,3.7,1,3.7
2016-07,2016,≤10 kW,Solis (Ginlong),20.2,6,3.3666666666666667
2016-07,2016,≤10 kW,WEG,19.29,3,6.43
2016-07,2016,10–20 kW,ABB/FIMER,109.75999999999999,8,13.719999999999999
2016-07,2016,10–20 kW,Fronius,163.08,11,14.825454545454546
2016-07,2016,10–20 kW,Não informado,12.75,1,12.75
2016-07,2016,10–20 kW,Outros,44.480000000000004,3,14.826666666666668
2016-07,2016,10–20 kW,PHB,17.68,1,17.68
2016-07,2016,10–20 kW,SAJ,50.0,3,16.666666666666668
2016-07,2016,10–20 kW,SMA,20.0,1,20.0
2016-07,2016,20–75 kW,ABB/FIMER,165.25,4,41.3125
2016-07,2016,20–75 kW,B&B POWER,75.0,1,75.0
2016-07,2016,20–75 kW,Fronius,191.1,4,47.775
2016-07,2016,20–75 kW,Não informado,121.44,4,30.36
2016-07,2016,20–75 kW,Outros,141.4,3,47.13333333333333
2016-07,2016,20–75 kW,PHB,24.6,1,24.6
2016-07,2016,20–75 kW,SAJ,190.0,4,47.5
2016-07,2016,20–75 kW,SMA,28.0,1,28.0
2016-07,2016,75–300 kW,ABB/FIMER,186.24,2,93.12
2016-07,2016,300 kW–1 MW,Fronius,351.0,1,351.0
2016-08,2016,≤10 kW,ABB/FIMER,349.36,77,4.537142857142857
2016-08,2016,≤10 kW,APsystems,6.75,9,0.75
2016-08,2016,≤10 kW,B&B POWER,224.56,59,3.806101694915254
2016-08,2016,≤10 kW,Chint,5.0,1,5.0
2016-08,2016,≤10 kW,Deye,8.879999999999999,2,4.4399999999999995
2016-08,2016,≤10 kW,Fronius,512.48,125,4.09984
2016-08,2016,≤10 kW,Goodwe,3.0,1,3.0
2016-08,2016,≤10 kW,Growatt,17.0,5,3.4
2016-08,2016,≤10 kW,Ingeteam,5.06,1,5.06
2016-08,2016,≤10 kW,Não informado,6.0,3,2.0
2016-08,2016,≤10 kW,Outros,383.96,102,3.764313725490196
2016-08,2016,≤10 kW,PHB,281.19,78,3.605
2016-08,2016,≤10 kW,Renovigi,3.71,1,3.71
2016-08,2016,≤10 kW,SAJ,7.5,1,7.5
2016-08,2016,≤10 kW,SMA,73.55,17,4.326470588235294
2016-08,2016,≤10 kW,Solis (Ginlong),17.0,5,3.4
2016-08,2016,≤10 kW,WEG,15.62,4,3.905
2016-08,2016,10–20 kW,ABB/FIMER,84.34,7,12.04857142857143
2016-08,2016,10–20 kW,B&B POWER,24.22,2,12.11
2016-08,2016,10–20 kW,Fronius,303.39,22,13.790454545454544
2016-08,2016,10–20 kW,Growatt,24.6,2,12.3
2016-08,2016,10–20 kW,Não informado,12.75,1,12.75
2016-08,2016,10–20 kW,Outros,112.11999999999999,8,14.014999999999999
2016-08,2016,10–20 kW,PHB,125.88,10,12.588
2016-08,2016,10–20 kW,SAJ,15.0,1,15.0
2016-08,2016,10–20 kW,SMA,30.5,2,15.25
2016-08,2016,10–20 kW,Sungrow,13.0,1,13.0
2016-08,2016,20–75 kW,ABB/FIMER,117.62,3,39.20666666666667
2016-08,2016,20–75 kW,B&B POWER,31.5,1,31.5
2016-08,2016,20–75 kW,Fronius,328.44,11,29.85818181818182
2016-08,2016,20–75 kW,Growatt,30.0,1,30.0
2016-08,2016,20–75 kW,Não informado,83.50999999999999,3,27.836666666666662
2016-08,2016,20–75 kW,Outros,220.0,5,44.0
2016-08,2016,20–75 kW,PHB,28.0,1,28.0
2016-08,2016,20–75 kW,Renovigi,45.0,1,45.0
2016-08,2016,20–75 kW,SMA,25.0,1,25.0
2016-08,2016,20–75 kW,WEG,35.0,1,35.0
2016-08,2016,75–300 kW,Não informado,120.0,1,120.0
2016-09,2016,≤10 kW,ABB/FIMER,319.37,70,4.562428571428572
2016-09,2016,≤10 kW,APsystems,7.0,7,1.0
2016-09,2016,≤10 kW,B&B POWER,185.53,52,3.5678846153846155
2016-09,2016,≤10 kW,Deye,7.88,1,7.88
2016-09,2016,≤10 kW,Foxess,9.6,1,9.6
2016-09,2016,≤10 kW,Fronius,516.31,114,4.529035087719298
2016-09,2016,≤10 kW,Goodwe,3.06,1,3.06
2016-09,2016,≤10 kW,Growatt,9.0,2,4.5
2016-09,2016,≤10 kW,Huawei,6.25,1,6.25
2016-09,2016,≤10 kW,Não informado,3.0,1,3.0
2016-09,2016,≤10 kW,Outros,281.2,71,3.96056338028169
2016-09,2016,≤10 kW,PHB,150.79,54,2.7924074074074072
2016-09,2016,≤10 kW,Renovigi,10.5,3,3.5
2016-09,2016,≤10 kW,SAJ,182.2,21,8.676190476190476
2016-09,2016,≤10 kW,SMA,86.53999999999999,19,4.554736842105263
2016-09,2016,≤10 kW,SolarEdge,4.86,1,4.86
2016-09,2016,≤10 kW,Solis (Ginlong),52.18,8,6.5225
2016-09,2016,≤10 kW,WEG,8.469999999999999,4,2.1174999999999997
2016-09,2016,10–20 kW,ABB/FIMER,154.26,12,12.854999999999999
2016-09,2016,10–20 kW,B&B POWER,74.9,5,14.98
2016-09,2016,10–20 kW,Fronius,133.08,9,14.786666666666669
2016-09,2016,10–20 kW,Huawei,12.2,1,12.2
2016-09,2016,10–20 kW,Ingeteam,23.52,2,11.76
2016-09,2016,10–20 kW,Não informado,12.75,1,12.75
2016-09,2016,10–20 kW,Outros,73.25,5,14.65
2016-09,2016,10–20 kW,PHB,39.3,3,13.1
2016-09,2016,10–20 kW,SAJ,258.6,18,14.366666666666667
2016-09,2016,10–20 kW,SMA,13.9,1,13.9
2016-09,2016,20–75 kW,ABB/FIMER,181.6,4,45.4
2016-09,2016,20–75 kW,B&B POWER,65.0,2,32.5
2016-09,2016,20–75 kW,Fronius,278.4,7,39.771428571428565
2016-09,2016,20–75 kW,Não informado,159.72,4,39.93
2016-09,2016,20–75 kW,Outros,177.28,6,29.546666666666667
2016-09,2016,20–75 kW,PHB,74.2,2,37.1
2016-09,2016,20–75 kW,SAJ,522.9,16,32.68125
2016-09,2016,20–75 kW,SMA,25.0,1,25.0
2016-09,2016,20–75 kW,SolarEdge,31.75,1,31.75
2016-09,2016,20–75 kW,Solis (Ginlong),131.12,3,43.70666666666667
2016-09,2016,20–75 kW,Solplanet,32.0,1,32.0
2016-09,2016,75–300 kW,ABB/FIMER,198.0,1,198.0
2016-10,2016,≤10 kW,ABB/FIMER,332.07,76,4.369342105263158
2016-10,2016,≤10 kW,APsystems,17.02,13,1.3092307692307692
2016-10,2016,≤10 kW,B&B POWER,162.5,45,3.611111111111111
2016-10,2016,≤10 kW,Deye,0.55,1,0.55
2016-10,2016,≤10 kW,Fronius,488.08,121,4.0337190082644625
2016-10,2016,≤10 kW,Growatt,15.0,3,5.0
2016-10,2016,≤10 kW,Ingeteam,13.0,3,4.333333333333333
2016-10,2016,≤10 kW,Kstar,2.4,1,2.4
2016-10,2016,≤10 kW,Não informado,4.2,1,4.2
2016-10,2016,≤10 kW,Outros,194.41,51,3.8119607843137255
2016-10,2016,≤10 kW,PHB,175.67,61,2.8798360655737705
2016-10,2016,≤10 kW,Renovigi,7.0,2,3.5
2016-10,2016,≤10 kW,SAJ,9.9,2,4.95
2016-10,2016,≤10 kW,SMA,61.94,19,3.26
2016-10,2016,≤10 kW,Sofar Solar,3.6,1,3.6
2016-10,2016,≤10 kW,Solis (Ginlong),28.82,5,5.764
2016-10,2016,≤10 kW,WEG,49.37,13,3.7976923076923077
2016-10,2016,10–20 kW,ABB/FIMER,85.57,7,12.224285714285713
2016-10,2016,10–20 kW,B&B POWER,48.0,3,16.0
2016-10,2016,10–20 kW,Fronius,126.35,8,15.79375
2016-10,2016,10–20 kW,Goodwe,10.85,1,10.85
2016-10,2016,10–20 kW,Growatt,52.0,3,17.333333333333332
2016-10,2016,10–20 kW,Não informado,37.5,3,12.5
2016-10,2016,10–20 kW,Outros,32.0,2,16.0
2016-10,2016,10–20 kW,PHB,29.1,2,14.55
2016-10,2016,10–20 kW,Refusol,12.5,1,12.5
2016-10,2016,10–20 kW,SAJ,93.5,5,18.7
2016-10,2016,10–20 kW,SMA,15.0,1,15.0
2016-10,2016,20–75 kW,ABB/FIMER,166.03,4,41.5075
2016-10,2016,20–75 kW,B&B POWER,22.75,1,22.75
2016-10,2016,20–75 kW,Fronius,512.73,14,36.62357142857143
2016-10,2016,20–75 kW,Huawei,25.4,1,25.4
2016-10,2016,20–75 kW,Não informado,60.72,2,30.36
2016-10,2016,20–75 kW,Outros,112.5,3,37.5
2016-10,2016,20–75 kW,SAJ,148.4,5,29.68
2016-10,2016,20–75 kW,SMA,136.0,3,45.333333333333336
2016-10,2016,20–75 kW,Solis (Ginlong),45.9,1,45.9
2016-10,2016,75–300 kW,ABB/FIMER,149.76,1,149.76
2016-10,2016,75–300 kW,Growatt,225.0,1,225.0
2016-10,2016,75–300 kW,Outros,350.0,2,175.0
2016-10,2016,75–300 kW,Sungrow,225.0,1,225.0
2016-10,2016,300 kW–1 MW,Fronius,399.0,1,399.0
2016-11,2016,≤10 kW,ABB/FIMER,347.75,77,4.516233766233766
2016-11,2016,≤10 kW,APsystems,12.870000000000001,9,1.4300000000000002
2016-11,2016,≤10 kW,B&B POWER,204.39000000000001,56,3.6498214285714288
2016-11,2016,≤10 kW,Fronius,582.14,137,4.249197080291971
2016-11,2016,≤10 kW,Growatt,13.0,2,6.5
2016-11,2016,≤10 kW,Hoymiles,9.5,3,3.1666666666666665
2016-11,2016,≤10 kW,Ingeteam,10.0,1,10.0
2016-11,2016,≤10 kW,Não informado,38.08,7,5.4399999999999995
2016-11,2016,≤10 kW,Outros,247.31,69,3.584202898550725
2016-11,2016,≤10 kW,PHB,146.16,55,2.6574545454545455
2016-11,2016,≤10 kW,Renovigi,8.0,2,4.0
2016-11,2016,≤10 kW,SAJ,17.1,2,8.55
2016-11,2016,≤10 kW,SMA,52.96,16,3.31
2016-11,2016,≤10 kW,Solis (Ginlong),17.67,5,3.5340000000000003
2016-11,2016,≤10 kW,Sungrow,1.0,1,1.0
2016-11,2016,≤10 kW,WEG,39.62,11,3.6018181818181816
2016-11,2016,10–20 kW,ABB/FIMER,122.99000000000001,8,15.373750000000001
2016-11,2016,10–20 kW,B&B POWER,20.0,1,20.0
2016-11,2016,10–20 kW,Fronius,197.4,14,14.1
2016-11,2016,10–20 kW,Goodwe,10.5,1,10.5
2016-11,2016,10–20 kW,Outros,131.94,8,16.4925
2016-11,2016,10–20 kW,Renovigi,20.0,1,20.0
2016-11,2016,10–20 kW,SMA,26.0,2,13.0
2016-11,2016,20–75 kW,ABB/FIMER,327.65999999999997,7,46.808571428571426
2016-11,2016,20–75 kW,B&B POWER,205.3,5,41.06
2016-11,2016,20–75 kW,Fronius,587.94,15,39.196000000000005
2016-11,2016,20–75 kW,Não informado,60.72,2,30.36
2016-11,2016,20–75 kW,Outros,245.89000000000001,6,40.98166666666667
2016-11,2016,20–75 kW,PHB,76.8,3,25.599999999999998
2016-11,2016,20–75 kW,SAJ,84.1,2,42.05
2016-11,2016,20–75 kW,SMA,25.0,1,25.0
2016-11,2016,20–75 kW,Solis (Ginlong),70.0,1,70.0
2016-11,2016,20–75 kW,Sungrow,30.0,1,30.0
2016-11,2016,75–300 kW,Outros,200.0,2,100.0
2016-11,2016,75–300 kW,SMA,94.0,1,94.0
2016-11,2016,300 kW–1 MW,ABB/FIMER,360.0,1,360.0
2016-12,2016,≤10 kW,ABB/FIMER,391.28,90,4.347555555555555
2016-12,2016,≤10 kW,APsystems,14.0,8,1.75
2016-12,2016,≤10 kW,B&B POWER,174.03,43,4.047209302325581
2016-12,2016,≤10 kW,Deye,10.0,1,10.0
2016-12,2016,≤10 kW,Ecosolys,1.0,1,1.0
2016-12,2016,≤10 kW,Fronius,539.64,138,3.9104347826086956
2016-12,2016,≤10 kW,Growatt,45.56,6,7.593333333333334
2016-12,2016,≤10 kW,Hoymiles,6.25,2,3.125
2016-12,2016,≤10 kW,Huawei,3.0,1,3.0
2016-12,2016,≤10 kW,Hypontech,3.6,1,3.6
2016-12,2016,≤10 kW,Ingeteam,15.0,2,7.5
2016-12,2016,≤10 kW,Não informado,4.0,1,4.0
2016-12,2016,≤10 kW,Outros,285.97,293,0.9760068259385667
2016-12,2016,≤10 kW,PHB,244.97,60,4.082833333333333
2016-12,2016,≤10 kW,Refusol,12.5,2,6.25
2016-12,2016,≤10 kW,Renovigi,1.25,1,1.25
2016-12,2016,≤10 kW,SMA,66.14,20,3.307
2016-12,2016,≤10 kW,Solax Power,5.56,1,5.56
2016-12,2016,≤10 kW,Solis (Ginlong),9.2,2,4.6
2016-12,2016,≤10 kW,Sungrow,4.0,1,4.0
2016-12,2016,≤10 kW,WEG,23.7,7,3.3857142857142857
2016-12,2016,10–20 kW,ABB/FIMER,180.99,13,13.922307692307694
2016-12,2016,10–20 kW,B&B POWER,80.24,5,16.048
2016-12,2016,10–20 kW,Fronius,325.04,24,13.543333333333335
2016-12,2016,10–20 kW,Growatt,18.0,1,18.0
2016-12,2016,10–20 kW,Ingeteam,15.0,1,15.0
2016-12,2016,10–20 kW,Kehua,36.0,2,18.0
2016-12,2016,10–20 kW,Outros,93.3,7,13.328571428571427
2016-12,2016,10–20 kW,PHB,48.8,3,16.266666666666666
2016-12,2016,10–20 kW,SMA,36.400000000000006,2,18.200000000000003
2016-12,2016,10–20 kW,Sofar Solar,18.56,1,18.56
2016-12,2016,10–20 kW,WEG,35.45,3,11.816666666666668
2016-12,2016,20–75 kW,ABB/FIMER,430.31,10,43.031
2016-12,2016,20–75 kW,B&B POWER,23.5,1,23.5
2016-12,2016,20–75 kW,Fronius,432.44,13,33.26461538461538
2016-12,2016,20–75 kW,Ingeteam,60.0,1,60.0
2016-12,2016,20–75 kW,Não informado,151.8,5,30.360000000000003
2016-12,2016,20–75 kW,Outros,111.52,4,27.88
2016-12,2016,20–75 kW,PHB,94.33000000000001,3,31.44333333333334
2016-12,2016,20–75 kW,SMA,28.6,1,28.6
2016-12,2016,75–300 kW,ABB/FIMER,279.4,3,93.13333333333333
2016-12,2016,75–300 kW,B&B POWER,112.64,1,112.64
2016-12,2016,75–300 kW,Fronius,224.12,1,224.12
2016-12,2016,75–300 kW,Não informado,300.0,1,300.0
2016-12,2016,75–300 kW,Outros,274.79,2,137.395
2016-12,2016,300 kW–1 MW,Fronius,499.0,1,499.0
2017-01,2017,≤10 kW,ABB/FIMER,512.5500000000001,118,4.34364406779661
2017-01,2017,≤10 kW,APsystems,13.780000000000001,6,2.296666666666667
2017-01,2017,≤10 kW,B&B POWER,164.78,41,4.019024390243903
2017-01,2017,≤10 kW,Canadian Solar,10.0,1,10.0
2017-01,2017,≤10 kW,Fronius,669.29,164,4.081036585365854
2017-01,2017,≤10 kW,Growatt,27.22,7,3.8885714285714283
2017-01,2017,≤10 kW,Hoymiles,0.78,1,0.78
2017-01,2017,≤10 kW,Huawei,6.0,1,6.0
2017-01,2017,≤10 kW,Ingeteam,8.2,2,4.1
2017-01,2017,≤10 kW,Intelbras,2.12,1,2.12
2017-01,2017,≤10 kW,NEP,2.0300000000000002,2,1.0150000000000001
2017-01,2017,≤10 kW,Não informado,3.1,2,1.55
2017-01,2017,≤10 kW,Outros,302.79,84,3.6046428571428573
2017-01,2017,≤10 kW,PHB,182.32,53,3.44
2017-01,2017,≤10 kW,Renovigi,6.14,3,2.0466666666666664
2017-01,2017,≤10 kW,SAJ,1.5,1,1.5
2017-01,2017,≤10 kW,SMA,47.129999999999995,18,2.618333333333333
2017-01,2017,≤10 kW,Sofar Solar,4.26,2,2.13
2017-01,2017,≤10 kW,Solis (Ginlong),31.79,8,3.97375
2017-01,2017,≤10 kW,WEG,17.07,7,2.4385714285714286
2017-01,2017,10–20 kW,ABB/FIMER,133.05,9,14.783333333333335
2017-01,2017,10–20 kW,B&B POWER,30.4,2,15.2
2017-01,2017,10–20 kW,Deye,12.0,1,12.0
2017-01,2017,10–20 kW,Fronius,286.23,20,14.3115
2017-01,2017,10–20 kW,Huawei,12.0,1,12.0
2017-01,2017,10–20 kW,Não informado,12.75,1,12.75
2017-01,2017,10–20 kW,Outros,72.2,5,14.440000000000001
2017-01,2017,10–20 kW,PHB,94.08,5,18.816
2017-01,2017,10–20 kW,SMA,28.4,2,14.2
2017-01,2017,10–20 kW,Solis (Ginlong),18.3,1,18.3
2017-01,2017,10–20 kW,WEG,19.09,1,19.09
2017-01,2017,20–75 kW,ABB/FIMER,495.46,10,49.546
2017-01,2017,20–75 kW,B&B POWER,69.5,2,34.75
2017-01,2017,20–75 kW,Fronius,628.54,18,34.91888888888889
2017-01,2017,20–75 kW,Huawei,61.51,1,61.51
2017-01,2017,20–75 kW,Não informado,242.88,8,30.36
2017-01,2017,20–75 kW,Outros,44.6,1,44.6
2017-01,2017,20–75 kW,PHB,113.77000000000001,5,22.754
2017-01,2017,20–75 kW,SMA,96.2,3,32.06666666666667
2017-01,2017,20–75 kW,WEG,27.5,1,27.5
2017-01,2017,75–300 kW,ABB/FIMER,100.0,1,100.0
2017-02,2017,≤10 kW,ABB/FIMER,449.0,106,4.235849056603773
2017-02,2017,≤10 kW,APsystems,22.6,15,1.5066666666666668
2017-02,2017,≤10 kW,B&B POWER,165.68,38,4.36
2017-02,2017,≤10 kW,Ecosolys,4.0,4,1.0
2017-02,2017,≤10 kW,Fronius,802.45,194,4.136340206185567
2017-02,2017,≤10 kW,Growatt,5.76,2,2.88
2017-02,2017,≤10 kW,Hoymiles,5.45,2,2.725
2017-02,2017,≤10 kW,Hypontech,6.0,1,6.0
2017-02,2017,≤10 kW,Ingeteam,25.34,7,3.62
2017-02,2017,≤10 kW,NEP,5.66,3,1.8866666666666667
2017-02,2017,≤10 kW,Não informado,12.7,2,6.35
2017-02,2017,≤10 kW,Outros,319.2,93,3.432258064516129
2017-02,2017,≤10 kW,PHB,185.84,53,3.506415094339623
2017-02,2017,≤10 kW,Renovigi,14.76,2,7.38
2017-02,2017,≤10 kW,SMA,86.75999999999999,29,2.991724137931034
2017-02,2017,≤10 kW,Solis (Ginlong),37.7,8,4.7125
2017-02,2017,≤10 kW,Tsun,2.25,1,2.25
2017-02,2017,≤10 kW,WEG,26.75,8,3.34375
2017-02,2017,10–20 kW,ABB/FIMER,74.1,6,12.35
2017-02,2017,10–20 kW,B&B POWER,17.16,1,17.16
2017-02,2017,10–20 kW,Fronius,378.49,26,14.557307692307692
2017-02,2017,10–20 kW,Outros,26.66,2,13.33
2017-02,2017,10–20 kW,PHB,33.769999999999996,2,16.884999999999998
2017-02,2017,10–20 kW,SMA,10.6,1,10.6
2017-02,2017,10–20 kW,Solis (Ginlong),27.32,2,13.66
2017-02,2017,20–75 kW,ABB/FIMER,498.28,10,49.827999999999996
2017-02,2017,20–75 kW,B&B POWER,45.0,1,45.0
2017-02,2017,20–75 kW,Fronius,424.98,13,32.690769230769234
2017-02,2017,20–75 kW,Kehua,30.36,1,30.36
2017-02,2017,20–75 kW,Não informado,146.28,4,36.57
2017-02,2017,20–75 kW,PHB,40.24,1,40.24
2017-02,2017,20–75 kW,SMA,23.4,1,23.4
2017-02,2017,20–75 kW,Sungrow,24.0,1,24.0
2017-02,2017,20–75 kW,WEG,25.0,1,25.0
2017-02,2017,75–300 kW,Fronius,87.78,1,87.78
2017-02,2017,75–300 kW,Huawei,169.0,1,169.0
2017-03,2017,≤10 kW,ABB/FIMER,650.11,145,4.48351724137931
2017-03,2017,≤10 kW,APsystems,17.25,12,1.4375
2017-03,2017,≤10 kW,B&B POWER,162.86,41,3.97219512195122
2017-03,2017,≤10 kW,Bel Energy,2.0,1,2.0
2017-03,2017,≤10 kW,Canadian Solar,3.0,1,3.0
2017-03,2017,≤10 kW,Deye,11.32,2,5.66
2017-03,2017,≤10 kW,Ecosolys,8.59,6,1.4316666666666666
2017-03,2017,≤10 kW,Fronius,1007.01,238,4.231134453781513
2017-03,2017,≤10 kW,Growatt,14.65,4,3.6625
2017-03,2017,≤10 kW,Hoymiles,11.5,3,3.8333333333333335
2017-03,2017,≤10 kW,Huawei,4.08,1,4.08
2017-03,2017,≤10 kW,Ingeteam,28.380000000000003,7,4.054285714285714
2017-03,2017,≤10 kW,Intelbras,2.12,1,2.12
2017-03,2017,≤10 kW,NEP,8.06,6,1.3433333333333335
2017-03,2017,≤10 kW,Não informado,14.2,2,7.1
2017-03,2017,≤10 kW,Outros,406.8,127,3.203149606299213
2017-03,2017,≤10 kW,PHB,190.99,50,3.8198000000000003
2017-03,2017,≤10 kW,Renovigi,26.6,8,3.325
2017-03,2017,≤10 kW,SAJ,6.0,1,6.0
2017-03,2017,≤10 kW,SMA,125.96,35,3.5988571428571428
2017-03,2017,≤10 kW,Solax Power,5.0,1,5.0
2017-03,2017,≤10 kW,Solis (Ginlong),9.2,3,3.0666666666666664
2017-03,2017,≤10 kW,WEG,25.26,10,2.5260000000000002
2017-03,2017,10–20 kW,ABB/FIMER,199.47,12,16.6225
2017-03,2017,10–20 kW,B&B POWER,49.0,3,16.333333333333332
2017-03,2017,10–20 kW,Deye,14.0,1,14.0
2017-03,2017,10–20 kW,Fronius,511.52,38,13.461052631578946
2017-03,2017,10–20 kW,Não informado,12.75,1,12.75
2017-03,2017,10–20 kW,Outros,55.2,4,13.8
2017-03,2017,10–20 kW,PHB,109.2,7,15.6
2017-03,2017,10–20 kW,SMA,26.34,2,13.17
2017-03,2017,10–20 kW,Solis (Ginlong),36.0,2,18.0
2017-03,2017,20–75 kW,ABB/FIMER,381.26,10,38.126
2017-03,2017,20–75 kW,B&B POWER,77.7,2,38.85
2017-03,2017,20–75 kW,Fronius,566.2,15,37.74666666666667
2017-03,2017,20–75 kW,Ingeteam,60.5,2,30.25
2017-03,2017,20–75 kW,Não informado,200.12,7,28.58857142857143
2017-03,2017,20–75 kW,Outros,83.5,2,41.75
2017-03,2017,20–75 kW,PHB,20.5,1,20.5
2017-03,2017,20–75 kW,Renovigi,30.0,1,30.0
2017-03,2017,20–75 kW,SMA,49.4,2,24.7
2017-03,2017,20–75 kW,Solplanet,30.36,1,30.36
2017-03,2017,20–75 kW,WEG,50.0,2,25.0
2017-03,2017,20–75 kW,WEG (Huawei),30.0,1,30.0
2017-03,2017,75–300 kW,ABB/FIMER,76.32,1,76.32
2017-03,2017,75–300 kW,Fronius,107.5,1,107.5
2017-03,2017,75–300 kW,Não informado,120.0,1,120.0
2017-03,2017,75–300 kW,SMA,170.0,1,170.0
2017-03,2017,300 kW–1 MW,Fronius,397.5,1,397.5
2017-04,2017,≤10 kW,ABB/FIMER,433.6,98,4.424489795918368
2017-04,2017,≤10 kW,APsystems,38.44,19,2.023157894736842
2017-04,2017,≤10 kW,B&B POWER,137.42000000000002,34,4.041764705882353
2017-04,2017,≤10 kW,Bel Energy,2.2,1,2.2
2017-04,2017,≤10 kW,Canadian Solar,3.3,1,3.3
2017-04,2017,≤10 kW,Deye,5.25,1,5.25
2017-04,2017,≤10 kW,Ecosolys,6.88,5,1.376
2017-04,2017,≤10 kW,Fronius,870.17,203,4.286551724137931
2017-04,2017,≤10 kW,Growatt,36.35,9,4.038888888888889
2017-04,2017,≤10 kW,Hoymiles,5.5,5,1.1
2017-04,2017,≤10 kW,Ingeteam,17.34,4,4.335
2017-04,2017,≤10 kW,Kstar,1.56,1,1.56
2017-04,2017,≤10 kW,NEP,9.42,7,1.3457142857142856
2017-04,2017,≤10 kW,Não informado,8.1,1,8.1
2017-04,2017,≤10 kW,Outros,344.26,90,3.825111111111111
2017-04,2017,≤10 kW,PHB,126.63,36,3.5175
2017-04,2017,≤10 kW,Renovigi,17.82,6,2.97
2017-04,2017,≤10 kW,SMA,85.61,27,3.1707407407407406
2017-04,2017,≤10 kW,Solax Power,5.0,1,5.0
2017-04,2017,≤10 kW,Solis (Ginlong),11.32,2,5.66
2017-04,2017,≤10 kW,WEG,42.86,16,2.67875
2017-04,2017,10–20 kW,ABB/FIMER,181.48,12,15.123333333333333
2017-04,2017,10–20 kW,B&B POWER,45.54,3,15.18
2017-04,2017,10–20 kW,Fronius,346.25,24,14.427083333333334
2017-04,2017,10–20 kW,Growatt,15.0,1,15.0
2017-04,2017,10–20 kW,Hoymiles,10.5,1,10.5
2017-04,2017,10–20 kW,Ingeteam,10.6,1,10.6
2017-04,2017,10–20 kW,Não informado,25.75,2,12.875
2017-04,2017,10–20 kW,Outros,66.76,4,16.69
2017-04,2017,10–20 kW,PHB,86.83,6,14.471666666666666
2017-04,2017,10–20 kW,SMA,42.6,3,14.200000000000001
2017-04,2017,10–20 kW,WEG,11.34,1,11.34
2017-04,2017,20–75 kW,ABB/FIMER,379.28,9,42.142222222222216
2017-04,2017,20–75 kW,B&B POWER,160.0,3,53.333333333333336
2017-04,2017,20–75 kW,Fronius,631.02,16,39.43875
2017-04,2017,20–75 kW,Ingeteam,58.92,2,29.46
2017-04,2017,20–75 kW,Outros,104.0,2,52.0
2017-04,2017,20–75 kW,PHB,45.5,2,22.75
2017-04,2017,20–75 kW,SMA,154.22,4,38.555
2017-04,2017,20–75 kW,Sofar Solar,30.0,1,30.0
2017-04,2017,20–75 kW,WEG,25.0,1,25.0
2017-04,2017,75–300 kW,ABB/FIMER,365.6,3,121.86666666666667
2017-04,2017,75–300 kW,Fronius,94.0,1,94.0
2017-04,2017,75–300 kW,Ingeteam,76.32,1,76.32
2017-04,2017,75–300 kW,Outros,165.0,1,165.0
2017-04,2017,75–300 kW,SMA,180.0,1,180.0
2017-04,2017,300 kW–1 MW,Fronius,459.0,1,459.0
2017-04,2017,300 kW–1 MW,Outros,459.94,1,459.94
2017-05,2017,≤10 kW,ABB/FIMER,564.48,132,4.276363636363636
2017-05,2017,≤10 kW,APsystems,57.53,23,2.501304347826087
2017-05,2017,≤10 kW,B&B POWER,153.46,38,4.03842105263158
2017-05,2017,≤10 kW,Canadian Solar,23.04,6,3.84
2017-05,2017,≤10 kW,Ecosolys,17.12,8,2.14
2017-05,2017,≤10 kW,Fronius,1202.61,284,4.234542253521126
2017-05,2017,≤10 kW,Growatt,44.6,9,4.955555555555556
2017-05,2017,≤10 kW,Hoymiles,7.0,4,1.75
2017-05,2017,≤10 kW,Ingeteam,20.16,7,2.88
2017-05,2017,≤10 kW,NEP,21.06,10,2.106
2017-05,2017,≤10 kW,Não informado,5.0,1,5.0
2017-05,2017,≤10 kW,Outros,388.01,94,4.127765957446808
2017-05,2017,≤10 kW,PHB,207.72,56,3.709285714285714
2017-05,2017,≤10 kW,Renovigi,23.52,7,3.36
2017-05,2017,≤10 kW,SAJ,10.0,1,10.0
2017-05,2017,≤10 kW,SMA,135.66,40,3.3914999999999997
2017-05,2017,≤10 kW,Solis (Ginlong),29.56,4,7.39
2017-05,2017,≤10 kW,WEG,21.5,9,2.388888888888889
2017-05,2017,10–20 kW,ABB/FIMER,266.8,16,16.675
2017-05,2017,10–20 kW,APsystems,20.0,1,20.0
2017-05,2017,10–20 kW,B&B POWER,91.6,5,18.32
2017-05,2017,10–20 kW,Deye,18.6,1,18.6
2017-05,2017,10–20 kW,Fronius,548.46,39,14.063076923076924
2017-05,2017,10–20 kW,Growatt,15.0,1,15.0
2017-05,2017,10–20 kW,Não informado,12.0,1,12.0
2017-05,2017,10–20 kW,Outros,129.72,9,14.413333333333334
2017-05,2017,10–20 kW,PHB,67.88,5,13.575999999999999
2017-05,2017,10–20 kW,SAJ,15.0,1,15.0
2017-05,2017,10–20 kW,SMA,35.13,3,11.71
2017-05,2017,10–20 kW,Solis (Ginlong),11.2,1,11.2
2017-05,2017,10–20 kW,Sungrow,11.0,1,11.0
2017-05,2017,20–75 kW,ABB/FIMER,994.46,24,41.435833333333335
2017-05,2017,20–75 kW,B&B POWER,20.16,1,20.16
2017-05,2017,20–75 kW,Fronius,880.45,25,35.218
2017-05,2017,20–75 kW,Growatt,33.4,1,33.4
2017-05,2017,20–75 kW,Hoymiles,34.36,1,34.36
2017-05,2017,20–75 kW,Huawei,70.0,1,70.0
2017-05,2017,20–75 kW,Ingeteam,296.46,8,37.0575
2017-05,2017,20–75 kW,Não informado,165.51999999999998,5,33.104
2017-05,2017,20–75 kW,Outros,90.0,2,45.0
2017-05,2017,20–75 kW,PHB,132.17,3,44.056666666666665
2017-05,2017,20–75 kW,SMA,64.78,2,32.39
2017-05,2017,75–300 kW,ABB/FIMER,330.0,3,110.0
2017-05,2017,75–300 kW,Fronius,150.0,1,150.0
2017-05,2017,75–300 kW,Outros,159.82,2,79.91
2017-05,2017,300 kW–1 MW,ABB/FIMER,396.0,1,396.0
2017-05,2017,300 kW–1 MW,Outros,1416.0,2,708.0
2017-06,2017,≤10 kW,ABB/FIMER,624.59,146,4.278013698630137
2017-06,2017,≤10 kW,APsystems,85.62,159,0.5384905660377359
2017-06,2017,≤10 kW,B&B POWER,260.79,63,4.13952380952381
2017-06,2017,≤10 kW,BYD,6.0,1,6.0
2017-06,2017,≤10 kW,Canadian Solar,167.0,46,3.630434782608696
2017-06,2017,≤10 kW,Deye,8.0,3,2.6666666666666665
2017-06,2017,≤10 kW,Ecosolys,13.06,10,1.306
2017-06,2017,≤10 kW,Fronius,1181.72,281,4.205409252669039
2017-06,2017,≤10 kW,Goodwe,9.0,1,9.0
2017-06,2017,≤10 kW,Growatt,37.08,7,5.297142857142857
2017-06,2017,≤10 kW,Hoymiles,6.2,4,1.55
2017-06,2017,≤10 kW,Hypontech,6.4,1,6.4
2017-06,2017,≤10 kW,Ingeteam,27.16,6,4.526666666666666
2017-06,2017,≤10 kW,Kstar,3.0,1,3.0
2017-06,2017,≤10 kW,NEP,11.16,7,1.5942857142857143
2017-06,2017,≤10 kW,Não informado,6.24,1,6.24
2017-06,2017,≤10 kW,Outros,282.66,72,3.9258333333333337
2017-06,2017,≤10 kW,PHB,176.0,41,4.2926829268292686
2017-06,2017,≤10 kW,Refusol,3.35,1,3.35
2017-06,2017,≤10 kW,Renovigi,39.99,9,4.443333333333333
2017-06,2017,≤10 kW,SMA,95.91,27,3.552222222222222
2017-06,2017,≤10 kW,Solis (Ginlong),6.0,1,6.0
2017-06,2017,≤10 kW,WEG,33.78,10,3.378
2017-06,2017,10–20 kW,ABB/FIMER,101.8,7,14.542857142857143
2017-06,2017,10–20 kW,APsystems,13.0,1,13.0
2017-06,2017,10–20 kW,B&B POWER,110.6,6,18.433333333333334
2017-06,2017,10–20 kW,Canadian Solar,30.6,2,15.3
2017-06,2017,10–20 kW,Fronius,636.17,44,14.45840909090909
2017-06,2017,10–20 kW,Growatt,65.6,4,16.4
2017-06,2017,10–20 kW,Não informado,66.0,5,13.2
2017-06,2017,10–20 kW,Outros,102.3,8,12.7875
2017-06,2017,10–20 kW,PHB,127.10000000000001,8,15.887500000000001
2017-06,2017,10–20 kW,SMA,27.0,2,13.5
2017-06,2017,20–75 kW,ABB/FIMER,755.99,18,41.99944444444444
2017-06,2017,20–75 kW,B&B POWER,160.0,4,40.0
2017-06,2017,20–75 kW,Canadian Solar,62.76,2,31.38
2017-06,2017,20–75 kW,Deye,31.0,1,31.0
2017-06,2017,20–75 kW,Fronius,1009.46,29,34.80896551724138
2017-06,2017,20–75 kW,Growatt,85.6,2,42.8
2017-06,2017,20–75 kW,Ingeteam,307.12,6,51.18666666666667
2017-06,2017,20–75 kW,Não informado,121.44,4,30.36
2017-06,2017,20–75 kW,Outros,198.35999999999999,6,33.059999999999995
2017-06,2017,20–75 kW,PHB,105.37,3,35.123333333333335
2017-06,2017,20–75 kW,Renovigi,62.0,2,31.0
2017-06,2017,20–75 kW,SMA,270.36,7,38.62285714285714
2017-06,2017,20–75 kW,Solis (Ginlong),30.0,1,30.0
2017-06,2017,20–75 kW,WEG,25.0,1,25.0
2017-06,2017,75–300 kW,ABB/FIMER,239.92000000000002,3,79.97333333333334
2017-06,2017,75–300 kW,Fronius,156.0,1,156.0
2017-06,2017,75–300 kW,Growatt,162.0,2,81.0
2017-06,2017,75–300 kW,Ingeteam,281.0,1,281.0
2017-06,2017,75–300 kW,Não informado,120.0,1,120.0
2017-06,2017,75–300 kW,Outros,275.0,2,137.5
2017-07,2017,≤10 kW,ABB/FIMER,824.06,221,3.7287782805429863
2017-07,2017,≤10 kW,APsystems,89.34,72,1.2408333333333335
2017-07,2017,≤10 kW,B&B POWER,252.81,65,3.8893846153846154
2017-07,2017,≤10 kW,Bel Energy,1.0,1,1.0
2017-07,2017,≤10 kW,Canadian Solar,198.04,51,3.8831372549019605
2017-07,2017,≤10 kW,Deye,13.7,4,3.425
2017-07,2017,≤10 kW,Ecosolys,15.41,13,1.1853846153846155
2017-07,2017,≤10 kW,Fronius,1336.9,282,4.740780141843972
2017-07,2017,≤10 kW,Growatt,52.379999999999995,10,5.2379999999999995
2017-07,2017,≤10 kW,Hoymiles,4.3,3,1.4333333333333333
2017-07,2017,≤10 kW,Ingeteam,53.53,12,4.460833333333333
2017-07,2017,≤10 kW,Kstar,19.5,4,4.875
2017-07,2017,≤10 kW,NEP,23.1,14,1.6500000000000001
2017-07,2017,≤10 kW,Não informado,84.28999999999999,16,5.2681249999999995
2017-07,2017,≤10 kW,Outros,296.99,82,3.621829268292683
2017-07,2017,≤10 kW,PHB,136.07,37,3.6775675675675674
2017-07,2017,≤10 kW,Refusol,8.36,2,4.18
2017-07,2017,≤10 kW,Renovigi,31.1,9,3.4555555555555557
2017-07,2017,≤10 kW,SAJ,10.0,1,10.0
2017-07,2017,≤10 kW,SMA,77.31,18,4.295
2017-07,2017,≤10 kW,Sofar Solar,3.3,1,3.3
2017-07,2017,≤10 kW,Solis (Ginlong),16.310000000000002,4,4.077500000000001
2017-07,2017,≤10 kW,WEG,68.15,16,4.259375
2017-07,2017,10–20 kW,ABB/FIMER,85.45,7,12.207142857142857
2017-07,2017,10–20 kW,APsystems,29.0,2,14.5
2017-07,2017,10–20 kW,B&B POWER,136.26,8,17.0325
2017-07,2017,10–20 kW,Canadian Solar,42.32,3,14.106666666666667
2017-07,2017,10–20 kW,Fronius,719.12,50,14.3824
2017-07,2017,10–20 kW,Ingeteam,30.6,2,15.3
2017-07,2017,10–20 kW,Não informado,27.2,2,13.6
2017-07,2017,10–20 kW,Outros,80.6,5,16.119999999999997
2017-07,2017,10–20 kW,PHB,123.8,8,15.475
2017-07,2017,10–20 kW,SMA,104.58,7,14.94
2017-07,2017,10–20 kW,WEG,23.4,2,11.7
2017-07,2017,20–75 kW,ABB/FIMER,498.1,13,38.315384615384616
2017-07,2017,20–75 kW,B&B POWER,50.0,1,50.0
2017-07,2017,20–75 kW,Canadian Solar,23.25,1,23.25
2017-07,2017,20–75 kW,Fronius,1265.76,32,39.555
2017-07,2017,20–75 kW,Growatt,21.0,1,21.0
2017-07,2017,20–75 kW,Ingeteam,273.95,6,45.65833333333333
2017-07,2017,20–75 kW,Não informado,205.07999999999998,6,34.18
2017-07,2017,20–75 kW,Outros,192.6,4,48.15
2017-07,2017,20–75 kW,PHB,251.56,7,35.93714285714286
2017-07,2017,20–75 kW,SMA,185.0,5,37.0
2017-07,2017,20–75 kW,Solis (Ginlong),37.5,1,37.5
2017-07,2017,20–75 kW,Sungrow,83.52000000000001,2,41.760000000000005
2017-07,2017,20–75 kW,WEG,90.0,3,30.0
2017-07,2017,75–300 kW,ABB/FIMER,80.0,1,80.0
2017-07,2017,75–300 kW,Fronius,162.0,2,81.0
2017-07,2017,75–300 kW,Growatt,208.0,2,104.0
2017-07,2017,75–300 kW,Ingeteam,76.32,1,76.32
2017-07,2017,75–300 kW,Outros,98.2,1,98.2
2017-07,2017,75–300 kW,SMA,95.0,1,95.0
2017-08,2017,≤10 kW,ABB/FIMER,865.0600000000001,241,3.5894605809128635
2017-08,2017,≤10 kW,APsystems,129.48,46,2.8147826086956518
2017-08,2017,≤10 kW,B&B POWER,304.43,82,3.7125609756097564
2017-08,2017,≤10 kW,Canadian Solar,342.33,86,3.980581395348837
2017-08,2017,≤10 kW,Deye,9.78,2,4.89
2017-08,2017,≤10 kW,Ecosolys,36.01,24,1.5004166666666665
2017-08,2017,≤10 kW,Fronius,1579.32,345,4.577739130434782
2017-08,2017,≤10 kW,Growatt,31.0,10,3.1
2017-08,2017,≤10 kW,Hoymiles,6.2,4,1.55
2017-08,2017,≤10 kW,Ingeteam,33.67,8,4.20875
2017-08,2017,≤10 kW,Kstar,5.0,1,5.0
2017-08,2017,≤10 kW,NEP,18.3,12,1.5250000000000001
2017-08,2017,≤10 kW,Não informado,22.25,6,3.7083333333333335
2017-08,2017,≤10 kW,Outros,254.45,64,3.97578125
2017-08,2017,≤10 kW,PHB,243.67,57,4.274912280701754
2017-08,2017,≤10 kW,Renovigi,54.56,17,3.2094117647058824
2017-08,2017,≤10 kW,SAJ,5.0,1,5.0
2017-08,2017,≤10 kW,SHENZHEN,4.0,1,4.0
2017-08,2017,≤10 kW,SMA,79.86,27,2.957777777777778
2017-08,2017,≤10 kW,Sofar Solar,8.5,2,4.25
2017-08,2017,≤10 kW,Solax Power,5.3,1,5.3
2017-08,2017,≤10 kW,Solis (Ginlong),7.0,2,3.5
2017-08,2017,≤10 kW,WEG,114.07,26,4.387307692307692
2017-08,2017,10–20 kW,ABB/FIMER,246.89,17,14.522941176470587
2017-08,2017,10–20 kW,APsystems,25.0,2,12.5
2017-08,2017,10–20 kW,B&B POWER,107.25999999999999,6,17.876666666666665
2017-08,2017,10–20 kW,Bel Energy,14.0,1,14.0
2017-08,2017,10–20 kW,Canadian Solar,14.95,1,14.95
2017-08,2017,10–20 kW,Deye,28.0,2,14.0
2017-08,2017,10–20 kW,Fronius,729.49,50,14.5898
2017-08,2017,10–20 kW,Ingeteam,34.0,2,17.0
2017-08,2017,10–20 kW,Kstar,20.0,1,20.0
2017-08,2017,10–20 kW,Não informado,13.0,1,13.0
2017-08,2017,10–20 kW,Outros,132.11,9,14.67888888888889
2017-08,2017,10–20 kW,PHB,210.31,13,16.177692307692308
2017-08,2017,10–20 kW,Refusol,20.0,1,20.0
2017-08,2017,10–20 kW,Renovigi,15.0,1,15.0
2017-08,2017,10–20 kW,SAJ,28.85,2,14.425
2017-08,2017,10–20 kW,SMA,118.98,8,14.8725
2017-08,2017,10–20 kW,Solis (Ginlong),18.0,1,18.0
2017-08,2017,10–20 kW,WEG,65.35,4,16.3375
2017-08,2017,20–75 kW,ABB/FIMER,969.52,23,42.15304347826087
2017-08,2017,20–75 kW,APsystems,28.0,1,28.0
2017-08,2017,20–75 kW,B&B POWER,122.0,4,30.5
2017-08,2017,20–75 kW,Fronius,1908.34,52,36.698846153846155
2017-08,2017,20–75 kW,Growatt,201.11,6,33.51833333333334
2017-08,2017,20–75 kW,Ingeteam,268.09,6,44.681666666666665
2017-08,2017,20–75 kW,Não informado,375.52,10,37.552
2017-08,2017,20–75 kW,Outros,118.36,3,39.45333333333333
2017-08,2017,20–75 kW,PHB,245.32,6,40.88666666666666
2017-08,2017,20–75 kW,Refusol,40.0,1,40.0
2017-08,2017,20–75 kW,Renovigi,145.07999999999998,2,72.53999999999999
2017-08,2017,20–75 kW,SMA,265.0,7,37.857142857142854
2017-08,2017,20–75 kW,Solis (Ginlong),100.0,2,50.0
2017-08,2017,20–75 kW,Sungrow,36.0,1,36.0
2017-08,2017,75–300 kW,B&B POWER,80.0,1,80.0
2017-08,2017,75–300 kW,Fronius,230.0,2,115.0
2017-08,2017,75–300 kW,Outros,262.0,1,262.0
2017-08,2017,75–300 kW,SMA,523.49,2,261.745
2017-08,2017,75–300 kW,WEG,108.0,1,108.0
2017-08,2017,300 kW–1 MW,ABB/FIMER,745.0,2,372.5
2017-08,2017,300 kW–1 MW,Fronius,400.0,1,400.0
2017-08,2017,300 kW–1 MW,Não informado,704.0,1,704.0
2017-09,2017,≤10 kW,ABB/FIMER,552.16,132,4.183030303030303
2017-09,2017,≤10 kW,APsystems,106.39,48,2.216458333333333
2017-09,2017,≤10 kW,B&B POWER,219.26,55,3.986545454545454
2017-09,2017,≤10 kW,Bedin Solar,10.0,1,10.0
2017-09,2017,≤10 kW,Bel Energy,2.0,1,2.0
2017-09,2017,≤10 kW,Canadian Solar,351.63,98,3.588061224489796
2017-09,2017,≤10 kW,Deye,19.28,4,4.82
2017-09,2017,≤10 kW,Ecosolys,46.68,30,1.556
2017-09,2017,≤10 kW,Fronius,1348.62,284,4.748661971830986
2017-09,2017,≤10 kW,Growatt,51.3,12,4.2749999999999995
2017-09,2017,≤10 kW,Hoymiles,6.5,4,1.625
2017-09,2017,≤10 kW,Huawei,2.7,1,2.7
2017-09,2017,≤10 kW,Ingeteam,39.589999999999996,9,4.398888888888888
2017-09,2017,≤10 kW,Kstar,34.64,9,3.848888888888889
2017-09,2017,≤10 kW,NEP,2.83,4,0.7075
2017-09,2017,≤10 kW,Não informado,23.86,3,7.953333333333333
2017-09,2017,≤10 kW,Outros,430.75,95,4.53421052631579
2017-09,2017,≤10 kW,PHB,238.34,57,4.18140350877193
2017-09,2017,≤10 kW,Refusol,1.6,1,1.6
2017-09,2017,≤10 kW,Renovigi,94.09,29,3.24448275862069
2017-09,2017,≤10 kW,SHENZHEN,17.7,4,4.425
2017-09,2017,≤10 kW,SMA,123.02,38,3.2373684210526315
2017-09,2017,≤10 kW,Solis (Ginlong),16.1,5,3.22
2017-09,2017,≤10 kW,Sungrow,8.3,1,8.3
2017-09,2017,≤10 kW,WEG,24.35,8,3.04375
2017-09,2017,10–20 kW,ABB/FIMER,202.48,13,15.575384615384614
2017-09,2017,10–20 kW,APsystems,71.6,5,14.319999999999999
2017-09,2017,10–20 kW,B&B POWER,115.47,7,16.495714285714286
2017-09,2017,10–20 kW,Bel Energy,28.0,2,14.0
2017-09,2017,10–20 kW,Canadian Solar,88.8,5,17.759999999999998
2017-09,2017,10–20 kW,Fronius,721.5,50,14.43
2017-09,2017,10–20 kW,Growatt,19.08,1,19.08
2017-09,2017,10–20 kW,Hoymiles,18.0,1,18.0
2017-09,2017,10–20 kW,Ingeteam,10.92,1,10.92
2017-09,2017,10–20 kW,Kstar,37.489999999999995,2,18.744999999999997
2017-09,2017,10–20 kW,Não informado,58.1,4,14.525
2017-09,2017,10–20 kW,Outros,22.4,2,11.2
2017-09,2017,10–20 kW,PHB,44.2,3,14.733333333333334
2017-09,2017,10–20 kW,SMA,82.42,6,13.736666666666666
2017-09,2017,20–75 kW,ABB/FIMER,999.46,23,43.45478260869565
2017-09,2017,20–75 kW,B&B POWER,224.02,5,44.804
2017-09,2017,20–75 kW,Canadian Solar,190.0,3,63.333333333333336
2017-09,2017,20–75 kW,Fronius,1261.46,37,34.093513513513514
2017-09,2017,20–75 kW,Goodwe,36.0,1,36.0
2017-09,2017,20–75 kW,Growatt,25.0,1,25.0
2017-09,2017,20–75 kW,Ingeteam,289.12,6,48.18666666666667
2017-09,2017,20–75 kW,Não informado,323.85,10,32.385000000000005
2017-09,2017,20–75 kW,Outros,381.53,9,42.392222222222216
2017-09,2017,20–75 kW,PHB,169.3,4,42.325
2017-09,2017,20–75 kW,Refusol,69.55,2,34.775
2017-09,2017,20–75 kW,Renovigi,25.0,1,25.0
2017-09,2017,20–75 kW,SAJ,59.28,1,59.28
2017-09,2017,20–75 kW,SMA,279.93,7,39.99
2017-09,2017,20–75 kW,Sungrow,246.15,5,49.230000000000004
2017-09,2017,20–75 kW,WEG,75.0,1,75.0
2017-09,2017,75–300 kW,ABB/FIMER,792.1,6,132.01666666666668
2017-09,2017,75–300 kW,Fronius,345.0,2,172.5
2017-09,2017,75–300 kW,Ingeteam,95.4,1,95.4
2017-09,2017,75–300 kW,SMA,177.78,2,88.89
2017-09,2017,300 kW–1 MW,ABB/FIMER,1146.0,2,573.0
2017-09,2017,300 kW–1 MW,Outros,359.84,1,359.84
2017-09,2017,300 kW–1 MW,SMA,740.0,1,740.0
2017-10,2017,≤10 kW,ABB/FIMER,872.93,238,3.667773109243697
2017-10,2017,≤10 kW,APsystems,107.16,39,2.7476923076923074
2017-10,2017,≤10 kW,B&B POWER,198.59,49,4.0528571428571425
2017-10,2017,≤10 kW,Bedin Solar,5.0,1,5.0
2017-10,2017,≤10 kW,Bel Energy,8.0,1,8.0
2017-10,2017,≤10 kW,Canadian Solar,473.64,130,3.6433846153846154
2017-10,2017,≤10 kW,Deye,4.0,1,4.0
2017-10,2017,≤10 kW,Ecosolys,56.32,38,1.4821052631578948
2017-10,2017,≤10 kW,Fronius,1494.22,295,5.065152542372881
2017-10,2017,≤10 kW,Growatt,31.73,10,3.173
2017-10,2017,≤10 kW,Hoymiles,17.75,10,1.775
2017-10,2017,≤10 kW,Huawei,3.71,1,3.71
2017-10,2017,≤10 kW,Ingeteam,46.56,9,5.173333333333334
2017-10,2017,≤10 kW,Intelbras,26.0,3,8.666666666666666
2017-10,2017,≤10 kW,Kstar,15.700000000000001,4,3.9250000000000003
2017-10,2017,≤10 kW,NEP,6.18,7,0.8828571428571428
2017-10,2017,≤10 kW,Não informado,26.19,5,5.238
2017-10,2017,≤10 kW,Outros,326.64,77,4.242077922077922
2017-10,2017,≤10 kW,PHB,216.86,56,3.8725
2017-10,2017,≤10 kW,Refusol,13.0,2,6.5
2017-10,2017,≤10 kW,Renac,3.3,1,3.3
2017-10,2017,≤10 kW,Renovigi,125.62,39,3.221025641025641
2017-10,2017,≤10 kW,SAJ,3.0,1,3.0
2017-10,2017,≤10 kW,SMA,161.34,41,3.935121951219512
2017-10,2017,≤10 kW,Sofar Solar,13.5,3,4.5
2017-10,2017,≤10 kW,Solis (Ginlong),18.240000000000002,3,6.080000000000001
2017-10,2017,≤10 kW,WEG,54.59,15,3.6393333333333335
2017-10,2017,10–20 kW,ABB/FIMER,179.79,12,14.9825
2017-10,2017,10–20 kW,B&B POWER,180.66,12,15.055
2017-10,2017,10–20 kW,Bel Energy,14.0,1,14.0
2017-10,2017,10–20 kW,Fronius,818.58,57,14.361052631578948
2017-10,2017,10–20 kW,Ingeteam,52.5,3,17.5
2017-10,2017,10–20 kW,Livoltek,16.0,1,16.0
2017-10,2017,10–20 kW,Não informado,70.75,5,14.15
2017-10,2017,10–20 kW,Outros,123.2,8,15.4
2017-10,2017,10–20 kW,PHB,122.75,7,17.535714285714285
2017-10,2017,10–20 kW,Refusol,20.0,1,20.0
2017-10,2017,10–20 kW,Renovigi,35.0,2,17.5
2017-10,2017,10–20 kW,SMA,90.7,6,15.116666666666667
2017-10,2017,10–20 kW,WEG,93.52000000000001,6,15.586666666666668
2017-10,2017,20–75 kW,ABB/FIMER,680.16,16,42.51
2017-10,2017,20–75 kW,B&B POWER,343.3,9,38.144444444444446
2017-10,2017,20–75 kW,Fronius,1378.26,39,35.339999999999996
2017-10,2017,20–75 kW,Growatt,55.92,2,27.96
2017-10,2017,20–75 kW,Ingeteam,170.5,4,42.625
2017-10,2017,20–75 kW,Não informado,539.76,14,38.55428571428571
2017-10,2017,20–75 kW,Outros,193.92,5,38.784
2017-10,2017,20–75 kW,PHB,122.96000000000001,4,30.740000000000002
2017-10,2017,20–75 kW,Renovigi,173.74,3,57.913333333333334
2017-10,2017,20–75 kW,SMA,332.74,10,33.274
2017-10,2017,20–75 kW,Sungrow,218.32,5,43.664
2017-10,2017,20–75 kW,WEG,317.38,7,45.339999999999996
2017-10,2017,75–300 kW,ABB/FIMER,150.0,1,150.0
2017-10,2017,75–300 kW,Fronius,381.0,3,127.0
2017-10,2017,75–300 kW,SMA,400.0,2,200.0
2017-10,2017,75–300 kW,Sungrow,196.0,2,98.0
2017-10,2017,300 kW–1 MW,Outros,305.0,1,305.0
2017-10,2017,1–5 MW,Outros,1386.0,1,1386.0
2017-11,2017,≤10 kW,ABB/FIMER,1518.78,462,3.2874025974025973
2017-11,2017,≤10 kW,APsystems,89.0,44,2.022727272727273
2017-11,2017,≤10 kW,B&B POWER,308.01,65,4.738615384615384
2017-11,2017,≤10 kW,Bedin Solar,8.0,1,8.0
2017-11,2017,≤10 kW,Canadian Solar,536.59,126,4.258650793650794
2017-11,2017,≤10 kW,Deye,18.0,5,3.6
2017-11,2017,≤10 kW,Ecosolys,44.03,27,1.6307407407407408
2017-11,2017,≤10 kW,Fronius,1795.11,345,5.203217391304348
2017-11,2017,≤10 kW,Growatt,115.94,35,3.3125714285714287
2017-11,2017,≤10 kW,Hopewind,6.0,1,6.0
2017-11,2017,≤10 kW,Hoymiles,16.25,5,3.25
2017-11,2017,≤10 kW,Huawei,1.5,1,1.5
2017-11,2017,≤10 kW,Ingeteam,63.39,14,4.527857142857143
2017-11,2017,≤10 kW,Intelbras,10.0,1,10.0
2017-11,2017,≤10 kW,Kstar,32.84,7,4.691428571428572
2017-11,2017,≤10 kW,NEP,10.780000000000001,8,1.3475000000000001
2017-11,2017,≤10 kW,Não informado,63.82,14,4.558571428571429
2017-11,2017,≤10 kW,Outros,392.52,100,3.9252
2017-11,2017,≤10 kW,PHB,299.99,79,3.7973417721518987
2017-11,2017,≤10 kW,Refusol,3.0,1,3.0
2017-11,2017,≤10 kW,Renac,3.3,1,3.3
2017-11,2017,≤10 kW,Renovigi,202.52,61,3.3200000000000003
2017-11,2017,≤10 kW,SAJ,10.0,1,10.0
2017-11,2017,≤10 kW,SHENZHEN,16.18,3,5.3933333333333335
2017-11,2017,≤10 kW,SMA,200.23,59,3.393728813559322
2017-11,2017,≤10 kW,Solis (Ginlong),38.78,6,6.463333333333334
2017-11,2017,≤10 kW,WEG,65.62,21,3.124761904761905
2017-11,2017,10–20 kW,ABB/FIMER,137.7,9,15.299999999999999
2017-11,2017,10–20 kW,APsystems,11.0,1,11.0
2017-11,2017,10–20 kW,B&B POWER,111.04,7,15.862857142857143
2017-11,2017,10–20 kW,Canadian Solar,71.0,5,14.2
2017-11,2017,10–20 kW,Fronius,954.97,66,14.469242424242424
2017-11,2017,10–20 kW,Hoymiles,17.5,1,17.5
2017-11,2017,10–20 kW,Ingeteam,35.0,2,17.5
2017-11,2017,10–20 kW,Não informado,35.0,2,17.5
2017-11,2017,10–20 kW,Outros,305.6,18,16.977777777777778
2017-11,2017,10–20 kW,PHB,184.32,11,16.756363636363634
2017-11,2017,10–20 kW,Renovigi,20.0,1,20.0
2017-11,2017,10–20 kW,SAJ,13.0,1,13.0
2017-11,2017,10–20 kW,SMA,144.62,10,14.462
2017-11,2017,10–20 kW,Sungrow,12.0,1,12.0
2017-11,2017,10–20 kW,WEG,76.98,5,15.396
2017-11,2017,20–75 kW,ABB/FIMER,730.63,16,45.664375
2017-11,2017,20–75 kW,B&B POWER,297.24,9,33.02666666666667
2017-11,2017,20–75 kW,Canadian Solar,44.55,1,44.55
2017-11,2017,20–75 kW,Fronius,1644.18,46,35.74304347826087
2017-11,2017,20–75 kW,Growatt,167.8,4,41.95
2017-11,2017,20–75 kW,Huawei,60.0,1,60.0
2017-11,2017,20–75 kW,Ingeteam,388.34,10,38.833999999999996
2017-11,2017,20–75 kW,Kstar,30.0,1,30.0
2017-11,2017,20–75 kW,Não informado,336.49,11,30.59
2017-11,2017,20–75 kW,Outros,258.38,7,36.91142857142857
2017-11,2017,20–75 kW,PHB,335.71000000000004,11,30.519090909090913
2017-11,2017,20–75 kW,Refusol,40.0,1,40.0
2017-11,2017,20–75 kW,Renovigi,62.64,2,31.32
2017-11,2017,20–75 kW,SHENZHEN,75.0,1,75.0
2017-11,2017,20–75 kW,SMA,334.67,6,55.778333333333336
2017-11,2017,20–75 kW,Sungrow,358.59000000000003,8,44.823750000000004
2017-11,2017,20–75 kW,WEG,176.0,4,44.0
2017-11,2017,75–300 kW,ABB/FIMER,199.0,2,99.5
2017-11,2017,75–300 kW,B&B POWER,112.32,1,112.32
2017-11,2017,75–300 kW,Fronius,270.0,2,135.0
2017-11,2017,75–300 kW,Não informado,100.0,1,100.0
2017-11,2017,75–300 kW,Outros,379.48,2,189.74
2017-11,2017,75–300 kW,SMA,140.0,1,140.0
2017-11,2017,300 kW–1 MW,Fronius,918.0,1,918.0
2017-11,2017,300 kW–1 MW,Sofar Solar,700.0,1,700.0
2017-12,2017,≤10 kW,ABB/FIMER,1020.93,271,3.7672693726937267
2017-12,2017,≤10 kW,APsystems,93.78,43,2.1809302325581394
2017-12,2017,≤10 kW,B&B POWER,249.44,54,4.619259259259259
2017-12,2017,≤10 kW,Bel Energy,3.2,2,1.6
2017-12,2017,≤10 kW,Canadian Solar,689.61,164,4.204939024390244
2017-12,2017,≤10 kW,Deye,18.0,4,4.5
2017-12,2017,≤10 kW,Ecosolys,52.76,33,1.5987878787878786
2017-12,2017,≤10 kW,Elgin,10.75,3,3.5833333333333335
2017-12,2017,≤10 kW,Fronius,2102.52,397,5.296020151133501
2017-12,2017,≤10 kW,Growatt,96.08,33,2.9115151515151516
2017-12,2017,≤10 kW,Hoymiles,11.6,6,1.9333333333333333
2017-12,2017,≤10 kW,Huawei,15.0,3,5.0
2017-12,2017,≤10 kW,Ingeteam,47.9,11,4.3545454545454545
2017-12,2017,≤10 kW,Intelbras,10.0,1,10.0
2017-12,2017,≤10 kW,Kstar,26.3,9,2.9222222222222225
2017-12,2017,≤10 kW,NEP,6.92,7,0.9885714285714285
2017-12,2017,≤10 kW,Não informado,70.19,13,5.399230769230769
2017-12,2017,≤10 kW,Outros,372.4,86,4.330232558139534
2017-12,2017,≤10 kW,PHB,320.65,78,4.110897435897436
2017-12,2017,≤10 kW,Renovigi,334.23,99,3.3760606060606064
2017-12,2017,≤10 kW,SAJ,8.0,2,4.0
2017-12,2017,≤10 kW,SHENZHEN,10.0,1,10.0
2017-12,2017,≤10 kW,SMA,118.54,35,3.386857142857143
2017-12,2017,≤10 kW,Sofar Solar,10.5,2,5.25
2017-12,2017,≤10 kW,Solax Power,8.84,1,8.84
2017-12,2017,≤10 kW,WEG,104.31,25,4.1724
2017-12,2017,10–20 kW,ABB/FIMER,318.37,20,15.9185
2017-12,2017,10–20 kW,APsystems,76.0,6,12.666666666666666
2017-12,2017,10–20 kW,B&B POWER,245.82,14,17.55857142857143
2017-12,2017,10–20 kW,Canadian Solar,104.86,7,14.98
2017-12,2017,10–20 kW,Ecosolys,12.21,1,12.21
2017-12,2017,10–20 kW,Foxess,20.0,1,20.0
2017-12,2017,10–20 kW,Fronius,1279.4,89,14.375280898876406
2017-12,2017,10–20 kW,Growatt,12.0,1,12.0
2017-12,2017,10–20 kW,Ingeteam,32.5,2,16.25
2017-12,2017,10–20 kW,Intelbras,10.77,1,10.77
2017-12,2017,10–20 kW,Kstar,13.52,1,13.52
2017-12,2017,10–20 kW,Não informado,51.0,4,12.75
2017-12,2017,10–20 kW,Outros,154.33,10,15.433000000000002
2017-12,2017,10–20 kW,PHB,113.97,7,16.28142857142857
2017-12,2017,10–20 kW,Refusol,30.4,2,15.2
2017-12,2017,10–20 kW,Renovigi,86.2,5,17.240000000000002
2017-12,2017,10–20 kW,SMA,104.4,6,17.400000000000002
2017-12,2017,10–20 kW,Solis (Ginlong),29.5,2,14.75
2017-12,2017,10–20 kW,WEG,27.5,2,13.75
2017-12,2017,20–75 kW,ABB/FIMER,1163.6,27,43.096296296296295
2017-12,2017,20–75 kW,B&B POWER,104.0,2,52.0
2017-12,2017,20–75 kW,Deye,75.0,1,75.0
2017-12,2017,20–75 kW,Fronius,2988.6,78,38.315384615384616
2017-12,2017,20–75 kW,Growatt,90.0,2,45.0
2017-12,2017,20–75 kW,Hoymiles,27.0,1,27.0
2017-12,2017,20–75 kW,Huawei,146.3,3,48.76666666666667
2017-12,2017,20–75 kW,Ingeteam,63.0,2,31.5
2017-12,2017,20–75 kW,Kstar,92.0,3,30.666666666666668
2017-12,2017,20–75 kW,Não informado,365.18,8,45.6475
2017-12,2017,20–75 kW,Outros,762.6,18,42.36666666666667
2017-12,2017,20–75 kW,PHB,404.92,9,44.99111111111111
2017-12,2017,20–75 kW,Refusol,119.67999999999999,2,59.839999999999996
2017-12,2017,20–75 kW,Renovigi,95.0,2,47.5
2017-12,2017,20–75 kW,SMA,312.44,8,39.055
2017-12,2017,20–75 kW,Sofar Solar,21.44,1,21.44
2017-12,2017,20–75 kW,Solis (Ginlong),145.0,3,48.333333333333336
2017-12,2017,20–75 kW,Sungrow,548.8,11,49.89090909090908
2017-12,2017,20–75 kW,WEG,118.03,3,39.343333333333334
2017-12,2017,20–75 kW,WEG (Huawei),71.17,2,35.585
2017-12,2017,75–300 kW,ABB/FIMER,468.0,5,93.6
2017-12,2017,75–300 kW,Fronius,297.0,3,99.0
2017-12,2017,75–300 kW,Outros,111.8,1,111.8
2017-12,2017,75–300 kW,SMA,236.0,2,118.0
2017-12,2017,75–300 kW,Sungrow,192.0,2,96.0
2017-12,2017,300 kW–1 MW,ABB/FIMER,2340.0,3,780.0
2018-01,2018,≤10 kW,ABB/FIMER,1048.06,275,3.8111272727272727
2018-01,2018,≤10 kW,APsystems,174.68,77,2.2685714285714287
2018-01,2018,≤10 kW,B&B POWER,192.13,46,4.1767391304347825
2018-01,2018,≤10 kW,Bel Energy,2.0,1,2.0
2018-01,2018,≤10 kW,Canadian Solar,556.24,154,3.611948051948052
2018-01,2018,≤10 kW,Deye,17.4,4,4.35
2018-01,2018,≤10 kW,Ecosolys,58.54,35,1.6725714285714286
2018-01,2018,≤10 kW,Elgin,4.96,1,4.96
2018-01,2018,≤10 kW,Fronius,2235.71,427,5.235854800936768
2018-01,2018,≤10 kW,Goodwe,5.0,1,5.0
2018-01,2018,≤10 kW,Growatt,90.54,26,3.4823076923076925
2018-01,2018,≤10 kW,Hoymiles,12.0,9,1.3333333333333333
2018-01,2018,≤10 kW,Huawei,6.0,2,3.0
2018-01,2018,≤10 kW,Ingeteam,50.2,10,5.0200000000000005
2018-01,2018,≤10 kW,Intelbras,20.0,2,10.0
2018-01,2018,≤10 kW,Kstar,71.52,15,4.768
2018-01,2018,≤10 kW,NEP,15.6,7,2.2285714285714286
2018-01,2018,≤10 kW,Não informado,58.18,14,4.155714285714286
2018-01,2018,≤10 kW,Outros,447.37,107,4.181028037383178
2018-01,2018,≤10 kW,PHB,429.0,108,3.9722222222222223
2018-01,2018,≤10 kW,Refusol,3.3,1,3.3
2018-01,2018,≤10 kW,Renovigi,281.7,101,2.789108910891089
2018-01,2018,≤10 kW,SAJ,6.0,1,6.0
2018-01,2018,≤10 kW,SMA,269.01,67,4.015074626865672
2018-01,2018,≤10 kW,Sofar Solar,9.6,3,3.1999999999999997
2018-01,2018,≤10 kW,Solis (Ginlong),13.719999999999999,2,6.859999999999999
2018-01,2018,≤10 kW,Sungrow,17.0,2,8.5
2018-01,2018,≤10 kW,WEG,123.11,29,4.245172413793103
2018-01,2018,10–20 kW,ABB/FIMER,354.6,24,14.775
2018-01,2018,10–20 kW,APsystems,44.8,3,14.933333333333332
2018-01,2018,10–20 kW,B&B POWER,105.58,7,15.082857142857142
2018-01,2018,10–20 kW,Canadian Solar,107.06,7,15.294285714285715
2018-01,2018,10–20 kW,Fronius,1307.27,91,14.365604395604395
2018-01,2018,10–20 kW,Growatt,40.0,2,20.0
2018-01,2018,10–20 kW,Hoymiles,14.0,1,14.0
2018-01,2018,10–20 kW,Ingeteam,33.0,2,16.5
2018-01,2018,10–20 kW,Kstar,71.42,5,14.284
2018-01,2018,10–20 kW,NEP,12.0,1,12.0
2018-01,2018,10–20 kW,Não informado,70.35,5,14.069999999999999
2018-01,2018,10–20 kW,Outros,289.16,20,14.458000000000002
2018-01,2018,10–20 kW,PHB,273.8,17,16.105882352941176
2018-01,2018,10–20 kW,Refusol,22.4,2,11.2
2018-01,2018,10–20 kW,Renovigi,15.0,1,15.0
2018-01,2018,10–20 kW,SAJ,49.4,3,16.466666666666665
2018-01,2018,10–20 kW,SMA,142.4,10,14.24
2018-01,2018,10–20 kW,Sofar Solar,20.0,1,20.0
2018-01,2018,10–20 kW,WEG,28.3,2,14.15
2018-01,2018,20–75 kW,ABB/FIMER,949.4,20,47.47
2018-01,2018,20–75 kW,APsystems,214.42,5,42.884
2018-01,2018,20–75 kW,B&B POWER,110.0,2,55.0
2018-01,2018,20–75 kW,Canadian Solar,250.0,7,35.714285714285715
2018-01,2018,20–75 kW,Deye,42.0,1,42.0
2018-01,2018,20–75 kW,Ecosolys,105.88,2,52.94
2018-01,2018,20–75 kW,Fronius,2894.53,74,39.11527027027027
2018-01,2018,20–75 kW,Growatt,59.239999999999995,2,29.619999999999997
2018-01,2018,20–75 kW,Hoymiles,46.5,1,46.5
2018-01,2018,20–75 kW,Huawei,140.63,3,46.876666666666665
2018-01,2018,20–75 kW,Ingeteam,126.14,3,42.04666666666667
2018-01,2018,20–75 kW,Kstar,163.16,3,54.38666666666666
2018-01,2018,20–75 kW,Não informado,387.93,12,32.3275
2018-01,2018,20–75 kW,Outros,427.4,10,42.739999999999995
2018-01,2018,20–75 kW,PHB,282.63,8,35.32875
2018-01,2018,20–75 kW,Refusol,105.27000000000001,3,35.09
2018-01,2018,20–75 kW,SMA,221.1,7,31.585714285714285
2018-01,2018,20–75 kW,Sungrow,562.93,12,46.91083333333333
2018-01,2018,20–75 kW,WEG,45.76,1,45.76
2018-01,2018,20–75 kW,WEG (Huawei),72.0,1,72.0
2018-01,2018,75–300 kW,ABB/FIMER,195.84,2,97.92
2018-01,2018,75–300 kW,Fronius,389.0,3,129.66666666666666
2018-01,2018,75–300 kW,Outros,90.0,1,90.0
2018-01,2018,75–300 kW,PHB,97.5,1,97.5
2018-01,2018,75–300 kW,Refusol,80.0,1,80.0
2018-01,2018,75–300 kW,Renovigi,80.0,1,80.0
2018-01,2018,75–300 kW,Sungrow,144.0,1,144.0
2018-02,2018,≤10 kW,ABB/FIMER,911.61,228,3.9982894736842107
2018-02,2018,≤10 kW,APsystems,146.08,55,2.656
2018-02,2018,≤10 kW,B&B POWER,142.42000000000002,33,4.315757575757576
2018-02,2018,≤10 kW,Canadian Solar,291.24,81,3.595555555555556
2018-02,2018,≤10 kW,Deye,11.72,2,5.86
2018-02,2018,≤10 kW,Ecosolys,66.84,41,1.6302439024390245
2018-02,2018,≤10 kW,Elgin,18.92,4,4.73
2018-02,2018,≤10 kW,Fronius,1950.97,384,5.080651041666667
2018-02,2018,≤10 kW,Growatt,79.37,27,2.93962962962963
2018-02,2018,≤10 kW,Hoymiles,23.93,8,2.99125
2018-02,2018,≤10 kW,Huawei,3.78,1,3.78
2018-02,2018,≤10 kW,Ingeteam,49.4,12,4.116666666666666
2018-02,2018,≤10 kW,Intelbras,10.440000000000001,2,5.220000000000001
2018-02,2018,≤10 kW,Kstar,41.71,8,5.21375
2018-02,2018,≤10 kW,NEP,4.59,3,1.53
2018-02,2018,≤10 kW,Não informado,40.49,12,3.374166666666667
2018-02,2018,≤10 kW,Outros,419.25,102,4.110294117647059
2018-02,2018,≤10 kW,PHB,412.94,96,4.301458333333334
2018-02,2018,≤10 kW,Refusol,10.370000000000001,2,5.1850000000000005
2018-02,2018,≤10 kW,Renovigi,412.85,117,3.528632478632479
2018-02,2018,≤10 kW,SAJ,10.0,3,3.3333333333333335
2018-02,2018,≤10 kW,SHENZHEN,6.0,1,6.0
2018-02,2018,≤10 kW,SMA,290.39,76,3.820921052631579
2018-02,2018,≤10 kW,Sofar Solar,5.0,1,5.0
2018-02,2018,≤10 kW,Sungrow,18.1,3,6.033333333333334
2018-02,2018,≤10 kW,WEG,82.66,19,4.350526315789473
2018-02,2018,10–20 kW,ABB/FIMER,251.54,17,14.796470588235294
2018-02,2018,10–20 kW,APsystems,24.0,2,12.0
2018-02,2018,10–20 kW,B&B POWER,216.35,12,18.029166666666665
2018-02,2018,10–20 kW,Canadian Solar,50.0,3,16.666666666666668
2018-02,2018,10–20 kW,Deye,12.0,1,12.0
2018-02,2018,10–20 kW,Elgin,15.0,1,15.0
2018-02,2018,10–20 kW,Fronius,1048.74,75,13.9832
2018-02,2018,10–20 kW,Growatt,65.0,4,16.25
2018-02,2018,10–20 kW,Ingeteam,98.5,6,16.416666666666668
2018-02,2018,10–20 kW,Kstar,71.22,4,17.805
2018-02,2018,10–20 kW,Não informado,70.23,5,14.046000000000001
2018-02,2018,10–20 kW,Outros,163.43,10,16.343
2018-02,2018,10–20 kW,PHB,110.48,7,15.782857142857143
2018-02,2018,10–20 kW,Refusol,20.0,1,20.0
2018-02,2018,10–20 kW,Renac,15.0,1,15.0
2018-02,2018,10–20 kW,Renovigi,106.72,7,15.245714285714286
2018-02,2018,10–20 kW,SMA,134.15,9,14.905555555555557
2018-02,2018,10–20 kW,Solis (Ginlong),13.0,1,13.0
2018-02,2018,10–20 kW,WEG,43.88,3,14.626666666666667
2018-02,2018,10–20 kW,WEG (Huawei),14.52,1,14.52
2018-02,2018,20–75 kW,ABB/FIMER,1087.44,27,40.275555555555556
2018-02,2018,20–75 kW,B&B POWER,217.85,6,36.30833333333333
2018-02,2018,20–75 kW,Fronius,2556.96,71,36.013521126760565
2018-02,2018,20–75 kW,Growatt,90.7,2,45.35
2018-02,2018,20–75 kW,Hoymiles,43.0,1,43.0
2018-02,2018,20–75 kW,Huawei,170.96,5,34.192
2018-02,2018,20–75 kW,Ingeteam,88.0,2,44.0
2018-02,2018,20–75 kW,Não informado,422.79999999999995,11,38.43636363636363
2018-02,2018,20–75 kW,Outros,420.82,12,35.068333333333335
2018-02,2018,20–75 kW,PHB,301.28000000000003,9,33.47555555555556
2018-02,2018,20–75 kW,Refusol,92.72,3,30.906666666666666
2018-02,2018,20–75 kW,Renovigi,119.12,3,39.70666666666667
2018-02,2018,20–75 kW,SMA,459.24,11,41.74909090909091
2018-02,2018,20–75 kW,Sungrow,827.7,15,55.18
2018-02,2018,20–75 kW,WEG,115.0,2,57.5
2018-02,2018,75–300 kW,ABB/FIMER,272.9,2,136.45
2018-02,2018,75–300 kW,Fronius,135.0,1,135.0
2018-02,2018,75–300 kW,Huawei,200.0,2,100.0
2018-02,2018,75–300 kW,Kstar,120.0,1,120.0
2018-02,2018,300 kW–1 MW,ABB/FIMER,9630.0,12,802.5
2018-03,2018,≤10 kW,ABB/FIMER,1282.26,331,3.8738972809667676
2018-03,2018,≤10 kW,APsystems,148.36,62,2.3929032258064518
2018-03,2018,≤10 kW,B&B POWER,267.46999999999997,58,4.6115517241379305
2018-03,2018,≤10 kW,Canadian Solar,451.4,127,3.5543307086614173
2018-03,2018,≤10 kW,Deye,14.5,3,4.833333333333333
2018-03,2018,≤10 kW,Ecosolys,54.02,34,1.5888235294117647
2018-03,2018,≤10 kW,Elgin,10.89,3,3.6300000000000003
2018-03,2018,≤10 kW,Fronius,2673.13,509,5.251728880157171
2018-03,2018,≤10 kW,Growatt,100.54,33,3.046666666666667
2018-03,2018,≤10 kW,Hoymiles,13.3,9,1.4777777777777779
2018-03,2018,≤10 kW,Huawei,11.950000000000001,4,2.9875000000000003
2018-03,2018,≤10 kW,Ingeteam,88.5,14,6.321428571428571
2018-03,2018,≤10 kW,Kstar,51.41,13,3.9546153846153844
2018-03,2018,≤10 kW,NEP,6.8,5,1.3599999999999999
2018-03,2018,≤10 kW,Não informado,47.0,11,4.2727272727272725
2018-03,2018,≤10 kW,Outros,657.61,158,4.162088607594937
2018-03,2018,≤10 kW,PHB,518.44,124,4.1809677419354845
2018-03,2018,≤10 kW,Refusol,4.2,1,4.2
2018-03,2018,≤10 kW,Renovigi,388.3,113,3.436283185840708
2018-03,2018,≤10 kW,SAJ,10.0,1,10.0
2018-03,2018,≤10 kW,SMA,242.26,66,3.6706060606060604
2018-03,2018,≤10 kW,SUNWAYS,7.2,1,7.2
2018-03,2018,≤10 kW,Solis (Ginlong),13.3,3,4.433333333333334
2018-03,2018,≤10 kW,Sungrow,0.61,2,0.305
2018-03,2018,≤10 kW,WEG,113.31,27,4.196666666666666
2018-03,2018,10–20 kW,ABB/FIMER,259.03,19,13.63315789473684
2018-03,2018,10–20 kW,B&B POWER,117.72,7,16.81714285714286
2018-03,2018,10–20 kW,Canadian Solar,41.0,3,13.666666666666666
2018-03,2018,10–20 kW,Fronius,1620.0,113,14.336283185840708
2018-03,2018,10–20 kW,Growatt,12.6,1,12.6
2018-03,2018,10–20 kW,Huawei,80.4,6,13.4
2018-03,2018,10–20 kW,Ingeteam,50.44,3,16.813333333333333
2018-03,2018,10–20 kW,Intelbras,18.0,1,18.0
2018-03,2018,10–20 kW,Kstar,76.36,5,15.272
2018-03,2018,10–20 kW,Não informado,24.75,2,12.375
2018-03,2018,10–20 kW,Outros,191.88,12,15.99
2018-03,2018,10–20 kW,PHB,156.95,10,15.694999999999999
2018-03,2018,10–20 kW,Refusol,50.5,3,16.833333333333332
2018-03,2018,10–20 kW,Renovigi,72.0,4,18.0
2018-03,2018,10–20 kW,SAJ,15.0,1,15.0
2018-03,2018,10–20 kW,SMA,106.37,7,15.195714285714287
2018-03,2018,10–20 kW,Solis (Ginlong),13.0,1,13.0
2018-03,2018,10–20 kW,Sungrow,17.69,1,17.69
2018-03,2018,10–20 kW,WEG,89.2,6,14.866666666666667
2018-03,2018,20–75 kW,ABB/FIMER,979.86,26,37.68692307692308
2018-03,2018,20–75 kW,APsystems,86.0,3,28.666666666666668
2018-03,2018,20–75 kW,B&B POWER,79.0,3,26.333333333333332
2018-03,2018,20–75 kW,Canadian Solar,79.99000000000001,2,39.995000000000005
2018-03,2018,20–75 kW,Fronius,2603.52,66,39.447272727272725
2018-03,2018,20–75 kW,Goodwe,35.34,1,35.34
2018-03,2018,20–75 kW,Growatt,27.84,1,27.84
2018-03,2018,20–75 kW,Huawei,440.33,15,29.35533333333333
2018-03,2018,20–75 kW,Ingeteam,104.16,3,34.72
2018-03,2018,20–75 kW,Kstar,81.92,2,40.96
2018-03,2018,20–75 kW,Não informado,969.04,29,33.4151724137931
2018-03,2018,20–75 kW,Outros,486.92,12,40.57666666666667
2018-03,2018,20–75 kW,PHB,362.54,8,45.3175
2018-03,2018,20–75 kW,Refusol,206.88,7,29.554285714285715
2018-03,2018,20–75 kW,SMA,325.0,7,46.42857142857143
2018-03,2018,20–75 kW,Sofar Solar,29.94,1,29.94
2018-03,2018,20–75 kW,SolarEdge,34.0,1,34.0
2018-03,2018,20–75 kW,Sungrow,368.52,9,40.946666666666665
2018-03,2018,20–75 kW,WEG,228.36,6,38.06
2018-03,2018,75–300 kW,ABB/FIMER,1404.76,10,140.476
2018-03,2018,75–300 kW,Fronius,538.38,5,107.676
2018-03,2018,75–300 kW,Huawei,180.0,1,180.0
2018-03,2018,75–300 kW,Ingeteam,88.2,1,88.2
2018-03,2018,75–300 kW,PHB,100.0,1,100.0
2018-03,2018,75–300 kW,Refusol,272.0,2,136.0
2018-03,2018,75–300 kW,SMA,111.8,1,111.8
2018-03,2018,75–300 kW,Solis (Ginlong),93.0,1,93.0
2018-03,2018,75–300 kW,Sungrow,107.2,1,107.2
2018-03,2018,300 kW–1 MW,Fronius,1620.0,2,810.0
2018-03,2018,300 kW–1 MW,Não informado,700.0,1,700.0
2018-04,2018,≤10 kW,ABB/FIMER,908.45,218,4.167201834862386
2018-04,2018,≤10 kW,APsystems,205.75,71,2.897887323943662
2018-04,2018,≤10 kW,B&B POWER,318.71,64,4.97984375
2018-04,2018,≤10 kW,Canadian Solar,620.12,167,3.713293413173653
2018-04,2018,≤10 kW,Ecosolys,70.26,38,1.8489473684210527
2018-04,2018,≤10 kW,Elgin,4.96,1,4.96
2018-04,2018,≤10 kW,Fronius,2582.61,481,5.36925155925156
2018-04,2018,≤10 kW,Growatt,179.72,45,3.993777777777778
2018-04,2018,≤10 kW,Hoymiles,4.75,3,1.5833333333333333
2018-04,2018,≤10 kW,Huawei,4.59,2,2.295
2018-04,2018,≤10 kW,Ingeteam,37.120000000000005,9,4.124444444444445
2018-04,2018,≤10 kW,Intelbras,10.0,1,10.0
2018-04,2018,≤10 kW,Kstar,68.83,13,5.294615384615384
2018-04,2018,≤10 kW,NEP,11.53,3,3.8433333333333333
2018-04,2018,≤10 kW,Não informado,54.81,11,4.982727272727273
2018-04,2018,≤10 kW,Outros,445.89,102,4.371470588235294
2018-04,2018,≤10 kW,PHB,556.31,136,4.090514705882352
2018-04,2018,≤10 kW,Renovigi,463.14,133,3.4822556390977444
2018-04,2018,≤10 kW,SAJ,9.0,1,9.0
2018-04,2018,≤10 kW,SMA,257.09,68,3.7807352941176466
2018-04,2018,≤10 kW,Sofar Solar,18.3,3,6.1000000000000005
2018-04,2018,≤10 kW,Solis (Ginlong),5.84,1,5.84
2018-04,2018,≤10 kW,Sungrow,17.240000000000002,3,5.746666666666667
2018-04,2018,≤10 kW,WEG,109.92,30,3.664
2018-04,2018,≤10 kW,WEG (Huawei),5.52,1,5.52
2018-04,2018,10–20 kW,ABB/FIMER,297.85,22,13.538636363636364
2018-04,2018,10–20 kW,APsystems,27.0,2,13.5
2018-04,2018,10–20 kW,B&B POWER,137.32,9,15.257777777777777
2018-04,2018,10–20 kW,Canadian Solar,53.0,3,17.666666666666668
2018-04,2018,10–20 kW,Deye,32.0,2,16.0
2018-04,2018,10–20 kW,Fronius,1307.65,90,14.529444444444445
2018-04,2018,10–20 kW,Growatt,94.42,6,15.736666666666666
2018-04,2018,10–20 kW,Huawei,124.72,8,15.59
2018-04,2018,10–20 kW,Ingeteam,18.2,1,18.2
2018-04,2018,10–20 kW,Intelbras,15.0,1,15.0
2018-04,2018,10–20 kW,Kstar,43.61,3,14.536666666666667
2018-04,2018,10–20 kW,Não informado,103.91,7,14.844285714285714
2018-04,2018,10–20 kW,Outros,265.44,16,16.59
2018-04,2018,10–20 kW,PHB,185.63,11,16.875454545454545
2018-04,2018,10–20 kW,Refusol,79.32,5,15.863999999999999
2018-04,2018,10–20 kW,Renovigi,71.5,4,17.875
2018-04,2018,10–20 kW,SHENZHEN,12.0,1,12.0
2018-04,2018,10–20 kW,SMA,127.36,8,15.92
2018-04,2018,10–20 kW,Sungrow,19.43,1,19.43
2018-04,2018,10–20 kW,WEG,59.2,4,14.8
2018-04,2018,20–75 kW,ABB/FIMER,1045.17,26,40.198846153846155
2018-04,2018,20–75 kW,APsystems,21.0,1,21.0
2018-04,2018,20–75 kW,B&B POWER,281.38,7,40.19714285714286
2018-04,2018,20–75 kW,Canadian Solar,179.0,5,35.8
2018-04,2018,20–75 kW,Fronius,2303.59,67,34.381940298507466
2018-04,2018,20–75 kW,Goodwe,30.0,1,30.0
2018-04,2018,20–75 kW,Growatt,220.0,5,44.0
2018-04,2018,20–75 kW,Huawei,776.95,17,45.70294117647059
2018-04,2018,20–75 kW,Ingeteam,58.83,1,58.83
2018-04,2018,20–75 kW,Intelbras,20.2,1,20.2
2018-04,2018,20–75 kW,Kstar,48.36,2,24.18
2018-04,2018,20–75 kW,Não informado,283.28,9,31.47555555555555
2018-04,2018,20–75 kW,Outros,485.04,12,40.42
2018-04,2018,20–75 kW,PHB,573.8,15,38.25333333333333
2018-04,2018,20–75 kW,Refusol,112.76,4,28.19
2018-04,2018,20–75 kW,Renovigi,97.0,2,48.5
2018-04,2018,20–75 kW,SMA,261.52,6,43.586666666666666
2018-04,2018,20–75 kW,SolarEdge,20.1,1,20.1
2018-04,2018,20–75 kW,Solplanet,54.56,1,54.56
2018-04,2018,20–75 kW,Sungrow,624.49,14,44.60642857142857
2018-04,2018,20–75 kW,WEG,283.02,8,35.3775
2018-04,2018,75–300 kW,ABB/FIMER,100.0,1,100.0
2018-04,2018,75–300 kW,B&B POWER,212.0,2,106.0
2018-04,2018,75–300 kW,Canadian Solar,100.0,1,100.0
2018-04,2018,75–300 kW,Fronius,129.6,1,129.6
2018-04,2018,75–300 kW,Growatt,218.0,2,109.0
2018-04,2018,75–300 kW,Huawei,618.0,4,154.5
2018-04,2018,75–300 kW,Não informado,175.0,1,175.0
2018-04,2018,75–300 kW,Outros,337.0,3,112.33333333333333
2018-04,2018,75–300 kW,PHB,374.78,3,124.92666666666666
2018-04,2018,75–300 kW,Refusol,160.0,1,160.0
2018-04,2018,75–300 kW,Sungrow,108.0,1,108.0
2018-04,2018,300 kW–1 MW,Fronius,770.0,1,770.0
2018-05,2018,≤10 kW,ABB/FIMER,877.5,188,4.667553191489362
2018-05,2018,≤10 kW,APsystems,193.31,75,2.5774666666666666
2018-05,2018,≤10 kW,B&B POWER,418.52,79,5.297721518987341
2018-05,2018,≤10 kW,Canadian Solar,812.71,231,3.5182251082251086
2018-05,2018,≤10 kW,Deye,11.16,3,3.72
2018-05,2018,≤10 kW,Ecosolys,67.1,32,2.096875
2018-05,2018,≤10 kW,Elgin,9.459999999999999,2,4.7299999999999995
2018-05,2018,≤10 kW,Fronius,2990.91,565,5.293646017699115
2018-05,2018,≤10 kW,Growatt,179.46,50,3.5892
2018-05,2018,≤10 kW,Hoymiles,19.43,6,3.2383333333333333
2018-05,2018,≤10 kW,Huawei,19.9,2,9.95
2018-05,2018,≤10 kW,Hypontech,1.5,1,1.5
2018-05,2018,≤10 kW,Ingeteam,31.14,9,3.46
2018-05,2018,≤10 kW,Kstar,87.08,20,4.354
2018-05,2018,≤10 kW,Livoltek,9.6,1,9.6
2018-05,2018,≤10 kW,NEP,9.3,7,1.3285714285714287
2018-05,2018,≤10 kW,Não informado,70.85000000000001,17,4.16764705882353
2018-05,2018,≤10 kW,Outros,533.95,126,4.237698412698413
2018-05,2018,≤10 kW,PHB,579.9399999999999,129,4.495658914728682
2018-05,2018,≤10 kW,Refusol,3.0,1,3.0
2018-05,2018,≤10 kW,Renovigi,610.43,183,3.3356830601092895
2018-05,2018,≤10 kW,SAJ,5.0,1,5.0
2018-05,2018,≤10 kW,SHENZHEN,7.8,1,7.8
2018-05,2018,≤10 kW,SMA,295.98,82,3.6095121951219515
2018-05,2018,≤10 kW,Solis (Ginlong),1.06,1,1.06
2018-05,2018,≤10 kW,Sungrow,7.57,2,3.785
2018-05,2018,≤10 kW,WEG,137.4,37,3.7135135135135138
2018-05,2018,10–20 kW,ABB/FIMER,431.71,29,14.88655172413793
2018-05,2018,10–20 kW,APsystems,48.9,3,16.3
2018-05,2018,10–20 kW,B&B POWER,90.52,5,18.104
2018-05,2018,10–20 kW,Bel Energy,14.0,1,14.0
2018-05,2018,10–20 kW,Canadian Solar,163.73,12,13.644166666666665
2018-05,2018,10–20 kW,Deye,18.48,1,18.48
2018-05,2018,10–20 kW,Fronius,1368.19,95,14.402000000000001
2018-05,2018,10–20 kW,Growatt,15.0,1,15.0
2018-05,2018,10–20 kW,Huawei,76.48,5,15.296000000000001
2018-05,2018,10–20 kW,Ingeteam,15.0,1,15.0
2018-05,2018,10–20 kW,Kstar,116.04,6,19.34
2018-05,2018,10–20 kW,Não informado,114.42,8,14.3025
2018-05,2018,10–20 kW,Outros,277.1,19,14.584210526315792
2018-05,2018,10–20 kW,PHB,128.6,7,18.37142857142857
2018-05,2018,10–20 kW,Refusol,90.64,5,18.128
2018-05,2018,10–20 kW,Renovigi,69.25,4,17.3125
2018-05,2018,10–20 kW,SAJ,32.38,2,16.19
2018-05,2018,10–20 kW,SMA,88.26,7,12.608571428571429
2018-05,2018,10–20 kW,SolarEdge,11.5,1,11.5
2018-05,2018,10–20 kW,WEG,118.95,8,14.86875
2018-05,2018,20–75 kW,ABB/FIMER,1115.01,28,39.82178571428572
2018-05,2018,20–75 kW,APsystems,102.52000000000001,3,34.17333333333334
2018-05,2018,20–75 kW,B&B POWER,249.51,8,31.18875
2018-05,2018,20–75 kW,Canadian Solar,256.18,8,32.0225
2018-05,2018,20–75 kW,Deye,80.34,3,26.78
2018-05,2018,20–75 kW,Fronius,3976.84,120,33.14033333333334
2018-05,2018,20–75 kW,Growatt,108.88,3,36.29333333333333
2018-05,2018,20–75 kW,Huawei,903.15,23,39.267391304347825
2018-05,2018,20–75 kW,Ingeteam,222.1,5,44.42
2018-05,2018,20–75 kW,Kstar,295.96000000000004,7,42.28000000000001
2018-05,2018,20–75 kW,Não informado,457.6,12,38.13333333333333
2018-05,2018,20–75 kW,Outros,431.73,11,39.24818181818182
2018-05,2018,20–75 kW,PHB,578.4399999999999,13,44.49538461538461
2018-05,2018,20–75 kW,Refusol,252.52,8,31.565
2018-05,2018,20–75 kW,Renovigi,286.72,6,47.78666666666667
2018-05,2018,20–75 kW,SAJ,60.0,1,60.0
2018-05,2018,20–75 kW,SMA,379.0,10,37.9
2018-05,2018,20–75 kW,Sofar Solar,95.0,2,47.5
2018-05,2018,20–75 kW,SolarEdge,71.95,2,35.975
2018-05,2018,20–75 kW,Sungrow,1103.69,24,45.98708333333334
2018-05,2018,20–75 kW,WEG,180.0,5,36.0
2018-05,2018,20–75 kW,WEG (Huawei),36.0,1,36.0
2018-05,2018,75–300 kW,ABB/FIMER,584.72,4,146.18
2018-05,2018,75–300 kW,B&B POWER,80.0,1,80.0
2018-05,2018,75–300 kW,Fronius,319.5,2,159.75
2018-05,2018,75–300 kW,Huawei,191.0,1,191.0
2018-05,2018,75–300 kW,Não informado,190.0,2,95.0
2018-05,2018,75–300 kW,Outros,270.0,3,90.0
2018-05,2018,75–300 kW,Sungrow,192.0,2,96.0
2018-05,2018,75–300 kW,WEG,312.2,3,104.06666666666666
2018-05,2018,300 kW–1 MW,Outros,1480.2,3,493.40000000000003
2018-06,2018,≤10 kW,ABB/FIMER,980.1,219,4.475342465753425
2018-06,2018,≤10 kW,APsystems,220.14000000000001,81,2.717777777777778
2018-06,2018,≤10 kW,B&B POWER,315.83,69,4.577246376811594
2018-06,2018,≤10 kW,Canadian Solar,764.18,221,3.457828054298642
2018-06,2018,≤10 kW,Deye,8.0,1,8.0
2018-06,2018,≤10 kW,Ecosolys,49.83,21,2.3728571428571428
2018-06,2018,≤10 kW,Elgin,4.6,2,2.3
2018-06,2018,≤10 kW,Fronius,2880.7799999999997,561,5.135080213903743
2018-06,2018,≤10 kW,Growatt,149.57,38,3.936052631578947
2018-06,2018,≤10 kW,Hoymiles,14.0,9,1.5555555555555556
2018-06,2018,≤10 kW,Huawei,43.15,6,7.191666666666666
2018-06,2018,≤10 kW,Ingeteam,26.98,6,4.496666666666667
2018-06,2018,≤10 kW,Intelbras,10.0,1,10.0
2018-06,2018,≤10 kW,Kstar,193.11,44,4.388863636363637
2018-06,2018,≤10 kW,NEP,8.1,4,2.025
2018-06,2018,≤10 kW,Não informado,107.19,19,5.641578947368421
2018-06,2018,≤10 kW,Outros,678.3,161,4.213043478260869
2018-06,2018,≤10 kW,PHB,643.03,152,4.230460526315789
2018-06,2018,≤10 kW,Refusol,3.0,1,3.0
2018-06,2018,≤10 kW,Renac,4.5,1,4.5
2018-06,2018,≤10 kW,Renovigi,644.98,170,3.794
2018-06,2018,≤10 kW,SAJ,10.0,1,10.0
2018-06,2018,≤10 kW,SHENZHEN,8.0,2,4.0
2018-06,2018,≤10 kW,SMA,370.71,102,3.6344117647058822
2018-06,2018,≤10 kW,Sofar Solar,8.0,2,4.0
2018-06,2018,≤10 kW,Solax Power,4.6,1,4.6
2018-06,2018,≤10 kW,Solis (Ginlong),8.5,2,4.25
2018-06,2018,≤10 kW,Solplanet,9.0,1,9.0
2018-06,2018,≤10 kW,Sungrow,8.34,2,4.17
2018-06,2018,≤10 kW,WEG,145.65,40,3.6412500000000003
2018-06,2018,10–20 kW,ABB/FIMER,333.58,24,13.899166666666666
2018-06,2018,10–20 kW,APsystems,49.7,4,12.425
2018-06,2018,10–20 kW,B&B POWER,157.66,10,15.766
2018-06,2018,10–20 kW,Canadian Solar,85.0,6,14.166666666666666
2018-06,2018,10–20 kW,Deye,15.0,1,15.0
2018-06,2018,10–20 kW,Fronius,1284.75,86,14.938953488372093
2018-06,2018,10–20 kW,Growatt,100.0,6,16.666666666666668
2018-06,2018,10–20 kW,Huawei,140.23,9,15.58111111111111
2018-06,2018,10–20 kW,Ingeteam,78.08,5,15.616
2018-06,2018,10–20 kW,Intelbras,12.6,1,12.6
2018-06,2018,10–20 kW,Kstar,92.67,7,13.23857142857143
2018-06,2018,10–20 kW,Não informado,246.25,15,16.416666666666668
2018-06,2018,10–20 kW,Outros,159.92,11,14.538181818181817
2018-06,2018,10–20 kW,PHB,264.02,18,14.667777777777777
2018-06,2018,10–20 kW,Refusol,71.81,4,17.9525
2018-06,2018,10–20 kW,Renovigi,77.74,5,15.547999999999998
2018-06,2018,10–20 kW,SAJ,17.0,1,17.0
2018-06,2018,10–20 kW,SHENZHEN,19.5,1,19.5
2018-06,2018,10–20 kW,SMA,99.17,7,14.167142857142858
2018-06,2018,10–20 kW,Solax Power,12.0,1,12.0
2018-06,2018,10–20 kW,Solis (Ginlong),12.35,1,12.35
2018-06,2018,10–20 kW,WEG,80.68,5,16.136000000000003
2018-06,2018,20–75 kW,ABB/FIMER,1672.98,36,46.471666666666664
2018-06,2018,20–75 kW,APsystems,47.6,2,23.8
2018-06,2018,20–75 kW,B&B POWER,208.22,6,34.70333333333333
2018-06,2018,20–75 kW,Canadian Solar,413.2,12,34.43333333333333
2018-06,2018,20–75 kW,Fronius,2405.45,63,38.18174603174603
2018-06,2018,20–75 kW,Growatt,160.0,6,26.666666666666668
2018-06,2018,20–75 kW,Huawei,761.13,18,42.285
2018-06,2018,20–75 kW,Ingeteam,161.0,3,53.666666666666664
2018-06,2018,20–75 kW,Kstar,106.88,2,53.44
2018-06,2018,20–75 kW,Não informado,555.9,14,39.707142857142856
2018-06,2018,20–75 kW,Outros,601.53,15,40.102
2018-06,2018,20–75 kW,PHB,453.5,12,37.791666666666664
2018-06,2018,20–75 kW,Refusol,236.25,6,39.375
2018-06,2018,20–75 kW,Renovigi,282.12,7,40.30285714285714
2018-06,2018,20–75 kW,SAJ,91.36,2,45.68
2018-06,2018,20–75 kW,SMA,150.0,3,50.0
2018-06,2018,20–75 kW,Solis (Ginlong),35.4,1,35.4
2018-06,2018,20–75 kW,Sungrow,1253.01,27,46.407777777777774
2018-06,2018,20–75 kW,WEG,253.6,6,42.266666666666666
2018-06,2018,75–300 kW,ABB/FIMER,282.8,3,94.26666666666667
2018-06,2018,75–300 kW,Fronius,697.0,5,139.4
2018-06,2018,75–300 kW,Huawei,112.0,1,112.0
2018-06,2018,75–300 kW,Kstar,100.0,1,100.0
2018-06,2018,75–300 kW,Não informado,96.0,1,96.0
2018-06,2018,75–300 kW,Outros,422.1,3,140.70000000000002
2018-06,2018,75–300 kW,SMA,160.0,1,160.0
2018-06,2018,75–300 kW,Sungrow,771.51,5,154.302
2018-06,2018,300 kW–1 MW,ABB/FIMER,5210.0,6,868.3333333333334
2018-06,2018,300 kW–1 MW,Growatt,440.82,1,440.82
2018-06,2018,300 kW–1 MW,SMA,900.0,1,900.0
2018-06,2018,1–5 MW,ABB/FIMER,1950.0,1,1950.0
2018-07,2018,≤10 kW,ABB/FIMER,1348.94,292,4.619657534246575
2018-07,2018,≤10 kW,APsystems,279.79,94,2.9764893617021277
2018-07,2018,≤10 kW,B&B POWER,446.29,99,4.507979797979798
2018-07,2018,≤10 kW,Canadian Solar,765.89,221,3.4655656108597284
2018-07,2018,≤10 kW,Deye,16.3,3,5.433333333333334
2018-07,2018,≤10 kW,Ecosolys,18.9,11,1.718181818181818
2018-07,2018,≤10 kW,Elgin,14.059999999999999,4,3.5149999999999997
2018-07,2018,≤10 kW,Fronius,2713.15,501,5.415469061876248
2018-07,2018,≤10 kW,Goodwe,6.0,1,6.0
2018-07,2018,≤10 kW,Growatt,172.31,47,3.6661702127659574
2018-07,2018,≤10 kW,Hoymiles,35.51,9,3.9455555555555555
2018-07,2018,≤10 kW,Huawei,17.75,2,8.875
2018-07,2018,≤10 kW,Ingeteam,40.05,9,4.449999999999999
2018-07,2018,≤10 kW,Intelbras,16.0,2,8.0
2018-07,2018,≤10 kW,Kstar,221.66,47,4.716170212765958
2018-07,2018,≤10 kW,NEP,2.7,3,0.9
2018-07,2018,≤10 kW,Não informado,153.64,30,5.121333333333333
2018-07,2018,≤10 kW,Outros,521.38,132,3.9498484848484847
2018-07,2018,≤10 kW,PHB,712.65,166,4.293072289156626
2018-07,2018,≤10 kW,Renovigi,703.4,196,3.5887755102040817
2018-07,2018,≤10 kW,SAJ,5.0,1,5.0
2018-07,2018,≤10 kW,SMA,339.37,89,3.8131460674157305
2018-07,2018,≤10 kW,Sofar Solar,10.0,2,5.0
2018-07,2018,≤10 kW,Solax Power,13.559999999999999,3,4.52
2018-07,2018,≤10 kW,Solplanet,7.3,1,7.3
2018-07,2018,≤10 kW,Sungrow,9.9,1,9.9
2018-07,2018,≤10 kW,WEG,220.12,48,4.585833333333333
2018-07,2018,10–20 kW,ABB/FIMER,402.23,28,14.365357142857144
2018-07,2018,10–20 kW,APsystems,34.0,2,17.0
2018-07,2018,10–20 kW,B&B POWER,162.5,9,18.055555555555557
2018-07,2018,10–20 kW,Canadian Solar,89.88,6,14.979999999999999
2018-07,2018,10–20 kW,Deye,15.0,1,15.0
2018-07,2018,10–20 kW,Fronius,1817.78,128,14.20140625
2018-07,2018,10–20 kW,Growatt,77.67999999999999,6,12.946666666666665
2018-07,2018,10–20 kW,Hoymiles,13.2,1,13.2
2018-07,2018,10–20 kW,Huawei,108.94,8,13.6175
2018-07,2018,10–20 kW,Ingeteam,40.0,2,20.0
2018-07,2018,10–20 kW,Kstar,113.9,7,16.271428571428572
2018-07,2018,10–20 kW,Não informado,208.33,14,14.880714285714287
2018-07,2018,10–20 kW,Outros,326.76,21,15.559999999999999
2018-07,2018,10–20 kW,PHB,267.8,17,15.75294117647059
2018-07,2018,10–20 kW,Refusol,58.63,4,14.6575
2018-07,2018,10–20 kW,Renovigi,79.58,5,15.916
2018-07,2018,10–20 kW,SMA,43.7,3,14.566666666666668
2018-07,2018,10–20 kW,SolarEdge,30.4,2,15.2
2018-07,2018,10–20 kW,Sungrow,56.39,4,14.0975
2018-07,2018,10–20 kW,WEG,106.71,7,15.244285714285713
2018-07,2018,10–20 kW,WEG (Huawei),16.83,1,16.83
2018-07,2018,20–75 kW,ABB/FIMER,2041.3600000000001,42,48.603809523809524
2018-07,2018,20–75 kW,APsystems,126.2,3,42.06666666666667
2018-07,2018,20–75 kW,B&B POWER,121.93,4,30.4825
2018-07,2018,20–75 kW,Canadian Solar,946.99,25,37.8796
2018-07,2018,20–75 kW,Fronius,3476.89,90,38.63211111111111
2018-07,2018,20–75 kW,Growatt,289.13,7,41.30428571428571
2018-07,2018,20–75 kW,Huawei,868.42,22,39.47363636363636
2018-07,2018,20–75 kW,Ingeteam,148.0,3,49.333333333333336
2018-07,2018,20–75 kW,Kstar,592.09,14,42.292142857142856
2018-07,2018,20–75 kW,Não informado,622.77,14,44.48357142857143
2018-07,2018,20–75 kW,Outros,1069.45,25,42.778
2018-07,2018,20–75 kW,PHB,556.54,14,39.75285714285714
2018-07,2018,20–75 kW,Refusol,282.0,7,40.285714285714285
2018-07,2018,20–75 kW,Renovigi,461.55,11,41.95909090909091
2018-07,2018,20–75 kW,SAJ,58.0,2,29.0
2018-07,2018,20–75 kW,SMA,95.47,4,23.8675
2018-07,2018,20–75 kW,SolarEdge,49.28,2,24.64
2018-07,2018,20–75 kW,Sungrow,1288.09,29,44.416896551724136
2018-07,2018,20–75 kW,WEG,560.62,12,46.718333333333334
2018-07,2018,75–300 kW,ABB/FIMER,591.6,4,147.9
2018-07,2018,75–300 kW,BYD,180.0,1,180.0
2018-07,2018,75–300 kW,Fronius,612.44,4,153.11
2018-07,2018,75–300 kW,Huawei,300.0,2,150.0
2018-07,2018,75–300 kW,Kstar,120.0,1,120.0
2018-07,2018,75–300 kW,Não informado,305.0,3,101.66666666666667
2018-07,2018,75–300 kW,SMA,212.0,2,106.0
2018-07,2018,75–300 kW,Sungrow,477.86,4,119.465
2018-08,2018,≤10 kW,ABB/FIMER,1498.28,334,4.485868263473054
2018-08,2018,≤10 kW,APsystems,297.21,119,2.4975630252100838
2018-08,2018,≤10 kW,B&B POWER,343.86,78,4.408461538461538
2018-08,2018,≤10 kW,Canadian Solar,722.3100000000001,229,3.1541921397379915
2018-08,2018,≤10 kW,Chint,5.0,1,5.0
2018-08,2018,≤10 kW,Deye,30.13,7,4.304285714285714
2018-08,2018,≤10 kW,Ecosolys,43.3,17,2.5470588235294116
2018-08,2018,≤10 kW,Elgin,15.91,5,3.182
2018-08,2018,≤10 kW,Fronius,3614.33,667,5.418785607196401
2018-08,2018,≤10 kW,Goodwe,13.440000000000001,3,4.48
2018-08,2018,≤10 kW,Growatt,327.0,91,3.5934065934065935
2018-08,2018,≤10 kW,Hoymiles,17.33,11,1.5754545454545452
2018-08,2018,≤10 kW,Huawei,26.86,4,6.715
2018-08,2018,≤10 kW,Ingeteam,34.81,6,5.801666666666667
2018-08,2018,≤10 kW,Intelbras,20.0,2,10.0
2018-08,2018,≤10 kW,Kstar,218.3,51,4.280392156862745
2018-08,2018,≤10 kW,NEP,4.8500000000000005,4,1.2125000000000001
2018-08,2018,≤10 kW,Não informado,138.28,27,5.1214814814814815
2018-08,2018,≤10 kW,Outros,607.8,159,3.822641509433962
2018-08,2018,≤10 kW,PHB,991.21,230,4.309608695652174
2018-08,2018,≤10 kW,Renovigi,854.47,242,3.5308677685950416
2018-08,2018,≤10 kW,SAJ,16.0,3,5.333333333333333
2018-08,2018,≤10 kW,SHENZHEN,3.0,1,3.0
2018-08,2018,≤10 kW,SMA,433.53,107,4.051682242990654
2018-08,2018,≤10 kW,Sofar Solar,24.93,5,4.986
2018-08,2018,≤10 kW,SolarEdge,0.34,1,0.34
2018-08,2018,≤10 kW,Solax Power,17.89,7,2.5557142857142856
2018-08,2018,≤10 kW,Solis (Ginlong),10.0,2,5.0
2018-08,2018,≤10 kW,Sungrow,114.24,26,4.3938461538461535
2018-08,2018,≤10 kW,WEG,263.37,60,4.3895
2018-08,2018,10–20 kW,ABB/FIMER,712.07,50,14.2414
2018-08,2018,10–20 kW,APsystems,16.56,1,16.56
2018-08,2018,10–20 kW,B&B POWER,163.35,10,16.335
2018-08,2018,10–20 kW,Canadian Solar,139.05,8,17.38125
2018-08,2018,10–20 kW,Deye,49.0,3,16.333333333333332
2018-08,2018,10–20 kW,Fronius,2475.4,170,14.561176470588236
2018-08,2018,10–20 kW,Growatt,93.15,7,13.307142857142859
2018-08,2018,10–20 kW,Hoymiles,10.5,1,10.5
2018-08,2018,10–20 kW,Huawei,189.26,12,15.771666666666667
2018-08,2018,10–20 kW,Ingeteam,35.0,2,17.5
2018-08,2018,10–20 kW,Intelbras,12.5,1,12.5
2018-08,2018,10–20 kW,Kstar,93.33,6,15.555
2018-08,2018,10–20 kW,Não informado,203.86,13,15.681538461538462
2018-08,2018,10–20 kW,Outros,318.38,23,13.842608695652174
2018-08,2018,10–20 kW,PHB,173.26,11,15.75090909090909
2018-08,2018,10–20 kW,Refusol,80.86,5,16.172
2018-08,2018,10–20 kW,Renovigi,253.61,17,14.918235294117649
2018-08,2018,10–20 kW,SAJ,40.0,2,20.0
2018-08,2018,10–20 kW,SMA,137.02,9,15.224444444444446
2018-08,2018,10–20 kW,SolarEdge,34.06,2,17.03
2018-08,2018,10–20 kW,Solax Power,32.0,2,16.0
2018-08,2018,10–20 kW,Sungrow,115.91,9,12.878888888888888
2018-08,2018,10–20 kW,WEG,112.4,7,16.057142857142857
2018-08,2018,10–20 kW,WEG (Huawei),24.54,2,12.27
2018-08,2018,20–75 kW,ABB/FIMER,2096.23,51,41.10254901960784
2018-08,2018,20–75 kW,APsystems,99.0,2,49.5
2018-08,2018,20–75 kW,B&B POWER,158.4,4,39.6
2018-08,2018,20–75 kW,Canadian Solar,664.79,19,34.98894736842105
2018-08,2018,20–75 kW,Deye,35.0,1,35.0
2018-08,2018,20–75 kW,Fronius,4017.48,105,38.261714285714284
2018-08,2018,20–75 kW,Goodwe,30.0,1,30.0
2018-08,2018,20–75 kW,Growatt,21.6,1,21.6
2018-08,2018,20–75 kW,Huawei,820.35,20,41.0175
2018-08,2018,20–75 kW,Ingeteam,91.16,2,45.58
2018-08,2018,20–75 kW,Kstar,318.85,7,45.550000000000004
2018-08,2018,20–75 kW,Não informado,632.37,15,42.158
2018-08,2018,20–75 kW,Outros,1377.54,32,43.048125
2018-08,2018,20–75 kW,PHB,911.42,25,36.4568
2018-08,2018,20–75 kW,Refusol,491.25,12,40.9375
2018-08,2018,20–75 kW,Renovigi,1014.95,21,48.33095238095238
2018-08,2018,20–75 kW,SAJ,93.2,3,31.066666666666666
2018-08,2018,20–75 kW,SMA,130.02,5,26.004
2018-08,2018,20–75 kW,Sofar Solar,24.7,1,24.7
2018-08,2018,20–75 kW,Solis (Ginlong),179.52,4,44.88
2018-08,2018,20–75 kW,Sungrow,1934.98,42,46.070952380952384
2018-08,2018,20–75 kW,WEG,794.22,21,37.82
2018-08,2018,75–300 kW,ABB/FIMER,713.34,5,142.668
2018-08,2018,75–300 kW,B&B POWER,79.92,1,79.92
2018-08,2018,75–300 kW,Canadian Solar,285.0,3,95.0
2018-08,2018,75–300 kW,Fronius,491.12,4,122.78
2018-08,2018,75–300 kW,Huawei,344.0,2,172.0
2018-08,2018,75–300 kW,Não informado,108.0,1,108.0
2018-08,2018,75–300 kW,Outros,747.5,5,149.5
2018-08,2018,75–300 kW,Renovigi,669.56,5,133.91199999999998
2018-08,2018,75–300 kW,Sungrow,960.0,7,137.14285714285714
2018-08,2018,75–300 kW,WEG,108.0,1,108.0
2018-08,2018,300 kW–1 MW,Outros,360.0,1,360.0
2018-08,2018,300 kW–1 MW,Sungrow,840.0,1,840.0
2018-08,2018,1–5 MW,Growatt,1100.0,1,1100.0
2018-08,2018,1–5 MW,WEG,2400.0,1,2400.0
2018-09,2018,≤10 kW,ABB/FIMER,1216.53,254,4.789488188976378
2018-09,2018,≤10 kW,APsystems,287.35,122,2.3553278688524593
2018-09,2018,≤10 kW,B&B POWER,391.15999999999997,91,4.298461538461538
2018-09,2018,≤10 kW,BYD,5.0,1,5.0
2018-09,2018,≤10 kW,Bel Energy,8.68,2,4.34
2018-09,2018,≤10 kW,Canadian Solar,760.09,221,3.4393212669683257
2018-09,2018,≤10 kW,Deye,11.98,4,2.995
2018-09,2018,≤10 kW,Ecosolys,74.82,32,2.338125
2018-09,2018,≤10 kW,Elgin,8.879999999999999,3,2.9599999999999995
2018-09,2018,≤10 kW,Fronius,3070.0899999999997,602,5.099817275747508
2018-09,2018,≤10 kW,Growatt,414.39,122,3.396639344262295
2018-09,2018,≤10 kW,Hoymiles,30.4,9,3.3777777777777778
2018-09,2018,≤10 kW,Huawei,124.85,22,5.675
2018-09,2018,≤10 kW,Ingeteam,88.4,15,5.8933333333333335
2018-09,2018,≤10 kW,Intelbras,10.0,1,10.0
2018-09,2018,≤10 kW,Kstar,255.57,64,3.99328125
2018-09,2018,≤10 kW,NEP,6.99,6,1.165
2018-09,2018,≤10 kW,Não informado,89.6,14,6.3999999999999995
2018-09,2018,≤10 kW,Outros,754.71,176,4.288125
2018-09,2018,≤10 kW,PHB,775.85,182,4.262912087912088
2018-09,2018,≤10 kW,Refusol,3.0,1,3.0
2018-09,2018,≤10 kW,Renovigi,877.97,243,3.613045267489712
2018-09,2018,≤10 kW,SAJ,19.5,2,9.75
2018-09,2018,≤10 kW,SMA,396.3,111,3.5702702702702704
2018-09,2018,≤10 kW,Sofar Solar,39.0,6,6.5
2018-09,2018,≤10 kW,Solax Power,11.73,4,2.9325
2018-09,2018,≤10 kW,Solis (Ginlong),19.6,2,9.8
2018-09,2018,≤10 kW,Sungrow,340.88,84,4.058095238095238
2018-09,2018,≤10 kW,WEG,388.98,88,4.420227272727273
2018-09,2018,10–20 kW,ABB/FIMER,536.9,34,15.791176470588235
2018-09,2018,10–20 kW,APsystems,52.0,4,13.0
2018-09,2018,10–20 kW,B&B POWER,222.08,13,17.083076923076923
2018-09,2018,10–20 kW,Canadian Solar,111.15,7,15.87857142857143
2018-09,2018,10–20 kW,Fronius,1862.33,125,14.898639999999999
2018-09,2018,10–20 kW,Growatt,207.97,13,15.997692307692308
2018-09,2018,10–20 kW,Hoymiles,12.5,1,12.5
2018-09,2018,10–20 kW,Huawei,235.3,14,16.807142857142857
2018-09,2018,10–20 kW,Ingeteam,15.0,1,15.0
2018-09,2018,10–20 kW,Kstar,51.65,4,12.9125
2018-09,2018,10–20 kW,Não informado,146.24,10,14.624
2018-09,2018,10–20 kW,Outros,337.53000000000003,22,15.342272727272729
2018-09,2018,10–20 kW,PHB,340.07,21,16.193809523809524
2018-09,2018,10–20 kW,Refusol,153.53,9,17.058888888888887
2018-09,2018,10–20 kW,Renovigi,282.23,18,15.679444444444446
2018-09,2018,10–20 kW,SAJ,12.0,1,12.0
2018-09,2018,10–20 kW,SMA,102.28,7,14.611428571428572
2018-09,2018,10–20 kW,SolarEdge,10.4,1,10.4
2018-09,2018,10–20 kW,Solax Power,20.0,1,20.0
2018-09,2018,10–20 kW,Solis (Ginlong),15.0,1,15.0
2018-09,2018,10–20 kW,Sungrow,98.52000000000001,8,12.315000000000001
2018-09,2018,10–20 kW,WEG,173.04,11,15.73090909090909
2018-09,2018,20–75 kW,ABB/FIMER,1259.66,28,44.987857142857145
2018-09,2018,20–75 kW,APsystems,100.0,3,33.333333333333336
2018-09,2018,20–75 kW,B&B POWER,266.0,8,33.25
2018-09,2018,20–75 kW,Canadian Solar,631.95,19,33.26052631578948
2018-09,2018,20–75 kW,Chint,75.0,1,75.0
2018-09,2018,20–75 kW,Fronius,3494.71,90,38.83011111111111
2018-09,2018,20–75 kW,Growatt,378.0,7,54.0
2018-09,2018,20–75 kW,Huawei,1024.46,24,42.685833333333335
2018-09,2018,20–75 kW,Ingeteam,231.56,5,46.312
2018-09,2018,20–75 kW,Kstar,519.69,14,37.12071428571429
2018-09,2018,20–75 kW,Não informado,385.33000000000004,8,48.166250000000005
2018-09,2018,20–75 kW,Outros,908.61,21,43.26714285714286
2018-09,2018,20–75 kW,PHB,533.97,14,38.14071428571429
2018-09,2018,20–75 kW,Refusol,437.39,12,36.44916666666666
2018-09,2018,20–75 kW,Renovigi,325.04,7,46.434285714285714
2018-09,2018,20–75 kW,SAJ,26.4,1,26.4
2018-09,2018,20–75 kW,SHENZHEN,30.0,1,30.0
2018-09,2018,20–75 kW,SMA,250.36,7,35.76571428571429
2018-09,2018,20–75 kW,SolarEdge,26.4,1,26.4
2018-09,2018,20–75 kW,Sungrow,2206.96,50,44.1392
2018-09,2018,20–75 kW,WEG,275.6,7,39.371428571428574
2018-09,2018,75–300 kW,ABB/FIMER,850.0,5,170.0
2018-09,2018,75–300 kW,B&B POWER,104.0,1,104.0
2018-09,2018,75–300 kW,Fronius,711.0,6,118.5
2018-09,2018,75–300 kW,Goodwe,115.02,1,115.02
2018-09,2018,75–300 kW,Huawei,195.0,2,97.5
2018-09,2018,75–300 kW,Ingeteam,254.03,2,127.015
2018-09,2018,75–300 kW,Kstar,200.75,2,100.375
2018-09,2018,75–300 kW,Não informado,204.0,2,102.0
2018-09,2018,75–300 kW,Outros,200.0,2,100.0
2018-09,2018,75–300 kW,PHB,100.0,1,100.0
2018-09,2018,75–300 kW,Renovigi,100.0,1,100.0
2018-09,2018,75–300 kW,SMA,225.0,1,225.0
2018-09,2018,75–300 kW,Sungrow,324.0,3,108.0
2018-09,2018,300 kW–1 MW,ABB/FIMER,1920.0,2,960.0
2018-09,2018,300 kW–1 MW,Outros,459.94,1,459.94
2018-09,2018,1–5 MW,Ingeteam,4070.0,1,4070.0
2018-10,2018,≤10 kW,ABB/FIMER,1475.6299999999999,318,4.6403459119496855
2018-10,2018,≤10 kW,APsystems,366.21,133,2.7534586466165414
2018-10,2018,≤10 kW,B&B POWER,284.8,68,4.188235294117647
2018-10,2018,≤10 kW,Bedin Solar,13.0,2,6.5
2018-10,2018,≤10 kW,Canadian Solar,1288.95,355,3.6308450704225352
2018-10,2018,≤10 kW,Deye,10.26,4,2.565
2018-10,2018,≤10 kW,Ecosolys,134.56,53,2.538867924528302
2018-10,2018,≤10 kW,Elgin,7.68,1,7.68
2018-10,2018,≤10 kW,Fronius,4299.93,813,5.288966789667897
2018-10,2018,≤10 kW,Goodwe,12.54,3,4.18
2018-10,2018,≤10 kW,Growatt,545.71,140,3.897928571428572
2018-10,2018,≤10 kW,Hoymiles,44.6,19,2.3473684210526318
2018-10,2018,≤10 kW,Huawei,164.27,32,5.1334375
2018-10,2018,≤10 kW,Hypontech,14.36,2,7.18
2018-10,2018,≤10 kW,Ingeteam,47.9,10,4.79
2018-10,2018,≤10 kW,Intelbras,50.0,5,10.0
2018-10,2018,≤10 kW,Kstar,222.57,54,4.121666666666666
2018-10,2018,≤10 kW,NEP,10.29,7,1.47
2018-10,2018,≤10 kW,Não informado,184.8,38,4.863157894736842
2018-10,2018,≤10 kW,Outros,1012.67,246,4.116544715447154
2018-10,2018,≤10 kW,PHB,982.91,224,4.387991071428571
2018-10,2018,≤10 kW,Renovigi,1321.03,356,3.710758426966292
2018-10,2018,≤10 kW,SAJ,36.68,7,5.24
2018-10,2018,≤10 kW,SMA,445.93,116,3.8442241379310347
2018-10,2018,≤10 kW,Sofar Solar,9.96,3,3.3200000000000003
2018-10,2018,≤10 kW,Solax Power,9.53,2,4.765
2018-10,2018,≤10 kW,Solis (Ginlong),15.96,2,7.98
2018-10,2018,≤10 kW,Sungrow,641.95,146,4.396917808219178
2018-10,2018,≤10 kW,WEG,481.2,104,4.6269230769230765
2018-10,2018,≤10 kW,WEG (Huawei),16.48,3,5.493333333333333
2018-10,2018,10–20 kW,ABB/FIMER,750.99,47,15.978510638297873
2018-10,2018,10–20 kW,APsystems,30.0,2,15.0
2018-10,2018,10–20 kW,B&B POWER,232.57,15,15.504666666666667
2018-10,2018,10–20 kW,Bel Energy,14.0,1,14.0
2018-10,2018,10–20 kW,Canadian Solar,78.53,5,15.706
2018-10,2018,10–20 kW,Ecosolys,12.05,1,12.05
2018-10,2018,10–20 kW,Enphase,12.73,1,12.73
2018-10,2018,10–20 kW,Fronius,2826.89,193,14.647098445595855
2018-10,2018,10–20 kW,GE,17.0,1,17.0
2018-10,2018,10–20 kW,Growatt,155.88,11,14.17090909090909
2018-10,2018,10–20 kW,Hoymiles,30.5,2,15.25
2018-10,2018,10–20 kW,Huawei,299.76,21,14.274285714285714
2018-10,2018,10–20 kW,Ingeteam,54.95,4,13.7375
2018-10,2018,10–20 kW,Kstar,119.95,8,14.99375
2018-10,2018,10–20 kW,NEP,24.6,2,12.3
2018-10,2018,10–20 kW,Não informado,247.94,16,15.49625
2018-10,2018,10–20 kW,Outros,511.15,34,15.033823529411764
2018-10,2018,10–20 kW,PHB,342.1,22,15.55
2018-10,2018,10–20 kW,Refusol,79.5,4,19.875
2018-10,2018,10–20 kW,Renovigi,317.8,20,15.89
2018-10,2018,10–20 kW,SAJ,12.0,1,12.0
2018-10,2018,10–20 kW,SMA,35.0,2,17.5
2018-10,2018,10–20 kW,SolarEdge,72.01,5,14.402000000000001
2018-10,2018,10–20 kW,Sungrow,236.6,17,13.91764705882353
2018-10,2018,10–20 kW,WEG,199.54,13,15.349230769230768
2018-10,2018,10–20 kW,WEG (Huawei),36.8,2,18.4
2018-10,2018,20–75 kW,ABB/FIMER,2113.54,48,44.03208333333333
2018-10,2018,20–75 kW,B&B POWER,454.73,9,50.525555555555556
2018-10,2018,20–75 kW,Canadian Solar,500.26,18,27.79222222222222
2018-10,2018,20–75 kW,Fronius,3548.03,101,35.1290099009901
2018-10,2018,20–75 kW,Growatt,530.8199999999999,13,40.83230769230769
2018-10,2018,20–75 kW,Huawei,2113.06,49,43.123673469387754
2018-10,2018,20–75 kW,Ingeteam,62.7,2,31.35
2018-10,2018,20–75 kW,Kstar,738.88,17,43.4635294117647
2018-10,2018,20–75 kW,Não informado,710.38,19,37.38842105263158
2018-10,2018,20–75 kW,Outros,1638.46,39,42.01179487179487
2018-10,2018,20–75 kW,PHB,818.36,22,37.198181818181816
2018-10,2018,20–75 kW,Refusol,308.32,7,44.04571428571428
2018-10,2018,20–75 kW,Renovigi,775.76,19,40.82947368421053
2018-10,2018,20–75 kW,SAJ,131.38,5,26.276
2018-10,2018,20–75 kW,SMA,430.07,12,35.839166666666664
2018-10,2018,20–75 kW,Sofar Solar,126.0,2,63.0
2018-10,2018,20–75 kW,SolarEdge,153.5,4,38.375
2018-10,2018,20–75 kW,Solis (Ginlong),106.0,2,53.0
2018-10,2018,20–75 kW,Sungrow,2889.56,59,48.97559322033898
2018-10,2018,20–75 kW,WEG,274.82,9,30.535555555555554
2018-10,2018,20–75 kW,WEG (Huawei),162.0,3,54.0
2018-10,2018,75–300 kW,ABB/FIMER,468.68,5,93.736
2018-10,2018,75–300 kW,Fronius,548.0,4,137.0
2018-10,2018,75–300 kW,Growatt,80.0,1,80.0
2018-10,2018,75–300 kW,Huawei,157.41,1,157.41
2018-10,2018,75–300 kW,Ingeteam,220.0,1,220.0
2018-10,2018,75–300 kW,Kstar,90.0,1,90.0
2018-10,2018,75–300 kW,Outros,372.5,3,124.16666666666667
2018-10,2018,75–300 kW,Refusol,160.0,1,160.0
2018-10,2018,75–300 kW,Renovigi,110.0,1,110.0
2018-10,2018,75–300 kW,Sungrow,1290.94,10,129.094
2018-10,2018,75–300 kW,WEG (Huawei),270.0,2,135.0
2018-10,2018,300 kW–1 MW,Huawei,1000.0,1,1000.0
2018-10,2018,300 kW–1 MW,Outros,792.0,1,792.0
2018-10,2018,300 kW–1 MW,PHB,340.0,1,340.0
2018-11,2018,≤10 kW,ABB/FIMER,1204.17,262,4.596068702290077
2018-11,2018,≤10 kW,APsystems,420.21,129,3.257441860465116
2018-11,2018,≤10 kW,B&B POWER,368.5,82,4.4939024390243905
2018-11,2018,≤10 kW,Canadian Solar,1272.6200000000001,348,3.656954022988506
2018-11,2018,≤10 kW,Deye,24.47,3,8.156666666666666
2018-11,2018,≤10 kW,Ecosolys,100.47,43,2.336511627906977
2018-11,2018,≤10 kW,Elgin,29.38,9,3.2644444444444445
2018-11,2018,≤10 kW,Enphase,2.2,1,2.2
2018-11,2018,≤10 kW,Fronius,4739.96,874,5.423295194508009
2018-11,2018,≤10 kW,Goodwe,8.0,2,4.0
2018-11,2018,≤10 kW,Growatt,2038.9399999999998,304,6.70703947368421
2018-11,2018,≤10 kW,Hoymiles,46.42,24,1.9341666666666668
2018-11,2018,≤10 kW,Huawei,216.45,43,5.033720930232558
2018-11,2018,≤10 kW,Ingeteam,64.84,14,4.631428571428572
2018-11,2018,≤10 kW,Intelbras,12.22,2,6.11
2018-11,2018,≤10 kW,Kehua,6.0,1,6.0
2018-11,2018,≤10 kW,Kstar,157.08,35,4.488
2018-11,2018,≤10 kW,NEP,24.16,9,2.6844444444444444
2018-11,2018,≤10 kW,Não informado,364.44,76,4.795263157894737
2018-11,2018,≤10 kW,Outros,946.15,231,4.0958874458874455
2018-11,2018,≤10 kW,PHB,1103.06,244,4.520737704918033
2018-11,2018,≤10 kW,Refusol,14.59,2,7.295
2018-11,2018,≤10 kW,Renovigi,1457.25,402,3.625
2018-11,2018,≤10 kW,SAJ,41.98,7,5.997142857142856
2018-11,2018,≤10 kW,SMA,202.44,66,3.0672727272727274
2018-11,2018,≤10 kW,Sofar Solar,14.9,3,4.966666666666667
2018-11,2018,≤10 kW,SolarEdge,4.0,1,4.0
2018-11,2018,≤10 kW,Solax Power,17.43,8,2.17875
2018-11,2018,≤10 kW,Solis (Ginlong),15.0,4,3.75
2018-11,2018,≤10 kW,Solplanet,5.0,1,5.0
2018-11,2018,≤10 kW,Sungrow,789.15,188,4.197606382978723
2018-11,2018,≤10 kW,WEG,708.57,158,4.484620253164557
2018-11,2018,≤10 kW,WEG (Huawei),29.63,5,5.926
2018-11,2018,10–20 kW,ABB/FIMER,818.92,50,16.3784
2018-11,2018,10–20 kW,APsystems,53.0,3,17.666666666666668
2018-11,2018,10–20 kW,B&B POWER,313.36,18,17.40888888888889
2018-11,2018,10–20 kW,Canadian Solar,154.5,10,15.45
2018-11,2018,10–20 kW,Ecosolys,13.0,1,13.0
2018-11,2018,10–20 kW,Elgin,13.5,1,13.5
2018-11,2018,10–20 kW,Fronius,2857.21,195,14.652358974358975
2018-11,2018,10–20 kW,GE,17.0,1,17.0
2018-11,2018,10–20 kW,Growatt,390.26,24,16.260833333333334
2018-11,2018,10–20 kW,Hoymiles,16.0,1,16.0
2018-11,2018,10–20 kW,Huawei,470.02,29,16.20758620689655
2018-11,2018,10–20 kW,Ingeteam,34.47,2,17.235
2018-11,2018,10–20 kW,Kstar,188.88,13,14.529230769230768
2018-11,2018,10–20 kW,Não informado,329.44,23,14.323478260869566
2018-11,2018,10–20 kW,Outros,495.98,33,15.029696969696971
2018-11,2018,10–20 kW,PHB,533.29,34,15.684999999999999
2018-11,2018,10–20 kW,Refusol,241.1,16,15.06875
2018-11,2018,10–20 kW,Renovigi,505.99,33,15.333030303030304
2018-11,2018,10–20 kW,SAJ,30.0,2,15.0
2018-11,2018,10–20 kW,SMA,83.0,6,13.833333333333334
2018-11,2018,10–20 kW,SolarEdge,92.22,7,13.174285714285714
2018-11,2018,10–20 kW,Sungrow,289.93,21,13.806190476190476
2018-11,2018,10–20 kW,WEG,274.47,19,14.445789473684211
2018-11,2018,10–20 kW,WEG (Huawei),35.0,2,17.5
2018-11,2018,20–75 kW,ABB/FIMER,1909.5,49,38.96938775510204
2018-11,2018,20–75 kW,APsystems,26.0,1,26.0
2018-11,2018,20–75 kW,B&B POWER,327.26,9,36.36222222222222
2018-11,2018,20–75 kW,Canadian Solar,713.01,24,29.70875
2018-11,2018,20–75 kW,Chint,104.56,3,34.85333333333333
2018-11,2018,20–75 kW,Deye,40.0,1,40.0
2018-11,2018,20–75 kW,Fronius,4821.51,128,37.668046875
2018-11,2018,20–75 kW,Growatt,851.1,25,34.044000000000004
2018-11,2018,20–75 kW,Huawei,1929.86,46,41.953478260869566
2018-11,2018,20–75 kW,Ingeteam,88.0,2,44.0
2018-11,2018,20–75 kW,Kstar,710.13,14,50.723571428571425
2018-11,2018,20–75 kW,Não informado,1198.63,30,39.95433333333334
2018-11,2018,20–75 kW,Outros,1842.37,40,46.05925
2018-11,2018,20–75 kW,PHB,863.28,25,34.5312
2018-11,2018,20–75 kW,Refusol,180.0,5,36.0
2018-11,2018,20–75 kW,Renovigi,724.4,15,48.29333333333333
2018-11,2018,20–75 kW,SAJ,124.0,3,41.333333333333336
2018-11,2018,20–75 kW,SMA,320.87,9,35.65222222222222
2018-11,2018,20–75 kW,Sofar Solar,40.5,1,40.5
2018-11,2018,20–75 kW,SolarEdge,202.2,6,33.699999999999996
2018-11,2018,20–75 kW,Solis (Ginlong),103.7,2,51.85
2018-11,2018,20–75 kW,Sungrow,2763.82,62,44.57774193548387
2018-11,2018,20–75 kW,WEG,691.5,17,40.6764705882353
2018-11,2018,20–75 kW,WEG (Huawei),136.06,4,34.015
2018-11,2018,75–300 kW,ABB/FIMER,653.5,5,130.7
2018-11,2018,75–300 kW,B&B POWER,295.65,1,295.65
2018-11,2018,75–300 kW,Fronius,378.0,2,189.0
2018-11,2018,75–300 kW,Growatt,240.0,1,240.0
2018-11,2018,75–300 kW,Huawei,455.0,4,113.75
2018-11,2018,75–300 kW,Ingeteam,100.0,1,100.0
2018-11,2018,75–300 kW,Kstar,100.0,1,100.0
2018-11,2018,75–300 kW,Não informado,237.5,1,237.5
2018-11,2018,75–300 kW,Outros,378.0,3,126.0
2018-11,2018,75–300 kW,Refusol,160.0,1,160.0
2018-11,2018,75–300 kW,Renovigi,696.0,3,232.0
2018-11,2018,75–300 kW,SAJ,110.0,1,110.0
2018-11,2018,75–300 kW,Sofar Solar,99.0,1,99.0
2018-11,2018,75–300 kW,Sungrow,1107.6599999999999,7,158.23714285714283
2018-11,2018,300 kW–1 MW,ABB/FIMER,951.25,2,475.625
2018-11,2018,300 kW–1 MW,Outros,412.07,1,412.07
2018-11,2018,300 kW–1 MW,PHB,360.0,1,360.0
2018-11,2018,300 kW–1 MW,Sungrow,500.0,1,500.0
2018-12,2018,≤10 kW,ABB/FIMER,1091.0,221,4.9366515837104075
2018-12,2018,≤10 kW,APsystems,404.64,134,3.019701492537313
2018-12,2018,≤10 kW,B&B POWER,251.34,56,4.488214285714286
2018-12,2018,≤10 kW,BYD,5.0,1,5.0
2018-12,2018,≤10 kW,Canadian Solar,1613.38,441,3.6584580498866215
2018-12,2018,≤10 kW,Deye,13.2,4,3.3
2018-12,2018,≤10 kW,Ecosolys,120.26,55,2.186545454545455
2018-12,2018,≤10 kW,Elgin,12.56,2,6.28
2018-12,2018,≤10 kW,Fronius,4821.79,905,5.3279447513812155
2018-12,2018,≤10 kW,GE,5.3,1,5.3
2018-12,2018,≤10 kW,Growatt,3637.9,450,8.084222222222223
2018-12,2018,≤10 kW,Hoymiles,47.230000000000004,21,2.2490476190476194
2018-12,2018,≤10 kW,Huawei,338.59,69,4.907101449275362
2018-12,2018,≤10 kW,Hypontech,5.28,1,5.28
2018-12,2018,≤10 kW,Ingeteam,38.86,6,6.476666666666667
2018-12,2018,≤10 kW,Intelbras,26.8,3,8.933333333333334
2018-12,2018,≤10 kW,Kstar,128.67,31,4.150645161290322
2018-12,2018,≤10 kW,NEP,19.6,10,1.9600000000000002
2018-12,2018,≤10 kW,Não informado,433.2,97,4.465979381443299
2018-12,2018,≤10 kW,Outros,1061.04,260,4.080923076923077
2018-12,2018,≤10 kW,PHB,981.15,224,4.3801339285714285
2018-12,2018,≤10 kW,Refusol,4.0,1,4.0
2018-12,2018,≤10 kW,Renovigi,1375.05,371,3.7063342318059296
2018-12,2018,≤10 kW,SAJ,18.62,6,3.1033333333333335
2018-12,2018,≤10 kW,SMA,212.27,53,4.005094339622642
2018-12,2018,≤10 kW,Sofar Solar,76.95,17,4.526470588235294
2018-12,2018,≤10 kW,SolarEdge,28.1,4,7.025
2018-12,2018,≤10 kW,Solax Power,3.63,2,1.815
2018-12,2018,≤10 kW,Sungrow,895.36,197,4.5449746192893405
2018-12,2018,≤10 kW,Tsun,8.5,1,8.5
2018-12,2018,≤10 kW,WEG,826.28,181,4.565082872928176
2018-12,2018,≤10 kW,WEG (Huawei),5.3100000000000005,2,2.6550000000000002
2018-12,2018,10–20 kW,ABB/FIMER,742.24,49,15.147755102040817
2018-12,2018,10–20 kW,APsystems,35.0,3,11.666666666666666
2018-12,2018,10–20 kW,B&B POWER,195.99,12,16.3325
2018-12,2018,10–20 kW,Bel Energy,14.0,1,14.0
2018-12,2018,10–20 kW,Canadian Solar,92.56,7,13.222857142857142
2018-12,2018,10–20 kW,Deye,11.1,1,11.1
2018-12,2018,10–20 kW,Ecosolys,24.0,2,12.0
2018-12,2018,10–20 kW,Fronius,2825.05,190,14.868684210526316
2018-12,2018,10–20 kW,Growatt,95.8,6,15.966666666666667
2018-12,2018,10–20 kW,Hoymiles,23.5,2,11.75
2018-12,2018,10–20 kW,Huawei,305.01,20,15.250499999999999
2018-12,2018,10–20 kW,Kstar,84.17,5,16.834
2018-12,2018,10–20 kW,Livoltek,19.0,1,19.0
2018-12,2018,10–20 kW,Não informado,251.97,17,14.821764705882353
2018-12,2018,10–20 kW,Outros,421.04,30,14.034666666666668
2018-12,2018,10–20 kW,PHB,389.43,23,16.93173913043478
2018-12,2018,10–20 kW,Refusol,91.2,6,15.200000000000001
2018-12,2018,10–20 kW,Renovigi,323.8,19,17.042105263157897
2018-12,2018,10–20 kW,SMA,107.96,6,17.993333333333332
2018-12,2018,10–20 kW,Sofar Solar,28.0,2,14.0
2018-12,2018,10–20 kW,SolarEdge,94.56,6,15.76
2018-12,2018,10–20 kW,Solax Power,17.0,1,17.0
2018-12,2018,10–20 kW,Solis (Ginlong),42.86,3,14.286666666666667
2018-12,2018,10–20 kW,Solplanet,15.0,1,15.0
2018-12,2018,10–20 kW,Sungrow,501.88,37,13.564324324324325
2018-12,2018,10–20 kW,Tsun,12.0,1,12.0
2018-12,2018,10–20 kW,WEG,300.8,21,14.323809523809524
2018-12,2018,10–20 kW,WEG (Huawei),13.0,1,13.0
2018-12,2018,20–75 kW,ABB/FIMER,1803.31,41,43.98317073170732
2018-12,2018,20–75 kW,APsystems,114.0,3,38.0
2018-12,2018,20–75 kW,B&B POWER,215.0,7,30.714285714285715
2018-12,2018,20–75 kW,Canadian Solar,991.0,33,30.03030303030303
2018-12,2018,20–75 kW,Chint,57.06,1,57.06
2018-12,2018,20–75 kW,Fronius,4524.47,122,37.08581967213115
2018-12,2018,20–75 kW,Goodwe,75.0,1,75.0
2018-12,2018,20–75 kW,Growatt,826.05,19,43.47631578947368
2018-12,2018,20–75 kW,Hoymiles,40.0,1,40.0
2018-12,2018,20–75 kW,Huawei,1566.96,40,39.174
2018-12,2018,20–75 kW,Kstar,682.32,17,40.1364705882353
2018-12,2018,20–75 kW,Não informado,777.4,19,40.91578947368421
2018-12,2018,20–75 kW,Outros,1405.9,37,37.9972972972973
2018-12,2018,20–75 kW,PHB,884.84,24,36.86833333333333
2018-12,2018,20–75 kW,Refusol,674.54,17,39.678823529411765
2018-12,2018,20–75 kW,Renovigi,725.13,15,48.342
2018-12,2018,20–75 kW,SAJ,288.5,5,57.7
2018-12,2018,20–75 kW,SMA,219.07999999999998,5,43.815999999999995
2018-12,2018,20–75 kW,Sofar Solar,87.0,3,29.0
2018-12,2018,20–75 kW,SolarEdge,373.79,10,37.379000000000005
2018-12,2018,20–75 kW,Solax Power,38.94,1,38.94
2018-12,2018,20–75 kW,Solis (Ginlong),60.0,1,60.0
2018-12,2018,20–75 kW,Sungrow,3729.11,76,49.06723684210527
2018-12,2018,20–75 kW,WEG,1023.36,22,46.516363636363636
2018-12,2018,20–75 kW,WEG (Huawei),162.0,4,40.5
2018-12,2018,75–300 kW,ABB/FIMER,929.62,7,132.80285714285714
2018-12,2018,75–300 kW,Fronius,1484.0,12,123.66666666666667
2018-12,2018,75–300 kW,Growatt,350.0,2,175.0
2018-12,2018,75–300 kW,Huawei,1295.3,11,117.75454545454545
2018-12,2018,75–300 kW,Kstar,90.0,1,90.0
2018-12,2018,75–300 kW,Outros,312.0,3,104.0
2018-12,2018,75–300 kW,PHB,239.76,2,119.88
2018-12,2018,75–300 kW,Renovigi,370.0,2,185.0
2018-12,2018,75–300 kW,SMA,100.0,1,100.0
2018-12,2018,75–300 kW,Sofar Solar,149.76,1,149.76
2018-12,2018,75–300 kW,Sungrow,1228.0,9,136.44444444444446
2018-12,2018,75–300 kW,WEG,380.0,3,126.66666666666667
2018-12,2018,300 kW–1 MW,ABB/FIMER,344.4,1,344.4
2018-12,2018,300 kW–1 MW,Growatt,1969.3400000000001,2,984.6700000000001
2018-12,2018,300 kW–1 MW,Sungrow,2000.0,2,1000.0
2018-12,2018,300 kW–1 MW,WEG,320.0,1,320.0
2018-12,2018,1–5 MW,Outros,2000.0,1,2000.0
2019-01,2019,≤10 kW,ABB/FIMER,1114.8700000000001,230,4.8472608695652175
2019-01,2019,≤10 kW,APsystems,676.45,203,3.332266009852217
2019-01,2019,≤10 kW,B&B POWER,286.07,67,4.269701492537314
2019-01,2019,≤10 kW,BYD,9.24,3,3.08
2019-01,2019,≤10 kW,Bel Energy,2.2,1,2.2
2019-01,2019,≤10 kW,Canadian Solar,2591.29,708,3.6600141242937854
2019-01,2019,≤10 kW,Deye,15.7,2,7.85
2019-01,2019,≤10 kW,Ecosolys,129.2,62,2.083870967741935
2019-01,2019,≤10 kW,Elgin,15.04,4,3.76
2019-01,2019,≤10 kW,Fronius,6422.19,1135,5.65831718061674
2019-01,2019,≤10 kW,Goodwe,14.3,2,7.15
2019-01,2019,≤10 kW,Growatt,754.16,177,4.260790960451978
2019-01,2019,≤10 kW,Hoymiles,85.5,26,3.2884615384615383
2019-01,2019,≤10 kW,Huawei,324.8,65,4.9969230769230775
2019-01,2019,≤10 kW,Ingeteam,50.52,11,4.592727272727273
2019-01,2019,≤10 kW,Intelbras,40.0,4,10.0
2019-01,2019,≤10 kW,Kstar,162.87,39,4.176153846153846
2019-01,2019,≤10 kW,Livoltek,10.0,1,10.0
2019-01,2019,≤10 kW,NEP,15.35,9,1.7055555555555555
2019-01,2019,≤10 kW,Não informado,620.61,144,4.3097916666666665
2019-01,2019,≤10 kW,Outros,1059.12,256,4.1371875
2019-01,2019,≤10 kW,PHB,1218.93,266,4.582443609022556
2019-01,2019,≤10 kW,Refusol,23.5,5,4.7
2019-01,2019,≤10 kW,Renovigi,1702.33,449,3.791380846325167
2019-01,2019,≤10 kW,SAJ,39.8,6,6.633333333333333
2019-01,2019,≤10 kW,SMA,225.41,61,3.6952459016393444
2019-01,2019,≤10 kW,Sofar Solar,263.21,53,4.966226415094339
2019-01,2019,≤10 kW,SolarEdge,19.0,2,9.5
2019-01,2019,≤10 kW,Solis (Ginlong),100.7,18,5.594444444444445
2019-01,2019,≤10 kW,Sungrow,1159.26,272,4.261985294117647
2019-01,2019,≤10 kW,WEG,992.32,211,4.702938388625593
2019-01,2019,≤10 kW,WEG (Huawei),86.71000000000001,19,4.563684210526316
2019-01,2019,10–20 kW,ABB/FIMER,722.74,46,15.711739130434783
2019-01,2019,10–20 kW,APsystems,91.0,6,15.166666666666666
2019-01,2019,10–20 kW,B&B POWER,193.59,11,17.599090909090908
2019-01,2019,10–20 kW,Canadian Solar,284.2,19,14.957894736842105
2019-01,2019,10–20 kW,Deye,44.519999999999996,3,14.839999999999998
2019-01,2019,10–20 kW,Fronius,3592.89,243,14.785555555555556
2019-01,2019,10–20 kW,GE,31.36,2,15.68
2019-01,2019,10–20 kW,Goodwe,34.76,3,11.586666666666666
2019-01,2019,10–20 kW,Growatt,162.43,11,14.766363636363637
2019-01,2019,10–20 kW,Huawei,377.87,27,13.995185185185186
2019-01,2019,10–20 kW,Ingeteam,15.0,1,15.0
2019-01,2019,10–20 kW,Kstar,190.8,13,14.676923076923078
2019-01,2019,10–20 kW,Não informado,508.95,32,15.9046875
2019-01,2019,10–20 kW,Outros,393.05,28,14.0375
2019-01,2019,10–20 kW,PHB,511.69,32,15.9903125
2019-01,2019,10–20 kW,Refusol,136.14,9,15.126666666666665
2019-01,2019,10–20 kW,Renac,15.0,1,15.0
2019-01,2019,10–20 kW,Renovigi,467.44,28,16.694285714285716
2019-01,2019,10–20 kW,SAJ,70.4,5,14.080000000000002
2019-01,2019,10–20 kW,SHENZHEN,35.0,2,17.5
2019-01,2019,10–20 kW,SMA,13.77,1,13.77
2019-01,2019,10–20 kW,Sofar Solar,155.7,11,14.154545454545454
2019-01,2019,10–20 kW,SolarEdge,164.06,10,16.406
2019-01,2019,10–20 kW,Solis (Ginlong),15.0,1,15.0
2019-01,2019,10–20 kW,Sungrow,474.76,35,13.564571428571428
2019-01,2019,10–20 kW,WEG,196.74,12,16.395
2019-01,2019,10–20 kW,WEG (Huawei),105.4,7,15.057142857142859
2019-01,2019,20–75 kW,ABB/FIMER,1798.1100000000001,48,37.460625
2019-01,2019,20–75 kW,APsystems,48.0,2,24.0
2019-01,2019,20–75 kW,B&B POWER,344.43,8,43.05375
2019-01,2019,20–75 kW,Canadian Solar,1785.17,54,33.058703703703706
2019-01,2019,20–75 kW,Elgin,64.0,1,64.0
2019-01,2019,20–75 kW,Fronius,6579.38,179,36.756312849162015
2019-01,2019,20–75 kW,Goodwe,175.0,3,58.333333333333336
2019-01,2019,20–75 kW,Growatt,353.72,9,39.30222222222223
2019-01,2019,20–75 kW,Hoymiles,67.0,2,33.5
2019-01,2019,20–75 kW,Huawei,1350.7,33,40.93030303030303
2019-01,2019,20–75 kW,Ingeteam,66.0,1,66.0
2019-01,2019,20–75 kW,Kstar,760.0,17,44.705882352941174
2019-01,2019,20–75 kW,Não informado,1232.67,30,41.089000000000006
2019-01,2019,20–75 kW,Outros,1443.04,35,41.22971428571429
2019-01,2019,20–75 kW,PHB,1383.89,38,36.418157894736844
2019-01,2019,20–75 kW,Refusol,286.0,8,35.75
2019-01,2019,20–75 kW,Renovigi,1083.3,29,37.3551724137931
2019-01,2019,20–75 kW,SAJ,80.0,2,40.0
2019-01,2019,20–75 kW,SMA,350.64,9,38.96
2019-01,2019,20–75 kW,Sofar Solar,792.98,21,37.76095238095238
2019-01,2019,20–75 kW,SolarEdge,290.3,8,36.2875
2019-01,2019,20–75 kW,Solis (Ginlong),145.2,3,48.4
2019-01,2019,20–75 kW,Sungrow,3916.1,90,43.51222222222222
2019-01,2019,20–75 kW,WEG,1145.14,28,40.89785714285715
2019-01,2019,20–75 kW,WEG (Huawei),109.0,2,54.5
2019-01,2019,75–300 kW,ABB/FIMER,1709.77,10,170.977
2019-01,2019,75–300 kW,B&B POWER,178.2,1,178.2
2019-01,2019,75–300 kW,Canadian Solar,200.0,1,200.0
2019-01,2019,75–300 kW,Fronius,1136.5,9,126.27777777777777
2019-01,2019,75–300 kW,Huawei,186.7,2,93.35
2019-01,2019,75–300 kW,Ingeteam,100.0,1,100.0
2019-01,2019,75–300 kW,Kstar,332.0,3,110.66666666666667
2019-01,2019,75–300 kW,Outros,625.5,4,156.375
2019-01,2019,75–300 kW,Refusol,200.0,2,100.0
2019-01,2019,75–300 kW,Renovigi,404.32,3,134.77333333333334
2019-01,2019,75–300 kW,SMA,100.0,1,100.0
2019-01,2019,75–300 kW,Solis (Ginlong),184.0,2,92.0
2019-01,2019,75–300 kW,Sungrow,953.0,6,158.83333333333334
2019-01,2019,75–300 kW,WEG,180.0,2,90.0
2019-01,2019,75–300 kW,WEG (Huawei),102.0,1,102.0
2019-01,2019,300 kW–1 MW,ABB/FIMER,360.0,1,360.0
2019-01,2019,300 kW–1 MW,Não informado,500.0,1,500.0
2019-01,2019,300 kW–1 MW,Outros,1924.0,2,962.0
2019-01,2019,300 kW–1 MW,Refusol,393.0,1,393.0
2019-01,2019,300 kW–1 MW,Sungrow,1230.0,2,615.0
2019-01,2019,1–5 MW,ABB/FIMER,1860.0,1,1860.0
2019-01,2019,1–5 MW,Outros,1108.8,1,1108.8
2019-02,2019,≤10 kW,ABB/FIMER,1034.59,214,4.8345327102803735
2019-02,2019,≤10 kW,APsystems,674.91,234,2.884230769230769
2019-02,2019,≤10 kW,B&B POWER,292.11,69,4.233478260869566
2019-02,2019,≤10 kW,BYD,21.38,5,4.276
2019-02,2019,≤10 kW,Canadian Solar,2732.2400000000002,761,3.5903285151116955
2019-02,2019,≤10 kW,Deye,21.4,3,7.133333333333333
2019-02,2019,≤10 kW,Ecosolys,119.7,57,2.1
2019-02,2019,≤10 kW,Elgin,2.88,1,2.88
2019-02,2019,≤10 kW,Foxess,7.88,1,7.88
2019-02,2019,≤10 kW,Fronius,6505.5599999999995,1131,5.752042440318302
2019-02,2019,≤10 kW,Goodwe,10.0,1,10.0
2019-02,2019,≤10 kW,Growatt,811.1,175,4.634857142857143
2019-02,2019,≤10 kW,Hoymiles,105.67,40,2.64175
2019-02,2019,≤10 kW,Huawei,346.94,75,4.625866666666667
2019-02,2019,≤10 kW,Ingeteam,52.49,11,4.771818181818182
2019-02,2019,≤10 kW,Intelbras,23.240000000000002,3,7.746666666666667
2019-02,2019,≤10 kW,Kstar,138.21,30,4.607
2019-02,2019,≤10 kW,NEP,15.98,11,1.4527272727272729
2019-02,2019,≤10 kW,Não informado,590.98,124,4.7659677419354844
2019-02,2019,≤10 kW,Outros,1400.61,318,4.404433962264151
2019-02,2019,≤10 kW,PHB,1508.48,335,4.502925373134328
2019-02,2019,≤10 kW,Refusol,14.32,4,3.58
2019-02,2019,≤10 kW,Renac,8.0,1,8.0
2019-02,2019,≤10 kW,Renovigi,1519.7,394,3.8571065989847715
2019-02,2019,≤10 kW,SAJ,45.48,7,6.497142857142856
2019-02,2019,≤10 kW,SMA,376.88,92,4.096521739130435
2019-02,2019,≤10 kW,Sofar Solar,474.29,91,5.211978021978022
2019-02,2019,≤10 kW,SolarEdge,3.0,2,1.5
2019-02,2019,≤10 kW,Solax Power,14.5,2,7.25
2019-02,2019,≤10 kW,Solis (Ginlong),354.68,73,4.858630136986301
2019-02,2019,≤10 kW,Sungrow,1069.31,256,4.1769921875
2019-02,2019,≤10 kW,WEG,790.12,183,4.317595628415301
2019-02,2019,≤10 kW,WEG (Huawei),163.32,30,5.444
2019-02,2019,10–20 kW,ABB/FIMER,1024.32,62,16.521290322580644
2019-02,2019,10–20 kW,APsystems,164.28,11,14.934545454545455
2019-02,2019,10–20 kW,B&B POWER,251.71,14,17.979285714285716
2019-02,2019,10–20 kW,Canadian Solar,238.66,16,14.91625
2019-02,2019,10–20 kW,Chint,20.0,1,20.0
2019-02,2019,10–20 kW,Fronius,4013.08,269,14.918513011152417
2019-02,2019,10–20 kW,Goodwe,15.8,1,15.8
2019-02,2019,10–20 kW,Growatt,356.85,22,16.220454545454547
2019-02,2019,10–20 kW,Hoymiles,42.5,3,14.166666666666666
2019-02,2019,10–20 kW,Huawei,353.23,22,16.055909090909093
2019-02,2019,10–20 kW,Ingeteam,20.0,1,20.0
2019-02,2019,10–20 kW,Kstar,182.55,12,15.2125
2019-02,2019,10–20 kW,Não informado,402.34999999999997,27,14.90185185185185
2019-02,2019,10–20 kW,Outros,718.64,50,14.3728
2019-02,2019,10–20 kW,PHB,637.22,40,15.9305
2019-02,2019,10–20 kW,Refusol,165.32,10,16.532
2019-02,2019,10–20 kW,Renovigi,529.41,35,15.126
2019-02,2019,10–20 kW,SAJ,18.36,1,18.36
2019-02,2019,10–20 kW,SMA,154.0,10,15.4
2019-02,2019,10–20 kW,Sofar Solar,204.88,13,15.76
2019-02,2019,10–20 kW,SolarEdge,106.12,7,15.16
2019-02,2019,10–20 kW,Solax Power,15.6,1,15.6
2019-02,2019,10–20 kW,Sungrow,425.69,33,12.89969696969697
2019-02,2019,10–20 kW,Tsun,12.0,1,12.0
2019-02,2019,10–20 kW,WEG,343.1,21,16.33809523809524
2019-02,2019,10–20 kW,WEG (Huawei),108.88,7,15.554285714285713
2019-02,2019,20–75 kW,ABB/FIMER,2770.7,63,43.979365079365074
2019-02,2019,20–75 kW,APsystems,610.8199999999999,17,35.93058823529412
2019-02,2019,20–75 kW,B&B POWER,92.6,3,30.866666666666664
2019-02,2019,20–75 kW,Canadian Solar,2579.82,77,33.50415584415585
2019-02,2019,20–75 kW,Chint,65.0,2,32.5
2019-02,2019,20–75 kW,Deye,74.58,1,74.58
2019-02,2019,20–75 kW,Ecosolys,53.1,2,26.55
2019-02,2019,20–75 kW,Elgin,51.2,1,51.2
2019-02,2019,20–75 kW,Fronius,7113.85,195,36.48128205128205
2019-02,2019,20–75 kW,GE,21.12,1,21.12
2019-02,2019,20–75 kW,Goodwe,74.0,2,37.0
2019-02,2019,20–75 kW,Growatt,979.23,27,36.26777777777778
2019-02,2019,20–75 kW,Hoymiles,60.0,2,30.0
2019-02,2019,20–75 kW,Huawei,1766.94,42,42.07
2019-02,2019,20–75 kW,Kstar,964.34,21,45.920952380952386
2019-02,2019,20–75 kW,Não informado,1016.36,25,40.6544
2019-02,2019,20–75 kW,Outros,2590.94,62,41.78935483870968
2019-02,2019,20–75 kW,PHB,1763.14,48,36.732083333333335
2019-02,2019,20–75 kW,Refusol,308.66,9,34.29555555555556
2019-02,2019,20–75 kW,Renovigi,940.71,25,37.6284
2019-02,2019,20–75 kW,SAJ,200.52,5,40.104
2019-02,2019,20–75 kW,SMA,716.56,17,42.150588235294116
2019-02,2019,20–75 kW,Sofar Solar,1428.1299999999999,32,44.629062499999996
2019-02,2019,20–75 kW,SolarEdge,371.93,11,33.81181818181818
2019-02,2019,20–75 kW,Solis (Ginlong),597.0,14,42.642857142857146
2019-02,2019,20–75 kW,Solplanet,66.98,2,33.49
2019-02,2019,20–75 kW,Sungrow,4123.77,90,45.81966666666667
2019-02,2019,20–75 kW,WEG,758.41,20,37.9205
2019-02,2019,20–75 kW,WEG (Huawei),147.47,4,36.8675
2019-02,2019,75–300 kW,ABB/FIMER,2016.9,14,144.06428571428572
2019-02,2019,75–300 kW,Canadian Solar,280.0,3,93.33333333333333
2019-02,2019,75–300 kW,Chint,120.0,1,120.0
2019-02,2019,75–300 kW,Fronius,1311.65,9,145.7388888888889
2019-02,2019,75–300 kW,Growatt,99.0,1,99.0
2019-02,2019,75–300 kW,Huawei,120.0,1,120.0
2019-02,2019,75–300 kW,Não informado,100.0,1,100.0
2019-02,2019,75–300 kW,Outros,618.0,6,103.0
2019-02,2019,75–300 kW,PHB,180.0,1,180.0
2019-02,2019,75–300 kW,Renovigi,631.42,5,126.28399999999999
2019-02,2019,75–300 kW,SMA,970.0,6,161.66666666666666
2019-02,2019,75–300 kW,Sofar Solar,326.0,3,108.66666666666667
2019-02,2019,75–300 kW,Solis (Ginlong),180.0,1,180.0
2019-02,2019,75–300 kW,Sungrow,1161.05,9,129.00555555555556
2019-02,2019,75–300 kW,WEG,162.0,2,81.0
2019-02,2019,300 kW–1 MW,ABB/FIMER,400.0,1,400.0
2019-02,2019,300 kW–1 MW,Outros,1864.0,2,932.0
2019-02,2019,300 kW–1 MW,Sineng,5000.0,5,1000.0
2019-03,2019,≤10 kW,ABB/FIMER,927.28,185,5.012324324324324
2019-03,2019,≤10 kW,APsystems,532.52,198,2.6894949494949496
2019-03,2019,≤10 kW,B&B POWER,224.47,54,4.156851851851852
2019-03,2019,≤10 kW,BYD,1.0,1,1.0
2019-03,2019,≤10 kW,Bedin Solar,7.67,2,3.835
2019-03,2019,≤10 kW,Canadian Solar,2648.07,700,3.782957142857143
2019-03,2019,≤10 kW,Deye,17.5,4,4.375
2019-03,2019,≤10 kW,Ecosolys,103.08,46,2.240869565217391
2019-03,2019,≤10 kW,Elgin,34.57,8,4.32125
2019-03,2019,≤10 kW,Fronius,6266.34,1107,5.6606504065040655
2019-03,2019,≤10 kW,Goodwe,8.85,2,4.425
2019-03,2019,≤10 kW,Growatt,683.86,166,4.119638554216867
2019-03,2019,≤10 kW,Hoymiles,96.99,33,2.939090909090909
2019-03,2019,≤10 kW,Huawei,325.57,74,4.3995945945945945
2019-03,2019,≤10 kW,Ingeteam,40.8,8,5.1
2019-03,2019,≤10 kW,Intelbras,40.0,4,10.0
2019-03,2019,≤10 kW,Kstar,132.03,29,4.552758620689655
2019-03,2019,≤10 kW,NEP,14.78,8,1.8475
2019-03,2019,≤10 kW,Não informado,736.56,154,4.782857142857143
2019-03,2019,≤10 kW,Outros,1266.92,279,4.540931899641578
2019-03,2019,≤10 kW,PHB,1541.03,325,4.7416307692307695
2019-03,2019,≤10 kW,Refusol,14.1,2,7.05
2019-03,2019,≤10 kW,Renovigi,1186.97,338,3.5117455621301774
2019-03,2019,≤10 kW,SAJ,25.54,4,6.385
2019-03,2019,≤10 kW,SHENZHEN,6.0,1,6.0
2019-03,2019,≤10 kW,SMA,538.78,137,3.932700729927007
2019-03,2019,≤10 kW,Sofar Solar,497.42,95,5.236
2019-03,2019,≤10 kW,SolarEdge,3.3,1,3.3
2019-03,2019,≤10 kW,Solax Power,0.27,1,0.27
2019-03,2019,≤10 kW,Solis (Ginlong),875.48,173,5.060578034682081
2019-03,2019,≤10 kW,Sungrow,1115.28,251,4.443346613545817
2019-03,2019,≤10 kW,WEG,794.14,178,4.461460674157303
2019-03,2019,≤10 kW,WEG (Huawei),150.56,34,4.4282352941176475
2019-03,2019,10–20 kW,ABB/FIMER,665.37,42,15.842142857142857
2019-03,2019,10–20 kW,APsystems,171.68,12,14.306666666666667
2019-03,2019,10–20 kW,B&B POWER,135.62,8,16.9525
2019-03,2019,10–20 kW,Canadian Solar,463.23,30,15.441
2019-03,2019,10–20 kW,Deye,14.0,1,14.0
2019-03,2019,10–20 kW,Ecosolys,80.0,4,20.0
2019-03,2019,10–20 kW,Elgin,15.36,1,15.36
2019-03,2019,10–20 kW,Fronius,3925.23,267,14.70123595505618
2019-03,2019,10–20 kW,Goodwe,17.0,1,17.0
2019-03,2019,10–20 kW,Growatt,360.01,22,16.36409090909091
2019-03,2019,10–20 kW,Hoymiles,83.8,6,13.966666666666667
2019-03,2019,10–20 kW,Huawei,463.83,30,15.461
2019-03,2019,10–20 kW,Hypontech,11.22,1,11.22
2019-03,2019,10–20 kW,Ingeteam,47.0,3,15.666666666666666
2019-03,2019,10–20 kW,Kstar,137.92,10,13.791999999999998
2019-03,2019,10–20 kW,Não informado,534.81,36,14.855833333333331
2019-03,2019,10–20 kW,Outros,557.96,35,15.941714285714287
2019-03,2019,10–20 kW,PHB,625.05,38,16.448684210526313
2019-03,2019,10–20 kW,Refusol,134.78,10,13.478
2019-03,2019,10–20 kW,Renovigi,379.98,24,15.832500000000001
2019-03,2019,10–20 kW,SAJ,91.14,6,15.19
2019-03,2019,10–20 kW,SMA,168.51,11,15.319090909090908
2019-03,2019,10–20 kW,Sofar Solar,331.14,21,15.768571428571429
2019-03,2019,10–20 kW,SolarEdge,133.7,8,16.7125
2019-03,2019,10–20 kW,Solax Power,17.0,1,17.0
2019-03,2019,10–20 kW,Solis (Ginlong),119.4,7,17.057142857142857
2019-03,2019,10–20 kW,Solplanet,15.96,1,15.96
2019-03,2019,10–20 kW,Sungrow,431.01,31,13.903548387096773
2019-03,2019,10–20 kW,WEG,448.75,27,16.62037037037037
2019-03,2019,10–20 kW,WEG (Huawei),118.73,8,14.84125
2019-03,2019,20–75 kW,ABB/FIMER,2170.53,52,41.74096153846154
2019-03,2019,20–75 kW,APsystems,589.1,17,34.65294117647059
2019-03,2019,20–75 kW,B&B POWER,240.5,8,30.0625
2019-03,2019,20–75 kW,Canadian Solar,4247.03,118,35.99177966101695
2019-03,2019,20–75 kW,Chint,90.0,2,45.0
2019-03,2019,20–75 kW,Ecosolys,139.7,4,34.925
2019-03,2019,20–75 kW,Elgin,76.80000000000001,2,38.400000000000006
2019-03,2019,20–75 kW,Fronius,9182.86,230,39.92547826086957
2019-03,2019,20–75 kW,Goodwe,160.0,3,53.333333333333336
2019-03,2019,20–75 kW,Growatt,1614.54,37,43.63621621621621
2019-03,2019,20–75 kW,Hoymiles,118.0,4,29.5
2019-03,2019,20–75 kW,Huawei,1379.81,38,36.31078947368421
2019-03,2019,20–75 kW,Ingeteam,246.0,6,41.0
2019-03,2019,20–75 kW,Kstar,460.44,11,41.85818181818182
2019-03,2019,20–75 kW,Não informado,1748.79,44,39.74522727272727
2019-03,2019,20–75 kW,Outros,2540.1,61,41.64098360655738
2019-03,2019,20–75 kW,PHB,1294.05,35,36.972857142857144
2019-03,2019,20–75 kW,Refusol,467.7,15,31.18
2019-03,2019,20–75 kW,Renovigi,1849.86,50,36.9972
2019-03,2019,20–75 kW,SAJ,468.56,12,39.04666666666667
2019-03,2019,20–75 kW,SMA,1103.16,25,44.126400000000004
2019-03,2019,20–75 kW,Sofar Solar,1540.1200000000001,38,40.52947368421053
2019-03,2019,20–75 kW,SolarEdge,455.5,12,37.958333333333336
2019-03,2019,20–75 kW,Solax Power,66.7,1,66.7
2019-03,2019,20–75 kW,Solis (Ginlong),2029.6,46,44.12173913043478
2019-03,2019,20–75 kW,Solplanet,21.0,1,21.0
2019-03,2019,20–75 kW,Sungrow,4805.28,110,43.684363636363635
2019-03,2019,20–75 kW,WEG,1417.26,37,38.30432432432433
2019-03,2019,20–75 kW,WEG (Huawei),423.25,9,47.02777777777778
2019-03,2019,75–300 kW,ABB/FIMER,1024.2,5,204.84
2019-03,2019,75–300 kW,Fronius,944.84,9,104.98222222222222
2019-03,2019,75–300 kW,Growatt,443.0,2,221.5
2019-03,2019,75–300 kW,Huawei,675.0,6,112.5
2019-03,2019,75–300 kW,Não informado,360.0,2,180.0
2019-03,2019,75–300 kW,Outros,774.33,8,96.79125
2019-03,2019,75–300 kW,PHB,119.0,1,119.0
2019-03,2019,75–300 kW,Refusol,280.0,1,280.0
2019-03,2019,75–300 kW,Renovigi,217.0,2,108.5
2019-03,2019,75–300 kW,SAJ,90.0,1,90.0
2019-03,2019,75–300 kW,SMA,312.0,3,104.0
2019-03,2019,75–300 kW,Sungrow,1092.61,9,121.4011111111111
2019-03,2019,300 kW–1 MW,Outros,316.01,1,316.01
2019-03,2019,300 kW–1 MW,SMA,1000.0,1,1000.0
2019-03,2019,300 kW–1 MW,Sungrow,500.0,1,500.0
2019-03,2019,1–5 MW,Huawei,1920.0,1,1920.0
2019-03,2019,1–5 MW,Sungrow,2500.0,1,2500.0
2019-04,2019,≤10 kW,ABB/FIMER,1065.35,223,4.777354260089686
2019-04,2019,≤10 kW,APsystems,717.46,240,2.9894166666666666
2019-04,2019,≤10 kW,B&B POWER,210.1,55,3.82
2019-04,2019,≤10 kW,BYD,15.7,4,3.925
2019-04,2019,≤10 kW,Bedin Solar,32.6,7,4.6571428571428575
2019-04,2019,≤10 kW,Canadian Solar,2631.09,729,3.6091769547325105
2019-04,2019,≤10 kW,Chint,6.0,2,3.0
2019-04,2019,≤10 kW,Deye,54.79,10,5.479
2019-04,2019,≤10 kW,Ecosolys,140.82,58,2.4279310344827585
2019-04,2019,≤10 kW,Elgin,18.0,5,3.6
2019-04,2019,≤10 kW,Fronius,8926.91,1503,5.939394544244844
2019-04,2019,≤10 kW,Goodwe,25.37,4,6.3425
2019-04,2019,≤10 kW,Growatt,748.17,170,4.401
2019-04,2019,≤10 kW,Hoymiles,220.17,82,2.685
2019-04,2019,≤10 kW,Huawei,590.99,119,4.966302521008403
2019-04,2019,≤10 kW,Ingeteam,87.31,17,5.135882352941176
2019-04,2019,≤10 kW,Intelbras,43.3,6,7.216666666666666
2019-04,2019,≤10 kW,Komeco,5.0,1,5.0
2019-04,2019,≤10 kW,Kstar,178.0,39,4.564102564102564
2019-04,2019,≤10 kW,NEP,24.99,14,1.785
2019-04,2019,≤10 kW,Não informado,1001.0,211,4.7440758293838865
2019-04,2019,≤10 kW,Outros,1761.13,386,4.562512953367876
2019-04,2019,≤10 kW,PHB,1854.71,405,4.5795308641975305
2019-04,2019,≤10 kW,Refusol,19.69,4,4.9225
2019-04,2019,≤10 kW,Renovigi,1446.05,397,3.6424433249370276
2019-04,2019,≤10 kW,SAJ,32.36,5,6.4719999999999995
2019-04,2019,≤10 kW,SHENZHEN,10.4,2,5.2
2019-04,2019,≤10 kW,SMA,981.93,219,4.483698630136986
2019-04,2019,≤10 kW,Sofar Solar,967.57,188,5.146648936170213
2019-04,2019,≤10 kW,SolarEdge,18.240000000000002,2,9.120000000000001
2019-04,2019,≤10 kW,Solax Power,17.42,2,8.71
2019-04,2019,≤10 kW,Solis (Ginlong),1416.15,277,5.11245487364621
2019-04,2019,≤10 kW,Sungrow,1433.94,326,4.398588957055215
2019-04,2019,≤10 kW,TSUNESS,9.0,1,9.0
2019-04,2019,≤10 kW,WEG,1129.14,242,4.665867768595041
2019-04,2019,≤10 kW,WEG (Huawei),370.27,84,4.40797619047619
2019-04,2019,10–20 kW,ABB/FIMER,703.33,44,15.984772727272729
2019-04,2019,10–20 kW,APsystems,238.1,16,14.88125
2019-04,2019,10–20 kW,B&B POWER,103.43,7,14.775714285714287
2019-04,2019,10–20 kW,BYD,20.0,1,20.0
2019-04,2019,10–20 kW,Bedin Solar,20.0,1,20.0
2019-04,2019,10–20 kW,Canadian Solar,218.32,14,15.594285714285714
2019-04,2019,10–20 kW,Ecosolys,60.730000000000004,4,15.182500000000001
2019-04,2019,10–20 kW,Elgin,30.72,2,15.36
2019-04,2019,10–20 kW,Fronius,5627.03,384,14.653723958333332
2019-04,2019,10–20 kW,Goodwe,51.13,4,12.7825
2019-04,2019,10–20 kW,Growatt,420.6,28,15.021428571428572
2019-04,2019,10–20 kW,Hoymiles,41.4,3,13.799999999999999
2019-04,2019,10–20 kW,Huawei,908.41,59,15.396779661016948
2019-04,2019,10–20 kW,Ingeteam,20.0,1,20.0
2019-04,2019,10–20 kW,Kstar,202.52,16,12.6575
2019-04,2019,10–20 kW,NEP,16.0,1,16.0
2019-04,2019,10–20 kW,Não informado,594.18,39,15.235384615384614
2019-04,2019,10–20 kW,Outros,649.08,41,15.831219512195123
2019-04,2019,10–20 kW,PHB,641.96,39,16.46051282051282
2019-04,2019,10–20 kW,Refusol,162.02,10,16.202
2019-04,2019,10–20 kW,Renovigi,780.13,47,16.59851063829787
2019-04,2019,10–20 kW,SAJ,105.2,7,15.028571428571428
2019-04,2019,10–20 kW,SHENZHEN,44.0,3,14.666666666666666
2019-04,2019,10–20 kW,SMA,132.61,9,14.734444444444446
2019-04,2019,10–20 kW,Sofar Solar,443.15,29,15.28103448275862
2019-04,2019,10–20 kW,SolarEdge,182.42,12,15.201666666666666
2019-04,2019,10–20 kW,Solis (Ginlong),215.03,14,15.359285714285715
2019-04,2019,10–20 kW,Sungrow,956.2,65,14.710769230769232
2019-04,2019,10–20 kW,WEG,550.46,37,14.877297297297298
2019-04,2019,10–20 kW,WEG (Huawei),219.39,16,13.711875
2019-04,2019,20–75 kW,ABB/FIMER,2645.11,64,41.32984375
2019-04,2019,20–75 kW,APsystems,498.4,12,41.53333333333333
2019-04,2019,20–75 kW,B&B POWER,86.4,3,28.8
2019-04,2019,20–75 kW,Bedin Solar,50.0,1,50.0
2019-04,2019,20–75 kW,Canadian Solar,3153.2,84,37.53809523809524
2019-04,2019,20–75 kW,Deye,40.0,1,40.0
2019-04,2019,20–75 kW,Fronius,10679.37,286,37.34045454545455
2019-04,2019,20–75 kW,Goodwe,227.0,5,45.4
2019-04,2019,20–75 kW,Growatt,1802.58,45,40.05733333333333
2019-04,2019,20–75 kW,Hoymiles,262.0,6,43.666666666666664
2019-04,2019,20–75 kW,Huawei,2153.15,58,37.123275862068965
2019-04,2019,20–75 kW,Ingeteam,227.3,4,56.825
2019-04,2019,20–75 kW,Intelbras,30.0,1,30.0
2019-04,2019,20–75 kW,Kstar,696.1899999999999,18,38.67722222222222
2019-04,2019,20–75 kW,NEP,24.0,1,24.0
2019-04,2019,20–75 kW,Não informado,1774.23,38,46.69026315789474
2019-04,2019,20–75 kW,Outros,3967.82,95,41.76652631578948
2019-04,2019,20–75 kW,PHB,2556.87,69,37.05608695652174
2019-04,2019,20–75 kW,Refusol,357.29,12,29.77416666666667
2019-04,2019,20–75 kW,Renovigi,2228.07,58,38.415000000000006
2019-04,2019,20–75 kW,SAJ,314.0,8,39.25
2019-04,2019,20–75 kW,SHENZHEN,25.0,1,25.0
2019-04,2019,20–75 kW,SMA,2774.03,66,42.030757575757576
2019-04,2019,20–75 kW,Sofar Solar,4430.54,99,44.752929292929295
2019-04,2019,20–75 kW,SolarEdge,188.44,5,37.688
2019-04,2019,20–75 kW,Solis (Ginlong),1548.32,35,44.23771428571428
2019-04,2019,20–75 kW,Sungrow,6439.97,141,45.67354609929078
2019-04,2019,20–75 kW,WEG,1948.68,45,43.304
2019-04,2019,20–75 kW,WEG (Huawei),444.0,11,40.36363636363637
2019-04,2019,75–300 kW,ABB/FIMER,822.8,7,117.54285714285713
2019-04,2019,75–300 kW,Fronius,1405.0,12,117.08333333333333
2019-04,2019,75–300 kW,Growatt,99.96,1,99.96
2019-04,2019,75–300 kW,Huawei,120.0,1,120.0
2019-04,2019,75–300 kW,Não informado,108.0,1,108.0
2019-04,2019,75–300 kW,Outros,829.2,5,165.84
2019-04,2019,75–300 kW,PHB,170.0,2,85.0
2019-04,2019,75–300 kW,Refusol,220.0,2,110.0
2019-04,2019,75–300 kW,Renovigi,80.0,1,80.0
2019-04,2019,75–300 kW,SMA,550.0,2,275.0
2019-04,2019,75–300 kW,Solis (Ginlong),300.0,1,300.0
2019-04,2019,75–300 kW,Sungrow,1902.0,12,158.5
2019-04,2019,75–300 kW,WEG (Huawei),132.0,1,132.0
2019-04,2019,300 kW–1 MW,ABB/FIMER,2309.0,4,577.25
2019-04,2019,300 kW–1 MW,Huawei,400.0,1,400.0
2019-04,2019,300 kW–1 MW,Não informado,925.0,2,462.5
2019-04,2019,300 kW–1 MW,Outros,1350.0,2,675.0
2019-05,2019,≤10 kW,ABB/FIMER,1175.48,244,4.817540983606557
2019-05,2019,≤10 kW,APsystems,787.45,271,2.9057195571955723
2019-05,2019,≤10 kW,Auxsol,7.0,1,7.0
2019-05,2019,≤10 kW,B&B POWER,315.09,79,3.9884810126582275
2019-05,2019,≤10 kW,BYD,15.590000000000002,4,3.8975000000000004
2019-05,2019,≤10 kW,Bedin Solar,14.620000000000001,2,7.3100000000000005
2019-05,2019,≤10 kW,Bel Energy,7.779999999999999,2,3.8899999999999997
2019-05,2019,≤10 kW,Canadian Solar,1899.06,534,3.5562921348314607
2019-05,2019,≤10 kW,Chint,28.2,6,4.7
2019-05,2019,≤10 kW,Deye,47.44,8,5.93
2019-05,2019,≤10 kW,Ecosolys,173.7,62,2.801612903225806
2019-05,2019,≤10 kW,Elgin,55.980000000000004,12,4.665
2019-05,2019,≤10 kW,Foxess,3.0,1,3.0
2019-05,2019,≤10 kW,Fronius,10456.13,1801,5.805735702387562
2019-05,2019,≤10 kW,Goodwe,56.25,13,4.326923076923077
2019-05,2019,≤10 kW,Growatt,710.74,162,4.387283950617284
2019-05,2019,≤10 kW,Hoymiles,256.44,96,2.67125
2019-05,2019,≤10 kW,Huawei,683.48,142,4.813239436619718
2019-05,2019,≤10 kW,Ingeteam,56.43,13,4.340769230769231
2019-05,2019,≤10 kW,Intelbras,78.3,9,8.7
2019-05,2019,≤10 kW,Komeco,10.59,4,2.6475
2019-05,2019,≤10 kW,Kstar,279.57,59,4.738474576271186
2019-05,2019,≤10 kW,NEP,19.76,12,1.6466666666666667
2019-05,2019,≤10 kW,Não informado,1955.53,402,4.864502487562189
2019-05,2019,≤10 kW,Outros,1779.3600000000001,427,4.16711943793911
2019-05,2019,≤10 kW,PHB,2216.77,499,4.442424849699399
2019-05,2019,≤10 kW,Refusol,221.5,56,3.955357142857143
2019-05,2019,≤10 kW,Renovigi,1356.32,385,3.5229090909090908
2019-05,2019,≤10 kW,SAJ,42.95,7,6.135714285714286
2019-05,2019,≤10 kW,SMA,1435.16,353,4.065609065155807
2019-05,2019,≤10 kW,Sofar Solar,988.41,184,5.371793478260869
2019-05,2019,≤10 kW,SolarEdge,5.0,1,5.0
2019-05,2019,≤10 kW,Solax Power,8.52,2,4.26
2019-05,2019,≤10 kW,Solis (Ginlong),1557.86,295,5.280881355932203
2019-05,2019,≤10 kW,Sungrow,1713.33,363,4.7199173553719005
2019-05,2019,≤10 kW,WEG,1575.82,340,4.634764705882353
2019-05,2019,≤10 kW,WEG (Huawei),501.73,115,4.362869565217392
2019-05,2019,10–20 kW,ABB/FIMER,623.7,39,15.992307692307694
2019-05,2019,10–20 kW,APsystems,144.76,12,12.063333333333333
2019-05,2019,10–20 kW,B&B POWER,69.82,4,17.455
2019-05,2019,10–20 kW,Canadian Solar,108.08,7,15.44
2019-05,2019,10–20 kW,Chint,15.0,1,15.0
2019-05,2019,10–20 kW,Deye,14.53,1,14.53
2019-05,2019,10–20 kW,Ecosolys,140.0,7,20.0
2019-05,2019,10–20 kW,Fronius,5659.71,386,14.662461139896374
2019-05,2019,10–20 kW,GE,15.2,1,15.2
2019-05,2019,10–20 kW,Goodwe,93.47,6,15.578333333333333
2019-05,2019,10–20 kW,Growatt,335.05,23,14.567391304347826
2019-05,2019,10–20 kW,Hoymiles,61.3,4,15.325
2019-05,2019,10–20 kW,Huawei,700.37,47,14.901489361702128
2019-05,2019,10–20 kW,Ingeteam,15.0,1,15.0
2019-05,2019,10–20 kW,Intelbras,26.45,2,13.225
2019-05,2019,10–20 kW,Kstar,349.15999999999997,23,15.18086956521739
2019-05,2019,10–20 kW,NEP,15.0,1,15.0
2019-05,2019,10–20 kW,Não informado,1140.03,74,15.405810810810811
2019-05,2019,10–20 kW,Outros,646.8199999999999,43,15.042325581395348
2019-05,2019,10–20 kW,PHB,751.0600000000001,47,15.98
2019-05,2019,10–20 kW,Refusol,212.32,15,14.154666666666666
2019-05,2019,10–20 kW,Renovigi,593.93,36,16.498055555555553
2019-05,2019,10–20 kW,SAJ,55.0,3,18.333333333333332
2019-05,2019,10–20 kW,SHENZHEN,32.0,2,16.0
2019-05,2019,10–20 kW,SMA,186.98,13,14.383076923076922
2019-05,2019,10–20 kW,Sofar Solar,559.14,35,15.975428571428571
2019-05,2019,10–20 kW,SolarEdge,241.2,15,16.08
2019-05,2019,10–20 kW,Solax Power,14.52,1,14.52
2019-05,2019,10–20 kW,Solis (Ginlong),200.44,14,14.317142857142857
2019-05,2019,10–20 kW,Solplanet,11.6,1,11.6
2019-05,2019,10–20 kW,Sungrow,1635.15,99,16.51666666666667
2019-05,2019,10–20 kW,WEG,463.39,30,15.446333333333333
2019-05,2019,10–20 kW,WEG (Huawei),250.15,18,13.897222222222222
2019-05,2019,20–75 kW,ABB/FIMER,1980.6100000000001,51,38.83549019607843
2019-05,2019,20–75 kW,APsystems,373.12,10,37.312
2019-05,2019,20–75 kW,B&B POWER,156.2,5,31.24
2019-05,2019,20–75 kW,Bel Energy,25.0,1,25.0
2019-05,2019,20–75 kW,Canadian Solar,2254.67,61,36.96180327868853
2019-05,2019,20–75 kW,Chint,25.0,1,25.0
2019-05,2019,20–75 kW,Deye,139.5,3,46.5
2019-05,2019,20–75 kW,Ecosolys,80.0,2,40.0
2019-05,2019,20–75 kW,Empalux,75.0,1,75.0
2019-05,2019,20–75 kW,Fronius,12219.33,312,39.16451923076923
2019-05,2019,20–75 kW,Goodwe,91.0,3,30.333333333333332
2019-05,2019,20–75 kW,Growatt,1399.81,36,38.88361111111111
2019-05,2019,20–75 kW,Hoymiles,314.0,8,39.25
2019-05,2019,20–75 kW,Huawei,2684.32,65,41.29723076923077
2019-05,2019,20–75 kW,Ingeteam,73.0,1,73.0
2019-05,2019,20–75 kW,Komeco,30.0,1,30.0
2019-05,2019,20–75 kW,Kstar,801.73,18,44.54055555555556
2019-05,2019,20–75 kW,NEP,50.0,1,50.0
2019-05,2019,20–75 kW,Não informado,2444.93,61,40.08081967213114
2019-05,2019,20–75 kW,Outros,3590.3,83,43.2566265060241
2019-05,2019,20–75 kW,PHB,2300.43,58,39.66258620689655
2019-05,2019,20–75 kW,Refusol,809.2,23,35.18260869565218
2019-05,2019,20–75 kW,Renovigi,2260.4,58,38.97241379310345
2019-05,2019,20–75 kW,SAJ,408.28,8,51.035
2019-05,2019,20–75 kW,SHENZHEN,80.0,2,40.0
2019-05,2019,20–75 kW,SMA,2544.93,64,39.76453125
2019-05,2019,20–75 kW,Sofar Solar,2316.86,59,39.268813559322034
2019-05,2019,20–75 kW,SolarEdge,726.66,15,48.443999999999996
2019-05,2019,20–75 kW,Solax Power,36.0,1,36.0
2019-05,2019,20–75 kW,Solis (Ginlong),1288.79,29,44.44103448275862
2019-05,2019,20–75 kW,Solplanet,22.0,1,22.0
2019-05,2019,20–75 kW,Sungrow,7430.18,162,45.86530864197531
2019-05,2019,20–75 kW,WEG,2610.12,55,47.45672727272727
2019-05,2019,20–75 kW,WEG (Huawei),507.9,11,46.17272727272727
2019-05,2019,75–300 kW,ABB/FIMER,1091.46,10,109.146
2019-05,2019,75–300 kW,APsystems,100.0,1,100.0
2019-05,2019,75–300 kW,Chint,100.0,1,100.0
2019-05,2019,75–300 kW,Fronius,1409.74,11,128.15818181818182
2019-05,2019,75–300 kW,Goodwe,120.0,1,120.0
2019-05,2019,75–300 kW,Growatt,240.0,1,240.0
2019-05,2019,75–300 kW,Huawei,770.95,6,128.49166666666667
2019-05,2019,75–300 kW,Ingeteam,110.0,1,110.0
2019-05,2019,75–300 kW,Não informado,682.0,5,136.4
2019-05,2019,75–300 kW,Outros,857.29,7,122.47
2019-05,2019,75–300 kW,Refusol,80.0,1,80.0
2019-05,2019,75–300 kW,Renovigi,362.0,2,181.0
2019-05,2019,75–300 kW,SAJ,112.0,1,112.0
2019-05,2019,75–300 kW,SMA,286.2,3,95.39999999999999
2019-05,2019,75–300 kW,SolarEdge,100.0,1,100.0
2019-05,2019,75–300 kW,Solis (Ginlong),200.0,1,200.0
2019-05,2019,75–300 kW,Sungrow,890.0,7,127.14285714285714
2019-05,2019,75–300 kW,WEG,468.0,4,117.0
2019-05,2019,300 kW–1 MW,ABB/FIMER,399.96,1,399.96
2019-05,2019,300 kW–1 MW,Huawei,396.0,1,396.0
2019-05,2019,300 kW–1 MW,Outros,1950.0,2,975.0
2019-05,2019,300 kW–1 MW,Sungrow,1000.0,1,1000.0
2019-05,2019,1–5 MW,Huawei,4920.0,1,4920.0
2019-06,2019,≤10 kW,ABB/FIMER,968.04,200,4.840199999999999
2019-06,2019,≤10 kW,APsystems,922.38,283,3.2592932862190813
2019-06,2019,≤10 kW,B&B POWER,259.37,73,3.553013698630137
2019-06,2019,≤10 kW,BYD,15.5,5,3.1
2019-06,2019,≤10 kW,Bedin Solar,7.63,1,7.63
2019-06,2019,≤10 kW,Canadian Solar,1048.0,286,3.664335664335664
2019-06,2019,≤10 kW,Chint,18.72,5,3.7439999999999998
2019-06,2019,≤10 kW,Deye,27.4,7,3.914285714285714
2019-06,2019,≤10 kW,Ecosolys,200.08,70,2.8582857142857145
2019-06,2019,≤10 kW,Elgin,30.89,7,4.412857142857143
2019-06,2019,≤10 kW,Fronius,9206.31,1602,5.746760299625468
2019-06,2019,≤10 kW,Goodwe,117.47,23,5.107391304347826
2019-06,2019,≤10 kW,Growatt,705.85,154,4.583441558441558
2019-06,2019,≤10 kW,Hoymiles,290.84,92,3.1613043478260865
2019-06,2019,≤10 kW,Huawei,578.1899999999999,122,4.739262295081967
2019-06,2019,≤10 kW,Hypontech,3.85,1,3.85
2019-06,2019,≤10 kW,Ingeteam,47.86,10,4.786
2019-06,2019,≤10 kW,Intelbras,100.81,18,5.600555555555555
2019-06,2019,≤10 kW,Komeco,22.96,6,3.8266666666666667
2019-06,2019,≤10 kW,Kstar,139.18,31,4.489677419354839
2019-06,2019,≤10 kW,NEP,31.6,8,3.95
2019-06,2019,≤10 kW,Não informado,1145.81,226,5.0699557522123895
2019-06,2019,≤10 kW,Outros,1754.89,383,4.581958224543081
2019-06,2019,≤10 kW,PHB,1734.99,387,4.483178294573643
2019-06,2019,≤10 kW,Refusol,998.75,225,4.438888888888889
2019-06,2019,≤10 kW,Renovigi,1826.42,442,4.132171945701358
2019-06,2019,≤10 kW,SAJ,68.14,11,6.194545454545454
2019-06,2019,≤10 kW,SHENZHEN,3.0,1,3.0
2019-06,2019,≤10 kW,SMA,1074.62,264,4.070530303030303
2019-06,2019,≤10 kW,Sofar Solar,912.37,172,5.304476744186046
2019-06,2019,≤10 kW,SolarEdge,17.400000000000002,3,5.800000000000001
2019-06,2019,≤10 kW,Solis (Ginlong),749.73,139,5.393741007194245
2019-06,2019,≤10 kW,Sungrow,1292.22,271,4.7683394833948345
2019-06,2019,≤10 kW,Tsun,7.59,1,7.59
2019-06,2019,≤10 kW,WEG,1380.76,293,4.7124914675767915
2019-06,2019,≤10 kW,WEG (Huawei),322.71999999999997,70,4.610285714285713
2019-06,2019,10–20 kW,ABB/FIMER,521.7,35,14.905714285714287
2019-06,2019,10–20 kW,APsystems,234.4,18,13.022222222222222
2019-06,2019,10–20 kW,B&B POWER,204.51,14,14.607857142857142
2019-06,2019,10–20 kW,Canadian Solar,231.32999999999998,15,15.421999999999999
2019-06,2019,10–20 kW,Chint,40.0,3,13.333333333333334
2019-06,2019,10–20 kW,Deye,50.18,3,16.726666666666667
2019-06,2019,10–20 kW,Ecosolys,194.2,10,19.419999999999998
2019-06,2019,10–20 kW,Fronius,5849.0,389,15.03598971722365
2019-06,2019,10–20 kW,Goodwe,41.7,3,13.9
2019-06,2019,10–20 kW,Growatt,463.15,29,15.970689655172412
2019-06,2019,10–20 kW,Hoymiles,97.88,8,12.235
2019-06,2019,10–20 kW,Huawei,625.7,41,15.260975609756098
2019-06,2019,10–20 kW,Ingeteam,75.02,4,18.755
2019-06,2019,10–20 kW,Kstar,217.31,14,15.522142857142857
2019-06,2019,10–20 kW,NEP,23.75,2,11.875
2019-06,2019,10–20 kW,Não informado,631.54,40,15.788499999999999
2019-06,2019,10–20 kW,Outros,811.45,52,15.604807692307693
2019-06,2019,10–20 kW,PHB,818.98,51,16.05843137254902
2019-06,2019,10–20 kW,Refusol,212.13,14,15.152142857142858
2019-06,2019,10–20 kW,Renovigi,812.73,51,15.935882352941176
2019-06,2019,10–20 kW,SAJ,117.4,8,14.675
2019-06,2019,10–20 kW,SHENZHEN,20.0,1,20.0
2019-06,2019,10–20 kW,SMA,188.61,12,15.717500000000001
2019-06,2019,10–20 kW,Sofar Solar,841.45,52,16.18173076923077
2019-06,2019,10–20 kW,SolarEdge,271.8,17,15.988235294117647
2019-06,2019,10–20 kW,Solis (Ginlong),53.86,4,13.465
2019-06,2019,10–20 kW,Sungrow,1677.85,104,16.133173076923075
2019-06,2019,10–20 kW,WEG,512.5,38,13.486842105263158
2019-06,2019,10–20 kW,WEG (Huawei),297.26,17,17.485882352941175
2019-06,2019,20–75 kW,ABB/FIMER,1856.78,46,40.36478260869565
2019-06,2019,20–75 kW,APsystems,356.6,10,35.660000000000004
2019-06,2019,20–75 kW,B&B POWER,256.8,8,32.1
2019-06,2019,20–75 kW,BYD,85.0,2,42.5
2019-06,2019,20–75 kW,Canadian Solar,1353.49,39,34.70487179487179
2019-06,2019,20–75 kW,Deye,26.91,1,26.91
2019-06,2019,20–75 kW,Ecosolys,29.7,1,29.7
2019-06,2019,20–75 kW,Elgin,109.0,2,54.5
2019-06,2019,20–75 kW,Fronius,10147.05,275,36.898363636363634
2019-06,2019,20–75 kW,Goodwe,453.03,11,41.18454545454545
2019-06,2019,20–75 kW,Growatt,1655.86,41,40.38682926829268
2019-06,2019,20–75 kW,Hoymiles,304.7,9,33.855555555555554
2019-06,2019,20–75 kW,Huawei,2526.9,57,44.33157894736842
2019-06,2019,20–75 kW,Ingeteam,178.0,3,59.333333333333336
2019-06,2019,20–75 kW,Intelbras,23.1,1,23.1
2019-06,2019,20–75 kW,Kstar,456.38,12,38.031666666666666
2019-06,2019,20–75 kW,NEP,35.0,1,35.0
2019-06,2019,20–75 kW,Não informado,2413.72,55,43.88581818181818
2019-06,2019,20–75 kW,Outros,3737.21,87,42.9564367816092
2019-06,2019,20–75 kW,PHB,1755.26,45,39.00577777777778
2019-06,2019,20–75 kW,Refusol,1661.96,46,36.1295652173913
2019-06,2019,20–75 kW,Renovigi,4280.28,107,40.00261682242991
2019-06,2019,20–75 kW,SAJ,506.0,13,38.92307692307692
2019-06,2019,20–75 kW,SMA,1703.89,40,42.59725
2019-06,2019,20–75 kW,Sofar Solar,4226.74,93,45.44881720430107
2019-06,2019,20–75 kW,SolarEdge,401.23,13,30.863846153846154
2019-06,2019,20–75 kW,Solax Power,27.6,1,27.6
2019-06,2019,20–75 kW,Solis (Ginlong),440.96000000000004,9,48.99555555555556
2019-06,2019,20–75 kW,Sungrow,5551.33,136,40.81860294117647
2019-06,2019,20–75 kW,WEG,2080.6,55,37.82909090909091
2019-06,2019,20–75 kW,WEG (Huawei),537.36,16,33.585
2019-06,2019,75–300 kW,ABB/FIMER,1142.95,9,126.99444444444445
2019-06,2019,75–300 kW,Canadian Solar,200.4,2,100.2
2019-06,2019,75–300 kW,Fronius,1506.2,14,107.58571428571429
2019-06,2019,75–300 kW,Goodwe,92.3,1,92.3
2019-06,2019,75–300 kW,Growatt,105.0,1,105.0
2019-06,2019,75–300 kW,Hoymiles,143.0,1,143.0
2019-06,2019,75–300 kW,Huawei,80.0,1,80.0
2019-06,2019,75–300 kW,Ingeteam,98.8,1,98.8
2019-06,2019,75–300 kW,Não informado,340.0,3,113.33333333333333
2019-06,2019,75–300 kW,Outros,1324.0,9,147.11111111111111
2019-06,2019,75–300 kW,PHB,210.54,2,105.27
2019-06,2019,75–300 kW,Refusol,300.0,1,300.0
2019-06,2019,75–300 kW,Renovigi,90.0,1,90.0
2019-06,2019,75–300 kW,SMA,460.0,4,115.0
2019-06,2019,75–300 kW,Sofar Solar,110.0,1,110.0
2019-06,2019,75–300 kW,SolarEdge,102.6,1,102.6
2019-06,2019,75–300 kW,Sungrow,1181.6,11,107.41818181818181
2019-06,2019,75–300 kW,WEG,272.0,3,90.66666666666667
2019-06,2019,300 kW–1 MW,Ingeteam,475.0,1,475.0
2019-06,2019,300 kW–1 MW,SMA,550.0,1,550.0
2019-06,2019,300 kW–1 MW,Sungrow,3405.0,5,681.0
2019-06,2019,1–5 MW,Ingeteam,1714.3,1,1714.3
2019-07,2019,≤10 kW,ABB/FIMER,1185.04,233,5.086008583690987
2019-07,2019,≤10 kW,APsystems,1062.18,513,2.0705263157894738
2019-07,2019,≤10 kW,B&B POWER,177.93,58,3.067758620689655
2019-07,2019,≤10 kW,BYD,7.69,2,3.845
2019-07,2019,≤10 kW,Canadian Solar,808.14,238,3.395546218487395
2019-07,2019,≤10 kW,Chint,64.89,12,5.4075
2019-07,2019,≤10 kW,Deye,52.69,8,6.58625
2019-07,2019,≤10 kW,Ecosolys,251.34,88,2.8561363636363635
2019-07,2019,≤10 kW,Elgin,31.9,9,3.5444444444444443
2019-07,2019,≤10 kW,Fronius,11195.59,1944,5.759048353909465
2019-07,2019,≤10 kW,Goodwe,145.27,26,5.587307692307693
2019-07,2019,≤10 kW,Growatt,912.22,194,4.702164948453609
2019-07,2019,≤10 kW,Hoymiles,525.21,165,3.183090909090909
2019-07,2019,≤10 kW,Huawei,751.36,139,5.405467625899281
2019-07,2019,≤10 kW,Ingeteam,22.97,5,4.593999999999999
2019-07,2019,≤10 kW,Intelbras,315.88,54,5.8496296296296295
2019-07,2019,≤10 kW,Komeco,3.63,1,3.63
2019-07,2019,≤10 kW,Kstar,228.56,49,4.664489795918367
2019-07,2019,≤10 kW,NEP,37.1,19,1.9526315789473685
2019-07,2019,≤10 kW,Não informado,1133.78,224,5.061517857142857
2019-07,2019,≤10 kW,Outros,2515.0299999999997,578,4.351262975778546
2019-07,2019,≤10 kW,PHB,2006.29,443,4.528871331828443
2019-07,2019,≤10 kW,Refusol,1887.79,417,4.5270743405275775
2019-07,2019,≤10 kW,Renac,6.0,1,6.0
2019-07,2019,≤10 kW,Renovigi,2884.09,642,4.492352024922119
2019-07,2019,≤10 kW,SAJ,77.0,16,4.8125
2019-07,2019,≤10 kW,SMA,933.56,215,4.342139534883721
2019-07,2019,≤10 kW,Sofar Solar,1062.58,194,5.4772164948453606
2019-07,2019,≤10 kW,SolarEdge,60.35,7,8.621428571428572
2019-07,2019,≤10 kW,Solax Power,12.34,2,6.17
2019-07,2019,≤10 kW,Solis (Ginlong),666.22,132,5.047121212121212
2019-07,2019,≤10 kW,Sungrow,1960.6000000000001,382,5.132460732984294
2019-07,2019,≤10 kW,TSUNESS,9.75,1,9.75
2019-07,2019,≤10 kW,WEG,1927.91,389,4.956066838046273
2019-07,2019,≤10 kW,WEG (Huawei),339.18,73,4.646301369863014
2019-07,2019,10–20 kW,ABB/FIMER,977.12,64,15.2675
2019-07,2019,10–20 kW,APsystems,320.2,21,15.247619047619047
2019-07,2019,10–20 kW,B&B POWER,91.2,6,15.200000000000001
2019-07,2019,10–20 kW,BYD,12.0,1,12.0
2019-07,2019,10–20 kW,Bedin Solar,15.0,1,15.0
2019-07,2019,10–20 kW,Bel Energy,11.97,1,11.97
2019-07,2019,10–20 kW,Canadian Solar,83.56,6,13.926666666666668
2019-07,2019,10–20 kW,Ecosolys,130.85,7,18.692857142857143
2019-07,2019,10–20 kW,Foxess,10.6,1,10.6
2019-07,2019,10–20 kW,Fronius,6979.32,475,14.693305263157894
2019-07,2019,10–20 kW,GE,10.56,1,10.56
2019-07,2019,10–20 kW,Goodwe,136.92,10,13.691999999999998
2019-07,2019,10–20 kW,Growatt,557.54,38,14.672105263157894
2019-07,2019,10–20 kW,Hoymiles,133.2,10,13.319999999999999
2019-07,2019,10–20 kW,Huawei,730.6,47,15.54468085106383
2019-07,2019,10–20 kW,Ingeteam,55.0,3,18.333333333333332
2019-07,2019,10–20 kW,Intelbras,10.56,1,10.56
2019-07,2019,10–20 kW,Komeco,20.0,1,20.0
2019-07,2019,10–20 kW,Kstar,167.07999999999998,12,13.923333333333332
2019-07,2019,10–20 kW,Não informado,843.27,59,14.29271186440678
2019-07,2019,10–20 kW,Outros,1106.41,69,16.034927536231883
2019-07,2019,10–20 kW,PHB,677.67,43,15.759767441860465
2019-07,2019,10–20 kW,Refusol,476.32,33,14.433939393939394
2019-07,2019,10–20 kW,Renovigi,1111.02,70,15.871714285714285
2019-07,2019,10–20 kW,SAJ,106.92,7,15.274285714285714
2019-07,2019,10–20 kW,SHENZHEN,40.0,2,20.0
2019-07,2019,10–20 kW,SMA,237.57,17,13.974705882352941
2019-07,2019,10–20 kW,Sofar Solar,718.98,43,16.72046511627907
2019-07,2019,10–20 kW,SolarEdge,289.02,19,15.21157894736842
2019-07,2019,10–20 kW,Solis (Ginlong),273.2,17,16.070588235294117
2019-07,2019,10–20 kW,Sungrow,2359.37,147,16.050136054421767
2019-07,2019,10–20 kW,WEG,694.48,45,15.43288888888889
2019-07,2019,10–20 kW,WEG (Huawei),225.65,17,13.273529411764706
2019-07,2019,20–75 kW,ABB/FIMER,2830.85,64,44.23203125
2019-07,2019,20–75 kW,APsystems,619.0,16,38.6875
2019-07,2019,20–75 kW,B&B POWER,107.8,4,26.95
2019-07,2019,20–75 kW,Bel Energy,21.1,1,21.1
2019-07,2019,20–75 kW,Canadian Solar,1364.46,35,38.98457142857143
2019-07,2019,20–75 kW,Chint,140.46,4,35.115
2019-07,2019,20–75 kW,Ecosolys,96.2,2,48.1
2019-07,2019,20–75 kW,Elgin,111.72,2,55.86
2019-07,2019,20–75 kW,Fronius,13787.93,372,37.064327956989246
2019-07,2019,20–75 kW,Goodwe,457.26,12,38.105
2019-07,2019,20–75 kW,Growatt,1796.6100000000001,46,39.056739130434785
2019-07,2019,20–75 kW,Hoymiles,376.4,11,34.21818181818182
2019-07,2019,20–75 kW,Huawei,3440.25,81,42.47222222222222
2019-07,2019,20–75 kW,Ingeteam,197.36,5,39.472
2019-07,2019,20–75 kW,Intelbras,336.2,6,56.03333333333333
2019-07,2019,20–75 kW,Komeco,50.0,1,50.0
2019-07,2019,20–75 kW,Kstar,652.52,18,36.25111111111111
2019-07,2019,20–75 kW,Não informado,2113.91,54,39.14648148148148
2019-07,2019,20–75 kW,Outros,3983.01,106,37.575566037735854
2019-07,2019,20–75 kW,PHB,2225.92,65,34.24492307692308
2019-07,2019,20–75 kW,Refusol,2117.59,54,39.214629629629634
2019-07,2019,20–75 kW,Renovigi,4145.05,100,41.450500000000005
2019-07,2019,20–75 kW,SAJ,481.24,12,40.10333333333333
2019-07,2019,20–75 kW,SHENZHEN,50.0,1,50.0
2019-07,2019,20–75 kW,SMA,1784.91,38,46.971315789473685
2019-07,2019,20–75 kW,Sofar Solar,3556.36,87,40.87770114942529
2019-07,2019,20–75 kW,SolarEdge,717.42,20,35.870999999999995
2019-07,2019,20–75 kW,Solis (Ginlong),626.3,16,39.14375
2019-07,2019,20–75 kW,Sungrow,7989.17,177,45.13655367231638
2019-07,2019,20–75 kW,WEG,2578.52,68,37.919411764705885
2019-07,2019,20–75 kW,WEG (Huawei),867.0,21,41.285714285714285
2019-07,2019,75–300 kW,ABB/FIMER,1257.15,10,125.715
2019-07,2019,75–300 kW,Canadian Solar,407.0,4,101.75
2019-07,2019,75–300 kW,Fronius,2534.19,22,115.19045454545454
2019-07,2019,75–300 kW,Goodwe,85.0,1,85.0
2019-07,2019,75–300 kW,Growatt,270.0,2,135.0
2019-07,2019,75–300 kW,Huawei,482.0,4,120.5
2019-07,2019,75–300 kW,Ingeteam,110.0,1,110.0
2019-07,2019,75–300 kW,Não informado,533.9,5,106.78
2019-07,2019,75–300 kW,Outros,929.38,9,103.26444444444445
2019-07,2019,75–300 kW,PHB,518.1,4,129.525
2019-07,2019,75–300 kW,Renovigi,610.0,4,152.5
2019-07,2019,75–300 kW,SAJ,110.0,1,110.0
2019-07,2019,75–300 kW,SMA,906.5,5,181.3
2019-07,2019,75–300 kW,Sofar Solar,409.2,4,102.3
2019-07,2019,75–300 kW,SolarEdge,213.0,2,106.5
2019-07,2019,75–300 kW,Solis (Ginlong),90.09,1,90.09
2019-07,2019,75–300 kW,Sungrow,2353.27,17,138.42764705882354
2019-07,2019,75–300 kW,WEG,810.0,8,101.25
2019-07,2019,75–300 kW,WEG (Huawei),280.0,3,93.33333333333333
2019-07,2019,300 kW–1 MW,ABB/FIMER,821.55,2,410.775
2019-07,2019,300 kW–1 MW,Fronius,675.0,1,675.0
2019-07,2019,300 kW–1 MW,Huawei,1200.0,2,600.0
2019-07,2019,300 kW–1 MW,PHB,800.0,1,800.0
2019-07,2019,300 kW–1 MW,SMA,325.0,1,325.0
2019-07,2019,300 kW–1 MW,SolarEdge,800.0,1,800.0
2019-07,2019,300 kW–1 MW,Sungrow,996.0,1,996.0
2019-07,2019,1–5 MW,ABB/FIMER,3120.0,1,3120.0
2019-07,2019,1–5 MW,Huawei,6904.0,2,3452.0
2019-07,2019,1–5 MW,WEG,1640.0,1,1640.0
2019-08,2019,≤10 kW,ABB/FIMER,1539.19,307,5.013648208469055
2019-08,2019,≤10 kW,APsystems,1096.17,366,2.995
2019-08,2019,≤10 kW,B&B POWER,231.07,68,3.3980882352941175
2019-08,2019,≤10 kW,BYD,15.690000000000001,4,3.9225000000000003
2019-08,2019,≤10 kW,Bel Energy,1.0,1,1.0
2019-08,2019,≤10 kW,Canadian Solar,756.68,226,3.3481415929203537
2019-08,2019,≤10 kW,Chint,31.74,6,5.29
2019-08,2019,≤10 kW,Deye,58.1,11,5.281818181818182
2019-08,2019,≤10 kW,Ecosolys,248.63,78,3.1875641025641026
2019-08,2019,≤10 kW,Elgin,90.86,19,4.782105263157895
2019-08,2019,≤10 kW,Foxess,21.169999999999998,3,7.056666666666666
2019-08,2019,≤10 kW,Fronius,10763.11,1858,5.792847147470399
2019-08,2019,≤10 kW,Goodwe,182.41,34,5.365
2019-08,2019,≤10 kW,Growatt,790.68,172,4.596976744186046
2019-08,2019,≤10 kW,Hoymiles,580.64,183,3.172896174863388
2019-08,2019,≤10 kW,Huawei,876.95,163,5.380061349693252
2019-08,2019,≤10 kW,Ingeteam,44.56,10,4.456
2019-08,2019,≤10 kW,Intelbras,425.07,70,6.0724285714285715
2019-08,2019,≤10 kW,Komeco,33.0,5,6.6
2019-08,2019,≤10 kW,Kstar,257.65,49,5.258163265306122
2019-08,2019,≤10 kW,NEP,26.8,18,1.488888888888889
2019-08,2019,≤10 kW,Não informado,899.23,164,5.483109756097561
2019-08,2019,≤10 kW,Outros,2406.2,493,4.880730223123732
2019-08,2019,≤10 kW,PHB,2147.98,467,4.599528907922912
2019-08,2019,≤10 kW,Refusol,3031.58,646,4.692848297213622
2019-08,2019,≤10 kW,Renac,28.4,4,7.1
2019-08,2019,≤10 kW,Renovigi,3728.5099999999998,773,4.823428201811125
2019-08,2019,≤10 kW,SAJ,109.27,19,5.751052631578947
2019-08,2019,≤10 kW,SHENZHEN,48.0,7,6.857142857142857
2019-08,2019,≤10 kW,SMA,852.71,193,4.41818652849741
2019-08,2019,≤10 kW,Sofar Solar,1341.98,239,5.614979079497908
2019-08,2019,≤10 kW,SolarEdge,18.240000000000002,3,6.080000000000001
2019-08,2019,≤10 kW,Solis (Ginlong),862.6,165,5.2278787878787885
2019-08,2019,≤10 kW,Sungrow,2194.4900000000002,419,5.237446300715991
2019-08,2019,≤10 kW,WEG,2005.1,426,4.706807511737089
2019-08,2019,≤10 kW,WEG (Huawei),389.29,78,4.990897435897436
2019-08,2019,10–20 kW,ABB/FIMER,1081.78,73,14.81890410958904
2019-08,2019,10–20 kW,APsystems,240.88,17,14.169411764705883
2019-08,2019,10–20 kW,B&B POWER,126.7,8,15.8375
2019-08,2019,10–20 kW,Canadian Solar,222.3,15,14.82
2019-08,2019,10–20 kW,Ecosolys,90.0,5,18.0
2019-08,2019,10–20 kW,Elgin,24.96,2,12.48
2019-08,2019,10–20 kW,Fronius,7256.63,484,14.993037190082644
2019-08,2019,10–20 kW,Goodwe,210.14,13,16.164615384615384
2019-08,2019,10–20 kW,Growatt,388.56,25,15.5424
2019-08,2019,10–20 kW,Hoymiles,166.18,13,12.783076923076923
2019-08,2019,10–20 kW,Huawei,896.06,57,15.720350877192981
2019-08,2019,10–20 kW,Ingeteam,80.0,5,16.0
2019-08,2019,10–20 kW,Intelbras,46.8,3,15.6
2019-08,2019,10–20 kW,Kstar,196.25,13,15.096153846153847
2019-08,2019,10–20 kW,Não informado,739.5600000000001,53,13.953962264150945
2019-08,2019,10–20 kW,Outros,1060.4,67,15.826865671641793
2019-08,2019,10–20 kW,PHB,913.15,58,15.74396551724138
2019-08,2019,10–20 kW,Refusol,679.79,48,14.162291666666667
2019-08,2019,10–20 kW,Renovigi,1381.99,85,16.258705882352942
2019-08,2019,10–20 kW,SAJ,91.16,6,15.193333333333333
2019-08,2019,10–20 kW,SHENZHEN,84.5,6,14.083333333333334
2019-08,2019,10–20 kW,SMA,222.82,15,14.854666666666667
2019-08,2019,10–20 kW,Sofar Solar,702.29,47,14.942340425531913
2019-08,2019,10–20 kW,SolarEdge,376.74,24,15.6975
2019-08,2019,10–20 kW,Solis (Ginlong),261.96,17,15.409411764705881
2019-08,2019,10–20 kW,Solplanet,11.39,1,11.39
2019-08,2019,10–20 kW,Sungrow,2048.53,129,15.880077519379846
2019-08,2019,10–20 kW,WEG,799.18,54,14.799629629629628
2019-08,2019,10–20 kW,WEG (Huawei),220.46,14,15.747142857142858
2019-08,2019,20–75 kW,ABB/FIMER,3364.82,76,44.273947368421055
2019-08,2019,20–75 kW,APsystems,243.8,8,30.475
2019-08,2019,20–75 kW,B&B POWER,139.2,3,46.4
2019-08,2019,20–75 kW,Canadian Solar,868.8199999999999,26,33.41615384615385
2019-08,2019,20–75 kW,Chint,100.0,2,50.0
2019-08,2019,20–75 kW,Ecosolys,314.9,8,39.3625
2019-08,2019,20–75 kW,Elgin,195.0,3,65.0
2019-08,2019,20–75 kW,Fronius,13732.97,380,36.13939473684211
2019-08,2019,20–75 kW,Goodwe,394.26,10,39.426
2019-08,2019,20–75 kW,Growatt,1637.35,42,38.98452380952381
2019-08,2019,20–75 kW,Hoymiles,315.0,9,35.0
2019-08,2019,20–75 kW,Huawei,3453.41,79,43.71405063291139
2019-08,2019,20–75 kW,Ingeteam,486.3,11,44.20909090909091
2019-08,2019,20–75 kW,Intelbras,63.0,2,31.5
2019-08,2019,20–75 kW,Kstar,777.36,19,40.91368421052632
2019-08,2019,20–75 kW,Não informado,1800.56,49,36.74612244897959
2019-08,2019,20–75 kW,Outros,4462.74,104,42.910961538461535
2019-08,2019,20–75 kW,PHB,2724.71,70,38.92442857142857
2019-08,2019,20–75 kW,Refusol,2405.66,66,36.449393939393936
2019-08,2019,20–75 kW,Renovigi,3518.34,86,40.910930232558144
2019-08,2019,20–75 kW,SAJ,450.84,10,45.083999999999996
2019-08,2019,20–75 kW,SHENZHEN,33.0,1,33.0
2019-08,2019,20–75 kW,SMA,2222.2599999999998,51,43.573725490196075
2019-08,2019,20–75 kW,Sofar Solar,2688.34,61,44.07114754098361
2019-08,2019,20–75 kW,SolarEdge,1258.8,35,35.965714285714284
2019-08,2019,20–75 kW,Solis (Ginlong),615.3,14,43.949999999999996
2019-08,2019,20–75 kW,Sungrow,10577.61,223,47.43322869955157
2019-08,2019,20–75 kW,WEG,3109.06,76,40.90868421052632
2019-08,2019,20–75 kW,WEG (Huawei),1049.52,26,40.36615384615384
2019-08,2019,75–300 kW,ABB/FIMER,2210.0,15,147.33333333333334
2019-08,2019,75–300 kW,APsystems,81.6,1,81.6
2019-08,2019,75–300 kW,Canadian Solar,105.0,1,105.0
2019-08,2019,75–300 kW,Fronius,2088.59,18,116.03277777777778
2019-08,2019,75–300 kW,Goodwe,120.0,1,120.0
2019-08,2019,75–300 kW,Growatt,371.0,3,123.66666666666667
2019-08,2019,75–300 kW,Huawei,911.0,8,113.875
2019-08,2019,75–300 kW,Ingeteam,1380.0,10,138.0
2019-08,2019,75–300 kW,Kstar,779.88,5,155.976
2019-08,2019,75–300 kW,Não informado,308.0,3,102.66666666666667
2019-08,2019,75–300 kW,Outros,1850.18,18,102.78777777777778
2019-08,2019,75–300 kW,PHB,476.82,5,95.364
2019-08,2019,75–300 kW,Renovigi,482.0,3,160.66666666666666
2019-08,2019,75–300 kW,SAJ,100.0,1,100.0
2019-08,2019,75–300 kW,SMA,341.2,2,170.6
2019-08,2019,75–300 kW,Sofar Solar,132.0,1,132.0
2019-08,2019,75–300 kW,SolarEdge,275.1,2,137.55
2019-08,2019,75–300 kW,Sungrow,1241.75,9,137.97222222222223
2019-08,2019,75–300 kW,WEG,310.0,3,103.33333333333333
2019-08,2019,300 kW–1 MW,ABB/FIMER,700.0,1,700.0
2019-08,2019,300 kW–1 MW,Ingeteam,493.0,1,493.0
2019-08,2019,300 kW–1 MW,Outros,1462.0,3,487.3333333333333
2019-08,2019,300 kW–1 MW,Sungrow,1595.0,2,797.5
2019-08,2019,300 kW–1 MW,WEG,360.0,1,360.0
2019-08,2019,1–5 MW,Ingeteam,4920.0,1,4920.0
2019-09,2019,≤10 kW,ABB/FIMER,1582.79,317,4.993028391167193
2019-09,2019,≤10 kW,APsystems,1119.88,339,3.3034808259587023
2019-09,2019,≤10 kW,B&B POWER,141.78,47,3.016595744680851
2019-09,2019,≤10 kW,Bedin Solar,8.0,1,8.0
2019-09,2019,≤10 kW,Bel Energy,8.85,2,4.425
2019-09,2019,≤10 kW,Canadian Solar,707.18,213,3.320093896713615
2019-09,2019,≤10 kW,Chint,43.14,7,6.162857142857143
2019-09,2019,≤10 kW,Deye,45.1,7,6.442857142857143
2019-09,2019,≤10 kW,Ecosolys,264.41,94,2.8128723404255322
2019-09,2019,≤10 kW,Elgin,45.5,13,3.5
2019-09,2019,≤10 kW,Fronius,10593.699999999999,1812,5.846412803532008
2019-09,2019,≤10 kW,GE,19.23,2,9.615
2019-09,2019,≤10 kW,Goodwe,204.0,41,4.975609756097561
2019-09,2019,≤10 kW,Growatt,645.84,144,4.485
2019-09,2019,≤10 kW,Hopewind,10.0,1,10.0
2019-09,2019,≤10 kW,Hoymiles,673.08,202,3.3320792079207924
2019-09,2019,≤10 kW,Huawei,948.14,184,5.152934782608695
2019-09,2019,≤10 kW,Ingeteam,55.79,11,5.071818181818181
2019-09,2019,≤10 kW,Intelbras,534.17,92,5.806195652173913
2019-09,2019,≤10 kW,Kehua,9.69,1,9.69
2019-09,2019,≤10 kW,Kstar,294.49,59,4.99135593220339
2019-09,2019,≤10 kW,NEP,15.3,8,1.9125
2019-09,2019,≤10 kW,Não informado,685.68,133,5.155488721804511
2019-09,2019,≤10 kW,Outros,2238.54,471,4.7527388535031845
2019-09,2019,≤10 kW,PHB,2076.69,443,4.687787810383747
2019-09,2019,≤10 kW,Refusol,4072.25,860,4.735174418604651
2019-09,2019,≤10 kW,Renovigi,3649.31,769,4.7455266579974
2019-09,2019,≤10 kW,SAJ,108.43,22,4.928636363636364
2019-09,2019,≤10 kW,SHENZHEN,83.63,13,6.433076923076923
2019-09,2019,≤10 kW,SMA,570.87,138,4.1367391304347825
2019-09,2019,≤10 kW,Sofar Solar,1640.24,288,5.695277777777778
2019-09,2019,≤10 kW,SolarEdge,103.5,12,8.625
2019-09,2019,≤10 kW,Solax Power,17.700000000000003,3,5.900000000000001
2019-09,2019,≤10 kW,Solis (Ginlong),766.1,156,4.910897435897436
2019-09,2019,≤10 kW,Sungrow,1866.2,346,5.39364161849711
2019-09,2019,≤10 kW,WEG,2205.1,446,4.944170403587444
2019-09,2019,≤10 kW,WEG (Huawei),247.03,58,4.259137931034482
2019-09,2019,10–20 kW,ABB/FIMER,1044.24,71,14.707605633802817
2019-09,2019,10–20 kW,APsystems,239.26,19,12.592631578947367
2019-09,2019,10–20 kW,B&B POWER,94.6,6,15.766666666666666
2019-09,2019,10–20 kW,BYD,10.76,1,10.76
2019-09,2019,10–20 kW,Canadian Solar,119.63,8,14.95375
2019-09,2019,10–20 kW,Chint,16.08,1,16.08
2019-09,2019,10–20 kW,Deye,43.0,3,14.333333333333334
2019-09,2019,10–20 kW,Ecosolys,47.0,3,15.666666666666666
2019-09,2019,10–20 kW,Fronius,6700.62,449,14.923429844097996
2019-09,2019,10–20 kW,GE,17.0,1,17.0
2019-09,2019,10–20 kW,Goodwe,100.46000000000001,6,16.743333333333336
2019-09,2019,10–20 kW,Growatt,483.97,29,16.688620689655174
2019-09,2019,10–20 kW,Hoymiles,160.42,12,13.368333333333332
2019-09,2019,10–20 kW,Huawei,936.0,58,16.137931034482758
2019-09,2019,10–20 kW,Hypontech,17.16,1,17.16
2019-09,2019,10–20 kW,Intelbras,160.47,11,14.588181818181818
2019-09,2019,10–20 kW,Kehua,13.6,1,13.6
2019-09,2019,10–20 kW,Kstar,180.2,13,13.86153846153846
2019-09,2019,10–20 kW,Não informado,702.87,47,14.95468085106383
2019-09,2019,10–20 kW,Outros,1122.36,75,14.964799999999999
2019-09,2019,10–20 kW,PHB,778.18,46,16.91695652173913
2019-09,2019,10–20 kW,Refusol,941.5,65,14.484615384615385
2019-09,2019,10–20 kW,Renovigi,1049.85,63,16.664285714285715
2019-09,2019,10–20 kW,SAJ,97.0,6,16.166666666666668
2019-09,2019,10–20 kW,SHENZHEN,67.5,4,16.875
2019-09,2019,10–20 kW,SMA,137.83,9,15.314444444444446
2019-09,2019,10–20 kW,Sofar Solar,812.5,51,15.931372549019608
2019-09,2019,10–20 kW,SolarEdge,522.04,34,15.354117647058823
2019-09,2019,10–20 kW,Solis (Ginlong),392.5,24,16.354166666666668
2019-09,2019,10–20 kW,Sungrow,2377.91,152,15.644144736842104
2019-09,2019,10–20 kW,WEG,655.39,41,15.985121951219512
2019-09,2019,10–20 kW,WEG (Huawei),155.59,10,15.559000000000001
2019-09,2019,20–75 kW,ABB/FIMER,3066.48,70,43.80685714285714
2019-09,2019,20–75 kW,APsystems,211.2,5,42.239999999999995
2019-09,2019,20–75 kW,B&B POWER,47.36,1,47.36
2019-09,2019,20–75 kW,Canadian Solar,863.12,21,41.10095238095238
2019-09,2019,20–75 kW,Chint,131.0,4,32.75
2019-09,2019,20–75 kW,Deye,100.0,2,50.0
2019-09,2019,20–75 kW,Elgin,75.0,1,75.0
2019-09,2019,20–75 kW,Fronius,13751.9,373,36.868364611260056
2019-09,2019,20–75 kW,GE,32.0,1,32.0
2019-09,2019,20–75 kW,Goodwe,494.4,11,44.945454545454545
2019-09,2019,20–75 kW,Growatt,841.31,21,40.06238095238095
2019-09,2019,20–75 kW,Hoymiles,77.8,3,25.933333333333334
2019-09,2019,20–75 kW,Huawei,2936.98,67,43.8355223880597
2019-09,2019,20–75 kW,Ingeteam,416.48,8,52.06
2019-09,2019,20–75 kW,Intelbras,91.9,3,30.633333333333336
2019-09,2019,20–75 kW,Kstar,475.26,13,36.558461538461536
2019-09,2019,20–75 kW,Livoltek,33.0,1,33.0
2019-09,2019,20–75 kW,Não informado,1781.47,46,38.72760869565217
2019-09,2019,20–75 kW,Outros,5053.53,109,46.36266055045871
2019-09,2019,20–75 kW,PHB,2208.13,59,37.425932203389834
2019-09,2019,20–75 kW,Refusol,1005.84,33,30.48
2019-09,2019,20–75 kW,Renovigi,3028.29,77,39.32844155844156
2019-09,2019,20–75 kW,SAJ,318.88,7,45.55428571428571
2019-09,2019,20–75 kW,SHENZHEN,250.5,6,41.75
2019-09,2019,20–75 kW,SMA,2317.94,44,52.680454545454545
2019-09,2019,20–75 kW,Sofar Solar,1719.8,41,41.94634146341463
2019-09,2019,20–75 kW,SolarEdge,1894.37,49,38.660612244897955
2019-09,2019,20–75 kW,Solis (Ginlong),375.97,10,37.597
2019-09,2019,20–75 kW,Sungrow,8950.47,199,44.97723618090452
2019-09,2019,20–75 kW,WEG,3730.05,90,41.445
2019-09,2019,20–75 kW,WEG (Huawei),542.67,13,41.74384615384615
2019-09,2019,75–300 kW,ABB/FIMER,1669.99,11,151.81727272727272
2019-09,2019,75–300 kW,Fronius,1523.94,13,117.22615384615385
2019-09,2019,75–300 kW,Growatt,344.0,3,114.66666666666667
2019-09,2019,75–300 kW,Huawei,570.0,5,114.0
2019-09,2019,75–300 kW,Kstar,140.0,1,140.0
2019-09,2019,75–300 kW,Não informado,1143.0,8,142.875
2019-09,2019,75–300 kW,Outros,1138.6,9,126.5111111111111
2019-09,2019,75–300 kW,PHB,555.0,4,138.75
2019-09,2019,75–300 kW,Renovigi,379.74,2,189.87
2019-09,2019,75–300 kW,SMA,585.0,4,146.25
2019-09,2019,75–300 kW,Sofar Solar,185.0,2,92.5
2019-09,2019,75–300 kW,SolarEdge,764.23,6,127.37166666666667
2019-09,2019,75–300 kW,Solis (Ginlong),125.0,1,125.0
2019-09,2019,75–300 kW,Sungrow,1446.24,12,120.52
2019-09,2019,75–300 kW,WEG,941.05,7,134.43571428571428
2019-09,2019,75–300 kW,WEG (Huawei),100.0,1,100.0
2019-09,2019,300 kW–1 MW,ABB/FIMER,2200.4,3,733.4666666666667
2019-09,2019,300 kW–1 MW,Growatt,2807.09,4,701.7725
2019-09,2019,300 kW–1 MW,Não informado,449.0,1,449.0
2019-09,2019,300 kW–1 MW,Sungrow,1210.0,2,605.0
2019-09,2019,1–5 MW,Huawei,4920.0,1,4920.0
2019-10,2019,≤10 kW,ABB/FIMER,1387.83,268,5.178470149253731
2019-10,2019,≤10 kW,APsystems,1641.25,456,3.599232456140351
2019-10,2019,≤10 kW,B&B POWER,163.98000000000002,55,2.981454545454546
2019-10,2019,≤10 kW,BYD,10.370000000000001,2,5.1850000000000005
2019-10,2019,≤10 kW,Bel Energy,8.0,1,8.0
2019-10,2019,≤10 kW,Canadian Solar,857.92,261,3.2870498084291184
2019-10,2019,≤10 kW,Chint,35.1,8,4.3875
2019-10,2019,≤10 kW,Deye,58.15,10,5.8149999999999995
2019-10,2019,≤10 kW,Ecosolys,496.79,157,3.164267515923567
2019-10,2019,≤10 kW,Elgin,114.88,21,5.47047619047619
2019-10,2019,≤10 kW,Fronius,12399.539999999999,2156,5.751178107606679
2019-10,2019,≤10 kW,Goodwe,345.73,69,5.010579710144928
2019-10,2019,≤10 kW,Growatt,947.04,203,4.665221674876847
2019-10,2019,≤10 kW,Hoymiles,1016.36,288,3.529027777777778
2019-10,2019,≤10 kW,Huawei,991.35,212,4.676179245283019
2019-10,2019,≤10 kW,Hypontech,1.62,1,1.62
2019-10,2019,≤10 kW,Ingeteam,51.96,12,4.33
2019-10,2019,≤10 kW,Intelbras,788.4399999999999,134,5.883880597014925
2019-10,2019,≤10 kW,Komeco,40.11,9,4.456666666666667
2019-10,2019,≤10 kW,Kstar,260.65,51,5.11078431372549
2019-10,2019,≤10 kW,NEP,22.8,10,2.2800000000000002
2019-10,2019,≤10 kW,Não informado,925.0500000000001,173,5.3471098265895955
2019-10,2019,≤10 kW,Outros,2451.42,692,3.5425144508670523
2019-10,2019,≤10 kW,PHB,2566.86,547,4.692614259597806
2019-10,2019,≤10 kW,Refusol,6143.2300000000005,1289,4.76588828549263
2019-10,2019,≤10 kW,Renac,5.0,1,5.0
2019-10,2019,≤10 kW,Renovigi,5540.32,1106,5.009330922242315
2019-10,2019,≤10 kW,SAJ,91.43,21,4.353809523809524
2019-10,2019,≤10 kW,SHENZHEN,7.5,1,7.5
2019-10,2019,≤10 kW,SMA,573.96,141,4.070638297872341
2019-10,2019,≤10 kW,Sofar Solar,2267.19,406,5.584211822660099
2019-10,2019,≤10 kW,SolarEdge,89.5,10,8.95
2019-10,2019,≤10 kW,Solis (Ginlong),1152.54,235,4.904425531914893
2019-10,2019,≤10 kW,Solplanet,6.0,1,6.0
2019-10,2019,≤10 kW,Sungrow,2144.34,408,5.255735294117647
2019-10,2019,≤10 kW,WEG,2384.08,487,4.895441478439425
2019-10,2019,≤10 kW,WEG (Huawei),475.84,104,4.575384615384615
2019-10,2019,10–20 kW,ABB/FIMER,736.02,48,15.33375
2019-10,2019,10–20 kW,APsystems,270.82,21,12.896190476190476
2019-10,2019,10–20 kW,B&B POWER,199.49,12,16.624166666666667
2019-10,2019,10–20 kW,Canadian Solar,167.04,10,16.704
2019-10,2019,10–20 kW,Chint,32.18,2,16.09
2019-10,2019,10–20 kW,Deye,121.23,8,15.15375
2019-10,2019,10–20 kW,Ecosolys,53.0,4,13.25
2019-10,2019,10–20 kW,Elgin,12.24,1,12.24
2019-10,2019,10–20 kW,Fronius,7655.39,520,14.721903846153847
2019-10,2019,10–20 kW,GE,15.2,1,15.2
2019-10,2019,10–20 kW,Goodwe,305.2,23,13.269565217391303
2019-10,2019,10–20 kW,Growatt,553.21,39,14.184871794871796
2019-10,2019,10–20 kW,Hoymiles,138.4,11,12.581818181818182
2019-10,2019,10–20 kW,Huawei,984.6,61,16.140983606557377
2019-10,2019,10–20 kW,Ingeteam,29.0,2,14.5
2019-10,2019,10–20 kW,Intelbras,206.52,15,13.768
2019-10,2019,10–20 kW,Komeco,20.0,1,20.0
2019-10,2019,10–20 kW,Kstar,159.54,11,14.503636363636362
2019-10,2019,10–20 kW,Livoltek,18.0,1,18.0
2019-10,2019,10–20 kW,Não informado,583.62,39,14.964615384615385
2019-10,2019,10–20 kW,Outros,1497.89,101,14.830594059405941
2019-10,2019,10–20 kW,PHB,1061.36,65,16.328615384615382
2019-10,2019,10–20 kW,Refusol,1585.69,112,14.15794642857143
2019-10,2019,10–20 kW,Renac,15.0,1,15.0
2019-10,2019,10–20 kW,Renovigi,1796.85,110,16.335
2019-10,2019,10–20 kW,SAJ,94.5,6,15.75
2019-10,2019,10–20 kW,SHENZHEN,20.0,1,20.0
2019-10,2019,10–20 kW,SMA,277.36,18,15.408888888888889
2019-10,2019,10–20 kW,Sofar Solar,943.23,63,14.971904761904762
2019-10,2019,10–20 kW,SolarEdge,592.85,38,15.601315789473684
2019-10,2019,10–20 kW,Solis (Ginlong),403.04,25,16.1216
2019-10,2019,10–20 kW,Sungrow,2653.52,170,15.608941176470589
2019-10,2019,10–20 kW,WEG,790.5,54,14.63888888888889
2019-10,2019,10–20 kW,WEG (Huawei),222.69,16,13.918125
2019-10,2019,20–75 kW,ABB/FIMER,2514.85,56,44.90803571428571
2019-10,2019,20–75 kW,APsystems,107.2,4,26.8
2019-10,2019,20–75 kW,Bedin Solar,75.0,1,75.0
2019-10,2019,20–75 kW,Canadian Solar,625.33,19,32.9121052631579
2019-10,2019,20–75 kW,Chint,122.0,3,40.666666666666664
2019-10,2019,20–75 kW,Deye,48.760000000000005,2,24.380000000000003
2019-10,2019,20–75 kW,Ecosolys,48.0,1,48.0
2019-10,2019,20–75 kW,Elgin,169.68,3,56.56
2019-10,2019,20–75 kW,Fronius,16209.23,437,37.09205949656751
2019-10,2019,20–75 kW,GE,30.4,1,30.4
2019-10,2019,20–75 kW,Goodwe,1129.45,25,45.178000000000004
2019-10,2019,20–75 kW,Growatt,1059.18,27,39.22888888888889
2019-10,2019,20–75 kW,Hoymiles,126.19999999999999,3,42.06666666666666
2019-10,2019,20–75 kW,Huawei,4537.51,95,47.76326315789474
2019-10,2019,20–75 kW,Ingeteam,556.3,12,46.35833333333333
2019-10,2019,20–75 kW,Intelbras,79.0,3,26.333333333333332
2019-10,2019,20–75 kW,Komeco,42.4,2,21.2
2019-10,2019,20–75 kW,Kstar,420.17,8,52.52125
2019-10,2019,20–75 kW,NEP,61.25,2,30.625
2019-10,2019,20–75 kW,Não informado,2515.89,61,41.244098360655734
2019-10,2019,20–75 kW,Outros,4784.86,112,42.721964285714286
2019-10,2019,20–75 kW,PHB,3284.59,90,36.495444444444445
2019-10,2019,20–75 kW,Refusol,1257.86,40,31.446499999999997
2019-10,2019,20–75 kW,Renovigi,2729.66,71,38.445915492957745
2019-10,2019,20–75 kW,SAJ,441.04,11,40.094545454545454
2019-10,2019,20–75 kW,SHENZHEN,30.0,1,30.0
2019-10,2019,20–75 kW,SMA,1704.42,39,43.70307692307693
2019-10,2019,20–75 kW,Sofar Solar,2460.09,59,41.6964406779661
2019-10,2019,20–75 kW,SolarEdge,2117.61,52,40.72326923076923
2019-10,2019,20–75 kW,Solis (Ginlong),883.12,23,38.396521739130435
2019-10,2019,20–75 kW,Sungrow,11028.4,238,46.337815126050415
2019-10,2019,20–75 kW,WEG,3406.45,84,40.55297619047619
2019-10,2019,20–75 kW,WEG (Huawei),967.98,24,40.3325
2019-10,2019,75–300 kW,ABB/FIMER,2439.91,21,116.18619047619048
2019-10,2019,75–300 kW,Elgin,100.0,1,100.0
2019-10,2019,75–300 kW,Fronius,1558.7,14,111.33571428571429
2019-10,2019,75–300 kW,Goodwe,90.0,1,90.0
2019-10,2019,75–300 kW,Growatt,282.0,2,141.0
2019-10,2019,75–300 kW,Huawei,740.5,6,123.41666666666667
2019-10,2019,75–300 kW,Ingeteam,141.0,1,141.0
2019-10,2019,75–300 kW,Kstar,359.12,4,89.78
2019-10,2019,75–300 kW,Não informado,425.72,4,106.43
2019-10,2019,75–300 kW,Outros,1259.0,10,125.9
2019-10,2019,75–300 kW,Renovigi,350.0,2,175.0
2019-10,2019,75–300 kW,SMA,395.0,3,131.66666666666666
2019-10,2019,75–300 kW,Sofar Solar,280.0,1,280.0
2019-10,2019,75–300 kW,SolarEdge,517.24,4,129.31
2019-10,2019,75–300 kW,Solis (Ginlong),370.0,2,185.0
2019-10,2019,75–300 kW,Sungrow,2809.15,22,127.68863636363636
2019-10,2019,75–300 kW,WEG,530.0,5,106.0
2019-10,2019,75–300 kW,WEG (Huawei),298.0,3,99.33333333333333
2019-10,2019,300 kW–1 MW,ABB/FIMER,700.0,1,700.0
2019-10,2019,300 kW–1 MW,Fronius,648.0,1,648.0
2019-10,2019,300 kW–1 MW,Huawei,2240.0,3,746.6666666666666
2019-10,2019,300 kW–1 MW,Não informado,400.0,1,400.0
2019-10,2019,300 kW–1 MW,Outros,541.0,1,541.0
2019-10,2019,300 kW–1 MW,Refusol,720.0,1,720.0
2019-10,2019,300 kW–1 MW,SMA,600.0,1,600.0
2019-10,2019,300 kW–1 MW,Sungrow,2000.0,2,1000.0
2019-10,2019,300 kW–1 MW,WEG,829.0,2,414.5
2019-10,2019,300 kW–1 MW,WEG (Huawei),1000.0,1,1000.0
2019-11,2019,≤10 kW,ABB/FIMER,955.71,197,4.851319796954315
2019-11,2019,≤10 kW,APsystems,1553.65,454,3.422136563876652
2019-11,2019,≤10 kW,Auxsol,6.84,1,6.84
2019-11,2019,≤10 kW,B&B POWER,131.26,35,3.750285714285714
2019-11,2019,≤10 kW,BYD,10.0,3,3.3333333333333335
2019-11,2019,≤10 kW,Canadian Solar,1018.4300000000001,268,3.8001119402985077
2019-11,2019,≤10 kW,Chint,47.43,9,5.27
2019-11,2019,≤10 kW,Deye,48.1,8,6.0125
2019-11,2019,≤10 kW,Ecosolys,548.37,176,3.1157386363636363
2019-11,2019,≤10 kW,Elgin,201.17000000000002,40,5.02925
2019-11,2019,≤10 kW,Foxess,11.0,2,5.5
2019-11,2019,≤10 kW,Fronius,12036.66,2098,5.7372068636796945
2019-11,2019,≤10 kW,Goodwe,246.29,50,4.9258
2019-11,2019,≤10 kW,Growatt,855.52,197,4.342741116751269
2019-11,2019,≤10 kW,Hoymiles,1132.3799999999999,338,3.350236686390532
2019-11,2019,≤10 kW,Huawei,878.38,178,4.934719101123595
2019-11,2019,≤10 kW,Ingeteam,37.93,9,4.214444444444444
2019-11,2019,≤10 kW,Intelbras,806.37,146,5.523082191780822
2019-11,2019,≤10 kW,Komeco,31.08,8,3.885
2019-11,2019,≤10 kW,Kstar,322.71000000000004,63,5.122380952380953
2019-11,2019,≤10 kW,NEP,33.35,17,1.961764705882353
2019-11,2019,≤10 kW,Não informado,930.67,170,5.474529411764705
2019-11,2019,≤10 kW,Outros,2819.12,694,4.062132564841498
2019-11,2019,≤10 kW,PHB,2324.67,511,4.549256360078278
2019-11,2019,≤10 kW,Refusol,6409.78,1362,4.706152716593245
2019-11,2019,≤10 kW,Renovigi,6011.56,1237,4.85978981406629
2019-11,2019,≤10 kW,SAJ,180.37,37,4.874864864864865
2019-11,2019,≤10 kW,SHENZHEN,60.4,11,5.490909090909091
2019-11,2019,≤10 kW,SMA,624.81,147,4.2504081632653055
2019-11,2019,≤10 kW,Sofar Solar,2163.2,384,5.633333333333333
2019-11,2019,≤10 kW,SolarEdge,59.5,6,9.916666666666666
2019-11,2019,≤10 kW,Solax Power,5.0,1,5.0
2019-11,2019,≤10 kW,Solis (Ginlong),1182.69,242,4.887148760330579
2019-11,2019,≤10 kW,Solplanet,7.5,1,7.5
2019-11,2019,≤10 kW,Sungrow,2444.1800000000003,456,5.3600438596491236
2019-11,2019,≤10 kW,WEG,2780.06,591,4.7039932318104904
2019-11,2019,≤10 kW,WEG (Huawei),482.96,105,4.599619047619047
2019-11,2019,10–20 kW,ABB/FIMER,732.35,50,14.647
2019-11,2019,10–20 kW,APsystems,315.21,24,13.13375
2019-11,2019,10–20 kW,B&B POWER,24.0,2,12.0
2019-11,2019,10–20 kW,Canadian Solar,250.2,17,14.717647058823529
2019-11,2019,10–20 kW,Chint,27.0,2,13.5
2019-11,2019,10–20 kW,Deye,78.71000000000001,6,13.118333333333334
2019-11,2019,10–20 kW,Each Energy,12.07,1,12.07
2019-11,2019,10–20 kW,Ecosolys,107.42,9,11.935555555555556
2019-11,2019,10–20 kW,Elgin,126.24000000000001,8,15.780000000000001
2019-11,2019,10–20 kW,Fronius,7569.93,501,15.109640718562876
2019-11,2019,10–20 kW,GE,17.55,1,17.55
2019-11,2019,10–20 kW,Goodwe,240.87,18,13.381666666666668
2019-11,2019,10–20 kW,Growatt,649.11,45,14.424666666666667
2019-11,2019,10–20 kW,Hoymiles,203.0,15,13.533333333333333
2019-11,2019,10–20 kW,Huawei,1117.15,70,15.959285714285716
2019-11,2019,10–20 kW,Ingeteam,35.0,2,17.5
2019-11,2019,10–20 kW,Intelbras,259.16,18,14.39777777777778
2019-11,2019,10–20 kW,Komeco,20.0,1,20.0
2019-11,2019,10–20 kW,Kstar,271.75,18,15.097222222222221
2019-11,2019,10–20 kW,Não informado,795.16,53,15.003018867924528
2019-11,2019,10–20 kW,Outros,1248.27,79,15.800886075949366
2019-11,2019,10–20 kW,PHB,887.82,56,15.853928571428572
2019-11,2019,10–20 kW,Refusol,1187.55,83,14.307831325301205
2019-11,2019,10–20 kW,Renovigi,1618.57,98,16.516020408163264
2019-11,2019,10–20 kW,SAJ,15.0,1,15.0
2019-11,2019,10–20 kW,SHENZHEN,90.23,5,18.046
2019-11,2019,10–20 kW,SMA,158.34,10,15.834
2019-11,2019,10–20 kW,Sofar Solar,1285.27,81,15.86753086419753
2019-11,2019,10–20 kW,SolarEdge,633.78,40,15.8445
2019-11,2019,10–20 kW,Solis (Ginlong),559.28,34,16.449411764705882
2019-11,2019,10–20 kW,Solplanet,12.3,1,12.3
2019-11,2019,10–20 kW,Sungrow,2334.18,156,14.962692307692306
2019-11,2019,10–20 kW,WEG,1064.99,69,15.43463768115942
2019-11,2019,10–20 kW,WEG (Huawei),346.0,23,15.043478260869565
2019-11,2019,20–75 kW,ABB/FIMER,2873.1,67,42.8820895522388
2019-11,2019,20–75 kW,APsystems,334.5,9,37.166666666666664
2019-11,2019,20–75 kW,B&B POWER,24.0,1,24.0
2019-11,2019,20–75 kW,Canadian Solar,768.92,20,38.446
2019-11,2019,20–75 kW,Chint,191.8,4,47.95
2019-11,2019,20–75 kW,Deye,232.37,5,46.474000000000004
2019-11,2019,20–75 kW,Ecosolys,45.0,1,45.0
2019-11,2019,20–75 kW,Fronius,15048.35,416,36.17391826923077
2019-11,2019,20–75 kW,GE,28.6,1,28.6
2019-11,2019,20–75 kW,Goodwe,1043.63,27,38.65296296296297
2019-11,2019,20–75 kW,Growatt,1978.55,50,39.571
2019-11,2019,20–75 kW,Hoymiles,84.0,3,28.0
2019-11,2019,20–75 kW,Huawei,4756.94,108,44.04574074074074
2019-11,2019,20–75 kW,Ingeteam,287.0,6,47.833333333333336
2019-11,2019,20–75 kW,Intelbras,142.0,4,35.5
2019-11,2019,20–75 kW,Komeco,65.0,2,32.5
2019-11,2019,20–75 kW,Kstar,603.9300000000001,17,35.525294117647064
2019-11,2019,20–75 kW,Não informado,2438.28,54,45.153333333333336
2019-11,2019,20–75 kW,Outros,6314.36,149,42.378255033557046
2019-11,2019,20–75 kW,PHB,2178.52,55,39.60945454545455
2019-11,2019,20–75 kW,Refusol,1467.24,44,33.346363636363634
2019-11,2019,20–75 kW,Renovigi,3342.83,85,39.32741176470588
2019-11,2019,20–75 kW,SAJ,211.43,6,35.23833333333334
2019-11,2019,20–75 kW,SHENZHEN,60.0,1,60.0
2019-11,2019,20–75 kW,SMA,2142.87,43,49.834186046511626
2019-11,2019,20–75 kW,Sofar Solar,2309.29,59,39.14050847457627
2019-11,2019,20–75 kW,SolarEdge,2115.58,54,39.17740740740741
2019-11,2019,20–75 kW,Solax Power,25.0,1,25.0
2019-11,2019,20–75 kW,Solis (Ginlong),711.92,19,37.46947368421053
2019-11,2019,20–75 kW,Solplanet,45.0,1,45.0
2019-11,2019,20–75 kW,Sungrow,10384.83,227,45.748149779735684
2019-11,2019,20–75 kW,WEG,3616.63,90,40.18477777777778
2019-11,2019,20–75 kW,WEG (Huawei),1233.7,31,39.79677419354839
2019-11,2019,75–300 kW,ABB/FIMER,2093.7,15,139.57999999999998
2019-11,2019,75–300 kW,Fronius,2492.5,19,131.18421052631578
2019-11,2019,75–300 kW,Growatt,150.0,1,150.0
2019-11,2019,75–300 kW,Huawei,1164.0,9,129.33333333333334
2019-11,2019,75–300 kW,Ingeteam,200.0,1,200.0
2019-11,2019,75–300 kW,Kstar,90.0,1,90.0
2019-11,2019,75–300 kW,Não informado,820.42,7,117.20285714285714
2019-11,2019,75–300 kW,Outros,1761.2,14,125.8
2019-11,2019,75–300 kW,PHB,85.0,1,85.0
2019-11,2019,75–300 kW,Renovigi,582.3199999999999,5,116.46399999999998
2019-11,2019,75–300 kW,SMA,955.5,6,159.25
2019-11,2019,75–300 kW,Sofar Solar,135.0,1,135.0
2019-11,2019,75–300 kW,SolarEdge,400.0,3,133.33333333333334
2019-11,2019,75–300 kW,Solis (Ginlong),230.0,2,115.0
2019-11,2019,75–300 kW,Sungrow,3081.11,22,140.05045454545456
2019-11,2019,75–300 kW,WEG,1019.5,8,127.4375
2019-11,2019,75–300 kW,WEG (Huawei),96.0,1,96.0
2019-11,2019,300 kW–1 MW,ABB/FIMER,360.0,1,360.0
2019-11,2019,300 kW–1 MW,Fronius,450.0,1,450.0
2019-11,2019,300 kW–1 MW,Huawei,1817.0,3,605.6666666666666
2019-11,2019,300 kW–1 MW,Ingeteam,2900.0,3,966.6666666666666
2019-11,2019,300 kW–1 MW,Outros,550.0,1,550.0
2019-11,2019,300 kW–1 MW,SMA,400.0,1,400.0
2019-11,2019,300 kW–1 MW,Sungrow,2260.0,3,753.3333333333334
2019-11,2019,1–5 MW,Fronius,2820.0,1,2820.0
2019-11,2019,1–5 MW,Goodwe,3492.0,1,3492.0
2019-11,2019,1–5 MW,Sungrow,2700.0,1,2700.0
2019-12,2019,≤10 kW,ABB/FIMER,1157.35,237,4.883333333333333
2019-12,2019,≤10 kW,APsystems,2085.22,585,3.564478632478632
2019-12,2019,≤10 kW,B&B POWER,86.10000000000001,26,3.3115384615384618
2019-12,2019,≤10 kW,BYD,10.68,3,3.56
2019-12,2019,≤10 kW,Bel Energy,3.85,1,3.85
2019-12,2019,≤10 kW,Canadian Solar,1546.6,371,4.168733153638814
2019-12,2019,≤10 kW,Chint,32.11,5,6.422
2019-12,2019,≤10 kW,Deye,108.96000000000001,19,5.734736842105264
2019-12,2019,≤10 kW,Ecosolys,897.41,283,3.171060070671378
2019-12,2019,≤10 kW,Elgin,280.66,56,5.011785714285715
2019-12,2019,≤10 kW,Enphase,5.34,1,5.34
2019-12,2019,≤10 kW,Foxess,7.73,2,3.865
2019-12,2019,≤10 kW,Fronius,17097.2,2973,5.750824083417424
2019-12,2019,≤10 kW,GE,7.2,1,7.2
2019-12,2019,≤10 kW,Goodwe,488.49,94,5.196702127659575
2019-12,2019,≤10 kW,Growatt,1437.58,312,4.607628205128205
2019-12,2019,≤10 kW,Hoymiles,1887.3,561,3.3641711229946525
2019-12,2019,≤10 kW,Huawei,1249.45,255,4.899803921568628
2019-12,2019,≤10 kW,Ingeteam,88.3,17,5.194117647058824
2019-12,2019,≤10 kW,Intelbras,1288.55,236,5.459957627118644
2019-12,2019,≤10 kW,Kehua,2.75,1,2.75
2019-12,2019,≤10 kW,Komeco,56.18,13,4.321538461538461
2019-12,2019,≤10 kW,Kstar,311.1,61,5.1000000000000005
2019-12,2019,≤10 kW,NEP,26.81,13,2.062307692307692
2019-12,2019,≤10 kW,Não informado,846.51,167,5.068922155688623
2019-12,2019,≤10 kW,Outros,4636.84,1273,3.642450903377848
2019-12,2019,≤10 kW,PHB,2995.66,645,4.644434108527132
2019-12,2019,≤10 kW,Refusol,8444.5,1809,4.668048645660586
2019-12,2019,≤10 kW,Renovigi,7807.86,1634,4.778372093023256
2019-12,2019,≤10 kW,SAJ,229.64000000000001,43,5.34046511627907
2019-12,2019,≤10 kW,SHENZHEN,31.5,6,5.25
2019-12,2019,≤10 kW,SMA,637.24,155,4.111225806451613
2019-12,2019,≤10 kW,SUNWAYS,3.0,1,3.0
2019-12,2019,≤10 kW,Sofar Solar,3004.6,543,5.533333333333333
2019-12,2019,≤10 kW,SolarEdge,83.8,9,9.31111111111111
2019-12,2019,≤10 kW,Solax Power,5.0,1,5.0
2019-12,2019,≤10 kW,Solis (Ginlong),1461.79,296,4.93847972972973
2019-12,2019,≤10 kW,Sungrow,2509.85,489,5.132617586912065
2019-12,2019,≤10 kW,WEG,4405.91,957,4.603876698014629
2019-12,2019,≤10 kW,WEG (Huawei),691.85,149,4.643288590604027
2019-12,2019,10–20 kW,ABB/FIMER,867.68,58,14.959999999999999
2019-12,2019,10–20 kW,APsystems,309.26,22,14.057272727272727
2019-12,2019,10–20 kW,B&B POWER,80.32,5,16.064
2019-12,2019,10–20 kW,BYD,12.5,1,12.5
2019-12,2019,10–20 kW,Canadian Solar,336.65,21,16.030952380952378
2019-12,2019,10–20 kW,Chint,40.4,3,13.466666666666667
2019-12,2019,10–20 kW,Deye,87.1,6,14.516666666666666
2019-12,2019,10–20 kW,Ecosolys,128.0,9,14.222222222222221
2019-12,2019,10–20 kW,Elgin,131.65,8,16.45625
2019-12,2019,10–20 kW,Fronius,10508.88,705,14.906212765957445
2019-12,2019,10–20 kW,GE,34.0,2,17.0
2019-12,2019,10–20 kW,Goodwe,458.12,30,15.270666666666667
2019-12,2019,10–20 kW,Growatt,908.64,61,14.895737704918032
2019-12,2019,10–20 kW,Hoymiles,288.0,23,12.521739130434783
2019-12,2019,10–20 kW,Huawei,1642.64,103,15.947961165048545
2019-12,2019,10–20 kW,Ingeteam,20.0,1,20.0
2019-12,2019,10–20 kW,Intelbras,287.88,19,15.15157894736842
2019-12,2019,10–20 kW,Komeco,19.72,1,19.72
2019-12,2019,10–20 kW,Kstar,182.66,13,14.05076923076923
2019-12,2019,10–20 kW,Não informado,587.27,41,14.323658536585365
2019-12,2019,10–20 kW,Outros,2100.42,140,15.003
2019-12,2019,10–20 kW,PHB,1120.35,70,16.005
2019-12,2019,10–20 kW,Refusol,1718.16,114,15.071578947368423
2019-12,2019,10–20 kW,Renac,15.4,1,15.4
2019-12,2019,10–20 kW,Renovigi,2276.77,143,15.92146853146853
2019-12,2019,10–20 kW,SAJ,103.4,6,17.233333333333334
2019-12,2019,10–20 kW,SHENZHEN,69.74,4,17.435
2019-12,2019,10–20 kW,SMA,293.6,20,14.680000000000001
2019-12,2019,10–20 kW,Sofar Solar,1394.57,91,15.324945054945054
2019-12,2019,10–20 kW,SolarEdge,626.15,41,15.271951219512195
2019-12,2019,10–20 kW,Solax Power,20.0,1,20.0
2019-12,2019,10–20 kW,Solis (Ginlong),551.54,34,16.22176470588235
2019-12,2019,10–20 kW,Sungrow,3093.27,202,15.313217821782178
2019-12,2019,10–20 kW,WEG,1471.29,93,15.820322580645161
2019-12,2019,10–20 kW,WEG (Huawei),343.34,22,15.606363636363636
2019-12,2019,20–75 kW,ABB/FIMER,2319.68,52,44.60923076923076
2019-12,2019,20–75 kW,APsystems,216.0,7,30.857142857142858
2019-12,2019,20–75 kW,B&B POWER,36.96,1,36.96
2019-12,2019,20–75 kW,Bedin Solar,25.0,1,25.0
2019-12,2019,20–75 kW,Canadian Solar,848.54,21,40.406666666666666
2019-12,2019,20–75 kW,Chint,172.2,6,28.7
2019-12,2019,20–75 kW,Ecosolys,30.0,1,30.0
2019-12,2019,20–75 kW,Elgin,219.66000000000003,5,43.932
2019-12,2019,20–75 kW,Fronius,20934.36,540,38.76733333333333
2019-12,2019,20–75 kW,GE,23.76,1,23.76
2019-12,2019,20–75 kW,Goodwe,1115.28,27,41.306666666666665
2019-12,2019,20–75 kW,Growatt,2610.88,59,44.25220338983051
2019-12,2019,20–75 kW,Hoymiles,463.24,13,35.63384615384616
2019-12,2019,20–75 kW,Huawei,4136.97,104,39.77855769230769
2019-12,2019,20–75 kW,Ingeteam,500.8,10,50.08
2019-12,2019,20–75 kW,Intelbras,162.97,6,27.161666666666665
2019-12,2019,20–75 kW,Kstar,913.14,22,41.50636363636364
2019-12,2019,20–75 kW,Não informado,2788.28,66,42.24666666666667
2019-12,2019,20–75 kW,Outros,9562.45,213,44.89413145539906
2019-12,2019,20–75 kW,PHB,3160.47,80,39.505874999999996
2019-12,2019,20–75 kW,Refusol,1401.68,46,30.471304347826088
2019-12,2019,20–75 kW,Renac,36.3,1,36.3
2019-12,2019,20–75 kW,Renovigi,4192.76,110,38.116
2019-12,2019,20–75 kW,SAJ,610.48,11,55.49818181818182
2019-12,2019,20–75 kW,SHENZHEN,93.0,2,46.5
2019-12,2019,20–75 kW,SMA,1804.29,41,44.00707317073171
2019-12,2019,20–75 kW,Sofar Solar,3107.37,76,40.88644736842105
2019-12,2019,20–75 kW,SolarEdge,2402.62,66,36.40333333333333
2019-12,2019,20–75 kW,Solis (Ginlong),994.44,25,39.7776
2019-12,2019,20–75 kW,Solplanet,25.0,1,25.0
2019-12,2019,20–75 kW,Sungrow,12229.94,271,45.128929889298895
2019-12,2019,20–75 kW,WEG,5265.59,133,39.5909022556391
2019-12,2019,20–75 kW,WEG (Huawei),1439.18,32,44.974375
2019-12,2019,75–300 kW,ABB/FIMER,2855.2,19,150.2736842105263
2019-12,2019,75–300 kW,APsystems,82.8,1,82.8
2019-12,2019,75–300 kW,Canadian Solar,100.0,1,100.0
2019-12,2019,75–300 kW,Elgin,100.0,1,100.0
2019-12,2019,75–300 kW,Fronius,2672.86,19,140.67684210526318
2019-12,2019,75–300 kW,Goodwe,120.0,1,120.0
2019-12,2019,75–300 kW,Growatt,1155.0,9,128.33333333333334
2019-12,2019,75–300 kW,Huawei,1726.0,12,143.83333333333334
2019-12,2019,75–300 kW,Intelbras,247.0,1,247.0
2019-12,2019,75–300 kW,Komeco,300.0,2,150.0
2019-12,2019,75–300 kW,Kstar,232.0,2,116.0
2019-12,2019,75–300 kW,Não informado,2235.2,15,149.01333333333332
2019-12,2019,75–300 kW,Outros,1920.1,14,137.15
2019-12,2019,75–300 kW,PHB,110.0,1,110.0
2019-12,2019,75–300 kW,SHENZHEN,95.0,1,95.0
2019-12,2019,75–300 kW,SMA,580.0,3,193.33333333333334
2019-12,2019,75–300 kW,Sofar Solar,742.5,4,185.625
2019-12,2019,75–300 kW,SolarEdge,110.4,1,110.4
2019-12,2019,75–300 kW,Sungrow,5007.2,38,131.76842105263157
2019-12,2019,75–300 kW,WEG,1844.0,12,153.66666666666666
2019-12,2019,75–300 kW,WEG (Huawei),515.0,3,171.66666666666666
2019-12,2019,300 kW–1 MW,ABB/FIMER,960.0,1,960.0
2019-12,2019,300 kW–1 MW,Goodwe,1079.76,2,539.88
2019-12,2019,300 kW–1 MW,Huawei,1380.0,2,690.0
2019-12,2019,300 kW–1 MW,Kstar,1000.0,1,1000.0
2019-12,2019,300 kW–1 MW,Outros,1330.0,3,443.3333333333333
2019-12,2019,300 kW–1 MW,SMA,375.0,1,375.0
2019-12,2019,300 kW–1 MW,Sineng,2000.0,3,666.6666666666666
2019-12,2019,300 kW–1 MW,Solis (Ginlong),327.0,1,327.0
2019-12,2019,300 kW–1 MW,Sungrow,8875.0,11,806.8181818181819
2019-12,2019,300 kW–1 MW,WEG,430.0,1,430.0
2019-12,2019,1–5 MW,ABB/FIMER,9200.0,2,4600.0
2019-12,2019,1–5 MW,Huawei,7420.0,2,3710.0
2019-12,2019,1–5 MW,Renovigi,5600.0,4,1400.0
2019-12,2019,1–5 MW,SMA,2500.0,1,2500.0
2019-12,2019,1–5 MW,Sineng,1056.0,1,1056.0
2019-12,2019,1–5 MW,Sungrow,1250.0,1,1250.0
2020-01,2020,≤10 kW,ABB/FIMER,1403.27,292,4.8057191780821915
2020-01,2020,≤10 kW,APsystems,1829.92,513,3.567095516569201
2020-01,2020,≤10 kW,B&B POWER,76.41,23,3.322173913043478
2020-01,2020,≤10 kW,BYD,18.0,3,6.0
2020-01,2020,≤10 kW,Bedin Solar,4.4,1,4.4
2020-01,2020,≤10 kW,Bel Energy,6.0,1,6.0
2020-01,2020,≤10 kW,Canadian Solar,1681.94,380,4.426157894736842
2020-01,2020,≤10 kW,Chint,191.01,33,5.788181818181818
2020-01,2020,≤10 kW,Deye,111.59,26,4.291923076923077
2020-01,2020,≤10 kW,Ecosolys,865.93,268,3.2310820895522387
2020-01,2020,≤10 kW,Elgin,268.42,53,5.064528301886793
2020-01,2020,≤10 kW,Emerson,3.0,1,3.0
2020-01,2020,≤10 kW,Empalux,5.0,1,5.0
2020-01,2020,≤10 kW,Fronius,16886.25,2918,5.786925976696367
2020-01,2020,≤10 kW,Goodwe,497.68,96,5.184166666666667
2020-01,2020,≤10 kW,Growatt,1955.67,397,4.926120906801008
2020-01,2020,≤10 kW,Hoymiles,2137.0099999999998,598,3.573595317725752
2020-01,2020,≤10 kW,Huawei,847.09,176,4.813011363636364
2020-01,2020,≤10 kW,Hypontech,7.0,2,3.5
2020-01,2020,≤10 kW,Ingeteam,68.88,14,4.92
2020-01,2020,≤10 kW,Intelbras,1206.84,241,5.0076348547717835
2020-01,2020,≤10 kW,Komeco,114.82,25,4.5927999999999995
2020-01,2020,≤10 kW,Kstar,224.2,46,4.873913043478261
2020-01,2020,≤10 kW,NEP,18.5,6,3.0833333333333335
2020-01,2020,≤10 kW,Não informado,1180.01,224,5.267901785714286
2020-01,2020,≤10 kW,Outros,4243.65,974,4.356930184804928
2020-01,2020,≤10 kW,PHB,2999.31,642,4.671822429906542
2020-01,2020,≤10 kW,Refusol,8527.03,1856,4.594304956896552
2020-01,2020,≤10 kW,Renovigi,7880.95,1677,4.69943351222421
2020-01,2020,≤10 kW,SAJ,318.23,69,4.612028985507247
2020-01,2020,≤10 kW,SHENZHEN,55.03,12,4.585833333333333
2020-01,2020,≤10 kW,SMA,924.32,219,4.220639269406393
2020-01,2020,≤10 kW,Sofar Solar,3253.5,610,5.333606557377049
2020-01,2020,≤10 kW,SolarEdge,56.43,7,8.061428571428571
2020-01,2020,≤10 kW,Solax Power,5.28,1,5.28
2020-01,2020,≤10 kW,Solis (Ginlong),1762.92,361,4.883434903047092
2020-01,2020,≤10 kW,Sungrow,2937.08,536,5.479626865671642
2020-01,2020,≤10 kW,WEG,4747.37,1010,4.700366336633663
2020-01,2020,≤10 kW,WEG (Huawei),635.55,134,4.742910447761194
2020-01,2020,10–20 kW,ABB/FIMER,946.2,63,15.019047619047619
2020-01,2020,10–20 kW,APsystems,333.96,24,13.915
2020-01,2020,10–20 kW,B&B POWER,51.379999999999995,3,17.126666666666665
2020-01,2020,10–20 kW,Canadian Solar,262.72,17,15.454117647058824
2020-01,2020,10–20 kW,Chint,73.0,5,14.6
2020-01,2020,10–20 kW,Deye,59.84,4,14.96
2020-01,2020,10–20 kW,Ecosolys,92.89,7,13.27
2020-01,2020,10–20 kW,Elgin,87.7,6,14.616666666666667
2020-01,2020,10–20 kW,Fronius,11072.92,740,14.963405405405405
2020-01,2020,10–20 kW,GE,103.25,7,14.75
2020-01,2020,10–20 kW,Goodwe,434.47,28,15.516785714285716
2020-01,2020,10–20 kW,Growatt,783.82,56,13.996785714285716
2020-01,2020,10–20 kW,Hoymiles,305.62,23,13.287826086956523
2020-01,2020,10–20 kW,Huawei,1740.77,110,15.825181818181818
2020-01,2020,10–20 kW,Ingeteam,44.24,3,14.746666666666668
2020-01,2020,10–20 kW,Intelbras,308.13,22,14.00590909090909
2020-01,2020,10–20 kW,Komeco,62.58,4,15.645
2020-01,2020,10–20 kW,Kstar,255.76,17,15.044705882352941
2020-01,2020,10–20 kW,NEP,12.0,1,12.0
2020-01,2020,10–20 kW,Não informado,788.5,52,15.163461538461538
2020-01,2020,10–20 kW,Outros,2324.66,151,15.395099337748343
2020-01,2020,10–20 kW,PHB,1227.98,75,16.373066666666666
2020-01,2020,10–20 kW,Refusol,1826.04,124,14.726129032258065
2020-01,2020,10–20 kW,Renovigi,2017.27,128,15.759921875
2020-01,2020,10–20 kW,SAJ,59.0,4,14.75
2020-01,2020,10–20 kW,SHENZHEN,90.0,5,18.0
2020-01,2020,10–20 kW,SMA,373.68,24,15.57
2020-01,2020,10–20 kW,Sofar Solar,1770.17,112,15.805089285714287
2020-01,2020,10–20 kW,SolarEdge,742.88,49,15.160816326530613
2020-01,2020,10–20 kW,Solis (Ginlong),693.01,43,16.116511627906977
2020-01,2020,10–20 kW,Sungrow,2273.96,152,14.960263157894737
2020-01,2020,10–20 kW,WEG,1982.52,129,15.368372093023256
2020-01,2020,10–20 kW,WEG (Huawei),232.3,16,14.51875
2020-01,2020,20–75 kW,ABB/FIMER,2085.08,53,39.3411320754717
2020-01,2020,20–75 kW,APsystems,280.32,7,40.04571428571428
2020-01,2020,20–75 kW,B&B POWER,40.0,1,40.0
2020-01,2020,20–75 kW,Bel Energy,22.0,1,22.0
2020-01,2020,20–75 kW,Canadian Solar,1230.84,32,38.46375
2020-01,2020,20–75 kW,Chint,244.12,5,48.824
2020-01,2020,20–75 kW,Deye,276.19,6,46.031666666666666
2020-01,2020,20–75 kW,Ecosolys,266.62,8,33.3275
2020-01,2020,20–75 kW,Elgin,196.68,4,49.17
2020-01,2020,20–75 kW,Fronius,18690.82,515,36.29285436893204
2020-01,2020,20–75 kW,GE,25.1,1,25.1
2020-01,2020,20–75 kW,Goodwe,1496.51,36,41.569722222222225
2020-01,2020,20–75 kW,Growatt,2026.82,52,38.97730769230769
2020-01,2020,20–75 kW,Hoymiles,115.8,3,38.6
2020-01,2020,20–75 kW,Huawei,5199.58,120,43.32983333333333
2020-01,2020,20–75 kW,Ingeteam,210.8,4,52.7
2020-01,2020,20–75 kW,Intelbras,171.96,5,34.392
2020-01,2020,20–75 kW,Komeco,50.0,1,50.0
2020-01,2020,20–75 kW,Kstar,643.06,18,35.72555555555555
2020-01,2020,20–75 kW,Não informado,2515.08,67,37.53850746268657
2020-01,2020,20–75 kW,Outros,7314.52,165,44.33042424242424
2020-01,2020,20–75 kW,PHB,2843.05,78,36.44935897435898
2020-01,2020,20–75 kW,Refusol,1948.65,61,31.945081967213117
2020-01,2020,20–75 kW,Renovigi,4673.65,113,41.35973451327433
2020-01,2020,20–75 kW,SAJ,779.3,17,45.84117647058823
2020-01,2020,20–75 kW,SHENZHEN,150.51,4,37.6275
2020-01,2020,20–75 kW,SMA,2907.88,57,51.01543859649123
2020-01,2020,20–75 kW,Sofar Solar,3547.22,85,41.732
2020-01,2020,20–75 kW,SolarEdge,2967.1,72,41.20972222222222
2020-01,2020,20–75 kW,Solis (Ginlong),1774.54,47,37.75617021276596
2020-01,2020,20–75 kW,Sungrow,13127.02,284,46.221901408450705
2020-01,2020,20–75 kW,WEG,4917.5,122,40.307377049180324
2020-01,2020,20–75 kW,WEG (Huawei),1090.76,27,40.39851851851852
2020-01,2020,75–300 kW,ABB/FIMER,3769.3,29,129.9758620689655
2020-01,2020,75–300 kW,Chint,195.0,2,97.5
2020-01,2020,75–300 kW,Deye,97.5,1,97.5
2020-01,2020,75–300 kW,Ecosolys,240.0,1,240.0
2020-01,2020,75–300 kW,Fronius,3186.1,29,109.86551724137931
2020-01,2020,75–300 kW,Goodwe,120.0,1,120.0
2020-01,2020,75–300 kW,Growatt,655.0,4,163.75
2020-01,2020,75–300 kW,Huawei,2020.0,14,144.28571428571428
2020-01,2020,75–300 kW,Ingeteam,260.0,1,260.0
2020-01,2020,75–300 kW,Kstar,100.0,1,100.0
2020-01,2020,75–300 kW,Não informado,605.6,5,121.12
2020-01,2020,75–300 kW,Outros,2457.5,16,153.59375
2020-01,2020,75–300 kW,PHB,278.64,2,139.32
2020-01,2020,75–300 kW,Refusol,240.0,3,80.0
2020-01,2020,75–300 kW,Renovigi,922.0,8,115.25
2020-01,2020,75–300 kW,SHENZHEN,170.0,1,170.0
2020-01,2020,75–300 kW,SMA,1025.0,6,170.83333333333334
2020-01,2020,75–300 kW,Sofar Solar,1135.0,7,162.14285714285714
2020-01,2020,75–300 kW,SolarEdge,516.8,5,103.35999999999999
2020-01,2020,75–300 kW,Solis (Ginlong),300.0,1,300.0
2020-01,2020,75–300 kW,Sungrow,4530.75,32,141.5859375
2020-01,2020,75–300 kW,WEG,707.04,6,117.83999999999999
2020-01,2020,75–300 kW,WEG (Huawei),202.0,2,101.0
2020-01,2020,300 kW–1 MW,Fronius,432.0,1,432.0
2020-01,2020,300 kW–1 MW,Huawei,1452.0,2,726.0
2020-01,2020,300 kW–1 MW,Ingeteam,433.0,1,433.0
2020-01,2020,300 kW–1 MW,Outros,1225.0,3,408.3333333333333
2020-01,2020,300 kW–1 MW,SolarEdge,729.5999999999999,2,364.79999999999995
2020-01,2020,300 kW–1 MW,Sungrow,4250.0,5,850.0
2020-01,2020,300 kW–1 MW,WEG,780.0,1,780.0
2020-01,2020,1–5 MW,Huawei,4920.0,1,4920.0
2020-01,2020,1–5 MW,Ingeteam,4950.0,1,4950.0
2020-01,2020,1–5 MW,Kstar,1056.0,1,1056.0
2020-01,2020,1–5 MW,Sineng,4224.0,4,1056.0
2020-01,2020,1–5 MW,Sungrow,2000.0,1,2000.0
2020-02,2020,≤10 kW,ABB/FIMER,1372.86,277,4.956173285198555
2020-02,2020,≤10 kW,APsystems,1834.83,500,3.66966
2020-02,2020,≤10 kW,Auxsol,6.0,1,6.0
2020-02,2020,≤10 kW,B&B POWER,49.95,14,3.567857142857143
2020-02,2020,≤10 kW,BYD,25.5,5,5.1
2020-02,2020,≤10 kW,Bedin Solar,19.85,4,4.9625
2020-02,2020,≤10 kW,Bel Energy,23.0,4,5.75
2020-02,2020,≤10 kW,Canadian Solar,1620.81,378,4.287857142857143
2020-02,2020,≤10 kW,Chint,122.15,20,6.1075
2020-02,2020,≤10 kW,Deye,243.84,50,4.8768
2020-02,2020,≤10 kW,Ecosolys,701.21,203,3.4542364532019705
2020-02,2020,≤10 kW,Elgin,294.91,53,5.56433962264151
2020-02,2020,≤10 kW,Fronius,14262.33,2474,5.764886822958771
2020-02,2020,≤10 kW,Goodwe,537.28,107,5.021308411214953
2020-02,2020,≤10 kW,Growatt,2228.87,439,5.0771526195899765
2020-02,2020,≤10 kW,Hoymiles,1526.42,408,3.7412254901960784
2020-02,2020,≤10 kW,Huawei,653.18,133,4.911127819548872
2020-02,2020,≤10 kW,Ingeteam,44.24,9,4.915555555555556
2020-02,2020,≤10 kW,Intelbras,1017.68,182,5.5916483516483515
2020-02,2020,≤10 kW,Komeco,109.25,22,4.965909090909091
2020-02,2020,≤10 kW,Kstar,238.49,51,4.676274509803922
2020-02,2020,≤10 kW,NEP,17.3,8,2.1625
2020-02,2020,≤10 kW,Não informado,1028.35,198,5.193686868686868
2020-02,2020,≤10 kW,Outros,2963.17,915,3.2384371584699454
2020-02,2020,≤10 kW,PHB,2741.0,561,4.885918003565062
2020-02,2020,≤10 kW,Refusol,6604.02,1456,4.535728021978023
2020-02,2020,≤10 kW,Renac,20.54,4,5.135
2020-02,2020,≤10 kW,Renovigi,7529.04,1547,4.866864899806076
2020-02,2020,≤10 kW,SAJ,332.56,73,4.555616438356164
2020-02,2020,≤10 kW,SHENZHEN,127.48,23,5.5426086956521745
2020-02,2020,≤10 kW,SMA,821.78,185,4.442054054054054
2020-02,2020,≤10 kW,Sofar Solar,3061.48,577,5.305857885615251
2020-02,2020,≤10 kW,SolarEdge,50.24,8,6.28
2020-02,2020,≤10 kW,Solax Power,7.13,1,7.13
2020-02,2020,≤10 kW,Solis (Ginlong),1548.14,312,4.9619871794871795
2020-02,2020,≤10 kW,Sungrow,2280.93,439,5.195740318906606
2020-02,2020,≤10 kW,WEG,4608.15,958,4.81017745302714
2020-02,2020,≤10 kW,WEG (Huawei),747.51,146,5.119931506849315
2020-02,2020,10–20 kW,ABB/FIMER,1125.6,76,14.810526315789472
2020-02,2020,10–20 kW,APsystems,281.0,23,12.217391304347826
2020-02,2020,10–20 kW,Canadian Solar,434.49,27,16.092222222222222
2020-02,2020,10–20 kW,Chint,32.0,2,16.0
2020-02,2020,10–20 kW,Deye,148.83,11,13.530000000000001
2020-02,2020,10–20 kW,Ecosolys,139.0,10,13.9
2020-02,2020,10–20 kW,Elgin,195.46,12,16.288333333333334
2020-02,2020,10–20 kW,Fronius,9866.289999999999,667,14.792038980509744
2020-02,2020,10–20 kW,Goodwe,459.55,32,14.3609375
2020-02,2020,10–20 kW,Growatt,865.06,60,14.417666666666666
2020-02,2020,10–20 kW,Hoymiles,325.62,25,13.0248
2020-02,2020,10–20 kW,Huawei,1519.76,93,16.341505376344085
2020-02,2020,10–20 kW,Hypontech,20.0,1,20.0
2020-02,2020,10–20 kW,Ingeteam,33.0,2,16.5
2020-02,2020,10–20 kW,Intelbras,246.64,18,13.702222222222222
2020-02,2020,10–20 kW,Kehua,27.0,2,13.5
2020-02,2020,10–20 kW,Komeco,78.8,5,15.76
2020-02,2020,10–20 kW,Kstar,228.72,16,14.295
2020-02,2020,10–20 kW,Não informado,855.3100000000001,58,14.746724137931036
2020-02,2020,10–20 kW,Outros,1688.36,110,15.348727272727272
2020-02,2020,10–20 kW,PHB,1060.13,65,16.30969230769231
2020-02,2020,10–20 kW,Refusol,1294.23,91,14.222307692307693
2020-02,2020,10–20 kW,Renac,15.0,1,15.0
2020-02,2020,10–20 kW,Renovigi,2259.65,140,16.140357142857145
2020-02,2020,10–20 kW,SAJ,141.63,10,14.163
2020-02,2020,10–20 kW,SHENZHEN,100.0,6,16.666666666666668
2020-02,2020,10–20 kW,SMA,302.18,20,15.109
2020-02,2020,10–20 kW,Sofar Solar,1340.3,88,15.230681818181818
2020-02,2020,10–20 kW,SolarEdge,930.62,58,16.045172413793104
2020-02,2020,10–20 kW,Solis (Ginlong),580.7,36,16.130555555555556
2020-02,2020,10–20 kW,Sungrow,2278.56,154,14.795844155844156
2020-02,2020,10–20 kW,WEG,1452.75,95,15.292105263157895
2020-02,2020,10–20 kW,WEG (Huawei),353.42,25,14.136800000000001
2020-02,2020,20–75 kW,ABB/FIMER,2863.51,73,39.226164383561645
2020-02,2020,20–75 kW,APsystems,253.8,8,31.725
2020-02,2020,20–75 kW,B&B POWER,56.24,2,28.12
2020-02,2020,20–75 kW,BYD,36.0,1,36.0
2020-02,2020,20–75 kW,Canadian Solar,1508.54,36,41.903888888888886
2020-02,2020,20–75 kW,Chint,291.56,9,32.39555555555555
2020-02,2020,20–75 kW,Deye,531.86,12,44.321666666666665
2020-02,2020,20–75 kW,Ecosolys,30.0,1,30.0
2020-02,2020,20–75 kW,Elgin,421.44,9,46.82666666666667
2020-02,2020,20–75 kW,Fronius,17412.64,491,35.46362525458248
2020-02,2020,20–75 kW,GE,100.86,3,33.62
2020-02,2020,20–75 kW,Goodwe,2051.13,53,38.700566037735854
2020-02,2020,20–75 kW,Growatt,2107.71,51,41.32764705882353
2020-02,2020,20–75 kW,Hoymiles,248.8,7,35.542857142857144
2020-02,2020,20–75 kW,Huawei,3868.89,93,41.600967741935484
2020-02,2020,20–75 kW,Hypontech,60.0,1,60.0
2020-02,2020,20–75 kW,Ingeteam,125.64,3,41.88
2020-02,2020,20–75 kW,Intelbras,262.38,7,37.48285714285714
2020-02,2020,20–75 kW,Komeco,63.0,2,31.5
2020-02,2020,20–75 kW,Kstar,499.74,12,41.645
2020-02,2020,20–75 kW,Não informado,1869.75,50,37.395
2020-02,2020,20–75 kW,Outros,6754.66,154,43.86142857142857
2020-02,2020,20–75 kW,PHB,2507.64,64,39.181875
2020-02,2020,20–75 kW,Refusol,1983.21,60,33.0535
2020-02,2020,20–75 kW,Renovigi,4762.77,111,42.90783783783784
2020-02,2020,20–75 kW,SAJ,328.42,8,41.0525
2020-02,2020,20–75 kW,SHENZHEN,268.76,6,44.79333333333333
2020-02,2020,20–75 kW,SMA,3525.51,66,53.416818181818186
2020-02,2020,20–75 kW,Sofar Solar,3282.32,83,39.546024096385544
2020-02,2020,20–75 kW,SolarEdge,2490.0,63,39.523809523809526
2020-02,2020,20–75 kW,Solis (Ginlong),1332.04,29,45.93241379310345
2020-02,2020,20–75 kW,Solplanet,27.0,1,27.0
2020-02,2020,20–75 kW,Sungrow,12361.19,260,47.543038461538465
2020-02,2020,20–75 kW,WEG,5383.75,121,44.493801652892564
2020-02,2020,20–75 kW,WEG (Huawei),1491.85,36,41.44027777777777
2020-02,2020,75–300 kW,ABB/FIMER,1098.0,7,156.85714285714286
2020-02,2020,75–300 kW,Canadian Solar,330.0,3,110.0
2020-02,2020,75–300 kW,Chint,292.0,1,292.0
2020-02,2020,75–300 kW,Ecosolys,100.0,1,100.0
2020-02,2020,75–300 kW,Fronius,1251.6,10,125.16
2020-02,2020,75–300 kW,Growatt,689.36,5,137.872
2020-02,2020,75–300 kW,Huawei,1946.0,12,162.16666666666666
2020-02,2020,75–300 kW,Kstar,326.0,2,163.0
2020-02,2020,75–300 kW,Não informado,1044.0,10,104.4
2020-02,2020,75–300 kW,Outros,922.0,9,102.44444444444444
2020-02,2020,75–300 kW,PHB,386.05,4,96.5125
2020-02,2020,75–300 kW,Renovigi,692.0,6,115.33333333333333
2020-02,2020,75–300 kW,SAJ,350.0,3,116.66666666666667
2020-02,2020,75–300 kW,SMA,670.0,5,134.0
2020-02,2020,75–300 kW,Sofar Solar,700.0,7,100.0
2020-02,2020,75–300 kW,SolarEdge,183.6,2,91.8
2020-02,2020,75–300 kW,Solis (Ginlong),550.0,4,137.5
2020-02,2020,75–300 kW,Sungrow,4548.64,35,129.96114285714287
2020-02,2020,75–300 kW,WEG,1040.0,9,115.55555555555556
2020-02,2020,75–300 kW,WEG (Huawei),284.0,2,142.0
2020-02,2020,300 kW–1 MW,ABB/FIMER,3400.0,4,850.0
2020-02,2020,300 kW–1 MW,Growatt,350.0,1,350.0
2020-02,2020,300 kW–1 MW,Kstar,450.0,1,450.0
2020-02,2020,300 kW–1 MW,Outros,1612.0,2,806.0
2020-02,2020,300 kW–1 MW,Renovigi,390.0,1,390.0
2020-02,2020,300 kW–1 MW,Sungrow,3772.0,5,754.4
2020-02,2020,300 kW–1 MW,WEG,480.0,1,480.0
2020-02,2020,300 kW–1 MW,WEG (Huawei),660.0,1,660.0
2020-02,2020,1–5 MW,ABB/FIMER,5287.8,2,2643.9
2020-02,2020,1–5 MW,Kstar,1500.0,1,1500.0
2020-02,2020,1–5 MW,Sungrow,6625.0,2,3312.5
2020-03,2020,≤10 kW,ABB/FIMER,1922.36,366,5.252349726775956
2020-03,2020,≤10 kW,APsystems,2485.2,784,3.169897959183673
2020-03,2020,≤10 kW,Auxsol,6.0,1,6.0
2020-03,2020,≤10 kW,B&B POWER,66.38,17,3.904705882352941
2020-03,2020,≤10 kW,BYD,13.5,2,6.75
2020-03,2020,≤10 kW,Bedin Solar,3.3,1,3.3
2020-03,2020,≤10 kW,Bel Energy,10.0,1,10.0
2020-03,2020,≤10 kW,Canadian Solar,1539.0,329,4.677811550151976
2020-03,2020,≤10 kW,Chint,153.05,28,5.466071428571429
2020-03,2020,≤10 kW,Deye,303.84,65,4.6744615384615384
2020-03,2020,≤10 kW,Ecosolys,838.8,254,3.3023622047244094
2020-03,2020,≤10 kW,Elgin,345.5,73,4.732876712328767
2020-03,2020,≤10 kW,Enphase,6.98,1,6.98
2020-03,2020,≤10 kW,Fronius,17041.36,2901,5.874305411926922
2020-03,2020,≤10 kW,Goodwe,518.1,97,5.341237113402062
2020-03,2020,≤10 kW,Growatt,5364.88,972,5.519423868312757
2020-03,2020,≤10 kW,Hoymiles,2144.7599999999998,594,3.61070707070707
2020-03,2020,≤10 kW,Huawei,581.7,116,5.014655172413794
2020-03,2020,≤10 kW,Ingeteam,117.78,22,5.3536363636363635
2020-03,2020,≤10 kW,Intelbras,1214.28,222,5.46972972972973
2020-03,2020,≤10 kW,Kehua,3.0,1,3.0
2020-03,2020,≤10 kW,Komeco,130.28,23,5.664347826086956
2020-03,2020,≤10 kW,Kstar,183.56,38,4.830526315789474
2020-03,2020,≤10 kW,Livoltek,10.0,1,10.0
2020-03,2020,≤10 kW,NEP,11.59,8,1.44875
2020-03,2020,≤10 kW,Não informado,1005.51,187,5.377058823529412
2020-03,2020,≤10 kW,Outros,3748.69,948,3.9543143459915613
2020-03,2020,≤10 kW,PHB,3642.57,749,4.86324432576769
2020-03,2020,≤10 kW,Refusol,7305.25,1584,4.611900252525253
2020-03,2020,≤10 kW,Renac,23.7,6,3.9499999999999997
2020-03,2020,≤10 kW,Renovigi,9063.74,1824,4.969155701754386
2020-03,2020,≤10 kW,SAJ,559.49,120,4.662416666666667
2020-03,2020,≤10 kW,SHENZHEN,93.98,21,4.475238095238096
2020-03,2020,≤10 kW,SMA,954.94,214,4.462336448598131
2020-03,2020,≤10 kW,Sofar Solar,4334.64,818,5.299070904645477
2020-03,2020,≤10 kW,SolarEdge,117.32,17,6.901176470588235
2020-03,2020,≤10 kW,Solax Power,19.39,3,6.463333333333334
2020-03,2020,≤10 kW,Solis (Ginlong),1796.76,357,5.0329411764705885
2020-03,2020,≤10 kW,Solplanet,2.68,1,2.68
2020-03,2020,≤10 kW,Sungrow,2306.89,459,5.025904139433551
2020-03,2020,≤10 kW,WEG,5538.2300000000005,1181,4.689441151566469
2020-03,2020,≤10 kW,WEG (Huawei),558.46,111,5.031171171171171
2020-03,2020,10–20 kW,ABB/FIMER,1071.62,74,14.48135135135135
2020-03,2020,10–20 kW,APsystems,436.68,31,14.086451612903225
2020-03,2020,10–20 kW,B&B POWER,66.0,4,16.5
2020-03,2020,10–20 kW,Canadian Solar,569.36,36,15.815555555555555
2020-03,2020,10–20 kW,Chint,61.18,4,15.295
2020-03,2020,10–20 kW,Deye,210.22,16,13.13875
2020-03,2020,10–20 kW,Ecosolys,348.67,25,13.946800000000001
2020-03,2020,10–20 kW,Elgin,94.7,7,13.528571428571428
2020-03,2020,10–20 kW,Enphase,14.85,1,14.85
2020-03,2020,10–20 kW,Fronius,11735.17,789,14.873472750316857
2020-03,2020,10–20 kW,GE,11.88,1,11.88
2020-03,2020,10–20 kW,Goodwe,494.42,36,13.73388888888889
2020-03,2020,10–20 kW,Growatt,1459.2,96,15.200000000000001
2020-03,2020,10–20 kW,Hoymiles,497.95,39,12.767948717948718
2020-03,2020,10–20 kW,Huawei,1674.3,105,15.945714285714285
2020-03,2020,10–20 kW,Intelbras,420.4,31,13.561290322580644
2020-03,2020,10–20 kW,Komeco,67.92,4,16.98
2020-03,2020,10–20 kW,Kstar,247.3,17,14.547058823529412
2020-03,2020,10–20 kW,Não informado,799.89,57,14.033157894736842
2020-03,2020,10–20 kW,Outros,1814.5,118,15.377118644067796
2020-03,2020,10–20 kW,PHB,1609.39,98,16.42234693877551
2020-03,2020,10–20 kW,Refusol,1714.95,119,14.411344537815127
2020-03,2020,10–20 kW,Renac,11.68,1,11.68
2020-03,2020,10–20 kW,Renovigi,2835.21,177,16.01813559322034
2020-03,2020,10–20 kW,SAJ,225.38,15,15.025333333333332
2020-03,2020,10–20 kW,SHENZHEN,75.0,4,18.75
2020-03,2020,10–20 kW,SMA,457.28000000000003,31,14.750967741935485
2020-03,2020,10–20 kW,Sofar Solar,1956.26,129,15.164806201550387
2020-03,2020,10–20 kW,SolarEdge,857.32,56,15.309285714285716
2020-03,2020,10–20 kW,Solis (Ginlong),768.05,49,15.674489795918367
2020-03,2020,10–20 kW,Solplanet,51.0,3,17.0
2020-03,2020,10–20 kW,Sungrow,2605.61,171,15.23748538011696
2020-03,2020,10–20 kW,WEG,2473.2,165,14.989090909090908
2020-03,2020,10–20 kW,WEG (Huawei),474.45,31,15.30483870967742
2020-03,2020,20–75 kW,ABB/FIMER,2701.84,67,40.325970149253735
2020-03,2020,20–75 kW,APsystems,503.1,17,29.594117647058823
2020-03,2020,20–75 kW,B&B POWER,40.0,1,40.0
2020-03,2020,20–75 kW,BYD,122.64,3,40.88
2020-03,2020,20–75 kW,Bel Energy,51.0,1,51.0
2020-03,2020,20–75 kW,Canadian Solar,2416.66,60,40.27766666666666
2020-03,2020,20–75 kW,Chint,570.05,14,40.71785714285714
2020-03,2020,20–75 kW,Deye,544.21,16,34.013125
2020-03,2020,20–75 kW,Ecosolys,137.92000000000002,4,34.480000000000004
2020-03,2020,20–75 kW,Elgin,199.49,4,49.8725
2020-03,2020,20–75 kW,Foxess,24.0,1,24.0
2020-03,2020,20–75 kW,Fronius,21266.16,583,36.47711835334477
2020-03,2020,20–75 kW,GE,64.72,2,32.36
2020-03,2020,20–75 kW,Goodwe,1858.58,43,43.22279069767442
2020-03,2020,20–75 kW,Growatt,3527.78,81,43.552839506172845
2020-03,2020,20–75 kW,Hoymiles,445.0,12,37.083333333333336
2020-03,2020,20–75 kW,Huawei,4749.8,111,42.79099099099099
2020-03,2020,20–75 kW,Ingeteam,295.0,7,42.142857142857146
2020-03,2020,20–75 kW,Intelbras,466.62,12,38.885
2020-03,2020,20–75 kW,Komeco,117.0,3,39.0
2020-03,2020,20–75 kW,Kstar,531.58,14,37.970000000000006
2020-03,2020,20–75 kW,Não informado,2350.72,58,40.52965517241379
2020-03,2020,20–75 kW,Outros,10109.25,197,51.315989847715734
2020-03,2020,20–75 kW,PHB,3163.59,81,39.05666666666667
2020-03,2020,20–75 kW,Refusol,3076.17,88,34.95647727272728
2020-03,2020,20–75 kW,Renovigi,6120.97,139,44.03575539568345
2020-03,2020,20–75 kW,SAJ,734.17,16,45.885625
2020-03,2020,20–75 kW,SHENZHEN,170.0,4,42.5
2020-03,2020,20–75 kW,SMA,3600.05,69,52.174637681159425
2020-03,2020,20–75 kW,Sofar Solar,3822.5,103,37.11165048543689
2020-03,2020,20–75 kW,SolarEdge,3464.29,89,38.92460674157304
2020-03,2020,20–75 kW,Solis (Ginlong),1111.55,28,39.698214285714286
2020-03,2020,20–75 kW,Sungrow,13058.86,274,47.660072992700734
2020-03,2020,20–75 kW,WEG,7378.85,169,43.661834319526626
2020-03,2020,20–75 kW,WEG (Huawei),1013.2,22,46.054545454545455
2020-03,2020,75–300 kW,ABB/FIMER,1642.25,13,126.32692307692308
2020-03,2020,75–300 kW,Canadian Solar,260.0,2,130.0
2020-03,2020,75–300 kW,Fronius,2813.93,22,127.90590909090908
2020-03,2020,75–300 kW,Goodwe,177.0,2,88.5
2020-03,2020,75–300 kW,Growatt,242.0,2,121.0
2020-03,2020,75–300 kW,Hoymiles,224.6,1,224.6
2020-03,2020,75–300 kW,Huawei,883.0,7,126.14285714285714
2020-03,2020,75–300 kW,Intelbras,403.95,2,201.975
2020-03,2020,75–300 kW,Kstar,100.0,1,100.0
2020-03,2020,75–300 kW,Não informado,380.4,3,126.8
2020-03,2020,75–300 kW,Outros,1094.45,8,136.80625
2020-03,2020,75–300 kW,PHB,683.1800000000001,5,136.63600000000002
2020-03,2020,75–300 kW,Renovigi,1400.0,12,116.66666666666667
2020-03,2020,75–300 kW,SMA,475.0,3,158.33333333333334
2020-03,2020,75–300 kW,Sofar Solar,752.0,6,125.33333333333333
2020-03,2020,75–300 kW,SolarEdge,294.0,3,98.0
2020-03,2020,75–300 kW,Solis (Ginlong),112.5,1,112.5
2020-03,2020,75–300 kW,Sungrow,4058.74,26,156.1053846153846
2020-03,2020,75–300 kW,WEG,1161.0,10,116.1
2020-03,2020,75–300 kW,WEG (Huawei),428.0,3,142.66666666666666
2020-03,2020,300 kW–1 MW,ABB/FIMER,1800.0,3,600.0
2020-03,2020,300 kW–1 MW,Fronius,750.0,2,375.0
2020-03,2020,300 kW–1 MW,Growatt,960.0,1,960.0
2020-03,2020,300 kW–1 MW,Huawei,945.0,1,945.0
2020-03,2020,300 kW–1 MW,Outros,1290.0,3,430.0
2020-03,2020,300 kW–1 MW,Renovigi,400.0,1,400.0
2020-03,2020,300 kW–1 MW,SMA,750.0,1,750.0
2020-03,2020,300 kW–1 MW,Sungrow,6329.9,7,904.2714285714285
2020-03,2020,300 kW–1 MW,WEG,324.0,1,324.0
2020-03,2020,1–5 MW,ABB/FIMER,9000.0,2,4500.0
2020-03,2020,1–5 MW,Huawei,9820.0,4,2455.0
2020-04,2020,≤10 kW,ABB/FIMER,1072.8799999999999,200,5.3644
2020-04,2020,≤10 kW,APsystems,1915.3799999999999,575,3.331095652173913
2020-04,2020,≤10 kW,B&B POWER,39.0,9,4.333333333333333
2020-04,2020,≤10 kW,BYD,122.23,28,4.365357142857143
2020-04,2020,≤10 kW,Bedin Solar,79.5,12,6.625
2020-04,2020,≤10 kW,Bel Energy,12.35,2,6.175
2020-04,2020,≤10 kW,Canadian Solar,1212.57,262,4.628129770992366
2020-04,2020,≤10 kW,Chint,107.9,16,6.74375
2020-04,2020,≤10 kW,Deye,393.16,89,4.41752808988764
2020-04,2020,≤10 kW,Ecosolys,581.07,171,3.3980701754385967
2020-04,2020,≤10 kW,Elgin,318.84,57,5.593684210526315
2020-04,2020,≤10 kW,Empalux,5.0,1,5.0
2020-04,2020,≤10 kW,Foxess,7.2,1,7.2
2020-04,2020,≤10 kW,Fronius,11918.5,2052,5.808235867446394
2020-04,2020,≤10 kW,Goodwe,439.22,92,4.774130434782609
2020-04,2020,≤10 kW,Growatt,5820.98,1040,5.597096153846153
2020-04,2020,≤10 kW,Hoymiles,1723.25,509,3.385559921414538
2020-04,2020,≤10 kW,Huawei,325.5,68,4.786764705882353
2020-04,2020,≤10 kW,Ingeteam,49.120000000000005,9,5.457777777777778
2020-04,2020,≤10 kW,Intelbras,1043.11,207,5.039178743961352
2020-04,2020,≤10 kW,Komeco,62.7,11,5.7
2020-04,2020,≤10 kW,Kstar,198.24,37,5.357837837837838
2020-04,2020,≤10 kW,Livoltek,8.0,1,8.0
2020-04,2020,≤10 kW,NEP,8.9,4,2.225
2020-04,2020,≤10 kW,Não informado,1188.55,237,5.014978902953587
2020-04,2020,≤10 kW,Outros,3260.7,736,4.430298913043478
2020-04,2020,≤10 kW,PHB,2108.76,429,4.915524475524476
2020-04,2020,≤10 kW,Refusol,6154.87,1424,4.3222401685393255
2020-04,2020,≤10 kW,Renac,89.26,20,4.463
2020-04,2020,≤10 kW,Renovigi,6636.71,1338,4.960171898355755
2020-04,2020,≤10 kW,SAJ,542.46,122,4.446393442622951
2020-04,2020,≤10 kW,SHENZHEN,194.38,31,6.2703225806451615
2020-04,2020,≤10 kW,SMA,671.42,155,4.331741935483871
2020-04,2020,≤10 kW,Sofar Solar,4036.08,759,5.317628458498024
2020-04,2020,≤10 kW,SolarEdge,117.84,15,7.856
2020-04,2020,≤10 kW,Solax Power,49.56,10,4.956
2020-04,2020,≤10 kW,Solis (Ginlong),1399.35,288,4.858854166666666
2020-04,2020,≤10 kW,Solplanet,15.879999999999999,3,5.293333333333333
2020-04,2020,≤10 kW,Sungrow,2050.85,406,5.051354679802955
2020-04,2020,≤10 kW,Tsun,4.0,1,4.0
2020-04,2020,≤10 kW,WEG,4156.2,878,4.7337129840546694
2020-04,2020,≤10 kW,WEG (Huawei),278.77,65,4.288769230769231
2020-04,2020,10–20 kW,ABB/FIMER,1089.11,74,14.7177027027027
2020-04,2020,10–20 kW,APsystems,438.2,32,13.69375
2020-04,2020,10–20 kW,B&B POWER,15.0,1,15.0
2020-04,2020,10–20 kW,BYD,116.9,8,14.6125
2020-04,2020,10–20 kW,Bedin Solar,44.16,3,14.719999999999999
2020-04,2020,10–20 kW,Bel Energy,11.0,1,11.0
2020-04,2020,10–20 kW,Canadian Solar,734.26,44,16.687727272727273
2020-04,2020,10–20 kW,Chint,32.0,2,16.0
2020-04,2020,10–20 kW,Deye,232.27,17,13.66294117647059
2020-04,2020,10–20 kW,Ecosolys,267.38,18,14.854444444444445
2020-04,2020,10–20 kW,Elgin,88.0,5,17.6
2020-04,2020,10–20 kW,Fronius,8111.15,537,15.104562383612663
2020-04,2020,10–20 kW,GE,49.25,3,16.416666666666668
2020-04,2020,10–20 kW,Goodwe,415.03,28,14.8225
2020-04,2020,10–20 kW,Growatt,2061.55,142,14.517957746478874
2020-04,2020,10–20 kW,Hoymiles,405.85,32,12.6828125
2020-04,2020,10–20 kW,Huawei,1053.67,65,16.210307692307694
2020-04,2020,10–20 kW,Ingeteam,20.0,1,20.0
2020-04,2020,10–20 kW,Intelbras,284.78000000000003,21,13.560952380952383
2020-04,2020,10–20 kW,Kehua,13.92,1,13.92
2020-04,2020,10–20 kW,Komeco,40.0,2,20.0
2020-04,2020,10–20 kW,Kstar,133.73,9,14.858888888888888
2020-04,2020,10–20 kW,Não informado,1101.82,77,14.309350649350648
2020-04,2020,10–20 kW,Outros,1871.46,122,15.33983606557377
2020-04,2020,10–20 kW,PHB,1071.93,70,15.313285714285715
2020-04,2020,10–20 kW,Refusol,1988.64,135,14.730666666666668
2020-04,2020,10–20 kW,Renovigi,2434.39,148,16.44858108108108
2020-04,2020,10–20 kW,SAJ,304.06,20,15.203
2020-04,2020,10–20 kW,SHENZHEN,234.13,13,18.009999999999998
2020-04,2020,10–20 kW,SMA,209.36,14,14.954285714285716
2020-04,2020,10–20 kW,Sofar Solar,1669.48,108,15.458148148148148
2020-04,2020,10–20 kW,SolarEdge,856.2,55,15.567272727272728
2020-04,2020,10–20 kW,Solis (Ginlong),660.6,40,16.515
2020-04,2020,10–20 kW,Sungrow,2340.84,152,15.400263157894738
2020-04,2020,10–20 kW,WEG,1872.53,121,15.475454545454545
2020-04,2020,10–20 kW,WEG (Huawei),193.9,12,16.158333333333335
2020-04,2020,20–75 kW,ABB/FIMER,2420.77,62,39.04467741935484
2020-04,2020,20–75 kW,APsystems,413.5,11,37.59090909090909
2020-04,2020,20–75 kW,B&B POWER,46.9,1,46.9
2020-04,2020,20–75 kW,BYD,218.54000000000002,6,36.42333333333334
2020-04,2020,20–75 kW,Bedin Solar,185.0,4,46.25
2020-04,2020,20–75 kW,Canadian Solar,3090.5,76,40.66447368421053
2020-04,2020,20–75 kW,Chint,198.16,6,33.026666666666664
2020-04,2020,20–75 kW,Deye,1161.24,27,43.00888888888889
2020-04,2020,20–75 kW,Ecosolys,186.0,5,37.2
2020-04,2020,20–75 kW,Elgin,319.57,8,39.94625
2020-04,2020,20–75 kW,Fronius,17538.03,471,37.23573248407643
2020-04,2020,20–75 kW,Goodwe,1613.13,40,40.328250000000004
2020-04,2020,20–75 kW,Growatt,3677.89,82,44.85231707317073
2020-04,2020,20–75 kW,Hoymiles,692.84,17,40.75529411764706
2020-04,2020,20–75 kW,Huawei,4759.32,111,42.876756756756755
2020-04,2020,20–75 kW,Ingeteam,108.0,2,54.0
2020-04,2020,20–75 kW,Intelbras,284.3,9,31.58888888888889
2020-04,2020,20–75 kW,Kstar,746.64,17,43.92
2020-04,2020,20–75 kW,Não informado,1441.29,38,37.92868421052631
2020-04,2020,20–75 kW,Outros,7651.93,176,43.476875
2020-04,2020,20–75 kW,PHB,3347.51,86,38.92453488372093
2020-04,2020,20–75 kW,Refusol,2618.97,80,32.737125
2020-04,2020,20–75 kW,Renovigi,4338.69,104,41.71817307692307
2020-04,2020,20–75 kW,SAJ,362.25,10,36.225
2020-04,2020,20–75 kW,SHENZHEN,418.0,10,41.8
2020-04,2020,20–75 kW,SMA,2453.5,52,47.18269230769231
2020-04,2020,20–75 kW,Sofar Solar,2648.02,64,41.3753125
2020-04,2020,20–75 kW,SolarEdge,3640.2,85,42.82588235294117
2020-04,2020,20–75 kW,Solax Power,25.0,1,25.0
2020-04,2020,20–75 kW,Solis (Ginlong),1526.3,37,41.25135135135135
2020-04,2020,20–75 kW,Sungrow,13112.51,266,49.29515037593985
2020-04,2020,20–75 kW,WEG,5716.79,136,42.03522058823529
2020-04,2020,20–75 kW,WEG (Huawei),511.63,12,42.63583333333333
2020-04,2020,75–300 kW,ABB/FIMER,1265.0,10,126.5
2020-04,2020,75–300 kW,Bedin Solar,95.0,1,95.0
2020-04,2020,75–300 kW,Canadian Solar,425.2,3,141.73333333333332
2020-04,2020,75–300 kW,Chint,77.0,1,77.0
2020-04,2020,75–300 kW,Fronius,1660.0,16,103.75
2020-04,2020,75–300 kW,Goodwe,160.0,1,160.0
2020-04,2020,75–300 kW,Growatt,187.0,2,93.5
2020-04,2020,75–300 kW,Hoymiles,110.8,1,110.8
2020-04,2020,75–300 kW,Huawei,2678.67,18,148.815
2020-04,2020,75–300 kW,Ingeteam,110.0,1,110.0
2020-04,2020,75–300 kW,Intelbras,200.0,1,200.0
2020-04,2020,75–300 kW,Komeco,120.0,1,120.0
2020-04,2020,75–300 kW,Não informado,302.7,3,100.89999999999999
2020-04,2020,75–300 kW,Outros,950.0,7,135.71428571428572
2020-04,2020,75–300 kW,PHB,315.0,3,105.0
2020-04,2020,75–300 kW,Renovigi,550.0,5,110.0
2020-04,2020,75–300 kW,SAJ,97.92,1,97.92
2020-04,2020,75–300 kW,SMA,625.0,4,156.25
2020-04,2020,75–300 kW,Sofar Solar,1544.5,9,171.61111111111111
2020-04,2020,75–300 kW,SolarEdge,325.41999999999996,3,108.47333333333331
2020-04,2020,75–300 kW,Solis (Ginlong),99.0,1,99.0
2020-04,2020,75–300 kW,Sungrow,5857.76,42,139.4704761904762
2020-04,2020,75–300 kW,WEG,1858.0,12,154.83333333333334
2020-04,2020,300 kW–1 MW,ABB/FIMER,600.0,1,600.0
2020-04,2020,300 kW–1 MW,Canadian Solar,8300.35,9,922.2611111111112
2020-04,2020,300 kW–1 MW,Fronius,729.0,1,729.0
2020-04,2020,300 kW–1 MW,Huawei,318.92,1,318.92
2020-04,2020,300 kW–1 MW,Sineng,1500.0,3,500.0
2020-04,2020,300 kW–1 MW,Sungrow,7316.0,10,731.6
2020-04,2020,300 kW–1 MW,WEG,838.7,2,419.35
2020-04,2020,1–5 MW,Huawei,4920.0,1,4920.0
2020-04,2020,1–5 MW,Sineng,2112.0,2,1056.0
2020-05,2020,≤10 kW,ABB/FIMER,990.77,176,5.629375
2020-05,2020,≤10 kW,APsystems,1510.59,461,3.2767678958785247
2020-05,2020,≤10 kW,B&B POWER,50.940000000000005,11,4.630909090909092
2020-05,2020,≤10 kW,BYD,251.3,50,5.026
2020-05,2020,≤10 kW,Bedin Solar,38.91,7,5.558571428571428
2020-05,2020,≤10 kW,Canadian Solar,1212.78,247,4.91004048582996
2020-05,2020,≤10 kW,Chint,134.12,22,6.096363636363637
2020-05,2020,≤10 kW,Deye,565.51,119,4.75218487394958
2020-05,2020,≤10 kW,Ecosolys,553.15,158,3.5009493670886074
2020-05,2020,≤10 kW,Elgin,121.51,29,4.19
2020-05,2020,≤10 kW,Empalux,9.9,1,9.9
2020-05,2020,≤10 kW,Fronius,9441.17,1585,5.956574132492114
2020-05,2020,≤10 kW,GE,9.9,1,9.9
2020-05,2020,≤10 kW,Goodwe,512.46,94,5.4517021276595745
2020-05,2020,≤10 kW,Growatt,4864.69,847,5.743435655253837
2020-05,2020,≤10 kW,Hoymiles,1433.41,448,3.199575892857143
2020-05,2020,≤10 kW,Huawei,307.03,67,4.5825373134328355
2020-05,2020,≤10 kW,Ingeteam,25.88,5,5.176
2020-05,2020,≤10 kW,Intelbras,913.16,171,5.340116959064328
2020-05,2020,≤10 kW,Kehua,9.95,1,9.95
2020-05,2020,≤10 kW,Komeco,64.42,15,4.294666666666667
2020-05,2020,≤10 kW,Kstar,83.50999999999999,18,4.639444444444444
2020-05,2020,≤10 kW,Livoltek,11.48,2,5.74
2020-05,2020,≤10 kW,NEP,3.55,4,0.8875
2020-05,2020,≤10 kW,Não informado,1005.71,196,5.131173469387755
2020-05,2020,≤10 kW,Outros,2856.18,637,4.483799058084772
2020-05,2020,≤10 kW,PHB,1614.82,331,4.878610271903323
2020-05,2020,≤10 kW,Refusol,3596.39,868,4.1433064516129035
2020-05,2020,≤10 kW,Renac,60.0,13,4.615384615384615
2020-05,2020,≤10 kW,Renovigi,6107.56,1255,4.866581673306773
2020-05,2020,≤10 kW,SAJ,513.63,110,4.669363636363636
2020-05,2020,≤10 kW,SHENZHEN,90.43,19,4.759473684210526
2020-05,2020,≤10 kW,SMA,638.27,129,4.947829457364341
2020-05,2020,≤10 kW,Sofar Solar,3796.7400000000002,708,5.362627118644068
2020-05,2020,≤10 kW,SolarEdge,115.18,13,8.860000000000001
2020-05,2020,≤10 kW,Solax Power,37.55,7,5.364285714285714
2020-05,2020,≤10 kW,Solis (Ginlong),1084.56,225,4.820266666666666
2020-05,2020,≤10 kW,Solplanet,5.0,1,5.0
2020-05,2020,≤10 kW,Sungrow,1769.18,331,5.3449546827794565
2020-05,2020,≤10 kW,WEG,3951.85,810,4.878827160493827
2020-05,2020,≤10 kW,WEG (Huawei),411.15,83,4.953614457831325
2020-05,2020,10–20 kW,ABB/FIMER,838.59,58,14.45844827586207
2020-05,2020,10–20 kW,APsystems,380.56,28,13.59142857142857
2020-05,2020,10–20 kW,Canadian Solar,301.07,18,16.72611111111111
2020-05,2020,10–20 kW,Chint,92.84,6,15.473333333333334
2020-05,2020,10–20 kW,Deye,270.11,19,14.216315789473684
2020-05,2020,10–20 kW,Ecosolys,111.0,8,13.875
2020-05,2020,10–20 kW,Elgin,131.0,9,14.555555555555555
2020-05,2020,10–20 kW,Fronius,6802.09,452,15.04887168141593
2020-05,2020,10–20 kW,Goodwe,598.71,38,15.755526315789474
2020-05,2020,10–20 kW,Growatt,1644.9,110,14.953636363636365
2020-05,2020,10–20 kW,Hoymiles,445.2,35,12.719999999999999
2020-05,2020,10–20 kW,Huawei,1325.91,80,16.573875
2020-05,2020,10–20 kW,Hypontech,20.0,1,20.0
2020-05,2020,10–20 kW,Intelbras,471.89,34,13.879117647058823
2020-05,2020,10–20 kW,Komeco,41.96,3,13.986666666666666
2020-05,2020,10–20 kW,Kstar,245.83,16,15.364375
2020-05,2020,10–20 kW,Não informado,928.01,62,14.96790322580645
2020-05,2020,10–20 kW,Outros,1869.76,121,15.452561983471075
2020-05,2020,10–20 kW,PHB,750.02,46,16.304782608695653
2020-05,2020,10–20 kW,Refusol,1051.1200000000001,72,14.59888888888889
2020-05,2020,10–20 kW,Renac,46.0,3,15.333333333333334
2020-05,2020,10–20 kW,Renovigi,1921.68,119,16.14857142857143
2020-05,2020,10–20 kW,SAJ,120.85,8,15.10625
2020-05,2020,10–20 kW,SHENZHEN,264.5,16,16.53125
2020-05,2020,10–20 kW,SMA,222.63,16,13.914375
2020-05,2020,10–20 kW,Sofar Solar,1225.48,81,15.129382716049383
2020-05,2020,10–20 kW,SolarEdge,576.5,36,16.01388888888889
2020-05,2020,10–20 kW,Solis (Ginlong),455.65,28,16.273214285714285
2020-05,2020,10–20 kW,Solplanet,30.0,2,15.0
2020-05,2020,10–20 kW,Sungrow,1897.95,118,16.084322033898307
2020-05,2020,10–20 kW,WEG,1982.14,129,15.365426356589149
2020-05,2020,10–20 kW,WEG (Huawei),586.45,40,14.66125
2020-05,2020,20–75 kW,ABB/FIMER,2901.8,67,43.310447761194034
2020-05,2020,20–75 kW,APsystems,392.02,12,32.66833333333333
2020-05,2020,20–75 kW,B&B POWER,38.94,1,38.94
2020-05,2020,20–75 kW,BYD,27.0,1,27.0
2020-05,2020,20–75 kW,Bedin Solar,75.0,1,75.0
2020-05,2020,20–75 kW,Canadian Solar,1771.0,41,43.19512195121951
2020-05,2020,20–75 kW,Chint,156.0,4,39.0
2020-05,2020,20–75 kW,Deye,1071.99,34,31.529117647058825
2020-05,2020,20–75 kW,Ecosolys,252.64,7,36.09142857142857
2020-05,2020,20–75 kW,Elgin,149.0,3,49.666666666666664
2020-05,2020,20–75 kW,Fronius,15102.87,394,38.33215736040609
2020-05,2020,20–75 kW,GE,249.67000000000002,8,31.208750000000002
2020-05,2020,20–75 kW,Goodwe,1931.71,48,40.24395833333333
2020-05,2020,20–75 kW,Growatt,3396.99,75,45.2932
2020-05,2020,20–75 kW,Hoymiles,541.2,12,45.1
2020-05,2020,20–75 kW,Huawei,6323.22,130,48.64015384615385
2020-05,2020,20–75 kW,Ingeteam,133.0,3,44.333333333333336
2020-05,2020,20–75 kW,Intelbras,584.26,13,44.94307692307692
2020-05,2020,20–75 kW,Kehua,31.32,1,31.32
2020-05,2020,20–75 kW,Komeco,134.0,3,44.666666666666664
2020-05,2020,20–75 kW,Kstar,882.96,16,55.185
2020-05,2020,20–75 kW,Não informado,2110.23,48,43.963125
2020-05,2020,20–75 kW,Outros,6530.65,152,42.96480263157895
2020-05,2020,20–75 kW,PHB,2975.61,72,41.32791666666667
2020-05,2020,20–75 kW,Refusol,2329.06,74,31.473783783783784
2020-05,2020,20–75 kW,Renovigi,4789.14,110,43.537636363636366
2020-05,2020,20–75 kW,SAJ,198.5,5,39.7
2020-05,2020,20–75 kW,SHENZHEN,488.0,12,40.666666666666664
2020-05,2020,20–75 kW,SMA,3228.61,58,55.665689655172415
2020-05,2020,20–75 kW,Sofar Solar,2845.68,74,38.45513513513513
2020-05,2020,20–75 kW,SolarEdge,2748.92,69,39.83942028985507
2020-05,2020,20–75 kW,Solis (Ginlong),1818.4,40,45.46
2020-05,2020,20–75 kW,Sungrow,12735.48,258,49.362325581395346
2020-05,2020,20–75 kW,WEG,6755.53,156,43.304679487179484
2020-05,2020,20–75 kW,WEG (Huawei),1502.37,37,40.604594594594595
2020-05,2020,75–300 kW,ABB/FIMER,1536.74,13,118.21076923076923
2020-05,2020,75–300 kW,Canadian Solar,435.0,4,108.75
2020-05,2020,75–300 kW,Deye,339.19,3,113.06333333333333
2020-05,2020,75–300 kW,Fronius,2007.19,18,111.51055555555556
2020-05,2020,75–300 kW,Goodwe,200.0,2,100.0
2020-05,2020,75–300 kW,Growatt,590.0,6,98.33333333333333
2020-05,2020,75–300 kW,Huawei,1546.0,12,128.83333333333334
2020-05,2020,75–300 kW,Ingeteam,110.0,1,110.0
2020-05,2020,75–300 kW,Kstar,388.0,2,194.0
2020-05,2020,75–300 kW,Não informado,911.5,9,101.27777777777777
2020-05,2020,75–300 kW,Outros,1862.94,13,143.30307692307693
2020-05,2020,75–300 kW,PHB,445.0,4,111.25
2020-05,2020,75–300 kW,Refusol,110.0,1,110.0
2020-05,2020,75–300 kW,Renovigi,1210.0,8,151.25
2020-05,2020,75–300 kW,SMA,825.0,5,165.0
2020-05,2020,75–300 kW,Sofar Solar,674.0,6,112.33333333333333
2020-05,2020,75–300 kW,SolarEdge,108.0,1,108.0
2020-05,2020,75–300 kW,Solis (Ginlong),80.0,1,80.0
2020-05,2020,75–300 kW,Sungrow,6788.23,42,161.6245238095238
2020-05,2020,75–300 kW,WEG,2341.0,16,146.3125
2020-05,2020,75–300 kW,WEG (Huawei),328.0,3,109.33333333333333
2020-05,2020,300 kW–1 MW,ABB/FIMER,1470.0,2,735.0
2020-05,2020,300 kW–1 MW,Fronius,931.0,2,465.5
2020-05,2020,300 kW–1 MW,Goodwe,372.0,1,372.0
2020-05,2020,300 kW–1 MW,Huawei,1000.0,1,1000.0
2020-05,2020,300 kW–1 MW,Outros,3820.0,4,955.0
2020-05,2020,300 kW–1 MW,SMA,825.0,1,825.0
2020-05,2020,300 kW–1 MW,Sungrow,2750.0,3,916.6666666666666
2020-05,2020,300 kW–1 MW,WEG,1578.7,3,526.2333333333333
2020-05,2020,1–5 MW,ABB/FIMER,7085.0,3,2361.6666666666665
2020-06,2020,≤10 kW,ABB/FIMER,923.54,194,4.760515463917526
2020-06,2020,≤10 kW,APsystems,1595.49,408,3.910514705882353
2020-06,2020,≤10 kW,B&B POWER,29.14,8,3.6425
2020-06,2020,≤10 kW,BYD,35.2,7,5.028571428571429
2020-06,2020,≤10 kW,Bedin Solar,38.67,8,4.83375
2020-06,2020,≤10 kW,Bel Energy,3.68,1,3.68
2020-06,2020,≤10 kW,Canadian Solar,1479.27,313,4.726102236421725
2020-06,2020,≤10 kW,Chint,127.69999999999999,21,6.080952380952381
2020-06,2020,≤10 kW,Deye,730.5,168,4.348214285714286
2020-06,2020,≤10 kW,Ecosolys,767.15,222,3.4556306306306306
2020-06,2020,≤10 kW,Elgin,191.34,41,4.666829268292683
2020-06,2020,≤10 kW,Foxess,6.4,1,6.4
2020-06,2020,≤10 kW,Fronius,9913.09,1682,5.893632580261594
2020-06,2020,≤10 kW,GE,5.11,1,5.11
2020-06,2020,≤10 kW,Goodwe,752.62,131,5.745190839694657
2020-06,2020,≤10 kW,Growatt,5957.76,1052,5.6632699619771865
2020-06,2020,≤10 kW,Hoymiles,1686.4,476,3.542857142857143
2020-06,2020,≤10 kW,Huawei,538.8,101,5.334653465346534
2020-06,2020,≤10 kW,Hypontech,6.0,1,6.0
2020-06,2020,≤10 kW,Ingeteam,38.0,8,4.75
2020-06,2020,≤10 kW,Intelbras,1081.6,201,5.381094527363183
2020-06,2020,≤10 kW,Komeco,103.13,23,4.48391304347826
2020-06,2020,≤10 kW,Kstar,142.54,28,5.090714285714285
2020-06,2020,≤10 kW,NEP,27.62,14,1.9728571428571429
2020-06,2020,≤10 kW,Não informado,911.2,185,4.925405405405406
2020-06,2020,≤10 kW,Outros,2694.94,599,4.49906510851419
2020-06,2020,≤10 kW,PHB,1804.1200000000001,383,4.710496083550914
2020-06,2020,≤10 kW,Refusol,3380.79,779,4.339910141206675
2020-06,2020,≤10 kW,Renac,78.03,18,4.335
2020-06,2020,≤10 kW,Renovigi,8297.22,1689,4.912504440497336
2020-06,2020,≤10 kW,SAJ,588.44,132,4.457878787878788
2020-06,2020,≤10 kW,SHENZHEN,96.0,18,5.333333333333333
2020-06,2020,≤10 kW,SMA,369.42,83,4.450843373493976
2020-06,2020,≤10 kW,Sofar Solar,4559.62,847,5.383258559622196
2020-06,2020,≤10 kW,SolarEdge,98.03999999999999,14,7.002857142857143
2020-06,2020,≤10 kW,Solax Power,5.0,1,5.0
2020-06,2020,≤10 kW,Solis (Ginlong),1694.77,348,4.870028735632184
2020-06,2020,≤10 kW,Solplanet,6.0,1,6.0
2020-06,2020,≤10 kW,Sungrow,1986.01,378,5.253994708994709
2020-06,2020,≤10 kW,WEG,4743.34,1000,4.74334
2020-06,2020,≤10 kW,WEG (Huawei),828.5699999999999,157,5.277515923566878
2020-06,2020,10–20 kW,ABB/FIMER,723.18,49,14.75877551020408
2020-06,2020,10–20 kW,APsystems,340.48,27,12.61037037037037
2020-06,2020,10–20 kW,B&B POWER,36.8,2,18.4
2020-06,2020,10–20 kW,BYD,36.08,2,18.04
2020-06,2020,10–20 kW,Bedin Solar,115.0,7,16.428571428571427
2020-06,2020,10–20 kW,Bel Energy,17.04,1,17.04
2020-06,2020,10–20 kW,Canadian Solar,633.56,39,16.245128205128204
2020-06,2020,10–20 kW,Chint,62.05,5,12.41
2020-06,2020,10–20 kW,Deye,338.21,24,14.092083333333333
2020-06,2020,10–20 kW,Ecosolys,236.72,17,13.92470588235294
2020-06,2020,10–20 kW,Elgin,84.5,6,14.083333333333334
2020-06,2020,10–20 kW,Fronius,6666.68,446,14.947713004484305
2020-06,2020,10–20 kW,GE,15.2,1,15.2
2020-06,2020,10–20 kW,Goodwe,546.19,37,14.761891891891894
2020-06,2020,10–20 kW,Growatt,2157.63,144,14.983541666666667
2020-06,2020,10–20 kW,Hoymiles,355.9,25,14.235999999999999
2020-06,2020,10–20 kW,Huawei,1302.02,79,16.48126582278481
2020-06,2020,10–20 kW,Ingeteam,28.0,2,14.0
2020-06,2020,10–20 kW,Intelbras,312.37,24,13.015416666666667
2020-06,2020,10–20 kW,Kstar,145.88,9,16.20888888888889
2020-06,2020,10–20 kW,Não informado,1109.88,70,15.855428571428574
2020-06,2020,10–20 kW,Outros,1848.09,121,15.273471074380165
2020-06,2020,10–20 kW,PHB,935.36,57,16.40982456140351
2020-06,2020,10–20 kW,Refusol,1018.73,67,15.204925373134328
2020-06,2020,10–20 kW,Renac,16.0,1,16.0
2020-06,2020,10–20 kW,Renovigi,2250.17,140,16.072642857142856
2020-06,2020,10–20 kW,SAJ,126.52,9,14.057777777777778
2020-06,2020,10–20 kW,SHENZHEN,174.21,10,17.421
2020-06,2020,10–20 kW,SMA,149.23999999999998,10,14.923999999999998
2020-06,2020,10–20 kW,Sofar Solar,1691.04,111,15.234594594594594
2020-06,2020,10–20 kW,SolarEdge,498.19,33,15.096666666666666
2020-06,2020,10–20 kW,Solis (Ginlong),597.85,36,16.606944444444444
2020-06,2020,10–20 kW,Sungrow,1989.96,130,15.307384615384615
2020-06,2020,10–20 kW,WEG,2114.25,139,15.21043165467626
2020-06,2020,10–20 kW,WEG (Huawei),629.08,40,15.727
2020-06,2020,20–75 kW,ABB/FIMER,1960.78,48,40.849583333333335
2020-06,2020,20–75 kW,APsystems,319.4,11,29.036363636363635
2020-06,2020,20–75 kW,B&B POWER,50.0,1,50.0
2020-06,2020,20–75 kW,BYD,50.0,1,50.0
2020-06,2020,20–75 kW,Bedin Solar,172.04,4,43.01
2020-06,2020,20–75 kW,Bel Energy,21.6,1,21.6
2020-06,2020,20–75 kW,Canadian Solar,2086.24,53,39.363018867924524
2020-06,2020,20–75 kW,Chint,134.0,4,33.5
2020-06,2020,20–75 kW,Deye,855.82,23,37.20956521739131
2020-06,2020,20–75 kW,Ecosolys,330.8,7,47.25714285714286
2020-06,2020,20–75 kW,Elgin,464.89,9,51.654444444444444
2020-06,2020,20–75 kW,Fronius,15460.44,409,37.80058679706602
2020-06,2020,20–75 kW,GE,26.4,1,26.4
2020-06,2020,20–75 kW,Goodwe,1995.8899999999999,45,44.35311111111111
2020-06,2020,20–75 kW,Growatt,4321.1,95,45.48526315789474
2020-06,2020,20–75 kW,Hoymiles,364.7,10,36.47
2020-06,2020,20–75 kW,Huawei,5224.9,114,45.83245614035087
2020-06,2020,20–75 kW,Ingeteam,305.3,5,61.06
2020-06,2020,20–75 kW,Intelbras,446.93,11,40.63
2020-06,2020,20–75 kW,Komeco,92.6,2,46.3
2020-06,2020,20–75 kW,Kstar,961.25,20,48.0625
2020-06,2020,20–75 kW,NEP,27.0,1,27.0
2020-06,2020,20–75 kW,Não informado,2546.02,60,42.43366666666667
2020-06,2020,20–75 kW,Outros,7065.06,149,47.416510067114096
2020-06,2020,20–75 kW,PHB,2559.86,59,43.38745762711864
2020-06,2020,20–75 kW,Refusol,2263.7,69,32.80724637681159
2020-06,2020,20–75 kW,Renovigi,4439.13,107,41.48719626168224
2020-06,2020,20–75 kW,SAJ,394.5,9,43.833333333333336
2020-06,2020,20–75 kW,SHENZHEN,732.24,17,43.072941176470586
2020-06,2020,20–75 kW,SMA,3529.7,62,56.93064516129032
2020-06,2020,20–75 kW,Sofar Solar,3375.23,86,39.24686046511628
2020-06,2020,20–75 kW,SolarEdge,2647.42,63,42.02253968253969
2020-06,2020,20–75 kW,Solis (Ginlong),1375.82,37,37.18432432432432
2020-06,2020,20–75 kW,Solplanet,25.7,1,25.7
2020-06,2020,20–75 kW,Sungrow,9379.39,202,46.43262376237624
2020-06,2020,20–75 kW,WEG,7602.46,176,43.195795454545454
2020-06,2020,20–75 kW,WEG (Huawei),1937.42,40,48.435500000000005
2020-06,2020,75–300 kW,ABB/FIMER,2998.1,20,149.905
2020-06,2020,75–300 kW,Bedin Solar,110.0,1,110.0
2020-06,2020,75–300 kW,Canadian Solar,360.0,3,120.0
2020-06,2020,75–300 kW,Chint,200.0,2,100.0
2020-06,2020,75–300 kW,Deye,470.98,4,117.745
2020-06,2020,75–300 kW,Ecosolys,162.0,1,162.0
2020-06,2020,75–300 kW,Elgin,208.0,2,104.0
2020-06,2020,75–300 kW,Fronius,2671.6,20,133.57999999999998
2020-06,2020,75–300 kW,Goodwe,365.0,3,121.66666666666667
2020-06,2020,75–300 kW,Growatt,370.64,4,92.66
2020-06,2020,75–300 kW,Hoymiles,110.8,1,110.8
2020-06,2020,75–300 kW,Huawei,2365.0,17,139.11764705882354
2020-06,2020,75–300 kW,Ingeteam,110.0,1,110.0
2020-06,2020,75–300 kW,Não informado,707.0,4,176.75
2020-06,2020,75–300 kW,Outros,2078.6,15,138.57333333333332
2020-06,2020,75–300 kW,PHB,830.0,5,166.0
2020-06,2020,75–300 kW,Renovigi,1604.0,11,145.8181818181818
2020-06,2020,75–300 kW,SHENZHEN,100.0,1,100.0
2020-06,2020,75–300 kW,SMA,985.0,7,140.71428571428572
2020-06,2020,75–300 kW,Sofar Solar,1800.0,8,225.0
2020-06,2020,75–300 kW,SolarEdge,450.0,2,225.0
2020-06,2020,75–300 kW,Solis (Ginlong),150.0,1,150.0
2020-06,2020,75–300 kW,Sungrow,5389.16,38,141.82
2020-06,2020,75–300 kW,WEG,1779.9,14,127.13571428571429
2020-06,2020,75–300 kW,WEG (Huawei),426.0,4,106.5
2020-06,2020,300 kW–1 MW,ABB/FIMER,1100.0,2,550.0
2020-06,2020,300 kW–1 MW,Fronius,1752.0,4,438.0
2020-06,2020,300 kW–1 MW,Goodwe,326.0,1,326.0
2020-06,2020,300 kW–1 MW,Growatt,1000.0,1,1000.0
2020-06,2020,300 kW–1 MW,Huawei,8940.0,10,894.0
2020-06,2020,300 kW–1 MW,Não informado,600.0,1,600.0
2020-06,2020,300 kW–1 MW,Outros,990.0,1,990.0
2020-06,2020,300 kW–1 MW,SMA,1400.0,2,700.0
2020-06,2020,300 kW–1 MW,Sungrow,6625.0,8,828.125
2020-06,2020,300 kW–1 MW,WEG,400.0,1,400.0
2020-06,2020,300 kW–1 MW,WEG (Huawei),462.0,1,462.0
2020-06,2020,1–5 MW,ABB/FIMER,4000.0,2,2000.0
2020-07,2020,≤10 kW,ABB/FIMER,909.95,181,5.027348066298343
2020-07,2020,≤10 kW,APsystems,1993.49,548,3.637755474452555
2020-07,2020,≤10 kW,Auxsol,7.5,1,7.5
2020-07,2020,≤10 kW,B&B POWER,27.38,6,4.5633333333333335
2020-07,2020,≤10 kW,BYD,29.65,4,7.4125
2020-07,2020,≤10 kW,Bedin Solar,91.4,20,4.57
2020-07,2020,≤10 kW,Bel Energy,19.0,2,9.5
2020-07,2020,≤10 kW,Canadian Solar,2120.62,408,5.197598039215686
2020-07,2020,≤10 kW,Chint,210.8,33,6.387878787878789
2020-07,2020,≤10 kW,Deye,1299.25,289,4.4956747404844295
2020-07,2020,≤10 kW,Ecosolys,841.98,251,3.3545019920318726
2020-07,2020,≤10 kW,Elgin,254.18,56,4.538928571428571
2020-07,2020,≤10 kW,Empalux,21.2,6,3.533333333333333
2020-07,2020,≤10 kW,Foxess,4.75,1,4.75
2020-07,2020,≤10 kW,Fronius,9512.97,1632,5.829025735294117
2020-07,2020,≤10 kW,GE,3.0,1,3.0
2020-07,2020,≤10 kW,Goodwe,1018.24,185,5.5040000000000004
2020-07,2020,≤10 kW,Growatt,8506.21,1599,5.319706066291432
2020-07,2020,≤10 kW,Hoymiles,2271.52,664,3.420963855421687
2020-07,2020,≤10 kW,Huawei,522.26,105,4.973904761904762
2020-07,2020,≤10 kW,Ingeteam,29.68,6,4.946666666666666
2020-07,2020,≤10 kW,Intelbras,1151.95,218,5.284174311926606
2020-07,2020,≤10 kW,Komeco,83.58,17,4.916470588235294
2020-07,2020,≤10 kW,Kstar,100.81,22,4.582272727272727
2020-07,2020,≤10 kW,NEP,16.87,26,0.6488461538461539
2020-07,2020,≤10 kW,Não informado,686.82,148,4.640675675675676
2020-07,2020,≤10 kW,Outros,3702.11,913,4.054884994523549
2020-07,2020,≤10 kW,PHB,1954.34,393,4.972875318066158
2020-07,2020,≤10 kW,Refusol,2790.69,669,4.171434977578476
2020-07,2020,≤10 kW,Renac,136.24,29,4.6979310344827585
2020-07,2020,≤10 kW,Renovigi,8764.35,1810,4.842182320441989
2020-07,2020,≤10 kW,SAJ,943.55,206,4.5803398058252425
2020-07,2020,≤10 kW,SHENZHEN,159.15,27,5.894444444444445
2020-07,2020,≤10 kW,SMA,354.4,76,4.663157894736842
2020-07,2020,≤10 kW,Sofar Solar,5544.39,1021,5.430352595494614
2020-07,2020,≤10 kW,SolarEdge,113.12,18,6.2844444444444445
2020-07,2020,≤10 kW,Solis (Ginlong),2021.44,391,5.1699232736572895
2020-07,2020,≤10 kW,Solplanet,28.240000000000002,4,7.0600000000000005
2020-07,2020,≤10 kW,Sungrow,1836.41,349,5.261919770773639
2020-07,2020,≤10 kW,Tsun,9.3,1,9.3
2020-07,2020,≤10 kW,WEG,4333.7,929,4.664908503767491
2020-07,2020,≤10 kW,WEG (Huawei),599.72,122,4.915737704918033
2020-07,2020,10–20 kW,ABB/FIMER,604.89,43,14.067209302325582
2020-07,2020,10–20 kW,APsystems,413.5,32,12.921875
2020-07,2020,10–20 kW,B&B POWER,50.2,3,16.733333333333334
2020-07,2020,10–20 kW,Bedin Solar,58.78,5,11.756
2020-07,2020,10–20 kW,Canadian Solar,448.83,27,16.62333333333333
2020-07,2020,10–20 kW,Chint,31.2,2,15.6
2020-07,2020,10–20 kW,Deye,686.01,45,15.244666666666667
2020-07,2020,10–20 kW,Ecosolys,277.18,21,13.199047619047619
2020-07,2020,10–20 kW,Elgin,73.1,5,14.62
2020-07,2020,10–20 kW,Fronius,6619.62,441,15.01047619047619
2020-07,2020,10–20 kW,GE,35.2,2,17.6
2020-07,2020,10–20 kW,Goodwe,603.19,42,14.361666666666668
2020-07,2020,10–20 kW,Growatt,3662.73,237,15.454556962025316
2020-07,2020,10–20 kW,Hoymiles,493.75,36,13.715277777777779
2020-07,2020,10–20 kW,Huawei,1459.72,93,15.695913978494623
2020-07,2020,10–20 kW,Ingeteam,11.0,1,11.0
2020-07,2020,10–20 kW,Intelbras,365.0,26,14.038461538461538
2020-07,2020,10–20 kW,Kehua,18.72,1,18.72
2020-07,2020,10–20 kW,Komeco,41.28,3,13.76
2020-07,2020,10–20 kW,Kstar,124.1,9,13.788888888888888
2020-07,2020,10–20 kW,Não informado,1414.16,91,15.54021978021978
2020-07,2020,10–20 kW,Outros,1995.83,131,15.235343511450381
2020-07,2020,10–20 kW,PHB,804.96,50,16.0992
2020-07,2020,10–20 kW,Refusol,732.89,49,14.956938775510205
2020-07,2020,10–20 kW,Renovigi,2207.72,139,15.882877697841725
2020-07,2020,10–20 kW,SAJ,253.42,17,14.907058823529411
2020-07,2020,10–20 kW,SHENZHEN,208.26,14,14.875714285714285
2020-07,2020,10–20 kW,SMA,180.76,13,13.904615384615385
2020-07,2020,10–20 kW,Sofar Solar,1736.77,115,15.102347826086957
2020-07,2020,10–20 kW,SolarEdge,571.66,37,15.45027027027027
2020-07,2020,10–20 kW,Solis (Ginlong),772.55,48,16.094791666666666
2020-07,2020,10–20 kW,Sungrow,1734.81,111,15.628918918918918
2020-07,2020,10–20 kW,WEG,2093.09,138,15.16731884057971
2020-07,2020,10–20 kW,WEG (Huawei),464.54,29,16.018620689655172
2020-07,2020,20–75 kW,ABB/FIMER,2402.17,55,43.67581818181818
2020-07,2020,20–75 kW,APsystems,404.36,14,28.882857142857144
2020-07,2020,20–75 kW,BYD,117.88,2,58.94
2020-07,2020,20–75 kW,Bedin Solar,644.98,13,49.613846153846154
2020-07,2020,20–75 kW,Bel Energy,22.0,1,22.0
2020-07,2020,20–75 kW,Canadian Solar,1584.33,42,37.722142857142856
2020-07,2020,20–75 kW,Chint,270.0,7,38.57142857142857
2020-07,2020,20–75 kW,Deye,1676.66,44,38.105909090909094
2020-07,2020,20–75 kW,Each Energy,30.0,1,30.0
2020-07,2020,20–75 kW,Ecosolys,328.16,11,29.832727272727276
2020-07,2020,20–75 kW,Elgin,442.75,10,44.275
2020-07,2020,20–75 kW,Foxess,70.0,1,70.0
2020-07,2020,20–75 kW,Fronius,15100.35,373,40.48351206434317
2020-07,2020,20–75 kW,GE,93.64,3,31.213333333333335
2020-07,2020,20–75 kW,Goodwe,2176.59,53,41.067735849056604
2020-07,2020,20–75 kW,Growatt,5652.84,132,42.82454545454546
2020-07,2020,20–75 kW,Hopewind,57.09,1,57.09
2020-07,2020,20–75 kW,Hoymiles,513.97,11,46.724545454545456
2020-07,2020,20–75 kW,Huawei,5864.22,122,48.06737704918033
2020-07,2020,20–75 kW,Ingeteam,316.0,6,52.666666666666664
2020-07,2020,20–75 kW,Intelbras,915.8,22,41.627272727272725
2020-07,2020,20–75 kW,Komeco,165.0,4,41.25
2020-07,2020,20–75 kW,Kstar,617.01,14,44.07214285714286
2020-07,2020,20–75 kW,Não informado,1864.12,45,41.42488888888889
2020-07,2020,20–75 kW,Outros,7754.66,172,45.08523255813953
2020-07,2020,20–75 kW,PHB,2319.83,60,38.66383333333333
2020-07,2020,20–75 kW,Refusol,1570.68,51,30.797647058823532
2020-07,2020,20–75 kW,Renovigi,4501.72,102,44.134509803921574
2020-07,2020,20–75 kW,SAJ,755.65,19,39.77105263157895
2020-07,2020,20–75 kW,SHENZHEN,545.79,13,41.98384615384615
2020-07,2020,20–75 kW,SMA,2594.05,48,54.04270833333334
2020-07,2020,20–75 kW,Sofar Solar,4285.42,111,38.60738738738739
2020-07,2020,20–75 kW,SolarEdge,3049.31,68,44.84279411764706
2020-07,2020,20–75 kW,Solis (Ginlong),1687.39,42,40.17595238095238
2020-07,2020,20–75 kW,Sungrow,10791.6,228,47.33157894736842
2020-07,2020,20–75 kW,WEG,7010.05,163,43.00644171779141
2020-07,2020,20–75 kW,WEG (Huawei),1111.37,27,41.16185185185185
2020-07,2020,75–300 kW,ABB/FIMER,1765.1399999999999,12,147.095
2020-07,2020,75–300 kW,BYD,150.0,1,150.0
2020-07,2020,75–300 kW,Canadian Solar,760.0,5,152.0
2020-07,2020,75–300 kW,Deye,258.48,3,86.16000000000001
2020-07,2020,75–300 kW,Elgin,85.0,1,85.0
2020-07,2020,75–300 kW,Fronius,1744.34,15,116.28933333333333
2020-07,2020,75–300 kW,Growatt,1501.7,9,166.85555555555555
2020-07,2020,75–300 kW,Huawei,1561.0,10,156.1
2020-07,2020,75–300 kW,Ingeteam,205.0,2,102.5
2020-07,2020,75–300 kW,Intelbras,80.0,1,80.0
2020-07,2020,75–300 kW,Kstar,379.0,2,189.5
2020-07,2020,75–300 kW,Não informado,1106.0,7,158.0
2020-07,2020,75–300 kW,Outros,1080.0,9,120.0
2020-07,2020,75–300 kW,PHB,392.72,3,130.90666666666667
2020-07,2020,75–300 kW,Renovigi,1354.16,7,193.45142857142858
2020-07,2020,75–300 kW,SHENZHEN,180.0,1,180.0
2020-07,2020,75–300 kW,SMA,1452.0,10,145.2
2020-07,2020,75–300 kW,Sofar Solar,1692.0,13,130.15384615384616
2020-07,2020,75–300 kW,SolarEdge,266.2,2,133.1
2020-07,2020,75–300 kW,Solis (Ginlong),100.0,1,100.0
2020-07,2020,75–300 kW,Sungrow,5729.63,40,143.24075
2020-07,2020,75–300 kW,WEG,1251.04,11,113.7309090909091
2020-07,2020,75–300 kW,WEG (Huawei),1017.2,5,203.44
2020-07,2020,300 kW–1 MW,ABB/FIMER,3150.0,4,787.5
2020-07,2020,300 kW–1 MW,Canadian Solar,375.0,1,375.0
2020-07,2020,300 kW–1 MW,Huawei,1989.0,3,663.0
2020-07,2020,300 kW–1 MW,Ingeteam,950.0,1,950.0
2020-07,2020,300 kW–1 MW,Outros,7023.0,9,780.3333333333334
2020-07,2020,300 kW–1 MW,Solis (Ginlong),540.0,1,540.0
2020-07,2020,300 kW–1 MW,Sungrow,10870.0,12,905.8333333333334
2020-07,2020,300 kW–1 MW,WEG,720.0,1,720.0
2020-07,2020,1–5 MW,ABB/FIMER,6995.0,2,3497.5
2020-07,2020,1–5 MW,Huawei,3760.0,2,1880.0
2020-07,2020,1–5 MW,Ingeteam,4950.0,1,4950.0
2020-07,2020,1–5 MW,Sungrow,3500.0,1,3500.0
2020-08,2020,≤10 kW,ABB/FIMER,614.81,118,5.210254237288135
2020-08,2020,≤10 kW,APsystems,1312.08,346,3.792138728323699
2020-08,2020,≤10 kW,B&B POWER,4.0,1,4.0
2020-08,2020,≤10 kW,BYD,3.0,1,3.0
2020-08,2020,≤10 kW,Bedin Solar,143.32,32,4.47875
2020-08,2020,≤10 kW,Bel Energy,22.2,4,5.55
2020-08,2020,≤10 kW,Canadian Solar,1901.62,363,5.23862258953168
2020-08,2020,≤10 kW,Chint,73.8,12,6.1499999999999995
2020-08,2020,≤10 kW,Deye,1444.74,746,1.9366487935656838
2020-08,2020,≤10 kW,Ecosolys,832.0500000000001,249,3.341566265060241
2020-08,2020,≤10 kW,Elgin,210.06,48,4.37625
2020-08,2020,≤10 kW,Empalux,27.6,6,4.6000000000000005
2020-08,2020,≤10 kW,Foxess,9.0,1,9.0
2020-08,2020,≤10 kW,Fronius,8180.5599999999995,1387,5.8980245133381395
2020-08,2020,≤10 kW,Goodwe,1497.35,249,6.013453815261044
2020-08,2020,≤10 kW,Growatt,11171.48,2156,5.181576994434137
2020-08,2020,≤10 kW,Hoymiles,2495.32,712,3.5046629213483147
2020-08,2020,≤10 kW,Huawei,575.96,115,5.008347826086957
2020-08,2020,≤10 kW,Ingeteam,24.8,5,4.96
2020-08,2020,≤10 kW,Intelbras,1342.2,250,5.3688
2020-08,2020,≤10 kW,Komeco,62.68,15,4.1786666666666665
2020-08,2020,≤10 kW,Kstar,71.07,15,4.7379999999999995
2020-08,2020,≤10 kW,Livoltek,6.0,1,6.0
2020-08,2020,≤10 kW,NEP,25.95,28,0.9267857142857142
2020-08,2020,≤10 kW,Não informado,809.43,162,4.9964814814814815
2020-08,2020,≤10 kW,Outros,3190.46,1097,2.9083500455788514
2020-08,2020,≤10 kW,PHB,2041.1,405,5.039753086419753
2020-08,2020,≤10 kW,Refusol,2703.81,598,4.5214214046822745
2020-08,2020,≤10 kW,Renac,134.7,24,5.6125
2020-08,2020,≤10 kW,Renovigi,7695.87,1620,4.750537037037037
2020-08,2020,≤10 kW,SAJ,882.27,191,4.619214659685864
2020-08,2020,≤10 kW,SHENZHEN,139.78,29,4.82
2020-08,2020,≤10 kW,SMA,320.41,67,4.78223880597015
2020-08,2020,≤10 kW,Sofar Solar,4981.68,956,5.210962343096234
2020-08,2020,≤10 kW,SolarEdge,268.89,46,5.845434782608695
2020-08,2020,≤10 kW,Solax Power,5.0,1,5.0
2020-08,2020,≤10 kW,Solis (Ginlong),1915.4,374,5.121390374331551
2020-08,2020,≤10 kW,Solplanet,17.0,3,5.666666666666667
2020-08,2020,≤10 kW,Sungrow,1866.0,367,5.084468664850136
2020-08,2020,≤10 kW,WEG,3883.42,811,4.788434032059186
2020-08,2020,≤10 kW,WEG (Huawei),455.01,92,4.945760869565217
2020-08,2020,10–20 kW,ABB/FIMER,370.58,24,15.440833333333332
2020-08,2020,10–20 kW,APsystems,281.98,22,12.817272727272728
2020-08,2020,10–20 kW,B&B POWER,12.0,1,12.0
2020-08,2020,10–20 kW,Bedin Solar,107.98,7,15.425714285714287
2020-08,2020,10–20 kW,Bel Energy,14.0,1,14.0
2020-08,2020,10–20 kW,Canadian Solar,456.14,29,15.72896551724138
2020-08,2020,10–20 kW,Chint,42.0,3,14.0
2020-08,2020,10–20 kW,Deye,628.72,41,15.334634146341465
2020-08,2020,10–20 kW,Ecosolys,217.24,16,13.5775
2020-08,2020,10–20 kW,Elgin,76.53999999999999,5,15.307999999999998
2020-08,2020,10–20 kW,Empalux,15.84,1,15.84
2020-08,2020,10–20 kW,Fronius,5530.26,367,15.06882833787466
2020-08,2020,10–20 kW,GE,17.0,1,17.0
2020-08,2020,10–20 kW,Goodwe,696.2,47,14.812765957446809
2020-08,2020,10–20 kW,Growatt,3528.87,238,14.82718487394958
2020-08,2020,10–20 kW,Hoymiles,358.2,26,13.776923076923076
2020-08,2020,10–20 kW,Huawei,1383.1,89,15.540449438202247
2020-08,2020,10–20 kW,Hypontech,18.4,1,18.4
2020-08,2020,10–20 kW,Ingeteam,11.0,1,11.0
2020-08,2020,10–20 kW,Intelbras,379.73,28,13.561785714285715
2020-08,2020,10–20 kW,Komeco,32.0,2,16.0
2020-08,2020,10–20 kW,Kstar,174.32999999999998,12,14.527499999999998
2020-08,2020,10–20 kW,Não informado,525.49,36,14.596944444444444
2020-08,2020,10–20 kW,Outros,2056.5,138,14.902173913043478
2020-08,2020,10–20 kW,PHB,790.15,50,15.802999999999999
2020-08,2020,10–20 kW,Refusol,705.5600000000001,48,14.699166666666668
2020-08,2020,10–20 kW,Renac,16.0,1,16.0
2020-08,2020,10–20 kW,Renovigi,1761.55,109,16.161009174311925
2020-08,2020,10–20 kW,SAJ,250.24,15,16.682666666666666
2020-08,2020,10–20 kW,SHENZHEN,249.5,15,16.633333333333333
2020-08,2020,10–20 kW,SMA,145.18,10,14.518
2020-08,2020,10–20 kW,Sofar Solar,1961.47,127,15.444645669291338
2020-08,2020,10–20 kW,SolarEdge,666.8,44,15.154545454545454
2020-08,2020,10–20 kW,Solax Power,12.0,1,12.0
2020-08,2020,10–20 kW,Solis (Ginlong),690.68,44,15.697272727272725
2020-08,2020,10–20 kW,Sungrow,1645.02,103,15.971067961165048
2020-08,2020,10–20 kW,WEG,1954.9,131,14.92290076335878
2020-08,2020,10–20 kW,WEG (Huawei),429.87,28,15.352500000000001
2020-08,2020,20–75 kW,ABB/FIMER,1721.04,37,46.51459459459459
2020-08,2020,20–75 kW,APsystems,176.2,6,29.366666666666664
2020-08,2020,20–75 kW,B&B POWER,55.68,1,55.68
2020-08,2020,20–75 kW,BYD,56.8,2,28.4
2020-08,2020,20–75 kW,Bedin Solar,636.0,12,53.0
2020-08,2020,20–75 kW,Canadian Solar,1754.13,43,40.79372093023256
2020-08,2020,20–75 kW,Chint,140.76,4,35.19
2020-08,2020,20–75 kW,Deye,1144.61,26,44.02346153846153
2020-08,2020,20–75 kW,Ecosolys,121.2,4,30.3
2020-08,2020,20–75 kW,Elgin,217.0,6,36.166666666666664
2020-08,2020,20–75 kW,Fronius,11742.02,300,39.14006666666667
2020-08,2020,20–75 kW,GE,37.5,1,37.5
2020-08,2020,20–75 kW,Goodwe,2711.73,61,44.45459016393443
2020-08,2020,20–75 kW,Growatt,5374.32,126,42.65333333333333
2020-08,2020,20–75 kW,Hopewind,60.0,1,60.0
2020-08,2020,20–75 kW,Hoymiles,629.28,17,37.01647058823529
2020-08,2020,20–75 kW,Huawei,5757.19,115,50.06252173913043
2020-08,2020,20–75 kW,Ingeteam,166.0,4,41.5
2020-08,2020,20–75 kW,Intelbras,670.16,19,35.27157894736842
2020-08,2020,20–75 kW,Komeco,70.0,2,35.0
2020-08,2020,20–75 kW,Kstar,369.32,10,36.932
2020-08,2020,20–75 kW,Não informado,2041.99,47,43.44659574468085
2020-08,2020,20–75 kW,Outros,8352.35,178,46.92331460674158
2020-08,2020,20–75 kW,PHB,2164.2,50,43.284
2020-08,2020,20–75 kW,Refusol,1645.98,50,32.9196
2020-08,2020,20–75 kW,Renovigi,4497.56,104,43.245769230769234
2020-08,2020,20–75 kW,SAJ,501.8,13,38.6
2020-08,2020,20–75 kW,SHENZHEN,671.5,17,39.5
2020-08,2020,20–75 kW,SMA,1905.46,35,54.44171428571428
2020-08,2020,20–75 kW,SUNWAYS,75.0,3,25.0
2020-08,2020,20–75 kW,Sofar Solar,3640.13,93,39.141182795698924
2020-08,2020,20–75 kW,SolarEdge,2868.94,69,41.578840579710146
2020-08,2020,20–75 kW,Solis (Ginlong),1778.71,39,45.607948717948716
2020-08,2020,20–75 kW,Solplanet,100.0,2,50.0
2020-08,2020,20–75 kW,Sungrow,8076.49,169,47.78988165680473
2020-08,2020,20–75 kW,WEG,6671.81,148,45.0797972972973
2020-08,2020,20–75 kW,WEG (Huawei),1406.24,33,42.61333333333334
2020-08,2020,75–300 kW,ABB/FIMER,2609.15,16,163.071875
2020-08,2020,75–300 kW,Bedin Solar,110.0,1,110.0
2020-08,2020,75–300 kW,Canadian Solar,100.0,1,100.0
2020-08,2020,75–300 kW,Deye,600.8,5,120.16
2020-08,2020,75–300 kW,Fronius,3573.0,27,132.33333333333334
2020-08,2020,75–300 kW,Goodwe,574.0,4,143.5
2020-08,2020,75–300 kW,Growatt,540.0,4,135.0
2020-08,2020,75–300 kW,Huawei,2419.12,21,115.19619047619047
2020-08,2020,75–300 kW,Ingeteam,100.0,1,100.0
2020-08,2020,75–300 kW,Kstar,200.0,2,100.0
2020-08,2020,75–300 kW,Não informado,96.0,1,96.0
2020-08,2020,75–300 kW,Outros,1030.2,9,114.46666666666667
2020-08,2020,75–300 kW,PHB,325.0,2,162.5
2020-08,2020,75–300 kW,Renovigi,509.9,5,101.97999999999999
2020-08,2020,75–300 kW,SMA,715.0,5,143.0
2020-08,2020,75–300 kW,Sofar Solar,245.0,2,122.5
2020-08,2020,75–300 kW,SolarEdge,882.22,5,176.44400000000002
2020-08,2020,75–300 kW,Solis (Ginlong),269.8,2,134.9
2020-08,2020,75–300 kW,Sungrow,3840.8,27,142.25185185185185
2020-08,2020,75–300 kW,WEG,2621.1800000000003,19,137.95684210526318
2020-08,2020,75–300 kW,WEG (Huawei),450.0,2,225.0
2020-08,2020,300 kW–1 MW,ABB/FIMER,2327.6,3,775.8666666666667
2020-08,2020,300 kW–1 MW,Huawei,4120.0,6,686.6666666666666
2020-08,2020,300 kW–1 MW,Ingeteam,804.0,1,804.0
2020-08,2020,300 kW–1 MW,Outros,850.0,2,425.0
2020-08,2020,300 kW–1 MW,SolarEdge,496.8,1,496.8
2020-08,2020,300 kW–1 MW,Sungrow,2315.0,3,771.6666666666666
2020-08,2020,300 kW–1 MW,WEG,1190.2,2,595.1
2020-08,2020,1–5 MW,ABB/FIMER,7500.0,3,2500.0
2020-08,2020,1–5 MW,Huawei,3247.2,1,3247.2
2020-09,2020,≤10 kW,ABB/FIMER,575.02,114,5.044035087719298
2020-09,2020,≤10 kW,APsystems,1525.24,399,3.82265664160401
2020-09,2020,≤10 kW,Auxsol,13.26,2,6.63
2020-09,2020,≤10 kW,B&B POWER,26.0,5,5.2
2020-09,2020,≤10 kW,BYD,36.04,6,6.006666666666667
2020-09,2020,≤10 kW,Bedin Solar,227.89,50,4.557799999999999
2020-09,2020,≤10 kW,Bel Energy,8.9,2,4.45
2020-09,2020,≤10 kW,Canadian Solar,2802.76,566,4.951872791519435
2020-09,2020,≤10 kW,Chint,86.6,18,4.811111111111111
2020-09,2020,≤10 kW,Deye,1417.09,335,4.230119402985074
2020-09,2020,≤10 kW,Ecosolys,813.29,220,3.696772727272727
2020-09,2020,≤10 kW,Elgin,208.32,42,4.96
2020-09,2020,≤10 kW,Empalux,49.82,9,5.535555555555556
2020-09,2020,≤10 kW,Fronius,7849.58,1332,5.893078078078078
2020-09,2020,≤10 kW,GE,3.38,1,3.38
2020-09,2020,≤10 kW,Goodwe,2034.57,317,6.418201892744479
2020-09,2020,≤10 kW,Growatt,8530.64,1654,5.157581620314389
2020-09,2020,≤10 kW,Hoymiles,2694.25,715,3.768181818181818
2020-09,2020,≤10 kW,Huawei,347.43,75,4.6324000000000005
2020-09,2020,≤10 kW,Ingeteam,10.0,2,5.0
2020-09,2020,≤10 kW,Intelbras,1192.65,228,5.2309210526315795
2020-09,2020,≤10 kW,Komeco,84.36,17,4.96235294117647
2020-09,2020,≤10 kW,Kstar,78.28,16,4.8925
2020-09,2020,≤10 kW,NEP,8.620000000000001,4,2.1550000000000002
2020-09,2020,≤10 kW,Não informado,913.0500000000001,179,5.100837988826816
2020-09,2020,≤10 kW,Outros,2158.22,529,4.079810964083175
2020-09,2020,≤10 kW,PHB,2265.07,446,5.078632286995516
2020-09,2020,≤10 kW,Refusol,6130.86,1274,4.812291993720565
2020-09,2020,≤10 kW,Renac,131.43,24,5.47625
2020-09,2020,≤10 kW,Renovigi,8040.47,1634,4.920728274173807
2020-09,2020,≤10 kW,SAJ,1049.37,221,4.748280542986425
2020-09,2020,≤10 kW,SHENZHEN,102.62,19,5.401052631578947
2020-09,2020,≤10 kW,SMA,202.98,44,4.613181818181818
2020-09,2020,≤10 kW,Sofar Solar,5953.52,1127,5.282626441881101
2020-09,2020,≤10 kW,SolarEdge,93.66,15,6.244
2020-09,2020,≤10 kW,Solis (Ginlong),2433.31,470,5.177255319148936
2020-09,2020,≤10 kW,Sungrow,1918.55,386,4.970336787564767
2020-09,2020,≤10 kW,WEG,4469.53,888,5.033254504504504
2020-09,2020,≤10 kW,WEG (Huawei),428.99,97,4.422577319587629
2020-09,2020,10–20 kW,ABB/FIMER,247.35,17,14.549999999999999
2020-09,2020,10–20 kW,APsystems,213.06,15,14.204
2020-09,2020,10–20 kW,Bedin Solar,92.0,6,15.333333333333334
2020-09,2020,10–20 kW,Bel Energy,14.0,1,14.0
2020-09,2020,10–20 kW,Canadian Solar,596.22,39,15.287692307692309
2020-09,2020,10–20 kW,Chint,52.75,4,13.1875
2020-09,2020,10–20 kW,Deye,624.22,41,15.22487804878049
2020-09,2020,10–20 kW,Ecosolys,246.14,18,13.674444444444443
2020-09,2020,10–20 kW,Elgin,87.22,6,14.536666666666667
2020-09,2020,10–20 kW,Empalux,16.0,1,16.0
2020-09,2020,10–20 kW,Fronius,5206.36,349,14.917936962750716
2020-09,2020,10–20 kW,GE,14.76,1,14.76
2020-09,2020,10–20 kW,Goodwe,723.37,47,15.390851063829787
2020-09,2020,10–20 kW,Growatt,3453.17,238,14.509117647058824
2020-09,2020,10–20 kW,Hoymiles,447.78000000000003,35,12.793714285714287
2020-09,2020,10–20 kW,Huawei,1293.84,81,15.973333333333333
2020-09,2020,10–20 kW,Ingeteam,29.4,2,14.7
2020-09,2020,10–20 kW,Intelbras,459.57,34,13.516764705882352
2020-09,2020,10–20 kW,Komeco,25.880000000000003,2,12.940000000000001
2020-09,2020,10–20 kW,Kstar,164.8,10,16.48
2020-09,2020,10–20 kW,Não informado,709.54,47,15.096595744680851
2020-09,2020,10–20 kW,Outros,1257.98,85,14.799764705882353
2020-09,2020,10–20 kW,PHB,963.39,58,16.6101724137931
2020-09,2020,10–20 kW,Refusol,1394.01,95,14.673789473684211
2020-09,2020,10–20 kW,Renac,48.0,3,16.0
2020-09,2020,10–20 kW,Renovigi,2018.0,125,16.144
2020-09,2020,10–20 kW,SAJ,328.72,21,15.653333333333334
2020-09,2020,10–20 kW,SHENZHEN,79.0,5,15.8
2020-09,2020,10–20 kW,SMA,62.86,4,15.715
2020-09,2020,10–20 kW,SUNWAYS,60.0,3,20.0
2020-09,2020,10–20 kW,Sofar Solar,1780.75,121,14.71694214876033
2020-09,2020,10–20 kW,SolarEdge,513.57,35,14.673428571428573
2020-09,2020,10–20 kW,Solax Power,12.75,1,12.75
2020-09,2020,10–20 kW,Solis (Ginlong),741.83,46,16.126739130434782
2020-09,2020,10–20 kW,Solplanet,12.0,1,12.0
2020-09,2020,10–20 kW,Sungrow,1603.75,103,15.570388349514563
2020-09,2020,10–20 kW,WEG,2344.42,155,15.125290322580646
2020-09,2020,10–20 kW,WEG (Huawei),433.44,27,16.053333333333335
2020-09,2020,20–75 kW,ABB/FIMER,1558.07,32,48.6896875
2020-09,2020,20–75 kW,APsystems,289.8,9,32.2
2020-09,2020,20–75 kW,Bedin Solar,445.0,9,49.44444444444444
2020-09,2020,20–75 kW,Canadian Solar,1848.68,44,42.015454545454546
2020-09,2020,20–75 kW,Chint,128.74,3,42.913333333333334
2020-09,2020,20–75 kW,Deye,1196.23,33,36.24939393939394
2020-09,2020,20–75 kW,Ecosolys,351.02,9,39.00222222222222
2020-09,2020,20–75 kW,Elgin,102.76,4,25.69
2020-09,2020,20–75 kW,Empalux,35.0,1,35.0
2020-09,2020,20–75 kW,Fronius,12486.48,303,41.209504950495045
2020-09,2020,20–75 kW,GE,142.42000000000002,4,35.605000000000004
2020-09,2020,20–75 kW,Goodwe,2216.29,52,42.620961538461536
2020-09,2020,20–75 kW,Growatt,6181.42,156,39.62448717948718
2020-09,2020,20–75 kW,Hoymiles,363.4,10,36.339999999999996
2020-09,2020,20–75 kW,Huawei,5660.05,121,46.77727272727273
2020-09,2020,20–75 kW,Ingeteam,30.0,1,30.0
2020-09,2020,20–75 kW,Intelbras,778.98,22,35.408181818181816
2020-09,2020,20–75 kW,Komeco,200.0,4,50.0
2020-09,2020,20–75 kW,Kstar,361.44,8,45.18
2020-09,2020,20–75 kW,Não informado,2630.5,65,40.46923076923077
2020-09,2020,20–75 kW,Outros,5124.84,112,45.7575
2020-09,2020,20–75 kW,PHB,3014.5,75,40.193333333333335
2020-09,2020,20–75 kW,Refusol,2162.25,70,30.889285714285716
2020-09,2020,20–75 kW,Renovigi,4020.38,97,41.447216494845364
2020-09,2020,20–75 kW,SAJ,689.8,20,34.489999999999995
2020-09,2020,20–75 kW,SHENZHEN,387.5,12,32.291666666666664
2020-09,2020,20–75 kW,SMA,1942.59,39,49.809999999999995
2020-09,2020,20–75 kW,SUNWAYS,25.0,1,25.0
2020-09,2020,20–75 kW,Sofar Solar,4155.0,107,38.83177570093458
2020-09,2020,20–75 kW,SolarEdge,2906.95,69,42.129710144927536
2020-09,2020,20–75 kW,Solax Power,20.43,1,20.43
2020-09,2020,20–75 kW,Solis (Ginlong),1881.18,41,45.882439024390244
2020-09,2020,20–75 kW,Sungrow,7040.1,145,48.55241379310345
2020-09,2020,20–75 kW,WEG,6590.84,145,45.454068965517244
2020-09,2020,20–75 kW,WEG (Huawei),1670.75,34,49.13970588235294
2020-09,2020,75–300 kW,ABB/FIMER,1323.0,10,132.3
2020-09,2020,75–300 kW,Bedin Solar,125.0,1,125.0
2020-09,2020,75–300 kW,Canadian Solar,310.0,3,103.33333333333333
2020-09,2020,75–300 kW,Deye,1303.0,7,186.14285714285714
2020-09,2020,75–300 kW,Ecosolys,155.0,1,155.0
2020-09,2020,75–300 kW,Elgin,88.8,1,88.8
2020-09,2020,75–300 kW,Fronius,3027.92,18,168.21777777777777
2020-09,2020,75–300 kW,Goodwe,665.0,4,166.25
2020-09,2020,75–300 kW,Growatt,1415.0,14,101.07142857142857
2020-09,2020,75–300 kW,Huawei,2828.0,18,157.11111111111111
2020-09,2020,75–300 kW,Intelbras,110.0,1,110.0
2020-09,2020,75–300 kW,Komeco,111.0,1,111.0
2020-09,2020,75–300 kW,Kstar,190.0,2,95.0
2020-09,2020,75–300 kW,Não informado,198.0,2,99.0
2020-09,2020,75–300 kW,Outros,813.0,6,135.5
2020-09,2020,75–300 kW,PHB,459.26,4,114.815
2020-09,2020,75–300 kW,Renovigi,291.0,3,97.0
2020-09,2020,75–300 kW,SAJ,300.0,1,300.0
2020-09,2020,75–300 kW,SMA,85.0,1,85.0
2020-09,2020,75–300 kW,Sofar Solar,525.0,3,175.0
2020-09,2020,75–300 kW,SolarEdge,250.0,2,125.0
2020-09,2020,75–300 kW,Solis (Ginlong),661.98,5,132.39600000000002
2020-09,2020,75–300 kW,Sungrow,3873.7,27,143.47037037037038
2020-09,2020,75–300 kW,WEG,2597.0,18,144.27777777777777
2020-09,2020,75–300 kW,WEG (Huawei),414.0,3,138.0
2020-09,2020,300 kW–1 MW,ABB/FIMER,1880.0,3,626.6666666666666
2020-09,2020,300 kW–1 MW,Canadian Solar,2000.0,2,1000.0
2020-09,2020,300 kW–1 MW,Deye,575.0,1,575.0
2020-09,2020,300 kW–1 MW,Growatt,2375.0,3,791.6666666666666
2020-09,2020,300 kW–1 MW,Huawei,7200.0,9,800.0
2020-09,2020,300 kW–1 MW,Outros,350.0,1,350.0
2020-09,2020,300 kW–1 MW,Sofar Solar,673.0,2,336.5
2020-09,2020,300 kW–1 MW,Sungrow,8813.0,11,801.1818181818181
2020-09,2020,300 kW–1 MW,WEG,712.0,1,712.0
2020-09,2020,1–5 MW,ABB/FIMER,14895.0,4,3723.75
2020-09,2020,1–5 MW,Huawei,5500.0,3,1833.3333333333333
2020-09,2020,1–5 MW,Sungrow,1750.0,1,1750.0
2020-10,2020,≤10 kW,ABB/FIMER,467.59,97,4.820515463917525
2020-10,2020,≤10 kW,APsystems,1956.38,501,3.9049500998003994
2020-10,2020,≤10 kW,B&B POWER,16.61,5,3.322
2020-10,2020,≤10 kW,BYD,18.0,4,4.5
2020-10,2020,≤10 kW,Bedin Solar,434.33,86,5.050348837209302
2020-10,2020,≤10 kW,Bel Energy,5.52,1,5.52
2020-10,2020,≤10 kW,Canadian Solar,3469.46,697,4.9777044476327115
2020-10,2020,≤10 kW,Chint,80.8,17,4.752941176470588
2020-10,2020,≤10 kW,Deye,1834.45,417,4.3991606714628295
2020-10,2020,≤10 kW,Ecosolys,741.17,204,3.6331862745098036
2020-10,2020,≤10 kW,Elgin,257.7,53,4.862264150943396
2020-10,2020,≤10 kW,Empalux,107.25,16,6.703125
2020-10,2020,≤10 kW,Fronius,8098.66,1376,5.885654069767441
2020-10,2020,≤10 kW,Goodwe,2611.06,401,6.511371571072319
2020-10,2020,≤10 kW,Growatt,8427.98,1679,5.019642644431209
2020-10,2020,≤10 kW,Hoymiles,3290.4,866,3.7995381062355658
2020-10,2020,≤10 kW,Huawei,526.06,106,4.962830188679245
2020-10,2020,≤10 kW,Hypontech,21.59,6,3.598333333333333
2020-10,2020,≤10 kW,Ingeteam,9.45,1,9.45
2020-10,2020,≤10 kW,Intelbras,1687.73,334,5.0530838323353295
2020-10,2020,≤10 kW,Kehua,5.75,2,2.875
2020-10,2020,≤10 kW,Komeco,125.04,26,4.809230769230769
2020-10,2020,≤10 kW,Kstar,89.74,20,4.487
2020-10,2020,≤10 kW,Livoltek,2.8,1,2.8
2020-10,2020,≤10 kW,NEP,13.6,4,3.4
2020-10,2020,≤10 kW,Não informado,940.17,179,5.2523463687150835
2020-10,2020,≤10 kW,Outros,2922.77,604,4.839023178807947
2020-10,2020,≤10 kW,PHB,2605.53,503,5.179980119284295
2020-10,2020,≤10 kW,Refusol,7364.72,1423,5.175488404778637
2020-10,2020,≤10 kW,Renac,77.9,17,4.582352941176471
2020-10,2020,≤10 kW,Renovigi,8453.97,1694,4.9905371900826445
2020-10,2020,≤10 kW,SAJ,1075.81,219,4.912374429223744
2020-10,2020,≤10 kW,SHENZHEN,63.3,12,5.2749999999999995
2020-10,2020,≤10 kW,SMA,226.82,47,4.825957446808511
2020-10,2020,≤10 kW,Sofar Solar,6941.21,1354,5.126447562776957
2020-10,2020,≤10 kW,SolarEdge,109.81,16,6.863125
2020-10,2020,≤10 kW,Solax Power,8.36,2,4.18
2020-10,2020,≤10 kW,Solis (Ginlong),2714.9,552,4.918297101449276
2020-10,2020,≤10 kW,Solplanet,17.6,2,8.8
2020-10,2020,≤10 kW,Sungrow,2438.25,458,5.323689956331878
2020-10,2020,≤10 kW,Tsun,1.0,1,1.0
2020-10,2020,≤10 kW,WEG,5040.83,1000,5.04083
2020-10,2020,≤10 kW,WEG (Huawei),571.6,126,4.536507936507936
2020-10,2020,10–20 kW,ABB/FIMER,233.06,18,12.947777777777778
2020-10,2020,10–20 kW,APsystems,334.02,24,13.917499999999999
2020-10,2020,10–20 kW,B&B POWER,17.16,1,17.16
2020-10,2020,10–20 kW,Bedin Solar,139.0,10,13.9
2020-10,2020,10–20 kW,Bel Energy,14.0,1,14.0
2020-10,2020,10–20 kW,Canadian Solar,682.3199999999999,44,15.507272727272726
2020-10,2020,10–20 kW,Chint,111.56,8,13.945
2020-10,2020,10–20 kW,Deye,885.0500000000001,58,15.25948275862069
2020-10,2020,10–20 kW,Ecosolys,256.76,18,14.264444444444443
2020-10,2020,10–20 kW,Elgin,146.45,9,16.272222222222222
2020-10,2020,10–20 kW,Empalux,45.36,3,15.12
2020-10,2020,10–20 kW,Fronius,5543.51,367,15.104931880108992
2020-10,2020,10–20 kW,GE,36.5,2,18.25
2020-10,2020,10–20 kW,Goodwe,1120.26,71,15.778309859154929
2020-10,2020,10–20 kW,Growatt,4040.8,268,15.077611940298508
2020-10,2020,10–20 kW,Hoymiles,567.47,42,13.511190476190476
2020-10,2020,10–20 kW,Huawei,1240.4,78,15.902564102564103
2020-10,2020,10–20 kW,Ingeteam,85.0,5,17.0
2020-10,2020,10–20 kW,Intelbras,465.11,37,12.570540540540541
2020-10,2020,10–20 kW,Kehua,16.0,1,16.0
2020-10,2020,10–20 kW,Komeco,57.5,4,14.375
2020-10,2020,10–20 kW,Kstar,153.12,11,13.92
2020-10,2020,10–20 kW,Não informado,749.2,50,14.984000000000002
2020-10,2020,10–20 kW,Outros,1899.96,128,14.8434375
2020-10,2020,10–20 kW,PHB,1056.25,65,16.25
2020-10,2020,10–20 kW,Refusol,1696.71,118,14.378898305084746
2020-10,2020,10–20 kW,Renac,16.2,1,16.2
2020-10,2020,10–20 kW,Renovigi,2230.84,137,16.283503649635037
2020-10,2020,10–20 kW,SAJ,316.57,23,13.76391304347826
2020-10,2020,10–20 kW,SHENZHEN,145.24,10,14.524000000000001
2020-10,2020,10–20 kW,SMA,39.8,3,13.266666666666666
2020-10,2020,10–20 kW,Sofar Solar,2411.71,163,14.795766871165645
2020-10,2020,10–20 kW,SolarEdge,193.84,13,14.910769230769231
2020-10,2020,10–20 kW,Solax Power,10.4,1,10.4
2020-10,2020,10–20 kW,Solis (Ginlong),979.62,63,15.54952380952381
2020-10,2020,10–20 kW,Sungrow,1735.18,112,15.492678571428572
2020-10,2020,10–20 kW,WEG,2588.51,168,15.40779761904762
2020-10,2020,10–20 kW,WEG (Huawei),372.83,26,14.339615384615383
2020-10,2020,20–75 kW,ABB/FIMER,1381.65,31,44.56935483870968
2020-10,2020,20–75 kW,APsystems,329.53000000000003,12,27.460833333333337
2020-10,2020,20–75 kW,Bedin Solar,285.0,5,57.0
2020-10,2020,20–75 kW,Canadian Solar,1983.23,52,38.13903846153846
2020-10,2020,20–75 kW,Chint,60.0,2,30.0
2020-10,2020,20–75 kW,Deye,2517.4,62,40.60322580645161
2020-10,2020,20–75 kW,Ecosolys,395.12,11,35.92
2020-10,2020,20–75 kW,Elgin,302.57,7,43.22428571428571
2020-10,2020,20–75 kW,Empalux,25.0,1,25.0
2020-10,2020,20–75 kW,Fronius,10257.16,259,39.60293436293436
2020-10,2020,20–75 kW,Goodwe,3216.14,77,41.76805194805195
2020-10,2020,20–75 kW,Growatt,6585.77,164,40.15713414634146
2020-10,2020,20–75 kW,Hoymiles,824.8,22,37.49090909090909
2020-10,2020,20–75 kW,Huawei,5630.43,112,50.27169642857143
2020-10,2020,20–75 kW,Ingeteam,164.8,3,54.93333333333334
2020-10,2020,20–75 kW,Intelbras,839.25,21,39.964285714285715
2020-10,2020,20–75 kW,Komeco,55.84,2,27.92
2020-10,2020,20–75 kW,Kstar,543.46,14,38.81857142857143
2020-10,2020,20–75 kW,Não informado,2490.25,55,45.277272727272724
2020-10,2020,20–75 kW,Outros,6711.54,149,45.043892617449664
2020-10,2020,20–75 kW,PHB,2773.45,65,42.668461538461536
2020-10,2020,20–75 kW,Refusol,2408.36,77,31.2774025974026
2020-10,2020,20–75 kW,Renovigi,4788.87,108,44.341388888888886
2020-10,2020,20–75 kW,SAJ,549.62,16,34.35125
2020-10,2020,20–75 kW,SHENZHEN,459.0,11,41.72727272727273
2020-10,2020,20–75 kW,SMA,2549.39,50,50.9878
2020-10,2020,20–75 kW,Sofar Solar,5200.49,126,41.27373015873016
2020-10,2020,20–75 kW,SolarEdge,1318.3600000000001,36,36.62111111111111
2020-10,2020,20–75 kW,Solis (Ginlong),2570.37,56,45.89946428571428
2020-10,2020,20–75 kW,Sungrow,7357.36,157,46.86216560509554
2020-10,2020,20–75 kW,WEG,6297.94,140,44.98528571428571
2020-10,2020,20–75 kW,WEG (Huawei),1460.87,32,45.6521875
2020-10,2020,75–300 kW,ABB/FIMER,2254.36,14,161.0257142857143
2020-10,2020,75–300 kW,Bedin Solar,150.0,1,150.0
2020-10,2020,75–300 kW,Canadian Solar,197.2,2,98.6
2020-10,2020,75–300 kW,Chint,112.0,1,112.0
2020-10,2020,75–300 kW,Deye,202.95999999999998,2,101.47999999999999
2020-10,2020,75–300 kW,Elgin,275.0,1,275.0
2020-10,2020,75–300 kW,Fronius,2075.3,16,129.70625
2020-10,2020,75–300 kW,Goodwe,555.0,5,111.0
2020-10,2020,75–300 kW,Growatt,1036.6399999999999,8,129.57999999999998
2020-10,2020,75–300 kW,Huawei,2221.0,13,170.84615384615384
2020-10,2020,75–300 kW,Intelbras,166.0,1,166.0
2020-10,2020,75–300 kW,Kstar,169.95,1,169.95
2020-10,2020,75–300 kW,Não informado,624.0,4,156.0
2020-10,2020,75–300 kW,Outros,1512.5,10,151.25
2020-10,2020,75–300 kW,PHB,987.0,6,164.5
2020-10,2020,75–300 kW,Renovigi,1151.48,8,143.935
2020-10,2020,75–300 kW,SAJ,425.0,3,141.66666666666666
2020-10,2020,75–300 kW,SMA,1250.0,6,208.33333333333334
2020-10,2020,75–300 kW,Sofar Solar,330.0,3,110.0
2020-10,2020,75–300 kW,SolarEdge,142.56,1,142.56
2020-10,2020,75–300 kW,Sungrow,3898.92,25,155.95680000000002
2020-10,2020,75–300 kW,WEG,2057.52,17,121.03058823529412
2020-10,2020,300 kW–1 MW,ABB/FIMER,5980.0,8,747.5
2020-10,2020,300 kW–1 MW,Canadian Solar,500.0,1,500.0
2020-10,2020,300 kW–1 MW,Chint,400.0,1,400.0
2020-10,2020,300 kW–1 MW,Huawei,4500.0,6,750.0
2020-10,2020,300 kW–1 MW,Outros,480.4,1,480.4
2020-10,2020,300 kW–1 MW,Renac,1500.0,2,750.0
2020-10,2020,300 kW–1 MW,Renovigi,330.0,1,330.0
2020-10,2020,300 kW–1 MW,Sungrow,8538.48,13,656.8061538461538
2020-10,2020,300 kW–1 MW,WEG,2260.0,3,753.3333333333334
2020-10,2020,300 kW–1 MW,WEG (Huawei),1000.0,1,1000.0
2020-10,2020,1–5 MW,ABB/FIMER,14000.0,3,4666.666666666667
2020-10,2020,1–5 MW,Huawei,3700.0,2,1850.0
2020-11,2020,≤10 kW,ABB/FIMER,509.0,100,5.09
2020-11,2020,≤10 kW,APsystems,2241.14,581,3.8573838209982787
2020-11,2020,≤10 kW,Auxsol,5.0,1,5.0
2020-11,2020,≤10 kW,B&B POWER,0.34,1,0.34
2020-11,2020,≤10 kW,BYD,119.22,25,4.7688
2020-11,2020,≤10 kW,Bedin Solar,946.88,185,5.11827027027027
2020-11,2020,≤10 kW,Bel Energy,13.77,3,4.59
2020-11,2020,≤10 kW,Canadian Solar,3662.91,757,4.838718626155878
2020-11,2020,≤10 kW,Chint,100.52,22,4.569090909090909
2020-11,2020,≤10 kW,Deye,2849.6,623,4.5739967897271265
2020-11,2020,≤10 kW,Ecosolys,995.5,243,4.096707818930041
2020-11,2020,≤10 kW,Elgin,345.92,75,4.612266666666667
2020-11,2020,≤10 kW,Empalux,70.42,13,5.416923076923077
2020-11,2020,≤10 kW,Fronius,7819.38,1334,5.861604197901049
2020-11,2020,≤10 kW,GE,9.13,1,9.13
2020-11,2020,≤10 kW,Goodwe,3900.23,659,5.918406676783005
2020-11,2020,≤10 kW,Growatt,14563.95,3068,4.747050195567145
2020-11,2020,≤10 kW,Hoymiles,3474.4,947,3.6688489968321014
2020-11,2020,≤10 kW,Huawei,432.25,92,4.698369565217392
2020-11,2020,≤10 kW,Hypontech,28.240000000000002,6,4.706666666666667
2020-11,2020,≤10 kW,Ingeteam,7.5,1,7.5
2020-11,2020,≤10 kW,Intelbras,2223.84,434,5.124055299539171
2020-11,2020,≤10 kW,Komeco,128.22,32,4.006875
2020-11,2020,≤10 kW,Kstar,115.72,24,4.821666666666666
2020-11,2020,≤10 kW,NEP,3.2,3,1.0666666666666667
2020-11,2020,≤10 kW,Não informado,1117.6200000000001,249,4.488433734939759
2020-11,2020,≤10 kW,Outros,3756.44,785,4.7852738853503185
2020-11,2020,≤10 kW,PHB,2409.79,485,4.9686391752577315
2020-11,2020,≤10 kW,Refusol,5474.11,990,5.52940404040404
2020-11,2020,≤10 kW,Renac,124.41,26,4.785
2020-11,2020,≤10 kW,Renovigi,8962.89,1839,4.873784665579119
2020-11,2020,≤10 kW,SAJ,1047.09,213,4.915915492957746
2020-11,2020,≤10 kW,SHENZHEN,77.0,16,4.8125
2020-11,2020,≤10 kW,SMA,282.64,59,4.790508474576271
2020-11,2020,≤10 kW,Sofar Solar,8853.2,1715,5.162215743440234
2020-11,2020,≤10 kW,SolarEdge,110.07,20,5.5035
2020-11,2020,≤10 kW,Solax Power,27.36,6,4.56
2020-11,2020,≤10 kW,Solis (Ginlong),3723.5099999999998,752,4.951476063829787
2020-11,2020,≤10 kW,Solplanet,9.1,2,4.55
2020-11,2020,≤10 kW,Sungrow,2866.61,567,5.0557495590828925
2020-11,2020,≤10 kW,WEG,4987.81,1014,4.918944773175543
2020-11,2020,≤10 kW,WEG (Huawei),405.29,90,4.503222222222222
2020-11,2020,10–20 kW,ABB/FIMER,250.56,17,14.738823529411764
2020-11,2020,10–20 kW,APsystems,478.52,35,13.671999999999999
2020-11,2020,10–20 kW,B&B POWER,34.96,2,17.48
2020-11,2020,10–20 kW,Bedin Solar,154.0,10,15.4
2020-11,2020,10–20 kW,Bel Energy,14.0,1,14.0
2020-11,2020,10–20 kW,Canadian Solar,796.9,51,15.625490196078431
2020-11,2020,10–20 kW,Chint,52.0,4,13.0
2020-11,2020,10–20 kW,Deye,779.85,54,14.441666666666666
2020-11,2020,10–20 kW,Ecosolys,272.24,20,13.612
2020-11,2020,10–20 kW,Elgin,143.66,9,15.962222222222222
2020-11,2020,10–20 kW,Empalux,40.480000000000004,3,13.493333333333334
2020-11,2020,10–20 kW,Fronius,4999.94,340,14.70570588235294
2020-11,2020,10–20 kW,GE,48.25,3,16.083333333333332
2020-11,2020,10–20 kW,Goodwe,1165.42,78,14.941282051282052
2020-11,2020,10–20 kW,Growatt,4539.35,310,14.643064516129034
2020-11,2020,10–20 kW,Hopewind,18.48,1,18.48
2020-11,2020,10–20 kW,Hoymiles,625.64,45,13.90311111111111
2020-11,2020,10–20 kW,Huawei,1061.35,65,16.328461538461536
2020-11,2020,10–20 kW,Ingeteam,52.94,3,17.646666666666665
2020-11,2020,10–20 kW,Intelbras,683.48,49,13.948571428571428
2020-11,2020,10–20 kW,Komeco,43.56,3,14.520000000000001
2020-11,2020,10–20 kW,Kstar,38.88,3,12.96
2020-11,2020,10–20 kW,Livoltek,18.0,1,18.0
2020-11,2020,10–20 kW,Não informado,864.29,55,15.714363636363636
2020-11,2020,10–20 kW,Outros,2426.15,166,14.615361445783133
2020-11,2020,10–20 kW,PHB,1113.47,67,16.618955223880597
2020-11,2020,10–20 kW,Refusol,1367.67,94,14.549680851063831
2020-11,2020,10–20 kW,Renac,25.5,2,12.75
2020-11,2020,10–20 kW,Renovigi,2260.41,137,16.49934306569343
2020-11,2020,10–20 kW,SAJ,229.86,16,14.36625
2020-11,2020,10–20 kW,SHENZHEN,126.0,7,18.0
2020-11,2020,10–20 kW,SMA,134.37,9,14.93
2020-11,2020,10–20 kW,Sofar Solar,2964.53,201,14.748905472636817
2020-11,2020,10–20 kW,SolarEdge,331.59999999999997,22,15.07272727272727
2020-11,2020,10–20 kW,Solis (Ginlong),1304.45,82,15.907926829268293
2020-11,2020,10–20 kW,Solplanet,12.0,1,12.0
2020-11,2020,10–20 kW,Sungrow,2076.95,136,15.271691176470586
2020-11,2020,10–20 kW,WEG,2016.76,133,15.163609022556392
2020-11,2020,10–20 kW,WEG (Huawei),376.42,25,15.0568
2020-11,2020,20–75 kW,ABB/FIMER,1705.22,34,50.15352941176471
2020-11,2020,20–75 kW,APsystems,343.8,11,31.254545454545454
2020-11,2020,20–75 kW,BYD,26.0,1,26.0
2020-11,2020,20–75 kW,Bedin Solar,745.25,12,62.104166666666664
2020-11,2020,20–75 kW,Canadian Solar,2153.07,56,38.447678571428575
2020-11,2020,20–75 kW,Chint,235.56,6,39.26
2020-11,2020,20–75 kW,Deye,1995.01,54,36.94462962962963
2020-11,2020,20–75 kW,Ecosolys,309.39,8,38.67375
2020-11,2020,20–75 kW,Elgin,141.66,4,35.415
2020-11,2020,20–75 kW,Empalux,177.0,3,59.0
2020-11,2020,20–75 kW,Fronius,10384.53,268,38.74824626865672
2020-11,2020,20–75 kW,GE,24.0,1,24.0
2020-11,2020,20–75 kW,Goodwe,3297.93,81,40.715185185185184
2020-11,2020,20–75 kW,Growatt,6493.97,158,41.10107594936709
2020-11,2020,20–75 kW,Hoymiles,598.66,18,33.25888888888889
2020-11,2020,20–75 kW,Huawei,5510.0,107,51.495327102803735
2020-11,2020,20–75 kW,Ingeteam,264.3,4,66.075
2020-11,2020,20–75 kW,Intelbras,1298.97,32,40.5928125
2020-11,2020,20–75 kW,Komeco,163.8,4,40.95
2020-11,2020,20–75 kW,Kstar,159.22,3,53.07333333333333
2020-11,2020,20–75 kW,Não informado,1770.18,48,36.878750000000004
2020-11,2020,20–75 kW,Outros,7693.64,167,46.0697005988024
2020-11,2020,20–75 kW,PHB,2620.35,62,42.26370967741936
2020-11,2020,20–75 kW,Refusol,2540.79,76,33.431447368421054
2020-11,2020,20–75 kW,Renovigi,4099.13,95,43.148736842105265
2020-11,2020,20–75 kW,SAJ,783.04,18,43.50222222222222
2020-11,2020,20–75 kW,SHENZHEN,823.04,22,37.41090909090909
2020-11,2020,20–75 kW,SMA,2062.46,43,47.96418604651163
2020-11,2020,20–75 kW,Sofar Solar,5178.21,137,37.79715328467153
2020-11,2020,20–75 kW,SolarEdge,1806.1399999999999,45,40.13644444444444
2020-11,2020,20–75 kW,Solis (Ginlong),2016.51,49,41.15326530612245
2020-11,2020,20–75 kW,Solplanet,45.0,1,45.0
2020-11,2020,20–75 kW,Sungrow,6370.76,133,47.90045112781955
2020-11,2020,20–75 kW,WEG,6595.68,152,43.39263157894737
2020-11,2020,20–75 kW,WEG (Huawei),1063.35,22,48.334090909090904
2020-11,2020,75–300 kW,ABB/FIMER,880.0,7,125.71428571428571
2020-11,2020,75–300 kW,Canadian Solar,474.32,4,118.58
2020-11,2020,75–300 kW,Deye,612.5,3,204.16666666666666
2020-11,2020,75–300 kW,Fronius,1955.18,14,139.65571428571428
2020-11,2020,75–300 kW,Goodwe,942.0,8,117.75
2020-11,2020,75–300 kW,Growatt,1459.03,8,182.37875
2020-11,2020,75–300 kW,Huawei,3163.56,23,137.54608695652175
2020-11,2020,75–300 kW,Kstar,392.0,3,130.66666666666666
2020-11,2020,75–300 kW,Não informado,970.0,5,194.0
2020-11,2020,75–300 kW,Outros,2212.8,17,130.16470588235296
2020-11,2020,75–300 kW,PHB,400.0,4,100.0
2020-11,2020,75–300 kW,Renovigi,460.0,4,115.0
2020-11,2020,75–300 kW,SMA,300.0,1,300.0
2020-11,2020,75–300 kW,Sofar Solar,960.0,7,137.14285714285714
2020-11,2020,75–300 kW,SolarEdge,1333.11,10,133.31099999999998
2020-11,2020,75–300 kW,Solis (Ginlong),810.0,7,115.71428571428571
2020-11,2020,75–300 kW,Sungrow,4052.93,25,162.1172
2020-11,2020,75–300 kW,WEG,1588.0,11,144.36363636363637
2020-11,2020,75–300 kW,WEG (Huawei),90.0,1,90.0
2020-11,2020,300 kW–1 MW,ABB/FIMER,2450.0,4,612.5
2020-11,2020,300 kW–1 MW,Canadian Solar,400.0,1,400.0
2020-11,2020,300 kW–1 MW,Huawei,900.0,2,450.0
2020-11,2020,300 kW–1 MW,Intelbras,672.0,1,672.0
2020-11,2020,300 kW–1 MW,Não informado,1341.0,2,670.5
2020-11,2020,300 kW–1 MW,Sungrow,15766.0,18,875.8888888888889
2020-11,2020,300 kW–1 MW,WEG,1865.0,4,466.25
2020-11,2020,1–5 MW,ABB/FIMER,7252.8,3,2417.6
2020-11,2020,1–5 MW,Huawei,4680.0,2,2340.0
2020-11,2020,1–5 MW,Sungrow,5000.0,2,2500.0
2020-11,2020,1–5 MW,WEG,4500.0,1,4500.0
2020-12,2020,≤10 kW,ABB/FIMER,709.39,139,5.103525179856115
2020-12,2020,≤10 kW,APsystems,2948.03,747,3.946492637215529
2020-12,2020,≤10 kW,B&B POWER,26.6,5,5.32
2020-12,2020,≤10 kW,BYD,57.43,13,4.417692307692308
2020-12,2020,≤10 kW,Bedin Solar,636.85,123,5.177642276422764
2020-12,2020,≤10 kW,Canadian Solar,3088.49,664,4.651340361445783
2020-12,2020,≤10 kW,Chint,92.7,19,4.878947368421053
2020-12,2020,≤10 kW,Deye,4485.61,932,4.81288626609442
2020-12,2020,≤10 kW,Ecosolys,836.94,213,3.9292957746478874
2020-12,2020,≤10 kW,Elgin,604.28,121,4.9940495867768595
2020-12,2020,≤10 kW,Empalux,151.87,30,5.062333333333333
2020-12,2020,≤10 kW,Foxess,6.0,1,6.0
2020-12,2020,≤10 kW,Fronius,8782.86,1554,5.651776061776062
2020-12,2020,≤10 kW,Goodwe,4282.62,722,5.931606648199446
2020-12,2020,≤10 kW,Growatt,23968.49,4999,4.794656931386277
2020-12,2020,≤10 kW,Hoymiles,4032.9,1093,3.6897529734675207
2020-12,2020,≤10 kW,Huawei,400.02,90,4.4446666666666665
2020-12,2020,≤10 kW,Hypontech,70.24000000000001,17,4.131764705882354
2020-12,2020,≤10 kW,Ingeteam,11.02,3,3.6733333333333333
2020-12,2020,≤10 kW,Intelbras,2524.5,494,5.1103238866396765
2020-12,2020,≤10 kW,Komeco,65.04,17,3.8258823529411767
2020-12,2020,≤10 kW,Kstar,158.02,31,5.09741935483871
2020-12,2020,≤10 kW,Livoltek,9.0,2,4.5
2020-12,2020,≤10 kW,NEP,4.25,2,2.125
2020-12,2020,≤10 kW,Não informado,2036.2,396,5.141919191919192
2020-12,2020,≤10 kW,Outros,3912.68,922,4.243687635574837
2020-12,2020,≤10 kW,PHB,2408.93,449,5.365100222717149
2020-12,2020,≤10 kW,Refusol,3710.67,647,5.735193199381762
2020-12,2020,≤10 kW,Renac,198.07,37,5.353243243243243
2020-12,2020,≤10 kW,Renovigi,7092.57,1476,4.805264227642276
2020-12,2020,≤10 kW,SAJ,1130.51,237,4.770084388185654
2020-12,2020,≤10 kW,SHENZHEN,163.04,36,4.528888888888889
2020-12,2020,≤10 kW,SMA,260.79,54,4.829444444444444
2020-12,2020,≤10 kW,Sofar Solar,8266.53,1640,5.040567073170732
2020-12,2020,≤10 kW,SolarEdge,150.93,30,5.031000000000001
2020-12,2020,≤10 kW,Solax Power,11.6,2,5.8
2020-12,2020,≤10 kW,Solis (Ginlong),5118.16,1018,5.027662082514735
2020-12,2020,≤10 kW,Solplanet,8.58,1,8.58
2020-12,2020,≤10 kW,Sungrow,3630.25,701,5.1786733238231095
2020-12,2020,≤10 kW,WEG,4287.03,882,4.860578231292517
2020-12,2020,≤10 kW,WEG (Huawei),294.97,61,4.835573770491804
2020-12,2020,10–20 kW,ABB/FIMER,307.03,20,15.351499999999998
2020-12,2020,10–20 kW,APsystems,607.32,46,13.202608695652176
2020-12,2020,10–20 kW,B&B POWER,12.0,1,12.0
2020-12,2020,10–20 kW,BYD,12.0,1,12.0
2020-12,2020,10–20 kW,Bedin Solar,141.05,10,14.105
2020-12,2020,10–20 kW,Bel Energy,14.0,1,14.0
2020-12,2020,10–20 kW,Canadian Solar,571.62,36,15.878333333333334
2020-12,2020,10–20 kW,Chint,35.0,2,17.5
2020-12,2020,10–20 kW,Deye,1563.98,108,14.481296296296296
2020-12,2020,10–20 kW,Ecosolys,261.86,17,15.403529411764707
2020-12,2020,10–20 kW,Elgin,80.16,6,13.36
2020-12,2020,10–20 kW,Empalux,16.0,1,16.0
2020-12,2020,10–20 kW,Fronius,5894.51,391,15.075473145780052
2020-12,2020,10–20 kW,Goodwe,1432.57,92,15.57141304347826
2020-12,2020,10–20 kW,Growatt,7017.04,482,14.55817427385892
2020-12,2020,10–20 kW,Hoymiles,704.88,52,13.555384615384614
2020-12,2020,10–20 kW,Huawei,1163.86,73,15.943287671232875
2020-12,2020,10–20 kW,Intelbras,781.99,57,13.719122807017545
2020-12,2020,10–20 kW,Komeco,58.9,4,14.725
2020-12,2020,10–20 kW,Kstar,90.42,6,15.07
2020-12,2020,10–20 kW,Não informado,1314.12,84,15.644285714285713
2020-12,2020,10–20 kW,Outros,3015.4900000000002,201,15.002437810945274
2020-12,2020,10–20 kW,PHB,1192.19,76,15.68671052631579
2020-12,2020,10–20 kW,Refusol,1053.21,72,14.627916666666668
2020-12,2020,10–20 kW,Renovigi,2487.01,151,16.470264900662254
2020-12,2020,10–20 kW,SAJ,439.04,28,15.680000000000001
2020-12,2020,10–20 kW,SHENZHEN,295.22,18,16.401111111111113
2020-12,2020,10–20 kW,SMA,73.86,6,12.31
2020-12,2020,10–20 kW,Sofar Solar,2865.04,192,14.922083333333333
2020-12,2020,10–20 kW,SolarEdge,231.13,15,15.408666666666667
2020-12,2020,10–20 kW,Solis (Ginlong),1458.13,96,15.188854166666667
2020-12,2020,10–20 kW,Solplanet,12.0,1,12.0
2020-12,2020,10–20 kW,Sungrow,2339.37,158,14.806139240506328
2020-12,2020,10–20 kW,WEG,2412.6,156,15.465384615384615
2020-12,2020,10–20 kW,WEG (Huawei),622.92,40,15.572999999999999
2020-12,2020,20–75 kW,ABB/FIMER,1274.17,31,41.10225806451613
2020-12,2020,20–75 kW,APsystems,887.2,26,34.12307692307692
2020-12,2020,20–75 kW,Bedin Solar,813.86,14,58.13285714285714
2020-12,2020,20–75 kW,Canadian Solar,2383.44,61,39.072786885245904
2020-12,2020,20–75 kW,Chint,288.19,6,48.031666666666666
2020-12,2020,20–75 kW,Deye,2293.33,51,44.967254901960786
2020-12,2020,20–75 kW,Ecosolys,132.32,3,44.10666666666666
2020-12,2020,20–75 kW,Elgin,359.7,9,39.96666666666667
2020-12,2020,20–75 kW,Empalux,36.96,1,36.96
2020-12,2020,20–75 kW,Fronius,11729.74,294,39.897074829931974
2020-12,2020,20–75 kW,GE,196.16,6,32.693333333333335
2020-12,2020,20–75 kW,Goodwe,4090.25,98,41.73724489795919
2020-12,2020,20–75 kW,Growatt,9231.52,214,43.13794392523365
2020-12,2020,20–75 kW,Hoymiles,449.2,15,29.946666666666665
2020-12,2020,20–75 kW,Huawei,5024.71,103,48.783592233009706
2020-12,2020,20–75 kW,Hypontech,50.0,1,50.0
2020-12,2020,20–75 kW,Ingeteam,36.0,1,36.0
2020-12,2020,20–75 kW,Intelbras,1018.65,28,36.38035714285714
2020-12,2020,20–75 kW,Komeco,215.4,5,43.08
2020-12,2020,20–75 kW,Kstar,331.4,7,47.34285714285714
2020-12,2020,20–75 kW,Não informado,3909.03,91,42.956373626373626
2020-12,2020,20–75 kW,Outros,8606.27,197,43.6866497461929
2020-12,2020,20–75 kW,PHB,3065.46,72,42.575833333333335
2020-12,2020,20–75 kW,Refusol,1983.89,64,30.99828125
2020-12,2020,20–75 kW,Renac,75.12,2,37.56
2020-12,2020,20–75 kW,Renovigi,4046.08,96,42.14666666666667
2020-12,2020,20–75 kW,SAJ,1269.89,33,38.481515151515154
2020-12,2020,20–75 kW,SHENZHEN,591.0,12,49.25
2020-12,2020,20–75 kW,SMA,1660.66,36,46.129444444444445
2020-12,2020,20–75 kW,Sofar Solar,5303.91,132,40.18113636363636
2020-12,2020,20–75 kW,SolarEdge,2403.9,54,44.516666666666666
2020-12,2020,20–75 kW,Solis (Ginlong),2732.85,66,41.40681818181818
2020-12,2020,20–75 kW,Solplanet,75.0,1,75.0
2020-12,2020,20–75 kW,Sungrow,6385.31,141,45.2858865248227
2020-12,2020,20–75 kW,WEG,7166.53,164,43.69835365853658
2020-12,2020,20–75 kW,WEG (Huawei),1578.43,33,47.831212121212126
2020-12,2020,75–300 kW,ABB/FIMER,5471.46,38,143.9857894736842
2020-12,2020,75–300 kW,Bedin Solar,400.0,2,200.0
2020-12,2020,75–300 kW,Canadian Solar,533.23,4,133.3075
2020-12,2020,75–300 kW,Delta Electronics,150.0,1,150.0
2020-12,2020,75–300 kW,Deye,500.0,5,100.0
2020-12,2020,75–300 kW,Ecosolys,184.4,1,184.4
2020-12,2020,75–300 kW,Elgin,110.0,1,110.0
2020-12,2020,75–300 kW,Fronius,2442.3,17,143.66470588235296
2020-12,2020,75–300 kW,Goodwe,305.0,2,152.5
2020-12,2020,75–300 kW,Growatt,850.5,7,121.5
2020-12,2020,75–300 kW,Huawei,1341.0,9,149.0
2020-12,2020,75–300 kW,Ingeteam,110.0,1,110.0
2020-12,2020,75–300 kW,Komeco,120.0,1,120.0
2020-12,2020,75–300 kW,Não informado,434.0,3,144.66666666666666
2020-12,2020,75–300 kW,Outros,1695.0,11,154.0909090909091
2020-12,2020,75–300 kW,PHB,105.0,1,105.0
2020-12,2020,75–300 kW,Renovigi,940.0,7,134.28571428571428
2020-12,2020,75–300 kW,SAJ,300.0,1,300.0
2020-12,2020,75–300 kW,SMA,475.0,3,158.33333333333334
2020-12,2020,75–300 kW,Sofar Solar,1625.38,9,180.5977777777778
2020-12,2020,75–300 kW,Solis (Ginlong),453.4,4,113.35
2020-12,2020,75–300 kW,Sungrow,1969.25,15,131.28333333333333
2020-12,2020,75–300 kW,WEG,1883.45,14,134.53214285714287
2020-12,2020,75–300 kW,WEG (Huawei),228.0,2,114.0
2020-12,2020,300 kW–1 MW,ABB/FIMER,1400.0,4,350.0
2020-12,2020,300 kW–1 MW,Canadian Solar,1000.0,1,1000.0
2020-12,2020,300 kW–1 MW,Huawei,1036.0,2,518.0
2020-12,2020,300 kW–1 MW,Não informado,420.0,1,420.0
2020-12,2020,300 kW–1 MW,Outros,4750.0,6,791.6666666666666
2020-12,2020,300 kW–1 MW,Sungrow,9490.0,11,862.7272727272727
2020-12,2020,300 kW–1 MW,WEG,1462.0,2,731.0
2020-12,2020,1–5 MW,ABB/FIMER,9300.0,3,3100.0
2020-12,2020,1–5 MW,Huawei,4900.0,1,4900.0
2020-12,2020,1–5 MW,Ingeteam,2400.0,1,2400.0
2020-12,2020,1–5 MW,Sineng,5280.0,5,1056.0
2020-12,2020,1–5 MW,WEG,5000.0,1,5000.0
2021-01,2021,≤10 kW,ABB/FIMER,468.92,93,5.0421505376344085
2021-01,2021,≤10 kW,APsystems,2795.32,738,3.78769647696477
2021-01,2021,≤10 kW,B&B POWER,38.36,9,4.262222222222222
2021-01,2021,≤10 kW,BYD,25.06,5,5.012
2021-01,2021,≤10 kW,Bedin Solar,467.36,89,5.25123595505618
2021-01,2021,≤10 kW,Bel Energy,10.6,2,5.3
2021-01,2021,≤10 kW,Canadian Solar,2025.1,436,4.644724770642202
2021-01,2021,≤10 kW,Chint,101.96,21,4.855238095238095
2021-01,2021,≤10 kW,Deye,4781.9,1000,4.781899999999999
2021-01,2021,≤10 kW,Ecosolys,680.78,160,4.254875
2021-01,2021,≤10 kW,Elgin,733.77,138,5.3171739130434785
2021-01,2021,≤10 kW,Empalux,170.94,35,4.884
2021-01,2021,≤10 kW,Foxess,13.0,2,6.5
2021-01,2021,≤10 kW,Fronius,6682.86,1154,5.79103986135182
2021-01,2021,≤10 kW,GE,9.2,1,9.2
2021-01,2021,≤10 kW,Goodwe,4066.33,681,5.971116005873715
2021-01,2021,≤10 kW,Growatt,19879.420000000002,4027,4.936533399553017
2021-01,2021,≤10 kW,Hopewind,8.74,1,8.74
2021-01,2021,≤10 kW,Hoymiles,3749.12,1021,3.6720078354554357
2021-01,2021,≤10 kW,Huawei,335.43,67,5.0064179104477615
2021-01,2021,≤10 kW,Hypontech,68.57000000000001,14,4.897857142857143
2021-01,2021,≤10 kW,Ingeteam,4.98,1,4.98
2021-01,2021,≤10 kW,Intelbras,2477.27,483,5.128923395445135
2021-01,2021,≤10 kW,Kehua,46.88,11,4.261818181818182
2021-01,2021,≤10 kW,Komeco,69.13,18,3.8405555555555555
2021-01,2021,≤10 kW,Kstar,125.17,29,4.316206896551725
2021-01,2021,≤10 kW,NEP,14.5,9,1.6111111111111112
2021-01,2021,≤10 kW,Não informado,1569.53,299,5.249264214046823
2021-01,2021,≤10 kW,Outros,3516.75,782,4.497122762148337
2021-01,2021,≤10 kW,PHB,2713.77,521,5.208771593090211
2021-01,2021,≤10 kW,Refusol,1842.32,331,5.565921450151057
2021-01,2021,≤10 kW,Renac,358.99,70,5.128428571428572
2021-01,2021,≤10 kW,Renovigi,7224.57,1546,4.673072445019405
2021-01,2021,≤10 kW,SAJ,1094.23,226,4.841725663716814
2021-01,2021,≤10 kW,SHENZHEN,120.58,26,4.637692307692308
2021-01,2021,≤10 kW,SMA,140.29,32,4.3840625
2021-01,2021,≤10 kW,SUNWAYS,3.0,1,3.0
2021-01,2021,≤10 kW,Sofar Solar,7895.49,1519,5.197820934825543
2021-01,2021,≤10 kW,SolarEdge,92.52,18,5.14
2021-01,2021,≤10 kW,Solis (Ginlong),5796.45,1136,5.102508802816901
2021-01,2021,≤10 kW,Solplanet,41.8,7,5.971428571428571
2021-01,2021,≤10 kW,Sungrow,3509.67,658,5.333844984802432
2021-01,2021,≤10 kW,WEG,3018.81,589,5.125314091680814
2021-01,2021,≤10 kW,WEG (Huawei),155.32,37,4.197837837837838
2021-01,2021,10–20 kW,ABB/FIMER,280.17,19,14.745789473684212
2021-01,2021,10–20 kW,APsystems,633.86,47,13.486382978723405
2021-01,2021,10–20 kW,Bedin Solar,94.0,6,15.666666666666666
2021-01,2021,10–20 kW,Canadian Solar,672.62,41,16.405365853658537
2021-01,2021,10–20 kW,Chint,56.24,4,14.06
2021-01,2021,10–20 kW,Deye,1472.09,98,15.021326530612244
2021-01,2021,10–20 kW,Ecosolys,206.66,14,14.76142857142857
2021-01,2021,10–20 kW,Elgin,154.48,10,15.447999999999999
2021-01,2021,10–20 kW,Empalux,64.66,4,16.165
2021-01,2021,10–20 kW,Fronius,4295.96,287,14.96850174216028
2021-01,2021,10–20 kW,Goodwe,1387.04,89,15.584719101123595
2021-01,2021,10–20 kW,Growatt,5583.51,386,14.465051813471502
2021-01,2021,10–20 kW,Hoymiles,576.4399999999999,45,12.809777777777777
2021-01,2021,10–20 kW,Huawei,914.54,60,15.242333333333333
2021-01,2021,10–20 kW,Hypontech,24.5,2,12.25
2021-01,2021,10–20 kW,Intelbras,921.5,66,13.962121212121213
2021-01,2021,10–20 kW,Kehua,12.0,1,12.0
2021-01,2021,10–20 kW,Komeco,44.2,3,14.733333333333334
2021-01,2021,10–20 kW,Kstar,114.44,8,14.305
2021-01,2021,10–20 kW,Não informado,690.79,44,15.699772727272727
2021-01,2021,10–20 kW,Outros,2519.29,163,15.455766871165643
2021-01,2021,10–20 kW,PHB,969.07,62,15.630161290322581
2021-01,2021,10–20 kW,Refusol,717.85,50,14.357000000000001
2021-01,2021,10–20 kW,Renovigi,2387.84,144,16.582222222222224
2021-01,2021,10–20 kW,SAJ,350.93,24,14.622083333333334
2021-01,2021,10–20 kW,SHENZHEN,174.0,11,15.818181818181818
2021-01,2021,10–20 kW,SMA,87.39,6,14.565
2021-01,2021,10–20 kW,Sofar Solar,2723.34,185,14.720756756756758
2021-01,2021,10–20 kW,SolarEdge,367.61,24,15.317083333333334
2021-01,2021,10–20 kW,Solax Power,12.0,1,12.0
2021-01,2021,10–20 kW,Solis (Ginlong),1513.23,96,15.7628125
2021-01,2021,10–20 kW,Solplanet,25.0,2,12.5
2021-01,2021,10–20 kW,Sungrow,2419.21,156,15.50775641025641
2021-01,2021,10–20 kW,WEG,1788.45,115,15.551739130434783
2021-01,2021,10–20 kW,WEG (Huawei),314.84,21,14.992380952380952
2021-01,2021,20–75 kW,ABB/FIMER,1015.34,22,46.151818181818186
2021-01,2021,20–75 kW,APsystems,507.75,16,31.734375
2021-01,2021,20–75 kW,BYD,45.0,1,45.0
2021-01,2021,20–75 kW,Bedin Solar,474.56,10,47.456
2021-01,2021,20–75 kW,Canadian Solar,1979.15,49,40.39081632653061
2021-01,2021,20–75 kW,Chint,161.27,4,40.3175
2021-01,2021,20–75 kW,Deye,3017.09,85,35.495176470588234
2021-01,2021,20–75 kW,Ecosolys,327.68,10,32.768
2021-01,2021,20–75 kW,Elgin,287.96,7,41.137142857142855
2021-01,2021,20–75 kW,Empalux,70.0,1,70.0
2021-01,2021,20–75 kW,Fronius,8887.69,239,37.18698744769875
2021-01,2021,20–75 kW,GE,27.6,1,27.6
2021-01,2021,20–75 kW,Goodwe,3877.53,87,44.56931034482759
2021-01,2021,20–75 kW,Growatt,8358.74,193,43.30953367875647
2021-01,2021,20–75 kW,Hoymiles,421.71999999999997,11,38.338181818181816
2021-01,2021,20–75 kW,Huawei,4119.1,87,47.345977011494256
2021-01,2021,20–75 kW,Hypontech,30.0,1,30.0
2021-01,2021,20–75 kW,Ingeteam,277.92,6,46.32
2021-01,2021,20–75 kW,Intelbras,1074.34,35,30.695428571428568
2021-01,2021,20–75 kW,Kehua,21.0,1,21.0
2021-01,2021,20–75 kW,Komeco,73.6,2,36.8
2021-01,2021,20–75 kW,Kstar,450.02,9,50.00222222222222
2021-01,2021,20–75 kW,Não informado,3312.62,74,44.76513513513513
2021-01,2021,20–75 kW,Outros,6250.27,147,42.518843537414966
2021-01,2021,20–75 kW,PHB,1799.65,45,39.992222222222225
2021-01,2021,20–75 kW,Refusol,1342.14,42,31.955714285714286
2021-01,2021,20–75 kW,Renac,36.5,1,36.5
2021-01,2021,20–75 kW,Renovigi,4194.72,92,45.59478260869565
2021-01,2021,20–75 kW,SAJ,941.58,26,36.214615384615385
2021-01,2021,20–75 kW,SHENZHEN,547.92,16,34.245
2021-01,2021,20–75 kW,SMA,1876.64,33,56.867878787878794
2021-01,2021,20–75 kW,Sofar Solar,4505.51,110,40.95918181818182
2021-01,2021,20–75 kW,SolarEdge,2420.64,58,41.7351724137931
2021-01,2021,20–75 kW,Solis (Ginlong),3224.54,70,46.06485714285714
2021-01,2021,20–75 kW,Solplanet,108.0,2,54.0
2021-01,2021,20–75 kW,Sungrow,6081.43,133,45.725037593984965
2021-01,2021,20–75 kW,WEG,6360.01,145,43.86213793103448
2021-01,2021,20–75 kW,WEG (Huawei),1276.95,28,45.605357142857144
2021-01,2021,75–300 kW,ABB/FIMER,2968.7,18,164.92777777777778
2021-01,2021,75–300 kW,Canadian Solar,745.0,5,149.0
2021-01,2021,75–300 kW,Chint,300.0,1,300.0
2021-01,2021,75–300 kW,Deye,308.0,3,102.66666666666667
2021-01,2021,75–300 kW,Fronius,1019.2,8,127.4
2021-01,2021,75–300 kW,Goodwe,1455.0,8,181.875
2021-01,2021,75–300 kW,Growatt,1185.0,9,131.66666666666666
2021-01,2021,75–300 kW,Huawei,827.66,5,165.53199999999998
2021-01,2021,75–300 kW,Ingeteam,150.9,1,150.9
2021-01,2021,75–300 kW,Intelbras,100.0,1,100.0
2021-01,2021,75–300 kW,Komeco,310.98,3,103.66000000000001
2021-01,2021,75–300 kW,Não informado,920.0,5,184.0
2021-01,2021,75–300 kW,Outros,1020.0,6,170.0
2021-01,2021,75–300 kW,PHB,200.0,2,100.0
2021-01,2021,75–300 kW,Renovigi,660.0,5,132.0
2021-01,2021,75–300 kW,SAJ,190.0,2,95.0
2021-01,2021,75–300 kW,SMA,1200.0,7,171.42857142857142
2021-01,2021,75–300 kW,Sofar Solar,839.0,7,119.85714285714286
2021-01,2021,75–300 kW,SolarEdge,631.5,5,126.3
2021-01,2021,75–300 kW,Solis (Ginlong),360.0,3,120.0
2021-01,2021,75–300 kW,Sungrow,2234.88,15,148.99200000000002
2021-01,2021,75–300 kW,WEG,2156.0,14,154.0
2021-01,2021,75–300 kW,WEG (Huawei),2238.0,17,131.64705882352942
2021-01,2021,300 kW–1 MW,Fronius,432.0,1,432.0
2021-01,2021,300 kW–1 MW,Huawei,3344.93,7,477.84714285714284
2021-01,2021,300 kW–1 MW,Outros,2400.0,3,800.0
2021-01,2021,300 kW–1 MW,SMA,600.0,1,600.0
2021-01,2021,300 kW–1 MW,Sungrow,4187.87,6,697.9783333333334
2021-01,2021,300 kW–1 MW,WEG,2440.0,3,813.3333333333334
2021-01,2021,300 kW–1 MW,WEG (Huawei),1600.0,2,800.0
2021-01,2021,1–5 MW,ABB/FIMER,25000.0,5,5000.0
2021-01,2021,1–5 MW,Huawei,9300.0,4,2325.0
2021-01,2021,1–5 MW,Outros,4000.0,2,2000.0
2021-01,2021,1–5 MW,Sungrow,1875.0,1,1875.0
2021-02,2021,≤10 kW,ABB/FIMER,481.07,89,5.405280898876405
2021-02,2021,≤10 kW,APsystems,4134.46,981,4.21453618756371
2021-02,2021,≤10 kW,Auxsol,3.72,1,3.72
2021-02,2021,≤10 kW,B&B POWER,23.0,4,5.75
2021-02,2021,≤10 kW,BYD,15.32,3,5.1066666666666665
2021-02,2021,≤10 kW,Bedin Solar,442.31,84,5.265595238095238
2021-02,2021,≤10 kW,Canadian Solar,1930.82,403,4.791116625310173
2021-02,2021,≤10 kW,Chint,108.0,21,5.142857142857143
2021-02,2021,≤10 kW,Deye,6297.39,1330,4.73487969924812
2021-02,2021,≤10 kW,Ecosolys,627.41,150,4.182733333333333
2021-02,2021,≤10 kW,Elgin,1091.21,207,5.271545893719807
2021-02,2021,≤10 kW,Empalux,294.85,52,5.670192307692308
2021-02,2021,≤10 kW,Fronius,7273.82,1224,5.94266339869281
2021-02,2021,≤10 kW,GE,4.8,1,4.8
2021-02,2021,≤10 kW,Goodwe,4380.36,722,6.066980609418282
2021-02,2021,≤10 kW,Growatt,26456.23,5457,4.848127176104087
2021-02,2021,≤10 kW,Hoymiles,4477.4,1151,3.890008688097306
2021-02,2021,≤10 kW,Huawei,365.09,78,4.680641025641025
2021-02,2021,≤10 kW,Hypontech,94.8,21,4.514285714285714
2021-02,2021,≤10 kW,Ingeteam,3.0,1,3.0
2021-02,2021,≤10 kW,Intelbras,2367.9,476,4.974579831932774
2021-02,2021,≤10 kW,Kehua,255.57,49,5.215714285714285
2021-02,2021,≤10 kW,Komeco,160.09,35,4.574
2021-02,2021,≤10 kW,Kstar,115.89,26,4.457307692307692
2021-02,2021,≤10 kW,NEP,25.19,10,2.519
2021-02,2021,≤10 kW,Não informado,1307.8,262,4.991603053435115
2021-02,2021,≤10 kW,Outros,3531.2200000000003,793,4.452988650693569
2021-02,2021,≤10 kW,PHB,3050.7,582,5.241752577319588
2021-02,2021,≤10 kW,Refusol,1318.71,233,5.659699570815451
2021-02,2021,≤10 kW,Renac,295.23,62,4.761774193548387
2021-02,2021,≤10 kW,Renovigi,8464.06,1795,4.715353760445682
2021-02,2021,≤10 kW,SAJ,1849.09,382,4.840549738219895
2021-02,2021,≤10 kW,SHENZHEN,203.26,38,5.348947368421053
2021-02,2021,≤10 kW,SMA,265.49,56,4.740892857142858
2021-02,2021,≤10 kW,Sofar Solar,8454.2,1624,5.205788177339902
2021-02,2021,≤10 kW,SolarEdge,99.21000000000001,21,4.724285714285715
2021-02,2021,≤10 kW,Solax Power,5.11,1,5.11
2021-02,2021,≤10 kW,Solis (Ginlong),6279.5,1256,4.999601910828026
2021-02,2021,≤10 kW,Solplanet,25.48,4,6.37
2021-02,2021,≤10 kW,Sungrow,4237.55,826,5.130205811138015
2021-02,2021,≤10 kW,WEG,3899.38,754,5.17159151193634
2021-02,2021,≤10 kW,WEG (Huawei),282.97,64,4.42140625
2021-02,2021,10–20 kW,ABB/FIMER,289.0,22,13.136363636363637
2021-02,2021,10–20 kW,APsystems,991.42,74,13.397567567567567
2021-02,2021,10–20 kW,B&B POWER,12.0,1,12.0
2021-02,2021,10–20 kW,BYD,18.32,1,18.32
2021-02,2021,10–20 kW,Bedin Solar,96.0,7,13.714285714285714
2021-02,2021,10–20 kW,Bel Energy,18.7,1,18.7
2021-02,2021,10–20 kW,Canadian Solar,739.86,46,16.083913043478262
2021-02,2021,10–20 kW,Chint,113.0,7,16.142857142857142
2021-02,2021,10–20 kW,Deye,1741.85,116,15.015948275862069
2021-02,2021,10–20 kW,Ecosolys,256.05,19,13.476315789473684
2021-02,2021,10–20 kW,Elgin,225.26,15,15.017333333333333
2021-02,2021,10–20 kW,Empalux,94.5,6,15.75
2021-02,2021,10–20 kW,Foxess,11.0,1,11.0
2021-02,2021,10–20 kW,Fronius,4172.21,280,14.90075
2021-02,2021,10–20 kW,Goodwe,1507.93,101,14.930000000000001
2021-02,2021,10–20 kW,Growatt,7590.47,522,14.541130268199234
2021-02,2021,10–20 kW,Hoymiles,816.44,64,12.756875
2021-02,2021,10–20 kW,Huawei,886.4,55,16.116363636363637
2021-02,2021,10–20 kW,Ingeteam,62.18,5,12.436
2021-02,2021,10–20 kW,Intelbras,918.24,66,13.912727272727272
2021-02,2021,10–20 kW,Kehua,73.88,5,14.776
2021-02,2021,10–20 kW,Komeco,32.06,2,16.03
2021-02,2021,10–20 kW,Kstar,131.0,9,14.555555555555555
2021-02,2021,10–20 kW,Não informado,829.43,54,15.359814814814813
2021-02,2021,10–20 kW,Outros,2815.76,190,14.819789473684212
2021-02,2021,10–20 kW,PHB,1084.09,70,15.486999999999998
2021-02,2021,10–20 kW,Refusol,569.75,40,14.24375
2021-02,2021,10–20 kW,Renovigi,2302.73,143,16.103006993006993
2021-02,2021,10–20 kW,SAJ,720.74,46,15.668260869565218
2021-02,2021,10–20 kW,SHENZHEN,194.5,12,16.208333333333332
2021-02,2021,10–20 kW,SMA,127.33,9,14.147777777777778
2021-02,2021,10–20 kW,Sofar Solar,2722.61,190,14.329526315789474
2021-02,2021,10–20 kW,SolarEdge,390.31,25,15.612400000000001
2021-02,2021,10–20 kW,Solis (Ginlong),1763.81,111,15.89018018018018
2021-02,2021,10–20 kW,Solplanet,18.98,1,18.98
2021-02,2021,10–20 kW,Sungrow,2418.73,160,15.1170625
2021-02,2021,10–20 kW,WEG,1982.24,128,15.48625
2021-02,2021,10–20 kW,WEG (Huawei),390.65999999999997,25,15.626399999999999
2021-02,2021,20–75 kW,ABB/FIMER,935.13,21,44.53
2021-02,2021,20–75 kW,APsystems,761.62,24,31.734166666666667
2021-02,2021,20–75 kW,Bedin Solar,360.0,7,51.42857142857143
2021-02,2021,20–75 kW,Canadian Solar,1926.06,50,38.5212
2021-02,2021,20–75 kW,Chint,60.0,2,30.0
2021-02,2021,20–75 kW,Deye,3197.8,79,40.47848101265823
2021-02,2021,20–75 kW,Ecosolys,393.48,10,39.348
2021-02,2021,20–75 kW,Elgin,639.98,17,37.64588235294118
2021-02,2021,20–75 kW,Empalux,462.0,9,51.333333333333336
2021-02,2021,20–75 kW,Fronius,9752.68,253,38.54814229249012
2021-02,2021,20–75 kW,GE,26.4,1,26.4
2021-02,2021,20–75 kW,Goodwe,3926.62,93,42.221720430107524
2021-02,2021,20–75 kW,Growatt,9415.77,231,40.760909090909095
2021-02,2021,20–75 kW,Hoymiles,499.8,15,33.32
2021-02,2021,20–75 kW,Huawei,4600.77,90,51.119666666666674
2021-02,2021,20–75 kW,Ingeteam,208.6,6,34.766666666666666
2021-02,2021,20–75 kW,Intelbras,1022.5,26,39.32692307692308
2021-02,2021,20–75 kW,Kehua,80.0,2,40.0
2021-02,2021,20–75 kW,Komeco,30.0,1,30.0
2021-02,2021,20–75 kW,Kstar,249.42,7,35.63142857142857
2021-02,2021,20–75 kW,Não informado,2775.5,63,44.05555555555556
2021-02,2021,20–75 kW,Outros,6988.9,161,43.40931677018634
2021-02,2021,20–75 kW,PHB,2417.23,53,45.60811320754717
2021-02,2021,20–75 kW,Refusol,1515.37,47,32.24191489361702
2021-02,2021,20–75 kW,Renac,21.28,1,21.28
2021-02,2021,20–75 kW,Renovigi,4718.72,111,42.51099099099099
2021-02,2021,20–75 kW,SAJ,694.22,17,40.836470588235294
2021-02,2021,20–75 kW,SHENZHEN,622.1,18,34.56111111111111
2021-02,2021,20–75 kW,SMA,1795.03,30,59.83433333333333
2021-02,2021,20–75 kW,Sofar Solar,6536.55,161,40.59968944099379
2021-02,2021,20–75 kW,SolarEdge,1845.46,46,40.11869565217391
2021-02,2021,20–75 kW,Solis (Ginlong),3691.25,84,43.94345238095238
2021-02,2021,20–75 kW,Solplanet,25.0,1,25.0
2021-02,2021,20–75 kW,Sungrow,6027.66,146,41.28534246575342
2021-02,2021,20–75 kW,WEG,5681.68,120,47.34733333333334
2021-02,2021,20–75 kW,WEG (Huawei),2183.08,45,48.51288888888889
2021-02,2021,75–300 kW,ABB/FIMER,1176.0,7,168.0
2021-02,2021,75–300 kW,Canadian Solar,1090.0,5,218.0
2021-02,2021,75–300 kW,Deye,265.0,2,132.5
2021-02,2021,75–300 kW,Elgin,260.0,2,130.0
2021-02,2021,75–300 kW,Fronius,1616.0,10,161.6
2021-02,2021,75–300 kW,Goodwe,491.15,5,98.22999999999999
2021-02,2021,75–300 kW,Growatt,620.0,4,155.0
2021-02,2021,75–300 kW,Hoymiles,432.0,2,216.0
2021-02,2021,75–300 kW,Huawei,1162.0,7,166.0
2021-02,2021,75–300 kW,Intelbras,250.0,1,250.0
2021-02,2021,75–300 kW,Não informado,490.0,3,163.33333333333334
2021-02,2021,75–300 kW,Outros,877.2,7,125.31428571428572
2021-02,2021,75–300 kW,PHB,265.0,1,265.0
2021-02,2021,75–300 kW,Refusol,184.0,2,92.0
2021-02,2021,75–300 kW,Renovigi,1402.9,8,175.3625
2021-02,2021,75–300 kW,SHENZHEN,175.0,1,175.0
2021-02,2021,75–300 kW,SMA,500.0,2,250.0
2021-02,2021,75–300 kW,Sofar Solar,500.0,3,166.66666666666666
2021-02,2021,75–300 kW,SolarEdge,224.1,1,224.1
2021-02,2021,75–300 kW,Solis (Ginlong),450.0,3,150.0
2021-02,2021,75–300 kW,Sungrow,2230.52,15,148.70133333333334
2021-02,2021,75–300 kW,WEG,1801.26,13,138.55846153846153
2021-02,2021,75–300 kW,WEG (Huawei),477.33000000000004,4,119.33250000000001
2021-02,2021,300 kW–1 MW,ABB/FIMER,1000.0,1,1000.0
2021-02,2021,300 kW–1 MW,Canadian Solar,750.0,1,750.0
2021-02,2021,300 kW–1 MW,Fronius,999.0,1,999.0
2021-02,2021,300 kW–1 MW,Growatt,350.0,1,350.0
2021-02,2021,300 kW–1 MW,Huawei,1160.0,2,580.0
2021-02,2021,300 kW–1 MW,Não informado,647.0,1,647.0
2021-02,2021,300 kW–1 MW,Outros,4288.0,7,612.5714285714286
2021-02,2021,300 kW–1 MW,SMA,900.0,1,900.0
2021-02,2021,300 kW–1 MW,Solis (Ginlong),1659.9,2,829.95
2021-02,2021,300 kW–1 MW,Sungrow,8630.0,11,784.5454545454545
2021-02,2021,300 kW–1 MW,WEG,1140.0,2,570.0
2021-02,2021,1–5 MW,Goodwe,1800.0,1,1800.0
2021-02,2021,1–5 MW,Sungrow,2250.0,1,2250.0
2021-03,2021,≤10 kW,ABB/FIMER,666.78,126,5.291904761904762
2021-03,2021,≤10 kW,APsystems,4820.35,1235,3.903117408906883
2021-03,2021,≤10 kW,B&B POWER,16.68,5,3.336
2021-03,2021,≤10 kW,BYD,12.690000000000001,4,3.1725000000000003
2021-03,2021,≤10 kW,Bedin Solar,775.71,144,5.386875
2021-03,2021,≤10 kW,Bel Energy,16.16,3,5.386666666666667
2021-03,2021,≤10 kW,Canadian Solar,1958.07,397,4.932166246851385
2021-03,2021,≤10 kW,Chint,67.2,15,4.48
2021-03,2021,≤10 kW,Deye,10194.47,2327,4.380949720670391
2021-03,2021,≤10 kW,Ecosolys,997.61,233,4.281587982832618
2021-03,2021,≤10 kW,Elgin,1758.17,333,5.27978978978979
2021-03,2021,≤10 kW,Empalux,369.06,61,6.050163934426229
2021-03,2021,≤10 kW,Enphase,9.5,1,9.5
2021-03,2021,≤10 kW,Foxess,12.0,2,6.0
2021-03,2021,≤10 kW,Fronius,8534.539999999999,1454,5.869697386519944
2021-03,2021,≤10 kW,GE,9.32,1,9.32
2021-03,2021,≤10 kW,Goodwe,5894.47,1029,5.728347910592809
2021-03,2021,≤10 kW,Growatt,35860.04,7378,4.860401192735159
2021-03,2021,≤10 kW,Hoymiles,6831.87,1708,3.999923887587822
2021-03,2021,≤10 kW,Huawei,481.78,95,5.0713684210526315
2021-03,2021,≤10 kW,Hypontech,145.64,29,5.022068965517241
2021-03,2021,≤10 kW,Ingeteam,24.32,5,4.864
2021-03,2021,≤10 kW,Intelbras,3027.71,639,4.738200312989045
2021-03,2021,≤10 kW,Kehua,474.8,92,5.160869565217391
2021-03,2021,≤10 kW,Komeco,213.57,42,5.085
2021-03,2021,≤10 kW,Kstar,135.79,25,5.4315999999999995
2021-03,2021,≤10 kW,NEP,17.99,10,1.799
2021-03,2021,≤10 kW,Nexen,2.78,1,2.78
2021-03,2021,≤10 kW,Não informado,1140.34,216,5.279351851851851
2021-03,2021,≤10 kW,Outros,4332.48,948,4.570126582278481
2021-03,2021,≤10 kW,PHB,4131.2,771,5.3582360570687415
2021-03,2021,≤10 kW,Refusol,1405.8,282,4.985106382978723
2021-03,2021,≤10 kW,Renac,552.05,119,4.6390756302521
2021-03,2021,≤10 kW,Renovigi,12458.16,2646,4.7082993197278915
2021-03,2021,≤10 kW,SAJ,2768.57,552,5.015525362318841
2021-03,2021,≤10 kW,SHENZHEN,161.9,31,5.22258064516129
2021-03,2021,≤10 kW,SMA,449.1,95,4.727368421052632
2021-03,2021,≤10 kW,Sofar Solar,11432.49,2161,5.290370198981953
2021-03,2021,≤10 kW,SolarEdge,43.17,10,4.317
2021-03,2021,≤10 kW,Solax Power,24.71,7,3.5300000000000002
2021-03,2021,≤10 kW,Solis (Ginlong),9751.24,1876,5.197889125799573
2021-03,2021,≤10 kW,Solplanet,15.5,3,5.166666666666667
2021-03,2021,≤10 kW,Sungrow,5144.77,995,5.1706231155778895
2021-03,2021,≤10 kW,WEG,4975.12,976,5.097459016393443
2021-03,2021,≤10 kW,WEG (Huawei),517.7,113,4.581415929203541
2021-03,2021,10–20 kW,ABB/FIMER,420.53,27,15.575185185185184
2021-03,2021,10–20 kW,APsystems,1098.4,86,12.772093023255815
2021-03,2021,10–20 kW,BYD,20.0,1,20.0
2021-03,2021,10–20 kW,Bedin Solar,178.36,12,14.863333333333335
2021-03,2021,10–20 kW,Bel Energy,28.0,2,14.0
2021-03,2021,10–20 kW,Canadian Solar,695.77,42,16.565952380952382
2021-03,2021,10–20 kW,Chint,54.5,4,13.625
2021-03,2021,10–20 kW,Deye,2829.84,194,14.58680412371134
2021-03,2021,10–20 kW,Ecosolys,353.23,23,15.357826086956523
2021-03,2021,10–20 kW,Elgin,146.06,9,16.22888888888889
2021-03,2021,10–20 kW,Empalux,107.23,7,15.31857142857143
2021-03,2021,10–20 kW,Foxess,13.23,1,13.23
2021-03,2021,10–20 kW,Fronius,5887.26,387,15.212558139534885
2021-03,2021,10–20 kW,GE,19.8,1,19.8
2021-03,2021,10–20 kW,Goodwe,1661.55,106,15.674999999999999
2021-03,2021,10–20 kW,Growatt,10774.11,739,14.579309878213802
2021-03,2021,10–20 kW,Hoymiles,1523.6,116,13.134482758620688
2021-03,2021,10–20 kW,Huawei,1678.69,103,16.297961165048545
2021-03,2021,10–20 kW,Ingeteam,12.0,1,12.0
2021-03,2021,10–20 kW,Intelbras,1318.16,97,13.589278350515464
2021-03,2021,10–20 kW,Kehua,240.88,16,15.055
2021-03,2021,10–20 kW,Komeco,42.88,3,14.293333333333335
2021-03,2021,10–20 kW,Kstar,104.15,7,14.87857142857143
2021-03,2021,10–20 kW,Livoltek,20.0,1,20.0
2021-03,2021,10–20 kW,Não informado,937.08,63,14.874285714285715
2021-03,2021,10–20 kW,Outros,2737.57,187,14.639411764705883
2021-03,2021,10–20 kW,PHB,1864.05,118,15.797033898305084
2021-03,2021,10–20 kW,Refusol,507.85,35,14.51
2021-03,2021,10–20 kW,Renac,53.85,4,13.4625
2021-03,2021,10–20 kW,Renovigi,2847.4,179,15.907262569832403
2021-03,2021,10–20 kW,SAJ,749.92,48,15.623333333333333
2021-03,2021,10–20 kW,SHENZHEN,357.5,21,17.023809523809526
2021-03,2021,10–20 kW,SMA,83.82,6,13.969999999999999
2021-03,2021,10–20 kW,Sofar Solar,4297.59,296,14.518885135135136
2021-03,2021,10–20 kW,SolarEdge,464.17,31,14.973225806451614
2021-03,2021,10–20 kW,Solis (Ginlong),2878.35,184,15.64320652173913
2021-03,2021,10–20 kW,Solplanet,14.0,1,14.0
2021-03,2021,10–20 kW,Sungrow,3271.39,212,15.431084905660377
2021-03,2021,10–20 kW,WEG,2808.38,178,15.77741573033708
2021-03,2021,10–20 kW,WEG (Huawei),848.62,56,15.15392857142857
2021-03,2021,20–75 kW,ABB/FIMER,1117.3,27,41.38148148148148
2021-03,2021,20–75 kW,APsystems,774.2,24,32.25833333333333
2021-03,2021,20–75 kW,Bedin Solar,819.6,17,48.21176470588235
2021-03,2021,20–75 kW,Canadian Solar,2751.84,75,36.6912
2021-03,2021,20–75 kW,Chint,110.46000000000001,3,36.82
2021-03,2021,20–75 kW,Deye,5134.24,125,41.07392
2021-03,2021,20–75 kW,Ecosolys,277.81,7,39.68714285714286
2021-03,2021,20–75 kW,Elgin,927.74,24,38.655833333333334
2021-03,2021,20–75 kW,Empalux,298.7,7,42.67142857142857
2021-03,2021,20–75 kW,Fronius,12054.28,308,39.13727272727273
2021-03,2021,20–75 kW,GE,20.1,1,20.1
2021-03,2021,20–75 kW,Goodwe,4812.61,116,41.48801724137931
2021-03,2021,20–75 kW,Growatt,15358.9,354,43.38672316384181
2021-03,2021,20–75 kW,Hoymiles,788.7,24,32.862500000000004
2021-03,2021,20–75 kW,Huawei,7220.71,151,47.819271523178806
2021-03,2021,20–75 kW,Hypontech,26.0,1,26.0
2021-03,2021,20–75 kW,Ingeteam,174.2,5,34.839999999999996
2021-03,2021,20–75 kW,Intelbras,1398.05,40,34.95125
2021-03,2021,20–75 kW,Kehua,280.0,7,40.0
2021-03,2021,20–75 kW,Komeco,154.0,4,38.5
2021-03,2021,20–75 kW,Kstar,771.4,16,48.2125
2021-03,2021,20–75 kW,Não informado,2874.94,68,42.27852941176471
2021-03,2021,20–75 kW,Outros,6674.14,163,40.94564417177914
2021-03,2021,20–75 kW,PHB,3551.26,86,41.29372093023256
2021-03,2021,20–75 kW,Refusol,1578.55,45,35.07888888888889
2021-03,2021,20–75 kW,Renac,51.0,2,25.5
2021-03,2021,20–75 kW,Renovigi,7144.25,154,46.39123376623377
2021-03,2021,20–75 kW,SAJ,1238.2,37,33.464864864864865
2021-03,2021,20–75 kW,SHENZHEN,1432.53,34,42.13323529411765
2021-03,2021,20–75 kW,SMA,1696.42,35,48.469142857142856
2021-03,2021,20–75 kW,Sofar Solar,7822.33,202,38.72440594059406
2021-03,2021,20–75 kW,SolarEdge,3273.83,80,40.922875
2021-03,2021,20–75 kW,Solis (Ginlong),6364.38,147,43.295102040816325
2021-03,2021,20–75 kW,Sungrow,10484.33,234,44.80482905982906
2021-03,2021,20–75 kW,WEG,7537.78,166,45.40831325301205
2021-03,2021,20–75 kW,WEG (Huawei),2356.3,53,44.45849056603774
2021-03,2021,75–300 kW,ABB/FIMER,1002.42,8,125.3025
2021-03,2021,75–300 kW,Canadian Solar,530.0,3,176.66666666666666
2021-03,2021,75–300 kW,Chint,250.0,1,250.0
2021-03,2021,75–300 kW,Deye,200.0,2,100.0
2021-03,2021,75–300 kW,Ecosolys,112.0,1,112.0
2021-03,2021,75–300 kW,Elgin,76.8,1,76.8
2021-03,2021,75–300 kW,Fronius,1252.5,8,156.5625
2021-03,2021,75–300 kW,Goodwe,1088.92,7,155.56
2021-03,2021,75–300 kW,Growatt,2121.81,16,132.613125
2021-03,2021,75–300 kW,Huawei,2426.56,18,134.80888888888887
2021-03,2021,75–300 kW,Ingeteam,190.0,1,190.0
2021-03,2021,75–300 kW,Intelbras,200.0,2,100.0
2021-03,2021,75–300 kW,Não informado,200.0,2,100.0
2021-03,2021,75–300 kW,Outros,1075.0,7,153.57142857142858
2021-03,2021,75–300 kW,PHB,462.0,4,115.5
2021-03,2021,75–300 kW,Refusol,308.0,3,102.66666666666667
2021-03,2021,75–300 kW,Renovigi,577.5,5,115.5
2021-03,2021,75–300 kW,SHENZHEN,180.0,1,180.0
2021-03,2021,75–300 kW,SMA,525.0,2,262.5
2021-03,2021,75–300 kW,Sofar Solar,1103.0,6,183.83333333333334
2021-03,2021,75–300 kW,SolarEdge,736.5,5,147.3
2021-03,2021,75–300 kW,Solis (Ginlong),380.0,3,126.66666666666667
2021-03,2021,75–300 kW,Sungrow,3600.93,24,150.03875
2021-03,2021,75–300 kW,WEG,2084.06,15,138.93733333333333
2021-03,2021,75–300 kW,WEG (Huawei),84.0,1,84.0
2021-03,2021,300 kW–1 MW,ABB/FIMER,4499.0,6,749.8333333333334
2021-03,2021,300 kW–1 MW,Canadian Solar,2200.0,3,733.3333333333334
2021-03,2021,300 kW–1 MW,Fronius,338.2,1,338.2
2021-03,2021,300 kW–1 MW,Goodwe,400.0,1,400.0
2021-03,2021,300 kW–1 MW,Growatt,960.0,1,960.0
2021-03,2021,300 kW–1 MW,Huawei,12180.0,13,936.9230769230769
2021-03,2021,300 kW–1 MW,Outros,1250.0,2,625.0
2021-03,2021,300 kW–1 MW,Sungrow,30286.0,34,890.7647058823529
2021-03,2021,300 kW–1 MW,WEG,2127.0,4,531.75
2021-03,2021,300 kW–1 MW,WEG (Huawei),600.0,1,600.0
2021-03,2021,1–5 MW,Canadian Solar,2499.5,2,1249.75
2021-03,2021,1–5 MW,Refusol,2484.0,1,2484.0
2021-03,2021,1–5 MW,Sungrow,7883.1,3,2627.7000000000003
2021-04,2021,≤10 kW,ABB/FIMER,807.88,148,5.458648648648649
2021-04,2021,≤10 kW,APsystems,3643.86,921,3.9564169381107495
2021-04,2021,≤10 kW,B&B POWER,11.0,3,3.6666666666666665
2021-04,2021,≤10 kW,BYD,5.0,1,5.0
2021-04,2021,≤10 kW,Bedin Solar,578.5,107,5.406542056074766
2021-04,2021,≤10 kW,Bel Energy,6.0,1,6.0
2021-04,2021,≤10 kW,Canadian Solar,1347.46,267,5.046666666666667
2021-04,2021,≤10 kW,Chint,54.0,8,6.75
2021-04,2021,≤10 kW,Deye,11023.8,2292,4.809685863874345
2021-04,2021,≤10 kW,Ecosolys,927.61,209,4.4383253588516745
2021-04,2021,≤10 kW,Elgin,1571.88,296,5.3104054054054055
2021-04,2021,≤10 kW,Empalux,822.79,145,5.674413793103448
2021-04,2021,≤10 kW,Foxess,27.62,5,5.524
2021-04,2021,≤10 kW,Fronius,6750.7,1129,5.979362267493356
2021-04,2021,≤10 kW,Goodwe,5814.65,1017,5.717453294001966
2021-04,2021,≤10 kW,Growatt,30965.04,6272,4.93702806122449
2021-04,2021,≤10 kW,Hoymiles,4874.09,1201,4.058359700249792
2021-04,2021,≤10 kW,Huawei,295.59,69,4.28391304347826
2021-04,2021,≤10 kW,Hypontech,129.99,28,4.6425
2021-04,2021,≤10 kW,Ingeteam,7.36,3,2.4533333333333336
2021-04,2021,≤10 kW,Intelbras,2694.23,564,4.777003546099291
2021-04,2021,≤10 kW,Kehua,543.3100000000001,101,5.37930693069307
2021-04,2021,≤10 kW,Komeco,148.86,30,4.962000000000001
2021-04,2021,≤10 kW,Kstar,233.94,47,4.9774468085106385
2021-04,2021,≤10 kW,NEP,6.5,2,3.25
2021-04,2021,≤10 kW,Não informado,1270.97,250,5.08388
2021-04,2021,≤10 kW,Outros,3969.47,875,4.536537142857143
2021-04,2021,≤10 kW,PHB,3548.23,627,5.659059011164274
2021-04,2021,≤10 kW,Refusol,905.8,190,4.767368421052631
2021-04,2021,≤10 kW,Renac,585.51,116,5.0475
2021-04,2021,≤10 kW,Renovigi,8385.31,1746,4.80258304696449
2021-04,2021,≤10 kW,SAJ,2145.95,423,5.073167848699764
2021-04,2021,≤10 kW,SHENZHEN,92.16,19,4.850526315789473
2021-04,2021,≤10 kW,SMA,910.14,180,5.056333333333333
2021-04,2021,≤10 kW,Sofar Solar,10692.8,2017,5.301338621715418
2021-04,2021,≤10 kW,SolarEdge,22.48,4,5.62
2021-04,2021,≤10 kW,Solax Power,72.25999999999999,19,3.8031578947368416
2021-04,2021,≤10 kW,Solis (Ginlong),8448.85,1639,5.1548810250152535
2021-04,2021,≤10 kW,Solplanet,37.98,7,5.425714285714285
2021-04,2021,≤10 kW,Sungrow,3757.95,709,5.300352609308885
2021-04,2021,≤10 kW,Tsun,3.0,1,3.0
2021-04,2021,≤10 kW,WEG,4403.21,814,5.409348894348894
2021-04,2021,≤10 kW,WEG (Huawei),437.27,90,4.858555555555555
2021-04,2021,10–20 kW,ABB/FIMER,566.79,38,14.915526315789473
2021-04,2021,10–20 kW,APsystems,911.5600000000001,68,13.40529411764706
2021-04,2021,10–20 kW,B&B POWER,12.0,1,12.0
2021-04,2021,10–20 kW,BYD,15.0,1,15.0
2021-04,2021,10–20 kW,Bedin Solar,154.0,10,15.4
2021-04,2021,10–20 kW,Bel Energy,14.0,1,14.0
2021-04,2021,10–20 kW,Canadian Solar,474.33,30,15.811
2021-04,2021,10–20 kW,Chint,44.3,3,14.766666666666666
2021-04,2021,10–20 kW,Deye,2914.67,209,13.945789473684211
2021-04,2021,10–20 kW,Ecosolys,279.74,20,13.987
2021-04,2021,10–20 kW,Elgin,330.0,23,14.347826086956522
2021-04,2021,10–20 kW,Empalux,212.65,14,15.189285714285715
2021-04,2021,10–20 kW,Enphase,10.44,1,10.44
2021-04,2021,10–20 kW,Fronius,4235.96,285,14.86301754385965
2021-04,2021,10–20 kW,Goodwe,1650.9,110,15.00818181818182
2021-04,2021,10–20 kW,Growatt,9635.37,661,14.576959152798791
2021-04,2021,10–20 kW,Hoymiles,1052.76,82,12.838536585365853
2021-04,2021,10–20 kW,Huawei,1675.94,108,15.517962962962963
2021-04,2021,10–20 kW,Ingeteam,32.0,2,16.0
2021-04,2021,10–20 kW,Intelbras,1116.56,81,13.784691358024691
2021-04,2021,10–20 kW,Kehua,173.76,12,14.479999999999999
2021-04,2021,10–20 kW,Komeco,72.8,6,12.133333333333333
2021-04,2021,10–20 kW,Kstar,136.77,10,13.677000000000001
2021-04,2021,10–20 kW,Não informado,1024.89,66,15.528636363636366
2021-04,2021,10–20 kW,Outros,1554.89,108,14.39712962962963
2021-04,2021,10–20 kW,PHB,1282.74,86,14.915581395348838
2021-04,2021,10–20 kW,Refusol,455.41,30,15.180333333333333
2021-04,2021,10–20 kW,Renac,44.68,3,14.893333333333333
2021-04,2021,10–20 kW,Renovigi,2697.66,164,16.449146341463415
2021-04,2021,10–20 kW,SAJ,694.65,47,14.779787234042553
2021-04,2021,10–20 kW,SHENZHEN,367.0,21,17.476190476190474
2021-04,2021,10–20 kW,SMA,115.48,8,14.435
2021-04,2021,10–20 kW,Sofar Solar,3920.69,271,14.46749077490775
2021-04,2021,10–20 kW,SolarEdge,341.08,22,15.503636363636362
2021-04,2021,10–20 kW,Solis (Ginlong),2468.5,162,15.237654320987655
2021-04,2021,10–20 kW,Solplanet,32.0,2,16.0
2021-04,2021,10–20 kW,Sungrow,2505.77,155,16.16625806451613
2021-04,2021,10–20 kW,WEG,2109.03,138,15.282826086956524
2021-04,2021,10–20 kW,WEG (Huawei),671.23,46,14.591956521739132
2021-04,2021,20–75 kW,ABB/FIMER,980.23,22,44.55590909090909
2021-04,2021,20–75 kW,APsystems,675.5,24,28.145833333333332
2021-04,2021,20–75 kW,BYD,25.0,1,25.0
2021-04,2021,20–75 kW,Bedin Solar,540.0,10,54.0
2021-04,2021,20–75 kW,Bel Energy,95.24,2,47.62
2021-04,2021,20–75 kW,Canadian Solar,2351.0099999999998,52,45.21173076923076
2021-04,2021,20–75 kW,Chint,30.0,1,30.0
2021-04,2021,20–75 kW,Deye,5285.46,133,39.7403007518797
2021-04,2021,20–75 kW,Ecosolys,367.2,8,45.9
2021-04,2021,20–75 kW,Elgin,949.86,20,47.493
2021-04,2021,20–75 kW,Empalux,678.54,15,45.236
2021-04,2021,20–75 kW,Fronius,9545.27,244,39.119959016393445
2021-04,2021,20–75 kW,GE,26.4,1,26.4
2021-04,2021,20–75 kW,Goodwe,4525.98,104,43.51903846153846
2021-04,2021,20–75 kW,Growatt,15121.18,359,42.12027855153203
2021-04,2021,20–75 kW,Hoymiles,693.6,16,43.35
2021-04,2021,20–75 kW,Huawei,5366.87,104,51.60451923076923
2021-04,2021,20–75 kW,Hypontech,32.25,1,32.25
2021-04,2021,20–75 kW,Ingeteam,75.0,2,37.5
2021-04,2021,20–75 kW,Intelbras,794.07,26,30.541153846153847
2021-04,2021,20–75 kW,Kehua,302.0,9,33.55555555555556
2021-04,2021,20–75 kW,Komeco,96.92,3,32.306666666666665
2021-04,2021,20–75 kW,Kstar,556.05,12,46.3375
2021-04,2021,20–75 kW,Não informado,2667.2,61,43.72459016393442
2021-04,2021,20–75 kW,Outros,4769.62,100,47.6962
2021-04,2021,20–75 kW,PHB,3090.49,71,43.52802816901408
2021-04,2021,20–75 kW,Refusol,1457.51,40,36.43775
2021-04,2021,20–75 kW,Renac,225.8,7,32.25714285714286
2021-04,2021,20–75 kW,Renovigi,5787.32,136,42.553823529411765
2021-04,2021,20–75 kW,SAJ,986.13,28,35.21892857142857
2021-04,2021,20–75 kW,SHENZHEN,1348.82,30,44.96066666666666
2021-04,2021,20–75 kW,SMA,1647.35,36,45.75972222222222
2021-04,2021,20–75 kW,Sofar Solar,6932.69,171,40.54204678362573
2021-04,2021,20–75 kW,SolarEdge,2268.91,51,44.488431372549016
2021-04,2021,20–75 kW,Solis (Ginlong),6835.4,161,42.45590062111801
2021-04,2021,20–75 kW,Solplanet,164.24,3,54.74666666666667
2021-04,2021,20–75 kW,Sungrow,7022.51,156,45.016089743589745
2021-04,2021,20–75 kW,WEG,7606.46,161,47.24509316770186
2021-04,2021,20–75 kW,WEG (Huawei),2438.04,55,44.327999999999996
2021-04,2021,75–300 kW,ABB/FIMER,675.24,5,135.048
2021-04,2021,75–300 kW,Canadian Solar,505.0,3,168.33333333333334
2021-04,2021,75–300 kW,Deye,102.51,1,102.51
2021-04,2021,75–300 kW,Empalux,240.0,1,240.0
2021-04,2021,75–300 kW,Fronius,872.9,6,145.48333333333332
2021-04,2021,75–300 kW,Goodwe,525.0,3,175.0
2021-04,2021,75–300 kW,Growatt,1346.21,9,149.57888888888888
2021-04,2021,75–300 kW,Huawei,750.0,5,150.0
2021-04,2021,75–300 kW,Intelbras,100.0,1,100.0
2021-04,2021,75–300 kW,Komeco,95.0,1,95.0
2021-04,2021,75–300 kW,Kstar,380.0,3,126.66666666666667
2021-04,2021,75–300 kW,Não informado,620.75,3,206.91666666666666
2021-04,2021,75–300 kW,Outros,819.2,6,136.53333333333333
2021-04,2021,75–300 kW,PHB,460.0,3,153.33333333333334
2021-04,2021,75–300 kW,Renovigi,120.0,1,120.0
2021-04,2021,75–300 kW,SAJ,300.0,1,300.0
2021-04,2021,75–300 kW,SMA,1506.56,10,150.656
2021-04,2021,75–300 kW,Sofar Solar,590.0,4,147.5
2021-04,2021,75–300 kW,SolarEdge,100.0,1,100.0
2021-04,2021,75–300 kW,Solis (Ginlong),400.0,3,133.33333333333334
2021-04,2021,75–300 kW,Sungrow,2093.6,15,139.57333333333332
2021-04,2021,75–300 kW,WEG,1496.0,10,149.6
2021-04,2021,75–300 kW,WEG (Huawei),1126.0,7,160.85714285714286
2021-04,2021,300 kW–1 MW,ABB/FIMER,400.0,1,400.0
2021-04,2021,300 kW–1 MW,Goodwe,720.0,1,720.0
2021-04,2021,300 kW–1 MW,Huawei,4272.0,6,712.0
2021-04,2021,300 kW–1 MW,Outros,425.0,1,425.0
2021-04,2021,300 kW–1 MW,Sofar Solar,1186.0,2,593.0
2021-04,2021,300 kW–1 MW,SolarEdge,643.2,1,643.2
2021-04,2021,300 kW–1 MW,Sungrow,3140.0,4,785.0
2021-04,2021,300 kW–1 MW,WEG,1040.0,2,520.0
2021-04,2021,1–5 MW,ABB/FIMER,4200.0,1,4200.0
2021-04,2021,1–5 MW,Huawei,1860.0,1,1860.0
2021-04,2021,1–5 MW,Sungrow,2475.0,1,2475.0
2021-05,2021,≤10 kW,ABB/FIMER,1348.48,256,5.2675
2021-05,2021,≤10 kW,APsystems,4127.37,1017,4.0583775811209435
2021-05,2021,≤10 kW,B&B POWER,3.0,1,3.0
2021-05,2021,≤10 kW,BYD,10.030000000000001,2,5.015000000000001
2021-05,2021,≤10 kW,Bedin Solar,713.41,142,5.0240140845070425
2021-05,2021,≤10 kW,Bel Energy,17.0,4,4.25
2021-05,2021,≤10 kW,Canadian Solar,1552.43,318,4.88185534591195
2021-05,2021,≤10 kW,Chint,60.6,12,5.05
2021-05,2021,≤10 kW,Deye,13684.03,2887,4.739878766886041
2021-05,2021,≤10 kW,Ecosolys,776.63,168,4.622797619047619
2021-05,2021,≤10 kW,Elgin,1244.72,241,5.164813278008299
2021-05,2021,≤10 kW,Empalux,788.84,141,5.594609929078015
2021-05,2021,≤10 kW,Enphase,6.0,1,6.0
2021-05,2021,≤10 kW,Foxess,42.0,8,5.25
2021-05,2021,≤10 kW,Fronius,6042.01,1012,5.970365612648221
2021-05,2021,≤10 kW,GE,5.0,1,5.0
2021-05,2021,≤10 kW,Goodwe,5727.07,973,5.885991778006166
2021-05,2021,≤10 kW,Growatt,31963.87,6582,4.856254937708903
2021-05,2021,≤10 kW,Hoymiles,7231.46,1748,4.136990846681922
2021-05,2021,≤10 kW,Huawei,423.06,94,4.5006382978723405
2021-05,2021,≤10 kW,Hypontech,137.04,31,4.420645161290322
2021-05,2021,≤10 kW,Ingeteam,39.26,9,4.362222222222222
2021-05,2021,≤10 kW,Intelbras,2786.53,571,4.880087565674256
2021-05,2021,≤10 kW,Kehua,400.01,75,5.333466666666666
2021-05,2021,≤10 kW,Komeco,141.8,28,5.064285714285715
2021-05,2021,≤10 kW,Kstar,165.26,33,5.007878787878788
2021-05,2021,≤10 kW,Livoltek,26.3,6,4.383333333333334
2021-05,2021,≤10 kW,NEP,4.96,4,1.24
2021-05,2021,≤10 kW,Não informado,1557.93,287,5.428327526132405
2021-05,2021,≤10 kW,Outros,3410.56,704,4.844545454545455
2021-05,2021,≤10 kW,PHB,3527.4,658,5.360790273556231
2021-05,2021,≤10 kW,Refusol,719.7,159,4.526415094339623
2021-05,2021,≤10 kW,Renac,723.84,149,4.857986577181208
2021-05,2021,≤10 kW,Renovigi,8802.32,1817,4.84442487616951
2021-05,2021,≤10 kW,SAJ,2467.94,483,5.1096066252588
2021-05,2021,≤10 kW,SHENZHEN,136.08,29,4.692413793103449
2021-05,2021,≤10 kW,SMA,1027.35,208,4.939182692307692
2021-05,2021,≤10 kW,Sofar Solar,10820.7,2031,5.327769571639587
2021-05,2021,≤10 kW,SolarEdge,88.16,14,6.297142857142857
2021-05,2021,≤10 kW,Solax Power,71.92999999999999,18,3.9961111111111105
2021-05,2021,≤10 kW,Solis (Ginlong),9575.039999999999,1835,5.21800544959128
2021-05,2021,≤10 kW,Solplanet,74.58,12,6.215
2021-05,2021,≤10 kW,Sungrow,3882.36,758,5.121846965699208
2021-05,2021,≤10 kW,Tsun,13.2,3,4.3999999999999995
2021-05,2021,≤10 kW,WEG,6627.42,1231,5.383769293257514
2021-05,2021,≤10 kW,WEG (Huawei),697.3,148,4.7114864864864865
2021-05,2021,10–20 kW,ABB/FIMER,811.88,57,14.243508771929825
2021-05,2021,10–20 kW,APsystems,1274.29,94,13.55627659574468
2021-05,2021,10–20 kW,Auxsol,14.0,1,14.0
2021-05,2021,10–20 kW,Bedin Solar,263.81,18,14.65611111111111
2021-05,2021,10–20 kW,Bel Energy,14.0,1,14.0
2021-05,2021,10–20 kW,Canadian Solar,595.89,37,16.105135135135136
2021-05,2021,10–20 kW,Chint,46.0,3,15.333333333333334
2021-05,2021,10–20 kW,Deye,4001.39,275,14.55050909090909
2021-05,2021,10–20 kW,Ecosolys,258.34000000000003,19,13.596842105263159
2021-05,2021,10–20 kW,Elgin,295.55,19,15.555263157894737
2021-05,2021,10–20 kW,Empalux,184.29,12,15.3575
2021-05,2021,10–20 kW,Foxess,31.0,2,15.5
2021-05,2021,10–20 kW,Fronius,4541.75,300,15.139166666666666
2021-05,2021,10–20 kW,GE,19.5,1,19.5
2021-05,2021,10–20 kW,Goodwe,1458.51,93,15.682903225806452
2021-05,2021,10–20 kW,Growatt,10378.15,703,14.7626600284495
2021-05,2021,10–20 kW,Hoymiles,1884.3,142,13.269718309859154
2021-05,2021,10–20 kW,Huawei,1467.11,91,16.12208791208791
2021-05,2021,10–20 kW,Intelbras,1221.57,91,13.423846153846153
2021-05,2021,10–20 kW,Kehua,257.69,19,13.562631578947368
2021-05,2021,10–20 kW,Komeco,62.4,4,15.6
2021-05,2021,10–20 kW,Kstar,265.57,18,14.753888888888888
2021-05,2021,10–20 kW,Não informado,723.52,49,14.765714285714285
2021-05,2021,10–20 kW,Outros,1601.57,110,14.559727272727272
2021-05,2021,10–20 kW,PHB,1358.29,89,15.261685393258427
2021-05,2021,10–20 kW,Refusol,202.73000000000002,13,15.594615384615386
2021-05,2021,10–20 kW,Renac,92.75999999999999,6,15.459999999999999
2021-05,2021,10–20 kW,Renovigi,2329.86,148,15.742297297297299
2021-05,2021,10–20 kW,SAJ,768.0,51,15.058823529411764
2021-05,2021,10–20 kW,SHENZHEN,388.3,24,16.179166666666667
2021-05,2021,10–20 kW,SMA,171.62,12,14.301666666666668
2021-05,2021,10–20 kW,SUNWAYS,15.0,1,15.0
2021-05,2021,10–20 kW,Sofar Solar,4234.92,295,14.355661016949153
2021-05,2021,10–20 kW,SolarEdge,356.35,24,14.847916666666668
2021-05,2021,10–20 kW,Solis (Ginlong),3027.54,196,15.446632653061224
2021-05,2021,10–20 kW,Solplanet,37.56,3,12.520000000000001
2021-05,2021,10–20 kW,Sungrow,2681.42,174,15.410459770114944
2021-05,2021,10–20 kW,WEG,3245.97,207,15.681014492753622
2021-05,2021,10–20 kW,WEG (Huawei),1042.37,65,16.036461538461538
2021-05,2021,20–75 kW,ABB/FIMER,1219.66,30,40.65533333333334
2021-05,2021,20–75 kW,APsystems,865.9,28,30.925
2021-05,2021,20–75 kW,Bedin Solar,700.0,12,58.333333333333336
2021-05,2021,20–75 kW,Canadian Solar,2465.41,64,38.52203125
2021-05,2021,20–75 kW,Chint,110.0,3,36.666666666666664
2021-05,2021,20–75 kW,Deye,8112.24,186,43.61419354838709
2021-05,2021,20–75 kW,Ecosolys,289.03,6,48.17166666666666
2021-05,2021,20–75 kW,Elgin,906.6800000000001,21,43.1752380952381
2021-05,2021,20–75 kW,Empalux,331.0,8,41.375
2021-05,2021,20–75 kW,Fronius,8101.59,202,40.10688118811881
2021-05,2021,20–75 kW,GE,27.6,1,27.6
2021-05,2021,20–75 kW,Goodwe,5074.89,115,44.12947826086957
2021-05,2021,20–75 kW,Growatt,15599.73,374,41.710508021390375
2021-05,2021,20–75 kW,Hoymiles,1162.35,38,30.588157894736838
2021-05,2021,20–75 kW,Huawei,7772.09,156,49.821089743589745
2021-05,2021,20–75 kW,Ingeteam,91.0,2,45.5
2021-05,2021,20–75 kW,Intelbras,1235.19,28,44.11392857142857
2021-05,2021,20–75 kW,Kehua,161.88,5,32.376
2021-05,2021,20–75 kW,Komeco,255.0,4,63.75
2021-05,2021,20–75 kW,Kstar,246.22,6,41.03666666666667
2021-05,2021,20–75 kW,Não informado,2686.15,67,40.09179104477612
2021-05,2021,20–75 kW,Outros,6528.13,139,46.96496402877698
2021-05,2021,20–75 kW,PHB,4182.8,99,42.250505050505055
2021-05,2021,20–75 kW,Refusol,877.09,27,32.48481481481482
2021-05,2021,20–75 kW,Renac,47.25,1,47.25
2021-05,2021,20–75 kW,Renovigi,6756.03,152,44.447565789473686
2021-05,2021,20–75 kW,SAJ,1126.76,35,32.19314285714286
2021-05,2021,20–75 kW,SHENZHEN,1354.17,34,39.828529411764706
2021-05,2021,20–75 kW,SMA,2136.88,48,44.51833333333334
2021-05,2021,20–75 kW,SUNWAYS,75.0,1,75.0
2021-05,2021,20–75 kW,Sofar Solar,7548.74,181,41.70574585635359
2021-05,2021,20–75 kW,SolarEdge,3222.98,71,45.39408450704225
2021-05,2021,20–75 kW,Solis (Ginlong),7627.81,186,41.009731182795704
2021-05,2021,20–75 kW,Solplanet,164.4,3,54.800000000000004
2021-05,2021,20–75 kW,Sungrow,7889.75,179,44.0768156424581
2021-05,2021,20–75 kW,WEG,10357.68,226,45.830442477876105
2021-05,2021,20–75 kW,WEG (Huawei),3030.17,64,47.34640625
2021-05,2021,75–300 kW,ABB/FIMER,1491.55,8,186.44375
2021-05,2021,75–300 kW,Canadian Solar,425.0,3,141.66666666666666
2021-05,2021,75–300 kW,Chint,540.0,2,270.0
2021-05,2021,75–300 kW,Deye,150.0,1,150.0
2021-05,2021,75–300 kW,Fronius,1082.0,9,120.22222222222223
2021-05,2021,75–300 kW,Goodwe,180.0,2,90.0
2021-05,2021,75–300 kW,Growatt,1789.38,12,149.115
2021-05,2021,75–300 kW,Hoymiles,235.2,2,117.6
2021-05,2021,75–300 kW,Huawei,655.0,5,131.0
2021-05,2021,75–300 kW,Não informado,221.0,2,110.5
2021-05,2021,75–300 kW,Outros,2166.51,11,196.95545454545456
2021-05,2021,75–300 kW,PHB,815.0,6,135.83333333333334
2021-05,2021,75–300 kW,Refusol,108.0,1,108.0
2021-05,2021,75–300 kW,Renovigi,340.0,2,170.0
2021-05,2021,75–300 kW,SAJ,80.0,1,80.0
2021-05,2021,75–300 kW,SHENZHEN,210.0,1,210.0
2021-05,2021,75–300 kW,SMA,745.0,3,248.33333333333334
2021-05,2021,75–300 kW,Sofar Solar,1075.0,8,134.375
2021-05,2021,75–300 kW,SolarEdge,150.0,1,150.0
2021-05,2021,75–300 kW,Solis (Ginlong),1834.0,10,183.4
2021-05,2021,75–300 kW,Sungrow,2046.07,16,127.879375
2021-05,2021,75–300 kW,WEG,1056.0,8,132.0
2021-05,2021,75–300 kW,WEG (Huawei),160.0,1,160.0
2021-05,2021,300 kW–1 MW,Canadian Solar,316.35,1,316.35
2021-05,2021,300 kW–1 MW,Growatt,375.0,1,375.0
2021-05,2021,300 kW–1 MW,Huawei,7555.0,10,755.5
2021-05,2021,300 kW–1 MW,Ingeteam,1500.0,2,750.0
2021-05,2021,300 kW–1 MW,Intelbras,720.0,1,720.0
2021-05,2021,300 kW–1 MW,Kstar,840.0,1,840.0
2021-05,2021,300 kW–1 MW,Não informado,405.0,1,405.0
2021-05,2021,300 kW–1 MW,Outros,420.0,1,420.0
2021-05,2021,300 kW–1 MW,Sungrow,4030.0,5,806.0
2021-05,2021,1–5 MW,Huawei,9585.0,4,2396.25
2021-05,2021,1–5 MW,Outros,4900.0,1,4900.0
2021-05,2021,1–5 MW,Sungrow,2250.0,1,2250.0
2021-06,2021,≤10 kW,ABB/FIMER,1259.63,221,5.699683257918553
2021-06,2021,≤10 kW,APsystems,3470.97,832,4.1718389423076925
2021-06,2021,≤10 kW,Auxsol,6.0,1,6.0
2021-06,2021,≤10 kW,B&B POWER,30.05,6,5.008333333333334
2021-06,2021,≤10 kW,BYD,61.4,14,4.385714285714285
2021-06,2021,≤10 kW,Bedin Solar,1043.2,198,5.268686868686869
2021-06,2021,≤10 kW,Bel Energy,10.2,3,3.4
2021-06,2021,≤10 kW,Canadian Solar,1457.93,282,5.1699645390070925
2021-06,2021,≤10 kW,Chint,36.38,10,3.6380000000000003
2021-06,2021,≤10 kW,Deye,12255.02,2530,4.843881422924901
2021-06,2021,≤10 kW,Ecosolys,634.93,139,4.567841726618704
2021-06,2021,≤10 kW,Elgin,1315.94,257,5.120389105058366
2021-06,2021,≤10 kW,Empalux,393.79,70,5.625571428571429
2021-06,2021,≤10 kW,Foxess,61.2,14,4.371428571428572
2021-06,2021,≤10 kW,Fronius,4909.94,814,6.031867321867321
2021-06,2021,≤10 kW,GE,6.0,1,6.0
2021-06,2021,≤10 kW,Goodwe,5464.98,938,5.826204690831556
2021-06,2021,≤10 kW,Growatt,32769.98,6565,4.9916191926885
2021-06,2021,≤10 kW,Hopewind,8.0,1,8.0
2021-06,2021,≤10 kW,Hoymiles,6029.63,1424,4.2342907303370785
2021-06,2021,≤10 kW,Huawei,392.91,83,4.733855421686747
2021-06,2021,≤10 kW,Hypontech,75.56,16,4.7225
2021-06,2021,≤10 kW,Ingeteam,10.0,3,3.3333333333333335
2021-06,2021,≤10 kW,Intelbras,2150.57,466,4.6149570815450645
2021-06,2021,≤10 kW,Kehua,255.83,47,5.443191489361703
2021-06,2021,≤10 kW,Komeco,94.05,16,5.878125
2021-06,2021,≤10 kW,Kstar,135.57999999999998,28,4.842142857142856
2021-06,2021,≤10 kW,Livoltek,169.94,31,5.481935483870967
2021-06,2021,≤10 kW,NEP,1.5,2,0.75
2021-06,2021,≤10 kW,Não informado,1355.44,252,5.378730158730159
2021-06,2021,≤10 kW,Outros,3895.45,956,4.074738493723849
2021-06,2021,≤10 kW,PHB,3254.12,608,5.352171052631578
2021-06,2021,≤10 kW,Refusol,639.25,138,4.632246376811594
2021-06,2021,≤10 kW,Renac,741.85,155,4.7861290322580645
2021-06,2021,≤10 kW,Renovigi,6423.69,1284,5.002873831775701
2021-06,2021,≤10 kW,SAJ,2300.75,467,4.926659528907923
2021-06,2021,≤10 kW,SHENZHEN,181.29,34,5.332058823529412
2021-06,2021,≤10 kW,SMA,398.55,79,5.044936708860759
2021-06,2021,≤10 kW,Sofar Solar,10212.12,1929,5.293996889580094
2021-06,2021,≤10 kW,SolarEdge,105.69,21,5.032857142857143
2021-06,2021,≤10 kW,Solax Power,112.69,23,4.899565217391304
2021-06,2021,≤10 kW,Solis (Ginlong),9544.56,1771,5.38936194240542
2021-06,2021,≤10 kW,Solplanet,53.95,9,5.9944444444444445
2021-06,2021,≤10 kW,Sungrow,3568.31,666,5.357822822822823
2021-06,2021,≤10 kW,Tsun,64.45,56,1.1508928571428572
2021-06,2021,≤10 kW,WEG,6703.01,1190,5.6327815126050425
2021-06,2021,≤10 kW,WEG (Huawei),711.92,144,4.943888888888889
2021-06,2021,10–20 kW,ABB/FIMER,454.18,34,13.358235294117648
2021-06,2021,10–20 kW,APsystems,1125.36,84,13.397142857142857
2021-06,2021,10–20 kW,B&B POWER,13.0,1,13.0
2021-06,2021,10–20 kW,Bedin Solar,206.86,13,15.912307692307694
2021-06,2021,10–20 kW,Canadian Solar,628.28,38,16.533684210526314
2021-06,2021,10–20 kW,Deye,4633.27,321,14.43386292834891
2021-06,2021,10–20 kW,Ecosolys,140.05,11,12.731818181818182
2021-06,2021,10–20 kW,Elgin,328.72,20,16.436
2021-06,2021,10–20 kW,Empalux,112.75,7,16.107142857142858
2021-06,2021,10–20 kW,Enphase,15.3,1,15.3
2021-06,2021,10–20 kW,Foxess,43.0,3,14.333333333333334
2021-06,2021,10–20 kW,Fronius,3841.31,256,15.0051171875
2021-06,2021,10–20 kW,GE,62.02,4,15.505
2021-06,2021,10–20 kW,Goodwe,1781.3,115,15.489565217391304
2021-06,2021,10–20 kW,Growatt,11897.49,805,14.779490683229813
2021-06,2021,10–20 kW,Hoymiles,1544.32,113,13.666548672566371
2021-06,2021,10–20 kW,Huawei,1594.26,98,16.26795918367347
2021-06,2021,10–20 kW,Ingeteam,44.25,3,14.75
2021-06,2021,10–20 kW,Intelbras,980.24,73,13.427945205479451
2021-06,2021,10–20 kW,Kehua,201.01,13,15.462307692307691
2021-06,2021,10–20 kW,Komeco,59.1,4,14.775
2021-06,2021,10–20 kW,Kstar,143.5,9,15.944444444444445
2021-06,2021,10–20 kW,Não informado,1052.59,70,15.036999999999999
2021-06,2021,10–20 kW,Outros,1887.27,126,14.978333333333333
2021-06,2021,10–20 kW,PHB,1431.28,93,15.390107526881721
2021-06,2021,10–20 kW,Refusol,260.39,18,14.466111111111111
2021-06,2021,10–20 kW,Renac,170.64,11,15.512727272727272
2021-06,2021,10–20 kW,Renovigi,2352.98,146,16.116301369863013
2021-06,2021,10–20 kW,SAJ,614.88,42,14.64
2021-06,2021,10–20 kW,SHENZHEN,322.3,20,16.115000000000002
2021-06,2021,10–20 kW,SMA,73.56,5,14.712
2021-06,2021,10–20 kW,SUNWAYS,14.96,1,14.96
2021-06,2021,10–20 kW,Sofar Solar,3855.49,270,14.279592592592591
2021-06,2021,10–20 kW,SolarEdge,252.29,17,14.840588235294117
2021-06,2021,10–20 kW,Solis (Ginlong),3441.03,221,15.57027149321267
2021-06,2021,10–20 kW,Solplanet,48.739999999999995,3,16.246666666666666
2021-06,2021,10–20 kW,Sungrow,2701.79,174,15.527528735632183
2021-06,2021,10–20 kW,WEG,3527.82,223,15.819820627802692
2021-06,2021,10–20 kW,WEG (Huawei),855.25,57,15.00438596491228
2021-06,2021,20–75 kW,ABB/FIMER,766.9,18,42.605555555555554
2021-06,2021,20–75 kW,APsystems,796.38,24,33.1825
2021-06,2021,20–75 kW,Bedin Solar,1198.49,24,49.937083333333334
2021-06,2021,20–75 kW,Canadian Solar,2998.34,72,41.64361111111111
2021-06,2021,20–75 kW,Chint,36.0,1,36.0
2021-06,2021,20–75 kW,Deye,6888.08,175,39.36045714285714
2021-06,2021,20–75 kW,Ecosolys,130.0,3,43.333333333333336
2021-06,2021,20–75 kW,Elgin,914.68,25,36.587199999999996
2021-06,2021,20–75 kW,Empalux,235.68,7,33.66857142857143
2021-06,2021,20–75 kW,Fronius,7750.11,192,40.36515625
2021-06,2021,20–75 kW,GE,105.42,3,35.14
2021-06,2021,20–75 kW,Goodwe,4446.97,107,41.560467289719625
2021-06,2021,20–75 kW,Growatt,15101.86,369,40.92644986449864
2021-06,2021,20–75 kW,Hopewind,50.0,1,50.0
2021-06,2021,20–75 kW,Hoymiles,868.0,30,28.933333333333334
2021-06,2021,20–75 kW,Huawei,6921.29,142,48.74147887323944
2021-06,2021,20–75 kW,Hypontech,93.5,2,46.75
2021-06,2021,20–75 kW,Ingeteam,128.0,3,42.666666666666664
2021-06,2021,20–75 kW,Intelbras,1861.22,51,36.49450980392157
2021-06,2021,20–75 kW,Kehua,225.0,6,37.5
2021-06,2021,20–75 kW,Komeco,60.0,2,30.0
2021-06,2021,20–75 kW,Kstar,609.62,13,46.893846153846155
2021-06,2021,20–75 kW,Não informado,2311.66,57,40.55543859649123
2021-06,2021,20–75 kW,Outros,3984.68,99,40.24929292929293
2021-06,2021,20–75 kW,PHB,3119.47,78,39.993205128205126
2021-06,2021,20–75 kW,Refusol,971.32,30,32.37733333333333
2021-06,2021,20–75 kW,Renac,259.25,7,37.035714285714285
2021-06,2021,20–75 kW,Renovigi,5432.12,122,44.5255737704918
2021-06,2021,20–75 kW,SAJ,1397.23,38,36.76921052631579
2021-06,2021,20–75 kW,SHENZHEN,1021.43,24,42.55958333333333
2021-06,2021,20–75 kW,SMA,2259.94,52,43.46038461538462
2021-06,2021,20–75 kW,Sofar Solar,6875.91,180,38.1995
2021-06,2021,20–75 kW,SolarEdge,2880.56,64,45.00875
2021-06,2021,20–75 kW,Solis (Ginlong),8639.43,194,44.533144329896906
2021-06,2021,20–75 kW,Solplanet,95.0,3,31.666666666666668
2021-06,2021,20–75 kW,Sungrow,9236.08,202,45.72316831683168
2021-06,2021,20–75 kW,WEG,10137.23,227,44.657400881057264
2021-06,2021,20–75 kW,WEG (Huawei),2473.04,53,46.6611320754717
2021-06,2021,75–300 kW,ABB/FIMER,990.0,4,247.5
2021-06,2021,75–300 kW,Bedin Solar,100.0,1,100.0
2021-06,2021,75–300 kW,Canadian Solar,619.6,3,206.53333333333333
2021-06,2021,75–300 kW,Deye,90.0,1,90.0
2021-06,2021,75–300 kW,Empalux,300.0,1,300.0
2021-06,2021,75–300 kW,Fronius,1407.44,10,140.744
2021-06,2021,75–300 kW,Goodwe,1096.27,7,156.60999999999999
2021-06,2021,75–300 kW,Growatt,1746.0,12,145.5
2021-06,2021,75–300 kW,Huawei,1026.0,8,128.25
2021-06,2021,75–300 kW,Komeco,76.0,1,76.0
2021-06,2021,75–300 kW,Não informado,210.0,2,105.0
2021-06,2021,75–300 kW,Outros,2198.0,20,109.9
2021-06,2021,75–300 kW,PHB,491.0,4,122.75
2021-06,2021,75–300 kW,Renovigi,985.0,6,164.16666666666666
2021-06,2021,75–300 kW,SHENZHEN,380.0,2,190.0
2021-06,2021,75–300 kW,SMA,250.0,1,250.0
2021-06,2021,75–300 kW,Sofar Solar,1117.66,7,159.6657142857143
2021-06,2021,75–300 kW,SolarEdge,492.9,3,164.29999999999998
2021-06,2021,75–300 kW,Solis (Ginlong),400.0,3,133.33333333333334
2021-06,2021,75–300 kW,Sungrow,3850.9,22,175.04090909090908
2021-06,2021,75–300 kW,WEG,2735.88,17,160.93411764705883
2021-06,2021,75–300 kW,WEG (Huawei),200.0,2,100.0
2021-06,2021,300 kW–1 MW,ABB/FIMER,600.0,1,600.0
2021-06,2021,300 kW–1 MW,Canadian Solar,750.0,1,750.0
2021-06,2021,300 kW–1 MW,Elgin,425.0,1,425.0
2021-06,2021,300 kW–1 MW,Growatt,1719.96,2,859.98
2021-06,2021,300 kW–1 MW,Huawei,820.0,2,410.0
2021-06,2021,300 kW–1 MW,Ingeteam,1000.0,1,1000.0
2021-06,2021,300 kW–1 MW,Outros,1000.0,1,1000.0
2021-06,2021,300 kW–1 MW,SMA,3000.0,3,1000.0
2021-06,2021,300 kW–1 MW,Solis (Ginlong),500.0,1,500.0
2021-06,2021,300 kW–1 MW,Sungrow,6580.0,8,822.5
2021-06,2021,300 kW–1 MW,WEG,312.0,1,312.0
2021-06,2021,300 kW–1 MW,WEG (Huawei),840.0,2,420.0
2021-06,2021,1–5 MW,ABB/FIMER,7000.0,3,2333.3333333333335
2021-07,2021,≤10 kW,ABB/FIMER,665.85,120,5.54875
2021-07,2021,≤10 kW,APsystems,4615.85,1140,4.048991228070176
2021-07,2021,≤10 kW,B&B POWER,21.8,5,4.36
2021-07,2021,≤10 kW,BYD,165.9,29,5.720689655172414
2021-07,2021,≤10 kW,Bedin Solar,764.31,151,5.061655629139072
2021-07,2021,≤10 kW,Bel Energy,40.38,8,5.0475
2021-07,2021,≤10 kW,Canadian Solar,1313.24,271,4.84590405904059
2021-07,2021,≤10 kW,Chint,58.38,19,3.0726315789473686
2021-07,2021,≤10 kW,Deye,13821.59,2853,4.844581142656852
2021-07,2021,≤10 kW,Ecosolys,718.78,179,4.0155307262569835
2021-07,2021,≤10 kW,Elgin,1021.15,211,4.8395734597156395
2021-07,2021,≤10 kW,Empalux,530.26,84,6.312619047619047
2021-07,2021,≤10 kW,Foxess,60.72,12,5.06
2021-07,2021,≤10 kW,Fronius,4401.49,738,5.964078590785908
2021-07,2021,≤10 kW,GE,9.2,1,9.2
2021-07,2021,≤10 kW,Goodwe,5694.9800000000005,999,5.700680680680681
2021-07,2021,≤10 kW,Growatt,37075.84,7429,4.990690537084398
2021-07,2021,≤10 kW,Hopewind,5.94,1,5.94
2021-07,2021,≤10 kW,Hoymiles,6751.53,1611,4.190893854748603
2021-07,2021,≤10 kW,Huawei,445.49,88,5.062386363636364
2021-07,2021,≤10 kW,Hypontech,104.69,19,5.51
2021-07,2021,≤10 kW,Ingeteam,23.16,5,4.632
2021-07,2021,≤10 kW,Intelbras,2646.25,606,4.366749174917492
2021-07,2021,≤10 kW,Kehua,412.33,78,5.286282051282051
2021-07,2021,≤10 kW,Komeco,99.42,24,4.1425
2021-07,2021,≤10 kW,Kstar,118.66,25,4.7463999999999995
2021-07,2021,≤10 kW,Livoltek,322.92,63,5.125714285714286
2021-07,2021,≤10 kW,NEP,18.55,9,2.0611111111111113
2021-07,2021,≤10 kW,Nexen,6.5,1,6.5
2021-07,2021,≤10 kW,Não informado,1542.6,304,5.074342105263158
2021-07,2021,≤10 kW,Outros,6586.65,1433,4.596406140963015
2021-07,2021,≤10 kW,PHB,3392.99,634,5.351719242902208
2021-07,2021,≤10 kW,Refusol,692.14,157,4.4085350318471335
2021-07,2021,≤10 kW,Renac,866.28,181,4.786077348066298
2021-07,2021,≤10 kW,Renovigi,6278.89,1310,4.793045801526718
2021-07,2021,≤10 kW,SAJ,3097.89,634,4.886261829652996
2021-07,2021,≤10 kW,SHENZHEN,241.4,49,4.926530612244898
2021-07,2021,≤10 kW,SMA,250.12,55,4.5476363636363635
2021-07,2021,≤10 kW,SUNWAYS,8.280000000000001,2,4.140000000000001
2021-07,2021,≤10 kW,Sofar Solar,10331.58,1953,5.29010752688172
2021-07,2021,≤10 kW,SolarEdge,182.92,31,5.900645161290322
2021-07,2021,≤10 kW,Solax Power,68.23,16,4.264375
2021-07,2021,≤10 kW,Solis (Ginlong),12247.59,2282,5.367042068361087
2021-07,2021,≤10 kW,Solplanet,34.05,7,4.864285714285714
2021-07,2021,≤10 kW,Sungrow,4087.2200000000003,788,5.1868274111675134
2021-07,2021,≤10 kW,Tsun,178.9,276,0.6481884057971015
2021-07,2021,≤10 kW,WEG,7905.52,1410,5.606751773049646
2021-07,2021,≤10 kW,WEG (Huawei),509.62,111,4.591171171171172
2021-07,2021,10–20 kW,ABB/FIMER,413.95,26,15.921153846153846
2021-07,2021,10–20 kW,APsystems,1415.25,104,13.608173076923077
2021-07,2021,10–20 kW,B&B POWER,41.91,3,13.969999999999999
2021-07,2021,10–20 kW,BYD,75.64,5,15.128
2021-07,2021,10–20 kW,Bedin Solar,297.44,20,14.872
2021-07,2021,10–20 kW,Bel Energy,14.0,1,14.0
2021-07,2021,10–20 kW,Canadian Solar,709.77,44,16.13113636363636
2021-07,2021,10–20 kW,Deye,4083.16,281,14.530818505338077
2021-07,2021,10–20 kW,Ecosolys,174.07,12,14.505833333333333
2021-07,2021,10–20 kW,Elgin,219.57999999999998,14,15.684285714285712
2021-07,2021,10–20 kW,Empalux,272.7,18,15.149999999999999
2021-07,2021,10–20 kW,Foxess,28.0,2,14.0
2021-07,2021,10–20 kW,Fronius,3220.62,216,14.910277777777777
2021-07,2021,10–20 kW,GE,14.24,1,14.24
2021-07,2021,10–20 kW,Goodwe,1468.06,99,14.828888888888889
2021-07,2021,10–20 kW,Growatt,13514.37,913,14.802157721796277
2021-07,2021,10–20 kW,Hopewind,13.0,1,13.0
2021-07,2021,10–20 kW,Hoymiles,1444.24,111,13.01117117117117
2021-07,2021,10–20 kW,Huawei,1339.52,86,15.575813953488371
2021-07,2021,10–20 kW,Hypontech,19.0,1,19.0
2021-07,2021,10–20 kW,Intelbras,1045.76,77,13.581298701298701
2021-07,2021,10–20 kW,Kehua,187.04,13,14.387692307692307
2021-07,2021,10–20 kW,Komeco,99.94,7,14.277142857142858
2021-07,2021,10–20 kW,Kstar,189.87,13,14.605384615384615
2021-07,2021,10–20 kW,Livoltek,38.4,3,12.799999999999999
2021-07,2021,10–20 kW,Não informado,986.5,64,15.4140625
2021-07,2021,10–20 kW,Outros,2870.7,192,14.9515625
2021-07,2021,10–20 kW,PHB,1166.35,72,16.199305555555554
2021-07,2021,10–20 kW,Refusol,346.48,22,15.74909090909091
2021-07,2021,10–20 kW,Renac,153.04,12,12.753333333333332
2021-07,2021,10–20 kW,Renovigi,2185.69,137,15.953941605839416
2021-07,2021,10–20 kW,SAJ,901.35,61,14.776229508196721
2021-07,2021,10–20 kW,SHENZHEN,333.22,20,16.661
2021-07,2021,10–20 kW,SMA,150.83,10,15.083000000000002
2021-07,2021,10–20 kW,Sofar Solar,4157.16,291,14.285773195876288
2021-07,2021,10–20 kW,SolarEdge,249.5,17,14.676470588235293
2021-07,2021,10–20 kW,Solis (Ginlong),4200.43,274,15.330036496350367
2021-07,2021,10–20 kW,Solplanet,69.63,5,13.925999999999998
2021-07,2021,10–20 kW,Sungrow,2666.29,177,15.063785310734463
2021-07,2021,10–20 kW,Tsun,34.5,3,11.5
2021-07,2021,10–20 kW,WEG,3741.8,245,15.27265306122449
2021-07,2021,10–20 kW,WEG (Huawei),752.29,52,14.467115384615385
2021-07,2021,20–75 kW,ABB/FIMER,1312.22,28,46.865
2021-07,2021,20–75 kW,APsystems,884.66,26,34.02538461538462
2021-07,2021,20–75 kW,BYD,50.0,1,50.0
2021-07,2021,20–75 kW,Bedin Solar,892.9300000000001,17,52.525294117647064
2021-07,2021,20–75 kW,Canadian Solar,2148.62,56,38.36821428571428
2021-07,2021,20–75 kW,Chint,94.0,2,47.0
2021-07,2021,20–75 kW,Deye,7487.36,179,41.82882681564246
2021-07,2021,20–75 kW,Ecosolys,156.4,4,39.1
2021-07,2021,20–75 kW,Elgin,1176.46,27,43.57259259259259
2021-07,2021,20–75 kW,Empalux,504.84000000000003,13,38.83384615384615
2021-07,2021,20–75 kW,Foxess,25.0,1,25.0
2021-07,2021,20–75 kW,Fronius,7584.96,188,40.34553191489362
2021-07,2021,20–75 kW,Goodwe,4920.92,104,47.316538461538464
2021-07,2021,20–75 kW,Growatt,16277.26,400,40.69315
2021-07,2021,20–75 kW,Hoymiles,930.1,27,34.44814814814815
2021-07,2021,20–75 kW,Huawei,7355.76,148,49.701081081081085
2021-07,2021,20–75 kW,Ingeteam,40.0,1,40.0
2021-07,2021,20–75 kW,Intelbras,1316.46,33,39.89272727272727
2021-07,2021,20–75 kW,Kehua,160.0,4,40.0
2021-07,2021,20–75 kW,Komeco,319.8,6,53.300000000000004
2021-07,2021,20–75 kW,Kstar,817.31,15,54.48733333333333
2021-07,2021,20–75 kW,Livoltek,72.0,1,72.0
2021-07,2021,20–75 kW,Não informado,3291.24,69,47.6991304347826
2021-07,2021,20–75 kW,Outros,7387.71,177,41.73847457627119
2021-07,2021,20–75 kW,PHB,3247.8,81,40.0962962962963
2021-07,2021,20–75 kW,Refusol,768.39,23,33.40826086956522
2021-07,2021,20–75 kW,Renac,280.0,5,56.0
2021-07,2021,20–75 kW,Renovigi,4840.76,108,44.821851851851854
2021-07,2021,20–75 kW,SAJ,1303.8,35,37.25142857142857
2021-07,2021,20–75 kW,SHENZHEN,1559.14,31,50.29483870967742
2021-07,2021,20–75 kW,SMA,2616.95,61,42.90081967213114
2021-07,2021,20–75 kW,Sofar Solar,6941.34,169,41.07301775147929
2021-07,2021,20–75 kW,SolarEdge,2880.95,68,42.36691176470588
2021-07,2021,20–75 kW,Solis (Ginlong),9383.31,219,42.84616438356164
2021-07,2021,20–75 kW,Solplanet,72.57,2,36.285
2021-07,2021,20–75 kW,Sungrow,9778.22,206,47.46708737864078
2021-07,2021,20–75 kW,WEG,10793.27,221,48.838325791855205
2021-07,2021,20–75 kW,WEG (Huawei),2886.53,62,46.55693548387097
2021-07,2021,75–300 kW,ABB/FIMER,692.5,4,173.125
2021-07,2021,75–300 kW,Deye,282.68,3,94.22666666666667
2021-07,2021,75–300 kW,Elgin,100.0,1,100.0
2021-07,2021,75–300 kW,Fronius,1693.5,9,188.16666666666666
2021-07,2021,75–300 kW,Goodwe,447.0,4,111.75
2021-07,2021,75–300 kW,Growatt,1571.03,9,174.55888888888887
2021-07,2021,75–300 kW,Huawei,2040.17,14,145.72642857142858
2021-07,2021,75–300 kW,Komeco,170.0,1,170.0
2021-07,2021,75–300 kW,Não informado,290.0,3,96.66666666666667
2021-07,2021,75–300 kW,Outros,1373.2,9,152.57777777777778
2021-07,2021,75–300 kW,PHB,106.0,1,106.0
2021-07,2021,75–300 kW,Refusol,140.0,1,140.0
2021-07,2021,75–300 kW,Renovigi,390.0,3,130.0
2021-07,2021,75–300 kW,SHENZHEN,300.0,1,300.0
2021-07,2021,75–300 kW,SMA,450.0,2,225.0
2021-07,2021,75–300 kW,Sofar Solar,840.0,4,210.0
2021-07,2021,75–300 kW,Solis (Ginlong),220.0,2,110.0
2021-07,2021,75–300 kW,Sungrow,4329.0599999999995,29,149.27793103448275
2021-07,2021,75–300 kW,WEG,2245.0,16,140.3125
2021-07,2021,75–300 kW,WEG (Huawei),928.0,5,185.6
2021-07,2021,300 kW–1 MW,Deye,320.0,1,320.0
2021-07,2021,300 kW–1 MW,Fronius,1080.0,2,540.0
2021-07,2021,300 kW–1 MW,Goodwe,720.0,1,720.0
2021-07,2021,300 kW–1 MW,Growatt,1395.0,2,697.5
2021-07,2021,300 kW–1 MW,Hoymiles,360.0,1,360.0
2021-07,2021,300 kW–1 MW,Huawei,2272.0,3,757.3333333333334
2021-07,2021,300 kW–1 MW,Intelbras,750.0,1,750.0
2021-07,2021,300 kW–1 MW,Outros,1300.0,2,650.0
2021-07,2021,300 kW–1 MW,Sofar Solar,780.0,1,780.0
2021-07,2021,300 kW–1 MW,SolarEdge,3868.4,4,967.1
2021-07,2021,300 kW–1 MW,Sungrow,11404.0,14,814.5714285714286
2021-07,2021,300 kW–1 MW,WEG,3680.0,5,736.0
2021-07,2021,300 kW–1 MW,WEG (Huawei),1280.0,3,426.6666666666667
2021-07,2021,1–5 MW,Huawei,6100.0,3,2033.3333333333333
2021-07,2021,1–5 MW,Ingeteam,2000.0,1,2000.0
2021-07,2021,1–5 MW,Outros,1464.0,1,1464.0
2021-07,2021,1–5 MW,Sungrow,5000.0,2,2500.0
2021-08,2021,≤10 kW,ABB/FIMER,643.26,116,5.545344827586207
2021-08,2021,≤10 kW,APsystems,5499.7300000000005,1302,4.224062980030722
2021-08,2021,≤10 kW,B&B POWER,1.6,1,1.6
2021-08,2021,≤10 kW,BYD,111.28,21,5.299047619047619
2021-08,2021,≤10 kW,Bedin Solar,874.98,175,4.999885714285714
2021-08,2021,≤10 kW,Bel Energy,22.68,5,4.536
2021-08,2021,≤10 kW,Canadian Solar,1554.01,316,4.917753164556962
2021-08,2021,≤10 kW,Chint,84.02,22,3.819090909090909
2021-08,2021,≤10 kW,Deye,16932.53,3628,4.667180264608599
2021-08,2021,≤10 kW,Ecosolys,709.87,177,4.010564971751412
2021-08,2021,≤10 kW,Elgin,1208.03,246,4.910691056910569
2021-08,2021,≤10 kW,Empalux,627.57,104,6.034326923076923
2021-08,2021,≤10 kW,Foxess,62.22,15,4.148
2021-08,2021,≤10 kW,Fronius,4490.59,743,6.043862718707941
2021-08,2021,≤10 kW,GE,29.08,4,7.27
2021-08,2021,≤10 kW,Goodwe,5594.09,992,5.6392036290322585
2021-08,2021,≤10 kW,Growatt,43097.97,8811,4.8913823629553965
2021-08,2021,≤10 kW,Hopewind,19.419999999999998,4,4.8549999999999995
2021-08,2021,≤10 kW,Hoymiles,7481.17,1746,4.2847479954180985
2021-08,2021,≤10 kW,Huawei,441.35,101,4.36980198019802
2021-08,2021,≤10 kW,Hypontech,245.78,59,4.1657627118644065
2021-08,2021,≤10 kW,Ingeteam,16.28,4,4.07
2021-08,2021,≤10 kW,Intelbras,3691.3,827,4.46348246674728
2021-08,2021,≤10 kW,Kehua,460.68,89,5.176179775280899
2021-08,2021,≤10 kW,Komeco,164.18,39,4.2097435897435895
2021-08,2021,≤10 kW,Kstar,94.33,22,4.287727272727273
2021-08,2021,≤10 kW,Livoltek,601.6,128,4.7
2021-08,2021,≤10 kW,NEP,16.3,11,1.481818181818182
2021-08,2021,≤10 kW,Não informado,1479.57,286,5.173321678321678
2021-08,2021,≤10 kW,Outros,4026.32,817,4.928176254589964
2021-08,2021,≤10 kW,PHB,4383.39,854,5.132775175644029
2021-08,2021,≤10 kW,Refusol,1769.06,451,3.9225277161862526
2021-08,2021,≤10 kW,Renac,1247.4,245,5.091428571428572
2021-08,2021,≤10 kW,Renovigi,7360.62,1554,4.7365637065637065
2021-08,2021,≤10 kW,SAJ,4051.47,814,4.977235872235872
2021-08,2021,≤10 kW,SHENZHEN,130.83,26,5.031923076923078
2021-08,2021,≤10 kW,SMA,215.95,46,4.694565217391304
2021-08,2021,≤10 kW,Sofar Solar,10412.91,2048,5.0844287109375
2021-08,2021,≤10 kW,SolarEdge,267.12,50,5.3424000000000005
2021-08,2021,≤10 kW,Solax Power,154.13,31,4.9719354838709675
2021-08,2021,≤10 kW,Solis (Ginlong),15030.7,2861,5.253652569031807
2021-08,2021,≤10 kW,Solplanet,43.07,8,5.38375
2021-08,2021,≤10 kW,Sungrow,4822.6,920,5.241956521739131
2021-08,2021,≤10 kW,Tsun,72.82000000000001,95,0.7665263157894737
2021-08,2021,≤10 kW,WEG,8249.56,1570,5.254496815286624
2021-08,2021,≤10 kW,WEG (Huawei),612.51,129,4.7481395348837205
2021-08,2021,10–20 kW,ABB/FIMER,309.34,21,14.730476190476189
2021-08,2021,10–20 kW,APsystems,1198.05,91,13.165384615384616
2021-08,2021,10–20 kW,B&B POWER,20.0,1,20.0
2021-08,2021,10–20 kW,Bedin Solar,280.46,19,14.761052631578947
2021-08,2021,10–20 kW,Bel Energy,14.0,1,14.0
2021-08,2021,10–20 kW,Canadian Solar,891.97,57,15.648596491228071
2021-08,2021,10–20 kW,Chint,38.879999999999995,3,12.959999999999999
2021-08,2021,10–20 kW,Deye,4951.0,334,14.823353293413174
2021-08,2021,10–20 kW,Ecosolys,203.56,12,16.963333333333335
2021-08,2021,10–20 kW,Elgin,230.79,15,15.386
2021-08,2021,10–20 kW,Empalux,341.06,22,15.502727272727272
2021-08,2021,10–20 kW,Foxess,13.0,1,13.0
2021-08,2021,10–20 kW,Fronius,3729.7599999999998,245,15.22351020408163
2021-08,2021,10–20 kW,GE,14.08,1,14.08
2021-08,2021,10–20 kW,Goodwe,2013.14,127,15.851496062992126
2021-08,2021,10–20 kW,Growatt,14094.06,936,15.05775641025641
2021-08,2021,10–20 kW,Hoymiles,1792.48,137,13.083795620437956
2021-08,2021,10–20 kW,Huawei,1623.85,111,14.62927927927928
2021-08,2021,10–20 kW,Hypontech,34.5,3,11.5
2021-08,2021,10–20 kW,Intelbras,1280.85,98,13.069897959183672
2021-08,2021,10–20 kW,Kehua,273.53,17,16.09
2021-08,2021,10–20 kW,Komeco,97.6,7,13.942857142857141
2021-08,2021,10–20 kW,Kstar,152.7,10,15.27
2021-08,2021,10–20 kW,Livoltek,159.46,11,14.496363636363638
2021-08,2021,10–20 kW,Não informado,1225.39,81,15.128271604938273
2021-08,2021,10–20 kW,Outros,2027.07,136,14.904926470588235
2021-08,2021,10–20 kW,PHB,1018.66,69,14.7631884057971
2021-08,2021,10–20 kW,Refusol,64.5,5,12.9
2021-08,2021,10–20 kW,Renac,415.41,27,15.385555555555557
2021-08,2021,10–20 kW,Renovigi,2267.54,141,16.081843971631205
2021-08,2021,10–20 kW,SAJ,1281.59,89,14.399887640449437
2021-08,2021,10–20 kW,SHENZHEN,331.15,21,15.769047619047617
2021-08,2021,10–20 kW,SMA,129.25,10,12.925
2021-08,2021,10–20 kW,Sofar Solar,4135.29,289,14.308961937716262
2021-08,2021,10–20 kW,SolarEdge,342.88,21,16.32761904761905
2021-08,2021,10–20 kW,Solax Power,43.75,3,14.583333333333334
2021-08,2021,10–20 kW,Solis (Ginlong),5625.21,359,15.669108635097492
2021-08,2021,10–20 kW,Solplanet,29.46,2,14.73
2021-08,2021,10–20 kW,Sungrow,2863.47,193,14.836632124352331
2021-08,2021,10–20 kW,WEG,3839.44,248,15.481612903225807
2021-08,2021,10–20 kW,WEG (Huawei),1145.58,73,15.692876712328767
2021-08,2021,20–75 kW,ABB/FIMER,767.59,16,47.974375
2021-08,2021,20–75 kW,APsystems,1117.39,35,31.925428571428576
2021-08,2021,20–75 kW,BYD,180.9,5,36.18
2021-08,2021,20–75 kW,Bedin Solar,712.65,15,47.51
2021-08,2021,20–75 kW,Canadian Solar,2458.16,59,41.66372881355932
2021-08,2021,20–75 kW,Chint,106.0,2,53.0
2021-08,2021,20–75 kW,Deye,7568.51,190,39.83426315789474
2021-08,2021,20–75 kW,Ecosolys,187.0,5,37.4
2021-08,2021,20–75 kW,Elgin,1151.88,27,42.662222222222226
2021-08,2021,20–75 kW,Empalux,315.83,9,35.09222222222222
2021-08,2021,20–75 kW,Foxess,49.6,2,24.8
2021-08,2021,20–75 kW,Fronius,7863.11,192,40.95369791666666
2021-08,2021,20–75 kW,GE,94.2,3,31.400000000000002
2021-08,2021,20–75 kW,Goodwe,5859.7,120,48.83083333333333
2021-08,2021,20–75 kW,Growatt,20724.78,490,42.2954693877551
2021-08,2021,20–75 kW,Hopewind,98.96000000000001,2,49.480000000000004
2021-08,2021,20–75 kW,Hoymiles,990.0,31,31.93548387096774
2021-08,2021,20–75 kW,Huawei,7673.58,159,48.26150943396227
2021-08,2021,20–75 kW,Hypontech,30.0,1,30.0
2021-08,2021,20–75 kW,Ingeteam,55.0,1,55.0
2021-08,2021,20–75 kW,Intelbras,1381.01,41,33.683170731707314
2021-08,2021,20–75 kW,Kehua,240.0,6,40.0
2021-08,2021,20–75 kW,Komeco,65.6,2,32.8
2021-08,2021,20–75 kW,Kstar,480.8,10,48.08
2021-08,2021,20–75 kW,Livoltek,163.7,5,32.739999999999995
2021-08,2021,20–75 kW,Nexen,26.5,1,26.5
2021-08,2021,20–75 kW,Não informado,2662.6,64,41.603125
2021-08,2021,20–75 kW,Outros,5530.89,120,46.09075
2021-08,2021,20–75 kW,PHB,2900.2,69,42.03188405797101
2021-08,2021,20–75 kW,Refusol,875.25,27,32.416666666666664
2021-08,2021,20–75 kW,Renac,380.49,10,38.049
2021-08,2021,20–75 kW,Renovigi,5447.24,126,43.23206349206349
2021-08,2021,20–75 kW,SAJ,1450.55,40,36.26375
2021-08,2021,20–75 kW,SHENZHEN,1390.0,31,44.83870967741935
2021-08,2021,20–75 kW,SMA,1690.76,40,42.269
2021-08,2021,20–75 kW,Sofar Solar,6070.63,151,40.202847682119206
2021-08,2021,20–75 kW,SolarEdge,2890.38,73,39.59424657534247
2021-08,2021,20–75 kW,Solax Power,22.44,1,22.44
2021-08,2021,20–75 kW,Solis (Ginlong),11895.72,274,43.41503649635036
2021-08,2021,20–75 kW,Solplanet,31.15,1,31.15
2021-08,2021,20–75 kW,Sungrow,8780.08,194,45.25814432989691
2021-08,2021,20–75 kW,WEG,11503.15,245,46.951632653061225
2021-08,2021,20–75 kW,WEG (Huawei),2910.12,65,44.77107692307692
2021-08,2021,75–300 kW,ABB/FIMER,600.0,2,300.0
2021-08,2021,75–300 kW,APsystems,91.2,1,91.2
2021-08,2021,75–300 kW,Canadian Solar,450.0,2,225.0
2021-08,2021,75–300 kW,Deye,743.0,6,123.83333333333333
2021-08,2021,75–300 kW,Empalux,90.75,1,90.75
2021-08,2021,75–300 kW,Fronius,422.0,3,140.66666666666666
2021-08,2021,75–300 kW,Goodwe,1595.0,9,177.22222222222223
2021-08,2021,75–300 kW,Growatt,1730.0,10,173.0
2021-08,2021,75–300 kW,Huawei,2030.5,12,169.20833333333334
2021-08,2021,75–300 kW,Ingeteam,220.0,1,220.0
2021-08,2021,75–300 kW,Não informado,187.6,1,187.6
2021-08,2021,75–300 kW,Outros,691.0,4,172.75
2021-08,2021,75–300 kW,PHB,825.0,5,165.0
2021-08,2021,75–300 kW,Renovigi,1088.0,7,155.42857142857142
2021-08,2021,75–300 kW,SAJ,500.0,2,250.0
2021-08,2021,75–300 kW,SHENZHEN,300.0,1,300.0
2021-08,2021,75–300 kW,SMA,785.0,4,196.25
2021-08,2021,75–300 kW,Sofar Solar,1205.43,9,133.93666666666667
2021-08,2021,75–300 kW,SolarEdge,1550.0,8,193.75
2021-08,2021,75–300 kW,Solis (Ginlong),360.0,3,120.0
2021-08,2021,75–300 kW,Sungrow,4740.38,33,143.6478787878788
2021-08,2021,75–300 kW,WEG,2625.0,16,164.0625
2021-08,2021,75–300 kW,WEG (Huawei),705.0,5,141.0
2021-08,2021,300 kW–1 MW,ABB/FIMER,400.0,1,400.0
2021-08,2021,300 kW–1 MW,Growatt,999.96,1,999.96
2021-08,2021,300 kW–1 MW,Huawei,3320.0,4,830.0
2021-08,2021,300 kW–1 MW,Outros,350.0,1,350.0
2021-08,2021,300 kW–1 MW,Sofar Solar,375.0,1,375.0
2021-08,2021,300 kW–1 MW,Solis (Ginlong),1420.0,2,710.0
2021-08,2021,300 kW–1 MW,Sungrow,14143.0,18,785.7222222222222
2021-08,2021,300 kW–1 MW,WEG,420.0,1,420.0
2021-08,2021,300 kW–1 MW,WEG (Huawei),480.0,1,480.0
2021-08,2021,1–5 MW,ABB/FIMER,11390.0,5,2278.0
2021-08,2021,1–5 MW,Huawei,9200.0,4,2300.0
2021-08,2021,1–5 MW,Sungrow,10182.9,3,3394.2999999999997
2021-09,2021,≤10 kW,ABB/FIMER,497.65,99,5.026767676767676
2021-09,2021,≤10 kW,APsystems,5666.88,1388,4.082766570605187
2021-09,2021,≤10 kW,Auxsol,14.0,2,7.0
2021-09,2021,≤10 kW,B&B POWER,8.1,3,2.6999999999999997
2021-09,2021,≤10 kW,BYD,149.49,30,4.9830000000000005
2021-09,2021,≤10 kW,Bedin Solar,852.11,175,4.8692
2021-09,2021,≤10 kW,Bel Energy,27.82,6,4.636666666666667
2021-09,2021,≤10 kW,Canadian Solar,2070.17,586,3.532713310580205
2021-09,2021,≤10 kW,Chint,50.39,15,3.3593333333333333
2021-09,2021,≤10 kW,Deye,19541.83,4093,4.7744515025653556
2021-09,2021,≤10 kW,Ecosolys,688.88,158,4.36
2021-09,2021,≤10 kW,Elgin,1302.93,263,4.954106463878327
2021-09,2021,≤10 kW,Empalux,602.66,106,5.685471698113207
2021-09,2021,≤10 kW,Enphase,2.9,1,2.9
2021-09,2021,≤10 kW,Foxess,141.39,31,4.5609677419354835
2021-09,2021,≤10 kW,Fronius,3495.23,588,5.944268707482993
2021-09,2021,≤10 kW,GE,36.96,7,5.28
2021-09,2021,≤10 kW,Goodwe,5427.99,982,5.5274847250509165
2021-09,2021,≤10 kW,Growatt,44808.68,8911,5.028468185388845
2021-09,2021,≤10 kW,Hopewind,4.79,1,4.79
2021-09,2021,≤10 kW,Hoymiles,6457.16,1517,4.256532630191167
2021-09,2021,≤10 kW,Huawei,484.02,98,4.938979591836734
2021-09,2021,≤10 kW,Hypontech,251.68,56,4.494285714285715
2021-09,2021,≤10 kW,Intelbras,3714.57,850,4.370082352941177
2021-09,2021,≤10 kW,Kehua,572.99,111,5.162072072072072
2021-09,2021,≤10 kW,Komeco,172.87,39,4.432564102564102
2021-09,2021,≤10 kW,Kstar,100.35,22,4.5613636363636365
2021-09,2021,≤10 kW,Livoltek,726.61,158,4.59879746835443
2021-09,2021,≤10 kW,NEP,7.47,3,2.4899999999999998
2021-09,2021,≤10 kW,Nexen,5.45,1,5.45
2021-09,2021,≤10 kW,Não informado,1494.75,284,5.263204225352113
2021-09,2021,≤10 kW,Outros,4264.55,864,4.93582175925926
2021-09,2021,≤10 kW,PHB,4359.12,863,5.051123986095018
2021-09,2021,≤10 kW,Refusol,1525.43,388,3.9315206185567013
2021-09,2021,≤10 kW,Renac,1550.89,292,5.311267123287672
2021-09,2021,≤10 kW,Renovigi,9335.710000000001,1978,4.719772497472195
2021-09,2021,≤10 kW,SAJ,3658.82,734,4.984768392370572
2021-09,2021,≤10 kW,SHENZHEN,72.41,15,4.827333333333333
2021-09,2021,≤10 kW,SMA,186.59,47,3.97
2021-09,2021,≤10 kW,SUNWAYS,3.0,1,3.0
2021-09,2021,≤10 kW,Sofar Solar,8656.72,1715,5.047650145772594
2021-09,2021,≤10 kW,SolarEdge,253.47,46,5.510217391304348
2021-09,2021,≤10 kW,Solax Power,29.1,8,3.6375
2021-09,2021,≤10 kW,Solis (Ginlong),16177.76,3088,5.238911917098446
2021-09,2021,≤10 kW,Solplanet,74.10000000000001,14,5.292857142857144
2021-09,2021,≤10 kW,Sungrow,4499.84,830,5.421493975903615
2021-09,2021,≤10 kW,Tsun,31.35,32,0.9796875
2021-09,2021,≤10 kW,WEG,8101.45,1484,5.459198113207547
2021-09,2021,≤10 kW,WEG (Huawei),481.88,102,4.724313725490196
2021-09,2021,10–20 kW,ABB/FIMER,329.52,22,14.978181818181817
2021-09,2021,10–20 kW,APsystems,1291.7,99,13.047474747474748
2021-09,2021,10–20 kW,Auxsol,25.32,2,12.66
2021-09,2021,10–20 kW,BYD,34.2,2,17.1
2021-09,2021,10–20 kW,Bedin Solar,289.94,20,14.497
2021-09,2021,10–20 kW,Bel Energy,40.24,3,13.413333333333334
2021-09,2021,10–20 kW,Canadian Solar,679.72,43,15.807441860465117
2021-09,2021,10–20 kW,Deye,5332.37,363,14.689724517906336
2021-09,2021,10–20 kW,Ecosolys,186.39,12,15.532499999999999
2021-09,2021,10–20 kW,Elgin,239.26,16,14.95375
2021-09,2021,10–20 kW,Empalux,165.05,12,13.754166666666668
2021-09,2021,10–20 kW,Foxess,30.0,2,15.0
2021-09,2021,10–20 kW,Fronius,2950.73,195,15.131948717948719
2021-09,2021,10–20 kW,GE,40.85,3,13.616666666666667
2021-09,2021,10–20 kW,Goodwe,1546.81,98,15.78377551020408
2021-09,2021,10–20 kW,Growatt,15469.85,1006,15.37758449304175
2021-09,2021,10–20 kW,Hoymiles,1501.56,115,13.05704347826087
2021-09,2021,10–20 kW,Huawei,1288.47,82,15.713048780487805
2021-09,2021,10–20 kW,Hypontech,28.0,2,14.0
2021-09,2021,10–20 kW,Intelbras,1457.67,112,13.014910714285715
2021-09,2021,10–20 kW,Kehua,149.0,11,13.545454545454545
2021-09,2021,10–20 kW,Komeco,63.84,4,15.96
2021-09,2021,10–20 kW,Kstar,129.26,10,12.925999999999998
2021-09,2021,10–20 kW,Livoltek,154.24,10,15.424000000000001
2021-09,2021,10–20 kW,Não informado,1045.1,68,15.369117647058822
2021-09,2021,10–20 kW,Outros,1886.79,130,14.513769230769231
2021-09,2021,10–20 kW,PHB,1520.5,101,15.054455445544555
2021-09,2021,10–20 kW,Refusol,224.36,14,16.025714285714287
2021-09,2021,10–20 kW,Renac,376.71999999999997,25,15.0688
2021-09,2021,10–20 kW,Renovigi,2013.59,128,15.731171875
2021-09,2021,10–20 kW,SAJ,1258.89,84,14.986785714285716
2021-09,2021,10–20 kW,SHENZHEN,277.1,18,15.394444444444446
2021-09,2021,10–20 kW,SMA,39.0,3,13.0
2021-09,2021,10–20 kW,Sofar Solar,3616.9,255,14.18392156862745
2021-09,2021,10–20 kW,SolarEdge,271.48,18,15.082222222222223
2021-09,2021,10–20 kW,Solis (Ginlong),6024.06,390,15.446307692307693
2021-09,2021,10–20 kW,Solplanet,20.0,1,20.0
2021-09,2021,10–20 kW,Sungrow,2917.96,194,15.041030927835052
2021-09,2021,10–20 kW,Tsun,10.5,1,10.5
2021-09,2021,10–20 kW,WEG,3892.65,253,15.385968379446641
2021-09,2021,10–20 kW,WEG (Huawei),538.64,36,14.962222222222222
2021-09,2021,20–75 kW,ABB/FIMER,756.84,16,47.3025
2021-09,2021,20–75 kW,APsystems,1114.07,32,34.8146875
2021-09,2021,20–75 kW,BYD,20.8,1,20.8
2021-09,2021,20–75 kW,Bedin Solar,1153.94,23,50.17130434782609
2021-09,2021,20–75 kW,Canadian Solar,2819.95,67,42.08880597014925
2021-09,2021,20–75 kW,Chint,198.64,4,49.66
2021-09,2021,20–75 kW,Deye,8796.19,219,40.16525114155252
2021-09,2021,20–75 kW,Ecosolys,85.76,3,28.58666666666667
2021-09,2021,20–75 kW,Elgin,774.26,18,43.01444444444444
2021-09,2021,20–75 kW,Empalux,382.99,11,34.81727272727273
2021-09,2021,20–75 kW,Fronius,7893.28,191,41.32607329842932
2021-09,2021,20–75 kW,GE,52.8,2,26.4
2021-09,2021,20–75 kW,Goodwe,6264.52,127,49.32692913385827
2021-09,2021,20–75 kW,Growatt,21707.07,511,42.47958904109589
2021-09,2021,20–75 kW,Hopewind,100.3,3,33.43333333333333
2021-09,2021,20–75 kW,Hoymiles,815.95,25,32.638000000000005
2021-09,2021,20–75 kW,Huawei,6504.72,137,47.479708029197084
2021-09,2021,20–75 kW,Ingeteam,33.0,1,33.0
2021-09,2021,20–75 kW,Intelbras,1544.25,39,39.59615384615385
2021-09,2021,20–75 kW,Kehua,151.6,5,30.32
2021-09,2021,20–75 kW,Komeco,279.2,5,55.839999999999996
2021-09,2021,20–75 kW,Kstar,335.0,7,47.857142857142854
2021-09,2021,20–75 kW,Livoltek,340.71999999999997,9,37.85777777777778
2021-09,2021,20–75 kW,Não informado,3028.25,68,44.533088235294116
2021-09,2021,20–75 kW,Outros,4331.18,112,38.67125
2021-09,2021,20–75 kW,PHB,3677.55,95,38.71105263157895
2021-09,2021,20–75 kW,Refusol,709.73,24,29.572083333333335
2021-09,2021,20–75 kW,Renac,538.97,15,35.931333333333335
2021-09,2021,20–75 kW,Renovigi,5041.53,113,44.615309734513275
2021-09,2021,20–75 kW,SAJ,1508.25,39,38.67307692307692
2021-09,2021,20–75 kW,SHENZHEN,1375.96,26,52.92153846153846
2021-09,2021,20–75 kW,SMA,1562.8,35,44.65142857142857
2021-09,2021,20–75 kW,Sofar Solar,7009.38,163,43.00233128834356
2021-09,2021,20–75 kW,SolarEdge,2224.9500000000003,51,43.6264705882353
2021-09,2021,20–75 kW,Solax Power,21.0,1,21.0
2021-09,2021,20–75 kW,Solis (Ginlong),15381.71,357,43.086022408963586
2021-09,2021,20–75 kW,Solplanet,110.84,3,36.946666666666665
2021-09,2021,20–75 kW,Sungrow,8705.74,207,42.05671497584541
2021-09,2021,20–75 kW,WEG,11614.12,241,48.19136929460581
2021-09,2021,20–75 kW,WEG (Huawei),2670.45,58,46.04224137931034
2021-09,2021,75–300 kW,ABB/FIMER,1150.0,5,230.0
2021-09,2021,75–300 kW,APsystems,100.0,1,100.0
2021-09,2021,75–300 kW,BYD,110.0,1,110.0
2021-09,2021,75–300 kW,Canadian Solar,80.0,1,80.0
2021-09,2021,75–300 kW,Deye,335.0,3,111.66666666666667
2021-09,2021,75–300 kW,Fronius,2044.6,17,120.27058823529411
2021-09,2021,75–300 kW,Goodwe,1265.0,9,140.55555555555554
2021-09,2021,75–300 kW,Growatt,1557.48,11,141.5890909090909
2021-09,2021,75–300 kW,Huawei,274.0,2,137.0
2021-09,2021,75–300 kW,Intelbras,125.0,1,125.0
2021-09,2021,75–300 kW,Não informado,425.0,2,212.5
2021-09,2021,75–300 kW,Outros,1078.54,6,179.75666666666666
2021-09,2021,75–300 kW,PHB,313.75,3,104.58333333333333
2021-09,2021,75–300 kW,Renovigi,435.0,3,145.0
2021-09,2021,75–300 kW,SAJ,80.0,1,80.0
2021-09,2021,75–300 kW,SMA,200.0,2,100.0
2021-09,2021,75–300 kW,Sofar Solar,1090.0,6,181.66666666666666
2021-09,2021,75–300 kW,SolarEdge,242.35,1,242.35
2021-09,2021,75–300 kW,Solis (Ginlong),1400.63,9,155.62555555555556
2021-09,2021,75–300 kW,Sungrow,2625.0,15,175.0
2021-09,2021,75–300 kW,WEG,1953.7,11,177.60909090909092
2021-09,2021,300 kW–1 MW,ABB/FIMER,350.0,1,350.0
2021-09,2021,300 kW–1 MW,Canadian Solar,1750.0,3,583.3333333333334
2021-09,2021,300 kW–1 MW,Deye,500.0,1,500.0
2021-09,2021,300 kW–1 MW,Goodwe,765.19,2,382.595
2021-09,2021,300 kW–1 MW,Growatt,975.0,1,975.0
2021-09,2021,300 kW–1 MW,Huawei,2420.0,3,806.6666666666666
2021-09,2021,300 kW–1 MW,Intelbras,550.0,1,550.0
2021-09,2021,300 kW–1 MW,Outros,500.0,1,500.0
2021-09,2021,300 kW–1 MW,PHB,376.0,1,376.0
2021-09,2021,300 kW–1 MW,SMA,325.0,1,325.0
2021-09,2021,300 kW–1 MW,Sofar Solar,360.0,1,360.0
2021-09,2021,300 kW–1 MW,Sungrow,7655.0,9,850.5555555555555
2021-09,2021,300 kW–1 MW,WEG,1420.0,2,710.0
2021-09,2021,300 kW–1 MW,WEG (Huawei),1590.0,2,795.0
2021-09,2021,1–5 MW,Huawei,4500.0,2,2250.0
2021-09,2021,1–5 MW,Sungrow,3730.0,2,1865.0
2021-10,2021,≤10 kW,ABB/FIMER,516.4399999999999,100,5.1644
2021-10,2021,≤10 kW,APsystems,5486.68,1355,4.049210332103321
2021-10,2021,≤10 kW,BYD,83.16,19,4.376842105263158
2021-10,2021,≤10 kW,Bedin Solar,924.54,188,4.917765957446808
2021-10,2021,≤10 kW,Bel Energy,481.04,107,4.49570093457944
2021-10,2021,≤10 kW,Canadian Solar,2721.97,664,4.099352409638554
2021-10,2021,≤10 kW,Chint,41.33,10,4.133
2021-10,2021,≤10 kW,Deye,19788.51,4229,4.679240955308583
2021-10,2021,≤10 kW,Ecosolys,734.82,174,4.223103448275863
2021-10,2021,≤10 kW,Elgin,1295.27,278,4.659244604316546
2021-10,2021,≤10 kW,Empalux,784.3,142,5.523239436619718
2021-10,2021,≤10 kW,Enphase,6.96,2,3.48
2021-10,2021,≤10 kW,Foxess,187.23,42,4.457857142857143
2021-10,2021,≤10 kW,Fronius,3396.2999999999997,596,5.698489932885906
2021-10,2021,≤10 kW,GE,121.88,20,6.093999999999999
2021-10,2021,≤10 kW,Goodwe,5440.56,978,5.562944785276074
2021-10,2021,≤10 kW,Growatt,48147.06,9637,4.9960630901732905
2021-10,2021,≤10 kW,Hopewind,8.0,1,8.0
2021-10,2021,≤10 kW,Hoymiles,6521.65,1530,4.262516339869281
2021-10,2021,≤10 kW,Huawei,369.8,78,4.741025641025641
2021-10,2021,≤10 kW,Hypontech,292.56,64,4.57125
2021-10,2021,≤10 kW,Ingeteam,6.0,2,3.0
2021-10,2021,≤10 kW,Intelbras,4147.89,919,4.51348204570185
2021-10,2021,≤10 kW,Kehua,919.72,167,5.507305389221557
2021-10,2021,≤10 kW,Komeco,139.11,33,4.215454545454546
2021-10,2021,≤10 kW,Kstar,84.88,18,4.7155555555555555
2021-10,2021,≤10 kW,Livoltek,1643.37,352,4.668664772727272
2021-10,2021,≤10 kW,NEP,14.2,3,4.733333333333333
2021-10,2021,≤10 kW,Não informado,2374.59,452,5.2535176991150445
2021-10,2021,≤10 kW,Outros,4175.28,873,4.782680412371134
2021-10,2021,≤10 kW,PHB,5282.7,1062,4.974293785310734
2021-10,2021,≤10 kW,Refusol,917.85,261,3.5166666666666666
2021-10,2021,≤10 kW,Renac,1494.49,312,4.790032051282052
2021-10,2021,≤10 kW,Renovigi,9293.62,1945,4.778210796915167
2021-10,2021,≤10 kW,SAJ,3617.29,748,4.835949197860963
2021-10,2021,≤10 kW,SHENZHEN,95.32000000000001,15,6.354666666666668
2021-10,2021,≤10 kW,SMA,138.05,34,4.060294117647059
2021-10,2021,≤10 kW,SUNWAYS,15.0,2,7.5
2021-10,2021,≤10 kW,Sofar Solar,7981.08,1603,4.978839675608235
2021-10,2021,≤10 kW,SolarEdge,270.44,48,5.634166666666666
2021-10,2021,≤10 kW,Solax Power,51.5,11,4.681818181818182
2021-10,2021,≤10 kW,Solis (Ginlong),15685.28,3039,5.161329384666009
2021-10,2021,≤10 kW,Solplanet,150.3,26,5.7807692307692315
2021-10,2021,≤10 kW,Sungrow,5199.04,970,5.3598350515463915
2021-10,2021,≤10 kW,Tsun,85.8,36,2.3833333333333333
2021-10,2021,≤10 kW,WEG,9263.96,1774,5.2220744081172485
2021-10,2021,≤10 kW,WEG (Huawei),347.41,79,4.397594936708861
2021-10,2021,10–20 kW,ABB/FIMER,174.3,14,12.450000000000001
2021-10,2021,10–20 kW,APsystems,1160.84,88,13.191363636363635
2021-10,2021,10–20 kW,BYD,29.6,2,14.8
2021-10,2021,10–20 kW,Bedin Solar,264.55,18,14.697222222222223
2021-10,2021,10–20 kW,Bel Energy,35.0,2,17.5
2021-10,2021,10–20 kW,Canadian Solar,706.71,44,16.06159090909091
2021-10,2021,10–20 kW,Chint,41.3,3,13.766666666666666
2021-10,2021,10–20 kW,Deye,5383.45,365,14.749178082191781
2021-10,2021,10–20 kW,Ecosolys,232.81,15,15.520666666666667
2021-10,2021,10–20 kW,Elgin,300.72,19,15.827368421052633
2021-10,2021,10–20 kW,Empalux,372.49,26,14.326538461538462
2021-10,2021,10–20 kW,Foxess,48.08,4,12.02
2021-10,2021,10–20 kW,Fronius,2586.84,173,14.952832369942197
2021-10,2021,10–20 kW,GE,16.4,1,16.4
2021-10,2021,10–20 kW,Goodwe,1738.24,114,15.247719298245615
2021-10,2021,10–20 kW,Growatt,14950.81,964,15.509139004149377
2021-10,2021,10–20 kW,Hoymiles,1317.84,97,13.585979381443298
2021-10,2021,10–20 kW,Huawei,1895.24,119,15.926386554621848
2021-10,2021,10–20 kW,Hypontech,59.9,4,14.975
2021-10,2021,10–20 kW,Intelbras,1188.85,93,12.783333333333333
2021-10,2021,10–20 kW,Kehua,501.37,34,14.746176470588235
2021-10,2021,10–20 kW,Komeco,72.0,5,14.4
2021-10,2021,10–20 kW,Kstar,139.48,11,12.68
2021-10,2021,10–20 kW,Livoltek,113.78999999999999,8,14.223749999999999
2021-10,2021,10–20 kW,NEP,32.0,2,16.0
2021-10,2021,10–20 kW,Não informado,1464.58,96,15.256041666666667
2021-10,2021,10–20 kW,Outros,1849.0,127,14.559055118110237
2021-10,2021,10–20 kW,PHB,1259.94,83,15.180000000000001
2021-10,2021,10–20 kW,Refusol,248.58,17,14.622352941176471
2021-10,2021,10–20 kW,Renac,576.78,41,14.06780487804878
2021-10,2021,10–20 kW,Renovigi,2561.3,164,15.61768292682927
2021-10,2021,10–20 kW,SAJ,1156.47,77,15.01909090909091
2021-10,2021,10–20 kW,SHENZHEN,181.57999999999998,13,13.967692307692307
2021-10,2021,10–20 kW,SMA,44.0,3,14.666666666666666
2021-10,2021,10–20 kW,Sofar Solar,3105.52,218,14.245504587155963
2021-10,2021,10–20 kW,SolarEdge,177.74,12,14.811666666666667
2021-10,2021,10–20 kW,Solis (Ginlong),5228.76,340,15.378705882352941
2021-10,2021,10–20 kW,Solplanet,140.26999999999998,9,15.585555555555553
2021-10,2021,10–20 kW,Sungrow,3422.86,227,15.078678414096917
2021-10,2021,10–20 kW,Tsun,13.5,1,13.5
2021-10,2021,10–20 kW,WEG,3443.94,221,15.58343891402715
2021-10,2021,10–20 kW,WEG (Huawei),667.27,43,15.517906976744186
2021-10,2021,20–75 kW,ABB/FIMER,1122.5,22,51.02272727272727
2021-10,2021,20–75 kW,APsystems,966.9,33,29.3
2021-10,2021,20–75 kW,Auxsol,25.0,1,25.0
2021-10,2021,20–75 kW,BYD,274.2,4,68.55
2021-10,2021,20–75 kW,Bedin Solar,1124.76,26,43.26
2021-10,2021,20–75 kW,Bel Energy,40.1,1,40.1
2021-10,2021,20–75 kW,Canadian Solar,2154.6,52,41.434615384615384
2021-10,2021,20–75 kW,Chint,109.0,2,54.5
2021-10,2021,20–75 kW,Deye,8370.22,221,37.87429864253394
2021-10,2021,20–75 kW,Ecosolys,182.1,6,30.349999999999998
2021-10,2021,20–75 kW,Elgin,590.6,16,36.9125
2021-10,2021,20–75 kW,Empalux,460.67,14,32.905
2021-10,2021,20–75 kW,Fronius,6179.55,151,40.924172185430464
2021-10,2021,20–75 kW,GE,103.91,3,34.63666666666666
2021-10,2021,20–75 kW,Goodwe,5568.77,118,47.19296610169492
2021-10,2021,20–75 kW,Growatt,24968.63,594,42.03473063973064
2021-10,2021,20–75 kW,Hopewind,24.0,1,24.0
2021-10,2021,20–75 kW,Hoymiles,1291.08,33,39.123636363636365
2021-10,2021,20–75 kW,Huawei,6005.03,134,44.81365671641791
2021-10,2021,20–75 kW,Hypontech,89.2,2,44.6
2021-10,2021,20–75 kW,Intelbras,1768.17,45,39.29266666666667
2021-10,2021,20–75 kW,Kehua,689.59,15,45.97266666666667
2021-10,2021,20–75 kW,Komeco,218.0,4,54.5
2021-10,2021,20–75 kW,Kstar,221.0,5,44.2
2021-10,2021,20–75 kW,Livoltek,687.94,16,42.99625
2021-10,2021,20–75 kW,Não informado,2495.23,61,40.90540983606557
2021-10,2021,20–75 kW,Outros,4839.87,118,41.01584745762712
2021-10,2021,20–75 kW,PHB,2920.55,77,37.929220779220785
2021-10,2021,20–75 kW,Refusol,623.53,16,38.970625
2021-10,2021,20–75 kW,Renac,789.45,20,39.472500000000004
2021-10,2021,20–75 kW,Renovigi,5980.08,138,43.33391304347826
2021-10,2021,20–75 kW,SAJ,1724.22,48,35.92125
2021-10,2021,20–75 kW,SHENZHEN,943.6,20,47.18
2021-10,2021,20–75 kW,SMA,1149.01,24,47.875416666666666
2021-10,2021,20–75 kW,Sofar Solar,6095.15,149,40.90704697986577
2021-10,2021,20–75 kW,SolarEdge,2917.01,64,45.57828125
2021-10,2021,20–75 kW,Solis (Ginlong),13470.09,319,42.22598746081505
2021-10,2021,20–75 kW,Solplanet,61.0,2,30.5
2021-10,2021,20–75 kW,Sungrow,8979.31,196,45.812806122448976
2021-10,2021,20–75 kW,WEG,12551.64,250,50.206559999999996
2021-10,2021,20–75 kW,WEG (Huawei),1646.83,34,48.43617647058824
2021-10,2021,75–300 kW,ABB/FIMER,100.0,1,100.0
2021-10,2021,75–300 kW,Canadian Solar,729.2,4,182.3
2021-10,2021,75–300 kW,Deye,435.0,3,145.0
2021-10,2021,75–300 kW,Elgin,405.0,2,202.5
2021-10,2021,75–300 kW,Empalux,170.0,1,170.0
2021-10,2021,75–300 kW,Fronius,391.6,3,130.53333333333333
2021-10,2021,75–300 kW,Goodwe,1281.0,9,142.33333333333334
2021-10,2021,75–300 kW,Growatt,2000.0,12,166.66666666666666
2021-10,2021,75–300 kW,Huawei,2005.0,12,167.08333333333334
2021-10,2021,75–300 kW,Ingeteam,95.0,1,95.0
2021-10,2021,75–300 kW,Intelbras,565.0,3,188.33333333333334
2021-10,2021,75–300 kW,Komeco,195.0,1,195.0
2021-10,2021,75–300 kW,Kstar,260.0,1,260.0
2021-10,2021,75–300 kW,Não informado,462.0,3,154.0
2021-10,2021,75–300 kW,Outros,1547.12,8,193.39
2021-10,2021,75–300 kW,PHB,408.0,4,102.0
2021-10,2021,75–300 kW,Renovigi,375.0,2,187.5
2021-10,2021,75–300 kW,SAJ,100.0,1,100.0
2021-10,2021,75–300 kW,SMA,711.0,5,142.2
2021-10,2021,75–300 kW,Sofar Solar,1580.0,8,197.5
2021-10,2021,75–300 kW,SolarEdge,529.36,4,132.34
2021-10,2021,75–300 kW,Solis (Ginlong),517.56,4,129.39
2021-10,2021,75–300 kW,Sungrow,2392.0,15,159.46666666666667
2021-10,2021,75–300 kW,WEG,4325.0,24,180.20833333333334
2021-10,2021,75–300 kW,WEG (Huawei),464.0,3,154.66666666666666
2021-10,2021,300 kW–1 MW,ABB/FIMER,1050.0,2,525.0
2021-10,2021,300 kW–1 MW,Canadian Solar,875.0,2,437.5
2021-10,2021,300 kW–1 MW,Goodwe,400.0,1,400.0
2021-10,2021,300 kW–1 MW,Growatt,915.0,1,915.0
2021-10,2021,300 kW–1 MW,Huawei,2791.17,4,697.7925
2021-10,2021,300 kW–1 MW,Outros,1478.0,2,739.0
2021-10,2021,300 kW–1 MW,Renovigi,900.0,1,900.0
2021-10,2021,300 kW–1 MW,SMA,5000.0,6,833.3333333333334
2021-10,2021,300 kW–1 MW,Sungrow,2000.0,2,1000.0
2021-10,2021,300 kW–1 MW,WEG,1290.0,3,430.0
2021-10,2021,300 kW–1 MW,WEG (Huawei),1380.0,2,690.0
2021-10,2021,1–5 MW,ABB/FIMER,2450.0,1,2450.0
2021-10,2021,1–5 MW,Canadian Solar,1100.0,1,1100.0
2021-10,2021,1–5 MW,Huawei,5000.0,2,2500.0
2021-10,2021,1–5 MW,Sungrow,6750.0,3,2250.0
2021-11,2021,≤10 kW,ABB/FIMER,527.82,107,4.932897196261683
2021-11,2021,≤10 kW,APsystems,6701.13,1795,3.7332200557103064
2021-11,2021,≤10 kW,Auxsol,6.5,1,6.5
2021-11,2021,≤10 kW,B&B POWER,1.6,1,1.6
2021-11,2021,≤10 kW,BYD,206.05,40,5.15125
2021-11,2021,≤10 kW,Bedin Solar,1752.52,369,4.749376693766938
2021-11,2021,≤10 kW,Bel Energy,1885.03,416,4.531322115384615
2021-11,2021,≤10 kW,Canadian Solar,4203.53,914,4.599048140043763
2021-11,2021,≤10 kW,Chint,41.24,12,3.436666666666667
2021-11,2021,≤10 kW,Deye,21006.12,4521,4.646343729263437
2021-11,2021,≤10 kW,Ecosolys,672.44,166,4.050843373493977
2021-11,2021,≤10 kW,Elgin,1948.1200000000001,395,4.931949367088608
2021-11,2021,≤10 kW,Emerson,5.0,1,5.0
2021-11,2021,≤10 kW,Empalux,1286.36,238,5.404873949579832
2021-11,2021,≤10 kW,Enphase,11.6,2,5.8
2021-11,2021,≤10 kW,Foxess,326.73,76,4.299078947368422
2021-11,2021,≤10 kW,Fronius,3623.13,632,5.732800632911393
2021-11,2021,≤10 kW,GE,94.46000000000001,19,4.971578947368421
2021-11,2021,≤10 kW,Goodwe,6432.67,1244,5.170956591639872
2021-11,2021,≤10 kW,Growatt,63199.7,12772,4.948300970873786
2021-11,2021,≤10 kW,Hopewind,11.55,2,5.775
2021-11,2021,≤10 kW,Hoymiles,9640.21,2290,4.209698689956332
2021-11,2021,≤10 kW,Huawei,392.18,79,4.964303797468355
2021-11,2021,≤10 kW,Hypontech,567.14,118,4.806271186440678
2021-11,2021,≤10 kW,Ingeteam,4.7,2,2.35
2021-11,2021,≤10 kW,Intelbras,4938.04,1083,4.559593721144967
2021-11,2021,≤10 kW,Kehua,931.88,177,5.264858757062147
2021-11,2021,≤10 kW,Komeco,188.81,43,4.39093023255814
2021-11,2021,≤10 kW,Kstar,76.22,17,4.483529411764706
2021-11,2021,≤10 kW,Livoltek,4680.33,1009,4.6385827552031715
2021-11,2021,≤10 kW,NEP,17.75,5,3.55
2021-11,2021,≤10 kW,Não informado,5337.14,1038,5.141753371868979
2021-11,2021,≤10 kW,Outros,6602.42,1378,4.791306240928883
2021-11,2021,≤10 kW,PHB,5989.55,1122,5.338279857397505
2021-11,2021,≤10 kW,Refusol,791.5,212,3.733490566037736
2021-11,2021,≤10 kW,Renac,1773.08,371,4.779191374663073
2021-11,2021,≤10 kW,Renovigi,9350.67,1937,4.827398038203407
2021-11,2021,≤10 kW,SAJ,4593.65,927,4.955393743257821
2021-11,2021,≤10 kW,SHENZHEN,170.82,32,5.338125
2021-11,2021,≤10 kW,SMA,139.76,42,3.3276190476190473
2021-11,2021,≤10 kW,SUNWAYS,24.0,5,4.8
2021-11,2021,≤10 kW,Sofar Solar,10613.16,2073,5.119710564399421
2021-11,2021,≤10 kW,SolarEdge,347.65,61,5.699180327868852
2021-11,2021,≤10 kW,Solax Power,72.15,17,4.2441176470588236
2021-11,2021,≤10 kW,Solis (Ginlong),18881.8,3750,5.035146666666667
2021-11,2021,≤10 kW,Solplanet,117.49,21,5.594761904761905
2021-11,2021,≤10 kW,Sungrow,6551.87,1231,5.322396425670187
2021-11,2021,≤10 kW,Tsun,110.66,97,1.140824742268041
2021-11,2021,≤10 kW,WEG,11062.12,2121,5.2155209806694955
2021-11,2021,≤10 kW,WEG (Huawei),161.51,30,5.383666666666667
2021-11,2021,10–20 kW,ABB/FIMER,182.55,14,13.039285714285715
2021-11,2021,10–20 kW,APsystems,1397.0,106,13.179245283018869
2021-11,2021,10–20 kW,BYD,111.25,7,15.892857142857142
2021-11,2021,10–20 kW,Bedin Solar,484.32,32,15.135
2021-11,2021,10–20 kW,Bel Energy,85.9,7,12.271428571428572
2021-11,2021,10–20 kW,Canadian Solar,1235.9,78,15.844871794871796
2021-11,2021,10–20 kW,Chint,77.25,5,15.45
2021-11,2021,10–20 kW,Deye,6261.55,423,14.802718676122932
2021-11,2021,10–20 kW,Ecosolys,147.06,10,14.706
2021-11,2021,10–20 kW,Elgin,494.35,30,16.478333333333335
2021-11,2021,10–20 kW,Empalux,397.9,27,14.737037037037036
2021-11,2021,10–20 kW,Foxess,132.0,10,13.2
2021-11,2021,10–20 kW,Fronius,2485.11,163,15.246073619631902
2021-11,2021,10–20 kW,GE,18.0,1,18.0
2021-11,2021,10–20 kW,Goodwe,1509.43,100,15.0943
2021-11,2021,10–20 kW,Growatt,17541.69,1132,15.4961925795053
2021-11,2021,10–20 kW,Hoymiles,2173.05,164,13.250304878048782
2021-11,2021,10–20 kW,Huawei,2014.69,126,15.989603174603175
2021-11,2021,10–20 kW,Hypontech,13.05,1,13.05
2021-11,2021,10–20 kW,Intelbras,1734.39,136,12.752867647058824
2021-11,2021,10–20 kW,Kehua,636.72,42,15.16
2021-11,2021,10–20 kW,Komeco,45.79,3,15.263333333333334
2021-11,2021,10–20 kW,Kstar,60.2,4,15.05
2021-11,2021,10–20 kW,Livoltek,473.08,35,13.516571428571428
2021-11,2021,10–20 kW,NEP,13.2,1,13.2
2021-11,2021,10–20 kW,Não informado,2411.87,163,14.796748466257668
2021-11,2021,10–20 kW,Outros,2204.72,150,14.698133333333333
2021-11,2021,10–20 kW,PHB,1908.11,129,14.791550387596898
2021-11,2021,10–20 kW,Refusol,363.09000000000003,25,14.523600000000002
2021-11,2021,10–20 kW,Renac,634.62,43,14.758604651162791
2021-11,2021,10–20 kW,Renovigi,2667.73,169,15.785384615384615
2021-11,2021,10–20 kW,SAJ,1366.99,92,14.858586956521739
2021-11,2021,10–20 kW,SHENZHEN,228.0,15,15.2
2021-11,2021,10–20 kW,SMA,67.0,5,13.4
2021-11,2021,10–20 kW,SUNWAYS,22.0,2,11.0
2021-11,2021,10–20 kW,Sofar Solar,3709.32,256,14.48953125
2021-11,2021,10–20 kW,SolarEdge,382.13,25,15.2852
2021-11,2021,10–20 kW,Solax Power,15.0,1,15.0
2021-11,2021,10–20 kW,Solis (Ginlong),6202.72,398,15.584723618090452
2021-11,2021,10–20 kW,Solplanet,89.45,6,14.908333333333333
2021-11,2021,10–20 kW,Sungrow,3897.42,260,14.990076923076924
2021-11,2021,10–20 kW,Tsun,37.239999999999995,3,12.413333333333332
2021-11,2021,10–20 kW,WEG,3871.68,253,15.303083003952569
2021-11,2021,10–20 kW,WEG (Huawei),261.96,17,15.409411764705881
2021-11,2021,20–75 kW,ABB/FIMER,574.38,14,41.027142857142856
2021-11,2021,20–75 kW,APsystems,1444.1299999999999,42,34.384047619047614
2021-11,2021,20–75 kW,BYD,20.1,1,20.1
2021-11,2021,20–75 kW,Bedin Solar,1437.26,31,46.36322580645161
2021-11,2021,20–75 kW,Bel Energy,79.34,3,26.44666666666667
2021-11,2021,20–75 kW,Canadian Solar,2479.5,69,35.93478260869565
2021-11,2021,20–75 kW,Chint,56.0,2,28.0
2021-11,2021,20–75 kW,Deye,8581.47,213,40.288591549295774
2021-11,2021,20–75 kW,Ecosolys,352.46000000000004,10,35.246
2021-11,2021,20–75 kW,Elgin,894.91,22,40.677727272727275
2021-11,2021,20–75 kW,Empalux,879.16,21,41.864761904761906
2021-11,2021,20–75 kW,Foxess,70.6,2,35.3
2021-11,2021,20–75 kW,Fronius,5887.24,141,41.75347517730496
2021-11,2021,20–75 kW,GE,20.1,1,20.1
2021-11,2021,20–75 kW,Goodwe,6036.79,138,43.74485507246377
2021-11,2021,20–75 kW,Growatt,29237.93,707,41.354922206506366
2021-11,2021,20–75 kW,Hoymiles,1339.25,36,37.201388888888886
2021-11,2021,20–75 kW,Huawei,6030.21,130,46.38623076923077
2021-11,2021,20–75 kW,Hypontech,78.0,3,26.0
2021-11,2021,20–75 kW,Intelbras,2055.99,57,36.06999999999999
2021-11,2021,20–75 kW,Kehua,640.34,13,49.25692307692308
2021-11,2021,20–75 kW,Komeco,30.0,1,30.0
2021-11,2021,20–75 kW,Kstar,286.46000000000004,9,31.828888888888894
2021-11,2021,20–75 kW,Livoltek,1844.66,45,40.992444444444445
2021-11,2021,20–75 kW,Não informado,3882.28,101,38.43841584158416
2021-11,2021,20–75 kW,Outros,7202.87,161,44.73832298136646
2021-11,2021,20–75 kW,PHB,4685.7,120,39.0475
2021-11,2021,20–75 kW,Refusol,722.1,20,36.105000000000004
2021-11,2021,20–75 kW,Renac,658.33,18,36.57388888888889
2021-11,2021,20–75 kW,Renovigi,4721.09,111,42.532342342342346
2021-11,2021,20–75 kW,SAJ,2529.41,66,38.324393939393936
2021-11,2021,20–75 kW,SHENZHEN,921.8,22,41.9
2021-11,2021,20–75 kW,SMA,1133.8,22,51.53636363636363
2021-11,2021,20–75 kW,Sofar Solar,6506.75,166,39.1972891566265
2021-11,2021,20–75 kW,SolarEdge,3229.14,69,46.799130434782604
2021-11,2021,20–75 kW,Solax Power,30.0,1,30.0
2021-11,2021,20–75 kW,Solis (Ginlong),15468.56,367,42.148664850136235
2021-11,2021,20–75 kW,Solplanet,153.89999999999998,4,38.474999999999994
2021-11,2021,20–75 kW,Sungrow,11018.87,242,45.53252066115703
2021-11,2021,20–75 kW,TSUNESS,44.6,1,44.6
2021-11,2021,20–75 kW,Tsun,20.8,1,20.8
2021-11,2021,20–75 kW,WEG,12563.63,257,48.88571984435797
2021-11,2021,20–75 kW,WEG (Huawei),1644.8600000000001,32,51.401875000000004
2021-11,2021,75–300 kW,ABB/FIMER,550.0,3,183.33333333333334
2021-11,2021,75–300 kW,APsystems,108.0,1,108.0
2021-11,2021,75–300 kW,Bedin Solar,110.0,1,110.0
2021-11,2021,75–300 kW,Canadian Solar,690.0,3,230.0
2021-11,2021,75–300 kW,Deye,1010.21,7,144.31571428571428
2021-11,2021,75–300 kW,Elgin,150.0,1,150.0
2021-11,2021,75–300 kW,Fronius,703.0,3,234.33333333333334
2021-11,2021,75–300 kW,Goodwe,853.73,6,142.28833333333333
2021-11,2021,75–300 kW,Growatt,2135.2,11,194.1090909090909
2021-11,2021,75–300 kW,Huawei,1566.5,9,174.05555555555554
2021-11,2021,75–300 kW,Ingeteam,292.4,1,292.4
2021-11,2021,75–300 kW,Intelbras,380.0,2,190.0
2021-11,2021,75–300 kW,Kehua,100.0,1,100.0
2021-11,2021,75–300 kW,Não informado,605.0,4,151.25
2021-11,2021,75–300 kW,Outros,1008.0,6,168.0
2021-11,2021,75–300 kW,PHB,370.0,2,185.0
2021-11,2021,75–300 kW,Renovigi,255.0,2,127.5
2021-11,2021,75–300 kW,SAJ,120.0,1,120.0
2021-11,2021,75–300 kW,SMA,675.0,4,168.75
2021-11,2021,75–300 kW,Sofar Solar,357.0,3,119.0
2021-11,2021,75–300 kW,SolarEdge,170.0,1,170.0
2021-11,2021,75–300 kW,Solis (Ginlong),2764.19,16,172.761875
2021-11,2021,75–300 kW,Sungrow,1883.0,14,134.5
2021-11,2021,75–300 kW,WEG,3096.0,16,193.5
2021-11,2021,75–300 kW,WEG (Huawei),590.0,3,196.66666666666666
2021-11,2021,300 kW–1 MW,ABB/FIMER,442.8,1,442.8
2021-11,2021,300 kW–1 MW,Canadian Solar,700.0,1,700.0
2021-11,2021,300 kW–1 MW,Deye,950.0,1,950.0
2021-11,2021,300 kW–1 MW,Elgin,500.0,1,500.0
2021-11,2021,300 kW–1 MW,Growatt,750.0,1,750.0
2021-11,2021,300 kW–1 MW,Huawei,4715.0,5,943.0
2021-11,2021,300 kW–1 MW,Outros,680.0,2,340.0
2021-11,2021,300 kW–1 MW,SHENZHEN,600.0,1,600.0
2021-11,2021,300 kW–1 MW,SMA,2000.0,2,1000.0
2021-11,2021,300 kW–1 MW,Sofar Solar,500.0,1,500.0
2021-11,2021,300 kW–1 MW,Solis (Ginlong),600.0,1,600.0
2021-11,2021,300 kW–1 MW,Sungrow,5025.0,7,717.8571428571429
2021-11,2021,300 kW–1 MW,WEG,1320.0,2,660.0
2021-11,2021,1–5 MW,Growatt,1100.0,1,1100.0
2021-11,2021,1–5 MW,Huawei,16240.0,5,3248.0
2021-11,2021,1–5 MW,Sungrow,2500.0,1,2500.0
2021-11,2021,1–5 MW,WEG,1900.0,1,1900.0
2021-12,2021,≤10 kW,ABB/FIMER,458.4,103,4.450485436893204
2021-12,2021,≤10 kW,APsystems,7597.63,1896,4.0071888185654005
2021-12,2021,≤10 kW,B&B POWER,7.6899999999999995,3,2.563333333333333
2021-12,2021,≤10 kW,BYD,690.26,149,4.63261744966443
2021-12,2021,≤10 kW,Bedin Solar,2402.4900000000002,467,5.144518201284797
2021-12,2021,≤10 kW,Bel Energy,4996.82,1104,4.526105072463768
2021-12,2021,≤10 kW,Canadian Solar,4938.38,990,4.988262626262626
2021-12,2021,≤10 kW,Chint,18.8,5,3.7600000000000002
2021-12,2021,≤10 kW,Deye,22692.47,4850,4.678859793814433
2021-12,2021,≤10 kW,Ecosolys,864.63,208,4.156875
2021-12,2021,≤10 kW,Elgin,2756.34,595,4.632504201680672
2021-12,2021,≤10 kW,Empalux,1591.29,293,5.431023890784982
2021-12,2021,≤10 kW,Enphase,13.83,2,6.915
2021-12,2021,≤10 kW,Foxess,327.44,76,4.308421052631579
2021-12,2021,≤10 kW,Fronius,3951.56,677,5.836868537666175
2021-12,2021,≤10 kW,GE,138.71,21,6.605238095238096
2021-12,2021,≤10 kW,Goodwe,8715.59,1680,5.187851190476191
2021-12,2021,≤10 kW,Growatt,70592.93,13951,5.060062361121066
2021-12,2021,≤10 kW,Hopewind,58.94,10,5.894
2021-12,2021,≤10 kW,Hoymiles,8272.92,1920,4.3088125
2021-12,2021,≤10 kW,Huawei,542.96,108,5.0274074074074075
2021-12,2021,≤10 kW,Hypontech,650.79,134,4.856641791044776
2021-12,2021,≤10 kW,Ingeteam,54.12,11,4.92
2021-12,2021,≤10 kW,Intelbras,6996.0199999999995,1541,4.539922128487994
2021-12,2021,≤10 kW,Kehua,763.75,140,5.455357142857143
2021-12,2021,≤10 kW,Komeco,295.65,70,4.223571428571428
2021-12,2021,≤10 kW,Kstar,125.83,26,4.839615384615384
2021-12,2021,≤10 kW,Livoltek,7970.46,1691,4.713459491425192
2021-12,2021,≤10 kW,NEP,21.25,9,2.361111111111111
2021-12,2021,≤10 kW,Nexen,5.45,1,5.45
2021-12,2021,≤10 kW,Não informado,11380.1,2123,5.360386245878474
2021-12,2021,≤10 kW,Outros,13805.66,2801,4.928832559800071
2021-12,2021,≤10 kW,PHB,6378.51,1220,5.228286885245902
2021-12,2021,≤10 kW,Refusol,750.91,180,4.171722222222222
2021-12,2021,≤10 kW,Renac,2899.03,614,4.721547231270359
2021-12,2021,≤10 kW,Renovigi,8999.23,1835,4.904212534059945
2021-12,2021,≤10 kW,SAJ,6378.59,1268,5.030433753943218
2021-12,2021,≤10 kW,SHENZHEN,108.68,22,4.94
2021-12,2021,≤10 kW,SMA,197.18,55,3.5850909090909093
2021-12,2021,≤10 kW,SUNWAYS,184.72,42,4.398095238095238
2021-12,2021,≤10 kW,Sofar Solar,13551.07,2669,5.077208692394155
2021-12,2021,≤10 kW,SolarEdge,473.23,87,5.439425287356322
2021-12,2021,≤10 kW,Solax Power,168.09,42,4.002142857142857
2021-12,2021,≤10 kW,Solis (Ginlong),19853.22,3947,5.029951862173803
2021-12,2021,≤10 kW,Solplanet,126.15,23,5.484782608695652
2021-12,2021,≤10 kW,Sungrow,6943.77,1294,5.36612828438949
2021-12,2021,≤10 kW,Tsun,172.3,90,1.9144444444444446
2021-12,2021,≤10 kW,WEG,12702.95,2454,5.176426242868786
2021-12,2021,≤10 kW,WEG (Huawei),438.03,92,4.761195652173913
2021-12,2021,10–20 kW,ABB/FIMER,238.5,15,15.9
2021-12,2021,10–20 kW,APsystems,2248.05,165,13.624545454545455
2021-12,2021,10–20 kW,BYD,166.4,11,15.127272727272727
2021-12,2021,10–20 kW,Bedin Solar,594.0600000000001,39,15.232307692307694
2021-12,2021,10–20 kW,Bel Energy,636.26,41,15.518536585365853
2021-12,2021,10–20 kW,Canadian Solar,2339.52,150,15.5968
2021-12,2021,10–20 kW,Chint,52.26,4,13.065
2021-12,2021,10–20 kW,Deye,6830.41,463,14.752505399568035
2021-12,2021,10–20 kW,Ecosolys,166.73,12,13.894166666666665
2021-12,2021,10–20 kW,Elgin,363.75,24,15.15625
2021-12,2021,10–20 kW,Empalux,384.02,27,14.222962962962962
2021-12,2021,10–20 kW,Foxess,192.51,13,14.808461538461538
2021-12,2021,10–20 kW,Fronius,3073.12,206,14.918058252427183
2021-12,2021,10–20 kW,GE,54.9,4,13.725
2021-12,2021,10–20 kW,Goodwe,1757.66,117,15.022735042735043
2021-12,2021,10–20 kW,Growatt,19266.01,1240,15.537104838709675
2021-12,2021,10–20 kW,Hopewind,20.0,1,20.0
2021-12,2021,10–20 kW,Hoymiles,2164.16,160,13.526
2021-12,2021,10–20 kW,Huawei,1814.53,114,15.916929824561404
2021-12,2021,10–20 kW,Hypontech,242.38,16,15.14875
2021-12,2021,10–20 kW,Ingeteam,11.0,1,11.0
2021-12,2021,10–20 kW,Intelbras,2033.01,158,12.867151898734177
2021-12,2021,10–20 kW,Kehua,455.29,31,14.686774193548388
2021-12,2021,10–20 kW,Komeco,108.8,7,15.542857142857143
2021-12,2021,10–20 kW,Kstar,80.97,5,16.194
2021-12,2021,10–20 kW,Livoltek,809.9,59,13.727118644067795
2021-12,2021,10–20 kW,Nexen,16.0,1,16.0
2021-12,2021,10–20 kW,Não informado,5083.7,326,15.594171779141103
2021-12,2021,10–20 kW,Outros,3665.67,251,14.604262948207172
2021-12,2021,10–20 kW,PHB,2128.58,143,14.885174825174825
2021-12,2021,10–20 kW,Refusol,273.37,19,14.387894736842105
2021-12,2021,10–20 kW,Renac,928.83,69,13.461304347826088
2021-12,2021,10–20 kW,Renovigi,2501.42,164,15.252560975609757
2021-12,2021,10–20 kW,SAJ,1678.79,114,14.726228070175438
2021-12,2021,10–20 kW,SHENZHEN,261.39,17,15.375882352941176
2021-12,2021,10–20 kW,SMA,30.0,2,15.0
2021-12,2021,10–20 kW,SUNWAYS,15.2,1,15.2
2021-12,2021,10–20 kW,Sofar Solar,4323.62,302,14.316622516556292
2021-12,2021,10–20 kW,SolarEdge,281.5,17,16.558823529411764
2021-12,2021,10–20 kW,Solax Power,15.0,1,15.0
2021-12,2021,10–20 kW,Solis (Ginlong),5807.1,369,15.73739837398374
2021-12,2021,10–20 kW,Solplanet,100.91,7,14.415714285714285
2021-12,2021,10–20 kW,Sungrow,3694.19,245,15.078326530612244
2021-12,2021,10–20 kW,Tsun,11.0,1,11.0
2021-12,2021,10–20 kW,WEG,4715.18,306,15.409084967320263
2021-12,2021,10–20 kW,WEG (Huawei),464.74,29,16.025517241379312
2021-12,2021,20–75 kW,ABB/FIMER,542.54,13,41.73384615384615
2021-12,2021,20–75 kW,APsystems,1551.44,47,33.00936170212766
2021-12,2021,20–75 kW,BYD,374.7,7,53.528571428571425
2021-12,2021,20–75 kW,Bedin Solar,2676.6,55,48.665454545454544
2021-12,2021,20–75 kW,Bel Energy,539.13,16,33.695625
2021-12,2021,20–75 kW,Canadian Solar,4529.91,107,42.33560747663551
2021-12,2021,20–75 kW,Chint,85.6,2,42.8
2021-12,2021,20–75 kW,Deye,10094.1,236,42.771610169491524
2021-12,2021,20–75 kW,Ecosolys,392.3,9,43.58888888888889
2021-12,2021,20–75 kW,Elgin,774.02,21,36.85809523809524
2021-12,2021,20–75 kW,Empalux,1084.0,27,40.148148148148145
2021-12,2021,20–75 kW,Foxess,153.51999999999998,4,38.379999999999995
2021-12,2021,20–75 kW,Fronius,7028.04,167,42.08407185628742
2021-12,2021,20–75 kW,GE,165.5,7,23.642857142857142
2021-12,2021,20–75 kW,Goodwe,8926.91,183,48.780928961748636
2021-12,2021,20–75 kW,Growatt,30300.09,734,41.280776566757496
2021-12,2021,20–75 kW,Hoymiles,1623.0,46,35.28260869565217
2021-12,2021,20–75 kW,Huawei,6082.81,130,46.790846153846154
2021-12,2021,20–75 kW,Hypontech,238.65,5,47.730000000000004
2021-12,2021,20–75 kW,Intelbras,2449.0,61,40.14754098360656
2021-12,2021,20–75 kW,Kehua,657.64,15,43.842666666666666
2021-12,2021,20–75 kW,Komeco,183.07,5,36.614
2021-12,2021,20–75 kW,Kstar,576.6,14,41.18571428571429
2021-12,2021,20–75 kW,Livoltek,1581.8700000000001,40,39.54675
2021-12,2021,20–75 kW,Não informado,10155.62,239,42.49213389121339
2021-12,2021,20–75 kW,Outros,9959.08,232,42.92706896551724
2021-12,2021,20–75 kW,PHB,3906.69,112,34.88116071428571
2021-12,2021,20–75 kW,Refusol,1088.91,31,35.12612903225807
2021-12,2021,20–75 kW,Renac,971.47,23,42.237826086956524
2021-12,2021,20–75 kW,Renovigi,5852.85,143,40.92902097902098
2021-12,2021,20–75 kW,SAJ,2107.83,58,36.34189655172413
2021-12,2021,20–75 kW,SHENZHEN,863.76,21,41.13142857142857
2021-12,2021,20–75 kW,SMA,1142.89,19,60.1521052631579
2021-12,2021,20–75 kW,Sofar Solar,7806.68,195,40.03425641025641
2021-12,2021,20–75 kW,SolarEdge,3257.66,74,44.02243243243243
2021-12,2021,20–75 kW,Solis (Ginlong),19135.17,420,45.559928571428564
2021-12,2021,20–75 kW,Solplanet,180.79,5,36.158
2021-12,2021,20–75 kW,Sungrow,11138.23,241,46.21672199170124
2021-12,2021,20–75 kW,Tsun,95.8,4,23.95
2021-12,2021,20–75 kW,WEG,13969.67,280,49.89167857142857
2021-12,2021,20–75 kW,WEG (Huawei),1089.2,23,47.356521739130436
2021-12,2021,75–300 kW,ABB/FIMER,1055.2,5,211.04000000000002
2021-12,2021,75–300 kW,BYD,120.0,1,120.0
2021-12,2021,75–300 kW,Bedin Solar,110.0,1,110.0
2021-12,2021,75–300 kW,Canadian Solar,405.0,3,135.0
2021-12,2021,75–300 kW,Deye,1340.0,7,191.42857142857142
2021-12,2021,75–300 kW,Elgin,144.5,1,144.5
2021-12,2021,75–300 kW,Empalux,120.0,1,120.0
2021-12,2021,75–300 kW,Fronius,1834.0,11,166.72727272727272
2021-12,2021,75–300 kW,Goodwe,875.0,4,218.75
2021-12,2021,75–300 kW,Growatt,1784.01,10,178.401
2021-12,2021,75–300 kW,Huawei,2441.5,13,187.80769230769232
2021-12,2021,75–300 kW,Intelbras,250.0,2,125.0
2021-12,2021,75–300 kW,Kehua,125.0,1,125.0
2021-12,2021,75–300 kW,Komeco,152.0,1,152.0
2021-12,2021,75–300 kW,Não informado,1675.0,9,186.11111111111111
2021-12,2021,75–300 kW,Outros,622.0,6,103.66666666666667
2021-12,2021,75–300 kW,PHB,670.0,4,167.5
2021-12,2021,75–300 kW,Renac,100.0,1,100.0
2021-12,2021,75–300 kW,Renovigi,330.0,3,110.0
2021-12,2021,75–300 kW,SAJ,386.0,3,128.66666666666666
2021-12,2021,75–300 kW,SHENZHEN,607.5,3,202.5
2021-12,2021,75–300 kW,SMA,100.0,1,100.0
2021-12,2021,75–300 kW,Sofar Solar,733.0,5,146.6
2021-12,2021,75–300 kW,SolarEdge,105.6,1,105.6
2021-12,2021,75–300 kW,Solis (Ginlong),1168.72,7,166.96
2021-12,2021,75–300 kW,Sungrow,1838.0,12,153.16666666666666
2021-12,2021,75–300 kW,WEG,2035.0,13,156.53846153846155
2021-12,2021,75–300 kW,WEG (Huawei),310.0,2,155.0
2021-12,2021,300 kW–1 MW,ABB/FIMER,500.0,1,500.0
2021-12,2021,300 kW–1 MW,Canadian Solar,1500.0,2,750.0
2021-12,2021,300 kW–1 MW,Fronius,348.3,1,348.3
2021-12,2021,300 kW–1 MW,Goodwe,1676.0,3,558.6666666666666
2021-12,2021,300 kW–1 MW,Growatt,400.0,1,400.0
2021-12,2021,300 kW–1 MW,Huawei,3200.0,5,640.0
2021-12,2021,300 kW–1 MW,Intelbras,360.0,1,360.0
2021-12,2021,300 kW–1 MW,Outros,980.0,2,490.0
2021-12,2021,300 kW–1 MW,PHB,960.0,1,960.0
2021-12,2021,300 kW–1 MW,Renovigi,340.0,1,340.0
2021-12,2021,300 kW–1 MW,Sofar Solar,360.0,1,360.0
2021-12,2021,300 kW–1 MW,Solis (Ginlong),1400.0,2,700.0
2021-12,2021,300 kW–1 MW,Sungrow,7045.0,9,782.7777777777778
2021-12,2021,300 kW–1 MW,WEG,800.0,2,400.0
2021-12,2021,1–5 MW,ABB/FIMER,1995.0,1,1995.0
2021-12,2021,1–5 MW,Huawei,9160.0,3,3053.3333333333335
2021-12,2021,1–5 MW,Outros,3780.0,2,1890.0
2021-12,2021,1–5 MW,Sungrow,7500.0,3,2500.0
2021-12,2021,1–5 MW,WEG (Huawei),1020.0,1,1020.0
2022-01,2022,≤10 kW,ABB/FIMER,392.92,80,4.9115
2022-01,2022,≤10 kW,APsystems,4726.24,1176,4.01891156462585
2022-01,2022,≤10 kW,Auxsol,29.5,4,7.375
2022-01,2022,≤10 kW,B&B POWER,8.9,1,8.9
2022-01,2022,≤10 kW,BYD,464.99,87,5.344712643678161
2022-01,2022,≤10 kW,Bedin Solar,1113.1200000000001,231,4.818701298701299
2022-01,2022,≤10 kW,Bel Energy,5725.22,1243,4.605969428801288
2022-01,2022,≤10 kW,Canadian Solar,2957.15,564,5.2431737588652485
2022-01,2022,≤10 kW,Chint,26.58,6,4.43
2022-01,2022,≤10 kW,Deye,18669.99,4073,4.583842376626565
2022-01,2022,≤10 kW,Ecosolys,550.47,130,4.234384615384616
2022-01,2022,≤10 kW,Elgin,2195.03,467,4.700278372591007
2022-01,2022,≤10 kW,Empalux,997.86,198,5.03969696969697
2022-01,2022,≤10 kW,Foxess,464.87,104,4.469903846153846
2022-01,2022,≤10 kW,Fronius,2891.16,515,5.613902912621359
2022-01,2022,≤10 kW,GE,139.3,21,6.633333333333334
2022-01,2022,≤10 kW,Goodwe,6128.61,1181,5.189339542760372
2022-01,2022,≤10 kW,Growatt,51658.19,10174,5.077471004521329
2022-01,2022,≤10 kW,Hopewind,131.28,21,6.251428571428572
2022-01,2022,≤10 kW,Hoymiles,7738.45,1838,4.21025571273123
2022-01,2022,≤10 kW,Huawei,465.48,94,4.951914893617022
2022-01,2022,≤10 kW,Hypontech,402.90000000000003,79,5.1000000000000005
2022-01,2022,≤10 kW,Ingeteam,60.37,13,4.6438461538461535
2022-01,2022,≤10 kW,Intelbras,6219.67,1378,4.513548621190131
2022-01,2022,≤10 kW,Kehua,649.46,137,4.7405839416058395
2022-01,2022,≤10 kW,Komeco,121.76,26,4.683076923076923
2022-01,2022,≤10 kW,Kstar,82.49,17,4.85235294117647
2022-01,2022,≤10 kW,Livoltek,7273.22,1472,4.9410461956521745
2022-01,2022,≤10 kW,NEP,6.98,3,2.3266666666666667
2022-01,2022,≤10 kW,Não informado,6936.42,1274,5.4445996860282575
2022-01,2022,≤10 kW,Outros,9958.24,1953,5.098945212493599
2022-01,2022,≤10 kW,PHB,5329.42,1048,5.085324427480916
2022-01,2022,≤10 kW,Refusol,430.47,102,4.220294117647059
2022-01,2022,≤10 kW,Renac,2226.5,462,4.81926406926407
2022-01,2022,≤10 kW,Renovigi,6036.55,1249,4.833106485188151
2022-01,2022,≤10 kW,SAJ,6161.93,1254,4.913819776714514
2022-01,2022,≤10 kW,SHENZHEN,95.14,18,5.285555555555556
2022-01,2022,≤10 kW,SMA,110.26,30,3.6753333333333336
2022-01,2022,≤10 kW,SUNWAYS,167.96,38,4.42
2022-01,2022,≤10 kW,Sofar Solar,10106.43,1998,5.058273273273273
2022-01,2022,≤10 kW,SolarEdge,296.3,46,6.441304347826088
2022-01,2022,≤10 kW,Solax Power,69.57,15,4.638
2022-01,2022,≤10 kW,Solis (Ginlong),13042.34,2559,5.096654943337241
2022-01,2022,≤10 kW,Solplanet,119.34,25,4.7736
2022-01,2022,≤10 kW,Sungrow,5378.75,1016,5.294045275590551
2022-01,2022,≤10 kW,Tsun,109.26,50,2.1852
2022-01,2022,≤10 kW,WEG,9547.2,1829,5.219901585565883
2022-01,2022,≤10 kW,WEG (Huawei),297.94,62,4.805483870967742
2022-01,2022,10–20 kW,ABB/FIMER,93.5,7,13.357142857142858
2022-01,2022,10–20 kW,APsystems,1198.64,88,13.620909090909093
2022-01,2022,10–20 kW,Auxsol,12.0,1,12.0
2022-01,2022,10–20 kW,BYD,185.29,11,16.844545454545454
2022-01,2022,10–20 kW,Bedin Solar,369.05,23,16.045652173913044
2022-01,2022,10–20 kW,Bel Energy,725.15,48,15.107291666666667
2022-01,2022,10–20 kW,Canadian Solar,2267.95,145,15.64103448275862
2022-01,2022,10–20 kW,Chint,32.6,2,16.3
2022-01,2022,10–20 kW,Deye,4987.66,335,14.888537313432835
2022-01,2022,10–20 kW,Ecosolys,112.0,8,14.0
2022-01,2022,10–20 kW,Elgin,545.7,35,15.591428571428573
2022-01,2022,10–20 kW,Empalux,267.87,19,14.09842105263158
2022-01,2022,10–20 kW,Foxess,173.14,11,15.739999999999998
2022-01,2022,10–20 kW,Fronius,1735.41,116,14.96043103448276
2022-01,2022,10–20 kW,GE,45.41,3,15.136666666666665
2022-01,2022,10–20 kW,Goodwe,1530.68,103,14.860970873786409
2022-01,2022,10–20 kW,Growatt,16027.0,1021,15.697355533790402
2022-01,2022,10–20 kW,Hopewind,12.0,1,12.0
2022-01,2022,10–20 kW,Hoymiles,1446.16,113,12.79787610619469
2022-01,2022,10–20 kW,Huawei,1126.78,72,15.649722222222222
2022-01,2022,10–20 kW,Hypontech,119.24,8,14.905
2022-01,2022,10–20 kW,Intelbras,2147.06,157,13.675541401273884
2022-01,2022,10–20 kW,Kehua,444.38,29,15.323448275862068
2022-01,2022,10–20 kW,Komeco,54.0,4,13.5
2022-01,2022,10–20 kW,Kstar,136.68,10,13.668000000000001
2022-01,2022,10–20 kW,Livoltek,868.22,62,14.003548387096775
2022-01,2022,10–20 kW,Nexen,20.0,1,20.0
2022-01,2022,10–20 kW,Não informado,3251.57,214,15.1942523364486
2022-01,2022,10–20 kW,Outros,2703.95,180,15.021944444444443
2022-01,2022,10–20 kW,PHB,1438.48,98,14.678367346938776
2022-01,2022,10–20 kW,Refusol,199.26,14,14.232857142857142
2022-01,2022,10–20 kW,Renac,891.83,65,13.720461538461539
2022-01,2022,10–20 kW,Renovigi,1934.06,121,15.98396694214876
2022-01,2022,10–20 kW,SAJ,1633.32,111,14.714594594594594
2022-01,2022,10–20 kW,SHENZHEN,325.49,20,16.2745
2022-01,2022,10–20 kW,SMA,31.22,2,15.61
2022-01,2022,10–20 kW,SUNWAYS,40.5,3,13.5
2022-01,2022,10–20 kW,Sofar Solar,3315.13,233,14.228025751072963
2022-01,2022,10–20 kW,SolarEdge,333.3,22,15.15
2022-01,2022,10–20 kW,Solis (Ginlong),4240.8,271,15.648708487084871
2022-01,2022,10–20 kW,Solplanet,55.5,4,13.875
2022-01,2022,10–20 kW,Sungrow,2749.51,181,15.190662983425415
2022-01,2022,10–20 kW,Tsun,14.4,1,14.4
2022-01,2022,10–20 kW,WEG,3321.32,221,15.028597285067875
2022-01,2022,10–20 kW,WEG (Huawei),389.52,25,15.5808
2022-01,2022,20–75 kW,ABB/FIMER,189.5,5,37.9
2022-01,2022,20–75 kW,APsystems,677.95,23,29.47608695652174
2022-01,2022,20–75 kW,BYD,464.55,10,46.455
2022-01,2022,20–75 kW,Bedin Solar,996.5699999999999,24,41.52375
2022-01,2022,20–75 kW,Bel Energy,800.39,24,33.349583333333335
2022-01,2022,20–75 kW,Canadian Solar,3340.42,86,38.84209302325581
2022-01,2022,20–75 kW,Chint,150.0,3,50.0
2022-01,2022,20–75 kW,Deye,7869.67,193,40.77549222797928
2022-01,2022,20–75 kW,Ecosolys,189.06,5,37.812
2022-01,2022,20–75 kW,Elgin,916.1,21,43.62380952380953
2022-01,2022,20–75 kW,Empalux,487.5,11,44.31818181818182
2022-01,2022,20–75 kW,Foxess,254.62,8,31.8275
2022-01,2022,20–75 kW,Fronius,4214.49,100,42.1449
2022-01,2022,20–75 kW,GE,125.25,5,25.05
2022-01,2022,20–75 kW,Goodwe,5241.85,107,48.9892523364486
2022-01,2022,20–75 kW,Growatt,24460.57,581,42.100808950086055
2022-01,2022,20–75 kW,Hopewind,24.0,1,24.0
2022-01,2022,20–75 kW,Hoymiles,1339.63,38,35.25342105263158
2022-01,2022,20–75 kW,Huawei,3270.78,72,45.4275
2022-01,2022,20–75 kW,Ingeteam,167.44,4,41.86
2022-01,2022,20–75 kW,Intelbras,3242.8,80,40.535000000000004
2022-01,2022,20–75 kW,Kehua,829.6800000000001,19,43.667368421052636
2022-01,2022,20–75 kW,Komeco,383.28,8,47.91
2022-01,2022,20–75 kW,Kstar,373.5,9,41.5
2022-01,2022,20–75 kW,Livoltek,958.66,23,41.68086956521739
2022-01,2022,20–75 kW,Não informado,7041.2699999999995,164,42.9345731707317
2022-01,2022,20–75 kW,Outros,9001.61,206,43.6971359223301
2022-01,2022,20–75 kW,PHB,4255.47,106,40.145943396226414
2022-01,2022,20–75 kW,Refusol,555.9,19,29.257894736842104
2022-01,2022,20–75 kW,Renac,1106.3,28,39.510714285714286
2022-01,2022,20–75 kW,Renovigi,5403.96,120,45.033
2022-01,2022,20–75 kW,SAJ,2129.97,57,37.3678947368421
2022-01,2022,20–75 kW,SHENZHEN,1108.46,21,52.78380952380952
2022-01,2022,20–75 kW,SMA,1225.89,21,58.37571428571429
2022-01,2022,20–75 kW,SUNWAYS,75.0,1,75.0
2022-01,2022,20–75 kW,Sofar Solar,5855.6,147,39.83401360544218
2022-01,2022,20–75 kW,SolarEdge,2248.38,48,46.84125
2022-01,2022,20–75 kW,Solis (Ginlong),13731.87,295,46.54871186440678
2022-01,2022,20–75 kW,Solplanet,61.64,1,61.64
2022-01,2022,20–75 kW,Sungrow,8696.39,187,46.504759358288766
2022-01,2022,20–75 kW,Tsun,78.0,2,39.0
2022-01,2022,20–75 kW,WEG,11314.21,226,50.062876106194686
2022-01,2022,20–75 kW,WEG (Huawei),1002.82,20,50.141000000000005
2022-01,2022,75–300 kW,ABB/FIMER,600.2,4,150.05
2022-01,2022,75–300 kW,Bedin Solar,258.5,2,129.25
2022-01,2022,75–300 kW,Bel Energy,160.0,1,160.0
2022-01,2022,75–300 kW,Canadian Solar,380.0,2,190.0
2022-01,2022,75–300 kW,Deye,1053.0,7,150.42857142857142
2022-01,2022,75–300 kW,Elgin,566.0,2,283.0
2022-01,2022,75–300 kW,Fronius,1008.63,6,168.105
2022-01,2022,75–300 kW,Goodwe,480.0,4,120.0
2022-01,2022,75–300 kW,Growatt,1410.0,9,156.66666666666666
2022-01,2022,75–300 kW,Huawei,1933.0,10,193.3
2022-01,2022,75–300 kW,Intelbras,200.0,1,200.0
2022-01,2022,75–300 kW,Não informado,1181.0,7,168.71428571428572
2022-01,2022,75–300 kW,Outros,794.6,6,132.43333333333334
2022-01,2022,75–300 kW,PHB,350.0,3,116.66666666666667
2022-01,2022,75–300 kW,Renovigi,343.0,2,171.5
2022-01,2022,75–300 kW,SAJ,90.0,1,90.0
2022-01,2022,75–300 kW,SHENZHEN,575.0,3,191.66666666666666
2022-01,2022,75–300 kW,SMA,335.0,2,167.5
2022-01,2022,75–300 kW,Sofar Solar,560.0,3,186.66666666666666
2022-01,2022,75–300 kW,SolarEdge,431.4,3,143.79999999999998
2022-01,2022,75–300 kW,Solis (Ginlong),1845.0,12,153.75
2022-01,2022,75–300 kW,Sungrow,3018.0,18,167.66666666666666
2022-01,2022,75–300 kW,WEG,3584.7,20,179.23499999999999
2022-01,2022,75–300 kW,WEG (Huawei),459.9,3,153.29999999999998
2022-01,2022,300 kW–1 MW,ABB/FIMER,400.0,1,400.0
2022-01,2022,300 kW–1 MW,Elgin,975.0,1,975.0
2022-01,2022,300 kW–1 MW,Growatt,550.0,1,550.0
2022-01,2022,300 kW–1 MW,Huawei,4520.0,6,753.3333333333334
2022-01,2022,300 kW–1 MW,Ingeteam,1000.0,1,1000.0
2022-01,2022,300 kW–1 MW,Não informado,500.0,1,500.0
2022-01,2022,300 kW–1 MW,Outros,1670.0,3,556.6666666666666
2022-01,2022,300 kW–1 MW,SMA,735.0,1,735.0
2022-01,2022,300 kW–1 MW,Solis (Ginlong),1065.0,2,532.5
2022-01,2022,300 kW–1 MW,Sungrow,6410.0,7,915.7142857142857
2022-01,2022,300 kW–1 MW,WEG,3350.0,4,837.5
2022-01,2022,300 kW–1 MW,WEG (Huawei),830.0,1,830.0
2022-01,2022,1–5 MW,ABB/FIMER,2500.0,1,2500.0
2022-01,2022,1–5 MW,Growatt,2500.0,1,2500.0
2022-01,2022,1–5 MW,Huawei,2500.0,1,2500.0
2022-01,2022,1–5 MW,WEG,1060.0,1,1060.0
2022-02,2022,≤10 kW,ABB/FIMER,312.75,67,4.667910447761194
2022-02,2022,≤10 kW,APsystems,5528.07,1296,4.265486111111111
2022-02,2022,≤10 kW,B&B POWER,15.0,3,5.0
2022-02,2022,≤10 kW,BYD,439.96,93,4.730752688172043
2022-02,2022,≤10 kW,Bedin Solar,1656.13,329,5.033829787234043
2022-02,2022,≤10 kW,Bel Energy,7105.62,1565,4.540332268370607
2022-02,2022,≤10 kW,Canadian Solar,2728.34,550,4.960618181818182
2022-02,2022,≤10 kW,Chint,23.7,6,3.9499999999999997
2022-02,2022,≤10 kW,Deye,26333.23,5641,4.66818471902145
2022-02,2022,≤10 kW,Ecosolys,658.95,163,4.042638036809816
2022-02,2022,≤10 kW,Elgin,2232.01,477,4.679266247379456
2022-02,2022,≤10 kW,Empalux,1096.13,206,5.321019417475728
2022-02,2022,≤10 kW,Enphase,43.06,10,4.306
2022-02,2022,≤10 kW,Foxess,568.67,128,4.442734375
2022-02,2022,≤10 kW,Fronius,2886.96,503,5.7394831013916505
2022-02,2022,≤10 kW,GE,180.09,30,6.003
2022-02,2022,≤10 kW,Goodwe,6638.99,1282,5.178619344773791
2022-02,2022,≤10 kW,Growatt,55655.1,10961,5.077556792263479
2022-02,2022,≤10 kW,Hopewind,137.8,23,5.9913043478260875
2022-02,2022,≤10 kW,Hoymiles,8371.94,1950,4.293302564102564
2022-02,2022,≤10 kW,Huawei,648.94,131,4.953740458015267
2022-02,2022,≤10 kW,Hypontech,710.92,136,5.22735294117647
2022-02,2022,≤10 kW,Ingeteam,87.52,19,4.606315789473684
2022-02,2022,≤10 kW,Intelbras,7008.55,1522,4.604829172141919
2022-02,2022,≤10 kW,Kehua,872.08,186,4.688602150537634
2022-02,2022,≤10 kW,Komeco,224.81,55,4.087454545454546
2022-02,2022,≤10 kW,Kstar,178.05,39,4.565384615384616
2022-02,2022,≤10 kW,Livoltek,8675.46,1720,5.043872093023255
2022-02,2022,≤10 kW,NEP,8.45,4,2.1125
2022-02,2022,≤10 kW,Nansen,8.0,1,8.0
2022-02,2022,≤10 kW,Nexen,10.36,2,5.18
2022-02,2022,≤10 kW,Não informado,7798.79,1481,5.265894665766374
2022-02,2022,≤10 kW,Outros,14478.37,2923,4.95325692781389
2022-02,2022,≤10 kW,PHB,7007.08,1341,5.2252647278150635
2022-02,2022,≤10 kW,Refusol,425.37,100,4.2537
2022-02,2022,≤10 kW,Renac,2242.7200000000003,465,4.823053763440861
2022-02,2022,≤10 kW,Renovigi,5930.9,1208,4.9096854304635755
2022-02,2022,≤10 kW,SAJ,7239.7300000000005,1426,5.07694950911641
2022-02,2022,≤10 kW,SHENZHEN,40.06,8,5.0075
2022-02,2022,≤10 kW,SMA,145.91,46,3.1719565217391303
2022-02,2022,≤10 kW,SUNWAYS,199.32,48,4.1525
2022-02,2022,≤10 kW,Sofar Solar,12090.05,2387,5.064956011730205
2022-02,2022,≤10 kW,SolarEdge,228.29999999999998,40,5.7075
2022-02,2022,≤10 kW,Solax Power,127.07000000000001,31,4.099032258064517
2022-02,2022,≤10 kW,Solis (Ginlong),15621.21,3033,5.150415430267062
2022-02,2022,≤10 kW,Solplanet,206.82000000000002,39,5.303076923076923
2022-02,2022,≤10 kW,Sungrow,5547.07,1075,5.160065116279069
2022-02,2022,≤10 kW,Tsun,107.18,31,3.4574193548387098
2022-02,2022,≤10 kW,WEG,13164.97,2483,5.302041884816754
2022-02,2022,≤10 kW,WEG (Huawei),249.66,52,4.801153846153846
2022-02,2022,10–20 kW,ABB/FIMER,144.1,11,13.1
2022-02,2022,10–20 kW,APsystems,1666.76,125,13.33408
2022-02,2022,10–20 kW,Auxsol,20.0,1,20.0
2022-02,2022,10–20 kW,B&B POWER,60.0,3,20.0
2022-02,2022,10–20 kW,BYD,178.76,11,16.25090909090909
2022-02,2022,10–20 kW,Bedin Solar,501.26,34,14.742941176470588
2022-02,2022,10–20 kW,Bel Energy,1218.13,80,15.226625000000002
2022-02,2022,10–20 kW,Canadian Solar,2467.09,156,15.814679487179488
2022-02,2022,10–20 kW,Chint,43.82,3,14.606666666666667
2022-02,2022,10–20 kW,Deye,6655.31,453,14.691633554083886
2022-02,2022,10–20 kW,Ecosolys,133.67000000000002,10,13.367
2022-02,2022,10–20 kW,Elgin,468.47,31,15.111935483870969
2022-02,2022,10–20 kW,Empalux,375.21999999999997,27,13.897037037037036
2022-02,2022,10–20 kW,Foxess,155.62,12,12.968333333333334
2022-02,2022,10–20 kW,Fronius,2060.71,138,14.93268115942029
2022-02,2022,10–20 kW,GE,25.86,2,12.93
2022-02,2022,10–20 kW,Goodwe,1535.14,102,15.050392156862745
2022-02,2022,10–20 kW,Growatt,19313.07,1222,15.804476268412438
2022-02,2022,10–20 kW,Hopewind,32.0,2,16.0
2022-02,2022,10–20 kW,Hoymiles,2025.04,151,13.410860927152317
2022-02,2022,10–20 kW,Huawei,1138.59,71,16.036478873239435
2022-02,2022,10–20 kW,Hypontech,254.59,18,14.143888888888888
2022-02,2022,10–20 kW,Ingeteam,35.96,3,11.986666666666666
2022-02,2022,10–20 kW,Intelbras,2770.02,190,14.579052631578948
2022-02,2022,10–20 kW,Kehua,469.92,33,14.24
2022-02,2022,10–20 kW,Komeco,65.25,4,16.3125
2022-02,2022,10–20 kW,Kstar,259.44,17,15.261176470588236
2022-02,2022,10–20 kW,Livoltek,925.65,65,14.24076923076923
2022-02,2022,10–20 kW,NEP,15.0,1,15.0
2022-02,2022,10–20 kW,Nexen,15.0,1,15.0
2022-02,2022,10–20 kW,Não informado,4006.56,264,15.176363636363636
2022-02,2022,10–20 kW,Outros,3574.64,234,15.276239316239316
2022-02,2022,10–20 kW,PHB,1966.71,130,15.128538461538461
2022-02,2022,10–20 kW,Refusol,158.0,11,14.363636363636363
2022-02,2022,10–20 kW,Renac,891.6,68,13.111764705882353
2022-02,2022,10–20 kW,Renovigi,1669.58,107,15.603551401869158
2022-02,2022,10–20 kW,SAJ,2653.07,179,14.821620111731844
2022-02,2022,10–20 kW,SHENZHEN,320.0,19,16.842105263157894
2022-02,2022,10–20 kW,SMA,25.35,2,12.675
2022-02,2022,10–20 kW,SUNWAYS,102.03999999999999,7,14.577142857142857
2022-02,2022,10–20 kW,Sofar Solar,4178.19,296,14.115506756756755
2022-02,2022,10–20 kW,SolarEdge,370.1,25,14.804
2022-02,2022,10–20 kW,Solis (Ginlong),4011.84,258,15.549767441860466
2022-02,2022,10–20 kW,Solplanet,69.61,4,17.4025
2022-02,2022,10–20 kW,Sungrow,3345.48,219,15.276164383561644
2022-02,2022,10–20 kW,Tsun,16.5,1,16.5
2022-02,2022,10–20 kW,WEG,4767.9,323,14.761300309597521
2022-02,2022,10–20 kW,WEG (Huawei),737.0600000000001,49,15.042040816326532
2022-02,2022,20–75 kW,ABB/FIMER,617.96,15,41.19733333333333
2022-02,2022,20–75 kW,APsystems,1086.3,37,29.35945945945946
2022-02,2022,20–75 kW,B&B POWER,40.0,1,40.0
2022-02,2022,20–75 kW,BYD,1125.7,23,48.94347826086957
2022-02,2022,20–75 kW,Bedin Solar,1247.76,23,54.25043478260869
2022-02,2022,20–75 kW,Bel Energy,808.86,24,33.7025
2022-02,2022,20–75 kW,Canadian Solar,4136.17,110,37.60154545454545
2022-02,2022,20–75 kW,Chint,73.71000000000001,3,24.570000000000004
2022-02,2022,20–75 kW,Deye,8725.83,215,40.58525581395349
2022-02,2022,20–75 kW,Ecosolys,30.0,1,30.0
2022-02,2022,20–75 kW,Elgin,1071.8,24,44.65833333333333
2022-02,2022,20–75 kW,Emerson,75.0,1,75.0
2022-02,2022,20–75 kW,Empalux,673.17,18,37.39833333333333
2022-02,2022,20–75 kW,Foxess,208.0,8,26.0
2022-02,2022,20–75 kW,Fronius,4953.65,116,42.703879310344824
2022-02,2022,20–75 kW,GE,232.95,7,33.278571428571425
2022-02,2022,20–75 kW,Goodwe,6356.67,138,46.06282608695652
2022-02,2022,20–75 kW,Growatt,30654.08,747,41.03625167336011
2022-02,2022,20–75 kW,Hopewind,36.0,1,36.0
2022-02,2022,20–75 kW,Hoymiles,1347.2,36,37.422222222222224
2022-02,2022,20–75 kW,Huawei,3599.17,83,43.363493975903616
2022-02,2022,20–75 kW,Hypontech,118.5,3,39.5
2022-02,2022,20–75 kW,Ingeteam,71.0,1,71.0
2022-02,2022,20–75 kW,Intelbras,2162.29,58,37.28086206896552
2022-02,2022,20–75 kW,Kehua,1348.19,31,43.49
2022-02,2022,20–75 kW,Komeco,322.61,7,46.08714285714286
2022-02,2022,20–75 kW,Kstar,236.38,5,47.275999999999996
2022-02,2022,20–75 kW,Livoltek,686.52,20,34.326
2022-02,2022,20–75 kW,Não informado,8908.75,221,40.31108597285068
2022-02,2022,20–75 kW,Outros,11486.72,249,46.13140562248996
2022-02,2022,20–75 kW,PHB,5356.13,138,38.81253623188406
2022-02,2022,20–75 kW,Refusol,652.86,19,34.36105263157895
2022-02,2022,20–75 kW,Renac,1003.22,27,37.1562962962963
2022-02,2022,20–75 kW,Renovigi,4403.07,97,45.39247422680412
2022-02,2022,20–75 kW,SAJ,2852.58,76,37.53394736842105
2022-02,2022,20–75 kW,SHENZHEN,987.47,22,44.885
2022-02,2022,20–75 kW,SMA,1019.58,22,46.344545454545454
2022-02,2022,20–75 kW,SUNWAYS,81.41,2,40.705
2022-02,2022,20–75 kW,Sofar Solar,6452.28,163,39.584539877300614
2022-02,2022,20–75 kW,SolarEdge,2718.11,68,39.972205882352945
2022-02,2022,20–75 kW,Solax Power,30.0,1,30.0
2022-02,2022,20–75 kW,Solis (Ginlong),16244.93,359,45.25050139275766
2022-02,2022,20–75 kW,Solplanet,215.65,5,43.13
2022-02,2022,20–75 kW,Sungrow,9185.56,201,45.69930348258706
2022-02,2022,20–75 kW,WEG,13352.11,271,49.26977859778598
2022-02,2022,20–75 kW,WEG (Huawei),1654.49,33,50.1360606060606
2022-02,2022,75–300 kW,ABB/FIMER,650.0,4,162.5
2022-02,2022,75–300 kW,APsystems,225.0,1,225.0
2022-02,2022,75–300 kW,Canadian Solar,630.0,3,210.0
2022-02,2022,75–300 kW,Deye,930.0,6,155.0
2022-02,2022,75–300 kW,Elgin,95.0,1,95.0
2022-02,2022,75–300 kW,Empalux,160.0,1,160.0
2022-02,2022,75–300 kW,Fronius,200.0,2,100.0
2022-02,2022,75–300 kW,Goodwe,950.0,5,190.0
2022-02,2022,75–300 kW,Growatt,1691.18,12,140.93166666666667
2022-02,2022,75–300 kW,Huawei,900.0,5,180.0
2022-02,2022,75–300 kW,Ingeteam,190.0,1,190.0
2022-02,2022,75–300 kW,Intelbras,150.0,1,150.0
2022-02,2022,75–300 kW,Komeco,76.0,1,76.0
2022-02,2022,75–300 kW,Não informado,1524.0,8,190.5
2022-02,2022,75–300 kW,Outros,1727.56,10,172.756
2022-02,2022,75–300 kW,PHB,323.0,3,107.66666666666667
2022-02,2022,75–300 kW,Renovigi,330.0,2,165.0
2022-02,2022,75–300 kW,SAJ,160.0,1,160.0
2022-02,2022,75–300 kW,SHENZHEN,330.0,2,165.0
2022-02,2022,75–300 kW,SMA,879.0,6,146.5
2022-02,2022,75–300 kW,Sofar Solar,1795.0,8,224.375
2022-02,2022,75–300 kW,SolarEdge,549.16,4,137.29
2022-02,2022,75–300 kW,Solis (Ginlong),1482.0,9,164.66666666666666
2022-02,2022,75–300 kW,Sungrow,1699.2,9,188.8
2022-02,2022,75–300 kW,WEG,2795.01,18,155.27833333333334
2022-02,2022,75–300 kW,WEG (Huawei),726.0,5,145.2
2022-02,2022,300 kW–1 MW,ABB/FIMER,875.0,1,875.0
2022-02,2022,300 kW–1 MW,Goodwe,1563.1,2,781.55
2022-02,2022,300 kW–1 MW,Growatt,600.0,1,600.0
2022-02,2022,300 kW–1 MW,Huawei,3145.0,4,786.25
2022-02,2022,300 kW–1 MW,Ingeteam,1941.9,3,647.3000000000001
2022-02,2022,300 kW–1 MW,Não informado,1750.0,3,583.3333333333334
2022-02,2022,300 kW–1 MW,Outros,600.0,1,600.0
2022-02,2022,300 kW–1 MW,Renovigi,400.0,1,400.0
2022-02,2022,300 kW–1 MW,Sungrow,5380.0,11,489.09090909090907
2022-02,2022,300 kW–1 MW,WEG,4202.0,6,700.3333333333334
2022-02,2022,1–5 MW,Huawei,3550.0,2,1775.0
2022-02,2022,1–5 MW,Hypontech,1500.0,1,1500.0
2022-02,2022,1–5 MW,Outros,1080.0,1,1080.0
2022-02,2022,1–5 MW,Sungrow,4700.0,3,1566.6666666666667
2022-02,2022,1–5 MW,WEG (Huawei),2205.0,1,2205.0
2022-03,2022,≤10 kW,ABB/FIMER,342.94,73,4.697808219178082
2022-03,2022,≤10 kW,APsystems,6124.73,1392,4.399949712643678
2022-03,2022,≤10 kW,Auxsol,12.3,2,6.15
2022-03,2022,≤10 kW,B&B POWER,10.4,3,3.466666666666667
2022-03,2022,≤10 kW,BYD,581.21,118,4.925508474576271
2022-03,2022,≤10 kW,Bedin Solar,2534.89,514,4.931692607003891
2022-03,2022,≤10 kW,Bel Energy,9544.63,2101,4.542898619704902
2022-03,2022,≤10 kW,Canadian Solar,2918.09,556,5.248363309352518
2022-03,2022,≤10 kW,Chint,21.23,6,3.5383333333333336
2022-03,2022,≤10 kW,Deye,33655.0,7145,4.710286913925822
2022-03,2022,≤10 kW,Ecosolys,745.51,164,4.545792682926829
2022-03,2022,≤10 kW,Elgin,2291.25,490,4.676020408163265
2022-03,2022,≤10 kW,Empalux,1333.39,249,5.354979919678716
2022-03,2022,≤10 kW,Enphase,74.17999999999999,22,3.3718181818181816
2022-03,2022,≤10 kW,Foxess,715.93,153,4.679281045751634
2022-03,2022,≤10 kW,Fronius,2696.35,471,5.724734607218683
2022-03,2022,≤10 kW,GE,182.5,27,6.7592592592592595
2022-03,2022,≤10 kW,Goodwe,7546.78,1487,5.075171486213853
2022-03,2022,≤10 kW,Growatt,62010.65,12129,5.1125937834941055
2022-03,2022,≤10 kW,Hopewind,103.94,17,6.114117647058824
2022-03,2022,≤10 kW,Hoymiles,7807.18,1800,4.337322222222222
2022-03,2022,≤10 kW,Huawei,521.5,113,4.615044247787611
2022-03,2022,≤10 kW,Hypontech,1158.64,244,4.748524590163935
2022-03,2022,≤10 kW,Ingeteam,111.6,24,4.6499999999999995
2022-03,2022,≤10 kW,Intelbras,7344.71,1616,4.544993811881188
2022-03,2022,≤10 kW,Kehua,1076.67,223,4.828116591928252
2022-03,2022,≤10 kW,Komeco,221.76,44,5.04
2022-03,2022,≤10 kW,Kstar,282.01,61,4.623114754098361
2022-03,2022,≤10 kW,Livoltek,8024.5,1565,5.127476038338658
2022-03,2022,≤10 kW,NEP,9.290000000000001,5,1.858
2022-03,2022,≤10 kW,Nansen,3.0,1,3.0
2022-03,2022,≤10 kW,Nexen,20.78,4,5.195
2022-03,2022,≤10 kW,Não informado,13399.64,2587,5.179605720912253
2022-03,2022,≤10 kW,Outros,18298.96,3847,4.756683129711464
2022-03,2022,≤10 kW,PHB,6777.2300000000005,1379,4.91459753444525
2022-03,2022,≤10 kW,Refusol,453.61,100,4.5361
2022-03,2022,≤10 kW,Renac,2560.05,549,4.663114754098361
2022-03,2022,≤10 kW,Renovigi,6452.38,1309,4.9292436974789915
2022-03,2022,≤10 kW,SAJ,8207.84,1623,5.057202711028959
2022-03,2022,≤10 kW,SHENZHEN,81.31,16,5.081875
2022-03,2022,≤10 kW,SMA,156.7,46,3.4065217391304343
2022-03,2022,≤10 kW,SUNWAYS,77.97999999999999,19,4.104210526315789
2022-03,2022,≤10 kW,Sofar Solar,12655.6,2543,4.976641761698781
2022-03,2022,≤10 kW,SolarEdge,220.46,40,5.5115
2022-03,2022,≤10 kW,Solax Power,156.28,38,4.112631578947369
2022-03,2022,≤10 kW,Solis (Ginlong),16548.96,3172,5.2172005044136185
2022-03,2022,≤10 kW,Solplanet,325.19,75,4.335866666666667
2022-03,2022,≤10 kW,Sungrow,5560.1900000000005,1073,5.181910531220876
2022-03,2022,≤10 kW,Tsun,195.91,87,2.25183908045977
2022-03,2022,≤10 kW,WEG,16176.37,3058,5.28985284499673
2022-03,2022,≤10 kW,WEG (Huawei),152.58,35,4.359428571428571
2022-03,2022,10–20 kW,ABB/FIMER,169.08,12,14.090000000000002
2022-03,2022,10–20 kW,APsystems,1961.58,145,13.528137931034482
2022-03,2022,10–20 kW,BYD,313.67,20,15.6835
2022-03,2022,10–20 kW,Bedin Solar,632.24,40,15.806000000000001
2022-03,2022,10–20 kW,Bel Energy,1713.5,111,15.436936936936936
2022-03,2022,10–20 kW,Canadian Solar,2413.85,149,16.200335570469797
2022-03,2022,10–20 kW,Deye,7396.38,499,14.822404809619238
2022-03,2022,10–20 kW,Ecosolys,337.76,23,14.685217391304347
2022-03,2022,10–20 kW,Elgin,688.4300000000001,47,14.64744680851064
2022-03,2022,10–20 kW,Empalux,521.35,37,14.090540540540541
2022-03,2022,10–20 kW,Foxess,430.58,30,14.352666666666666
2022-03,2022,10–20 kW,Fronius,1936.01,127,15.244173228346456
2022-03,2022,10–20 kW,GE,31.15,2,15.575
2022-03,2022,10–20 kW,Goodwe,2156.21,146,14.768561643835616
2022-03,2022,10–20 kW,Growatt,20079.82,1275,15.74887843137255
2022-03,2022,10–20 kW,Hopewind,32.0,2,16.0
2022-03,2022,10–20 kW,Hoymiles,2366.15,178,13.292977528089889
2022-03,2022,10–20 kW,Huawei,1248.02,77,16.20805194805195
2022-03,2022,10–20 kW,Hypontech,186.32,12,15.526666666666666
2022-03,2022,10–20 kW,Ingeteam,54.0,4,13.5
2022-03,2022,10–20 kW,Intelbras,2273.12,155,14.665290322580644
2022-03,2022,10–20 kW,Kehua,375.38,27,13.902962962962963
2022-03,2022,10–20 kW,Komeco,93.09,6,15.515
2022-03,2022,10–20 kW,Kstar,122.3,8,15.2875
2022-03,2022,10–20 kW,Livoltek,1020.06,71,14.367042253521126
2022-03,2022,10–20 kW,Não informado,5625.55,369,15.24539295392954
2022-03,2022,10–20 kW,Outros,4408.71,291,15.15020618556701
2022-03,2022,10–20 kW,PHB,1629.98,111,14.684504504504504
2022-03,2022,10–20 kW,Refusol,123.38,9,13.708888888888888
2022-03,2022,10–20 kW,Renac,862.11,64,13.47046875
2022-03,2022,10–20 kW,Renovigi,1702.28,107,15.909158878504673
2022-03,2022,10–20 kW,SAJ,2263.0,154,14.694805194805195
2022-03,2022,10–20 kW,SHENZHEN,329.13,22,14.960454545454546
2022-03,2022,10–20 kW,SMA,58.96,4,14.74
2022-03,2022,10–20 kW,SUNWAYS,45.0,3,15.0
2022-03,2022,10–20 kW,Sofar Solar,4522.69,320,14.133406249999998
2022-03,2022,10–20 kW,SolarEdge,353.61,23,15.374347826086957
2022-03,2022,10–20 kW,Solax Power,12.0,1,12.0
2022-03,2022,10–20 kW,Solis (Ginlong),4957.9,312,15.890705128205127
2022-03,2022,10–20 kW,Solplanet,78.87,6,13.145000000000001
2022-03,2022,10–20 kW,Sungrow,3669.33,241,15.225435684647303
2022-03,2022,10–20 kW,TSUNESS,12.0,1,12.0
2022-03,2022,10–20 kW,Tsun,74.84,6,12.473333333333334
2022-03,2022,10–20 kW,WEG,5551.39,375,14.803706666666667
2022-03,2022,10–20 kW,WEG (Huawei),752.27,50,15.045399999999999
2022-03,2022,20–75 kW,ABB/FIMER,238.5,8,29.8125
2022-03,2022,20–75 kW,APsystems,1513.75,45,33.638888888888886
2022-03,2022,20–75 kW,BYD,1438.65,28,51.38035714285714
2022-03,2022,20–75 kW,Bedin Solar,1441.86,34,42.40764705882353
2022-03,2022,20–75 kW,Bel Energy,1807.21,50,36.1442
2022-03,2022,20–75 kW,Canadian Solar,5437.32,123,44.20585365853658
2022-03,2022,20–75 kW,Deye,11289.37,275,41.052254545454545
2022-03,2022,20–75 kW,Ecosolys,98.0,2,49.0
2022-03,2022,20–75 kW,Elgin,1504.23,34,44.24205882352941
2022-03,2022,20–75 kW,Empalux,566.82,14,40.487142857142864
2022-03,2022,20–75 kW,Foxess,276.62,7,39.51714285714286
2022-03,2022,20–75 kW,Fronius,5028.38,110,45.712545454545456
2022-03,2022,20–75 kW,GE,243.41,9,27.045555555555556
2022-03,2022,20–75 kW,Goodwe,8836.36,184,48.02369565217391
2022-03,2022,20–75 kW,Growatt,36887.16,868,42.49672811059908
2022-03,2022,20–75 kW,Hopewind,195.39,4,48.8475
2022-03,2022,20–75 kW,Hoymiles,1869.8,57,32.80350877192982
2022-03,2022,20–75 kW,Huawei,4827.71,123,39.24967479674797
2022-03,2022,20–75 kW,Hypontech,389.5,10,38.95
2022-03,2022,20–75 kW,Ingeteam,98.8,3,32.93333333333333
2022-03,2022,20–75 kW,Intelbras,3951.97,90,43.910777777777774
2022-03,2022,20–75 kW,Kehua,1411.8,29,48.682758620689654
2022-03,2022,20–75 kW,Komeco,398.0,8,49.75
2022-03,2022,20–75 kW,Kstar,383.35,9,42.59444444444445
2022-03,2022,20–75 kW,Livoltek,1561.95,38,41.10394736842105
2022-03,2022,20–75 kW,Não informado,11688.8,274,42.65985401459854
2022-03,2022,20–75 kW,Outros,16432.93,364,45.14541208791209
2022-03,2022,20–75 kW,PHB,5929.45,141,42.052836879432625
2022-03,2022,20–75 kW,Refusol,291.3,8,36.4125
2022-03,2022,20–75 kW,Renac,1008.2,29,34.765517241379314
2022-03,2022,20–75 kW,Renovigi,4567.52,101,45.222970297029704
2022-03,2022,20–75 kW,SAJ,4103.35,107,38.34906542056075
2022-03,2022,20–75 kW,SHENZHEN,1060.1,23,46.09130434782608
2022-03,2022,20–75 kW,SMA,1072.3,20,53.614999999999995
2022-03,2022,20–75 kW,SUNWAYS,120.0,2,60.0
2022-03,2022,20–75 kW,Sofar Solar,8338.74,201,41.48626865671642
2022-03,2022,20–75 kW,SolarEdge,4280.9,83,51.577108433734935
2022-03,2022,20–75 kW,Solax Power,25.0,1,25.0
2022-03,2022,20–75 kW,Solis (Ginlong),18258.2,395,46.22329113924051
2022-03,2022,20–75 kW,Solplanet,114.30000000000001,2,57.150000000000006
2022-03,2022,20–75 kW,Sungrow,11229.56,244,46.0227868852459
2022-03,2022,20–75 kW,Tsun,2508.9,47,53.38085106382979
2022-03,2022,20–75 kW,WEG,16628.98,348,47.78442528735632
2022-03,2022,20–75 kW,WEG (Huawei),1193.25,27,44.19444444444444
2022-03,2022,75–300 kW,ABB/FIMER,300.0,1,300.0
2022-03,2022,75–300 kW,APsystems,103.5,1,103.5
2022-03,2022,75–300 kW,Bedin Solar,102.46,1,102.46
2022-03,2022,75–300 kW,Canadian Solar,101.09,1,101.09
2022-03,2022,75–300 kW,Deye,1020.0,6,170.0
2022-03,2022,75–300 kW,Elgin,249.6,2,124.8
2022-03,2022,75–300 kW,Fronius,575.0,3,191.66666666666666
2022-03,2022,75–300 kW,Goodwe,1046.0,6,174.33333333333334
2022-03,2022,75–300 kW,Growatt,1764.21,12,147.0175
2022-03,2022,75–300 kW,Huawei,1924.7,9,213.85555555555555
2022-03,2022,75–300 kW,Ingeteam,139.3,1,139.3
2022-03,2022,75–300 kW,Intelbras,83.22,1,83.22
2022-03,2022,75–300 kW,Komeco,314.0,3,104.66666666666667
2022-03,2022,75–300 kW,Não informado,884.1,7,126.3
2022-03,2022,75–300 kW,Outros,1129.38,7,161.34
2022-03,2022,75–300 kW,PHB,740.0,5,148.0
2022-03,2022,75–300 kW,Refusol,200.0,1,200.0
2022-03,2022,75–300 kW,Renac,440.0,2,220.0
2022-03,2022,75–300 kW,Renovigi,225.0,1,225.0
2022-03,2022,75–300 kW,SAJ,100.0,1,100.0
2022-03,2022,75–300 kW,SMA,330.0,3,110.0
2022-03,2022,75–300 kW,Sofar Solar,2691.0,12,224.25
2022-03,2022,75–300 kW,SolarEdge,225.0,1,225.0
2022-03,2022,75–300 kW,Solis (Ginlong),2675.0,14,191.07142857142858
2022-03,2022,75–300 kW,Sungrow,3796.6,23,165.0695652173913
2022-03,2022,75–300 kW,WEG,3584.5,20,179.225
2022-03,2022,75–300 kW,WEG (Huawei),496.0,4,124.0
2022-03,2022,300 kW–1 MW,ABB/FIMER,1400.0,2,700.0
2022-03,2022,300 kW–1 MW,Canadian Solar,2750.0,3,916.6666666666666
2022-03,2022,300 kW–1 MW,Deye,1232.52,2,616.26
2022-03,2022,300 kW–1 MW,Fronius,400.0,1,400.0
2022-03,2022,300 kW–1 MW,Growatt,2220.0,3,740.0
2022-03,2022,300 kW–1 MW,Huawei,500.0,1,500.0
2022-03,2022,300 kW–1 MW,Não informado,1100.0,2,550.0
2022-03,2022,300 kW–1 MW,Outros,2779.0,5,555.8
2022-03,2022,300 kW–1 MW,Solis (Ginlong),375.0,1,375.0
2022-03,2022,300 kW–1 MW,Sungrow,10370.3,13,797.7153846153846
2022-03,2022,300 kW–1 MW,WEG,975.0,2,487.5
2022-03,2022,300 kW–1 MW,WEG (Huawei),2228.0,5,445.6
2022-03,2022,1–5 MW,ABB/FIMER,2640.0,1,2640.0
2022-03,2022,1–5 MW,Goodwe,1005.0,1,1005.0
2022-03,2022,1–5 MW,Huawei,15000.0,6,2500.0
2022-03,2022,1–5 MW,Outros,4287.0,1,4287.0
2022-03,2022,1–5 MW,Sungrow,4000.0,1,4000.0
2022-04,2022,≤10 kW,ABB/FIMER,333.93,80,4.174125
2022-04,2022,≤10 kW,APsystems,5910.15,1340,4.410559701492537
2022-04,2022,≤10 kW,BYD,448.22,100,4.482200000000001
2022-04,2022,≤10 kW,Bedin Solar,2521.54,475,5.308505263157895
2022-04,2022,≤10 kW,Bel Energy,10105.09,2171,4.654578535237218
2022-04,2022,≤10 kW,Canadian Solar,2676.74,512,5.2280078125
2022-04,2022,≤10 kW,Chint,58.44,12,4.87
2022-04,2022,≤10 kW,Deye,30999.94,6438,4.815150667909289
2022-04,2022,≤10 kW,Ecosolys,562.16,125,4.49728
2022-04,2022,≤10 kW,Elgin,1847.91,395,4.6782531645569625
2022-04,2022,≤10 kW,Empalux,1211.79,230,5.268652173913043
2022-04,2022,≤10 kW,Enphase,61.44,14,4.388571428571429
2022-04,2022,≤10 kW,Foxess,623.11,137,4.548248175182482
2022-04,2022,≤10 kW,Fronius,2225.48,390,5.706358974358975
2022-04,2022,≤10 kW,GE,83.0,14,5.928571428571429
2022-04,2022,≤10 kW,Goodwe,7333.09,1411,5.197087172218285
2022-04,2022,≤10 kW,Growatt,62960.69,12144,5.184510046113307
2022-04,2022,≤10 kW,Hopewind,96.36,15,6.424
2022-04,2022,≤10 kW,Hoymiles,6773.82,1523,4.447682206172029
2022-04,2022,≤10 kW,Huawei,408.57,80,5.107125
2022-04,2022,≤10 kW,Hypontech,1148.92,253,4.541185770750989
2022-04,2022,≤10 kW,Ingeteam,53.129999999999995,11,4.829999999999999
2022-04,2022,≤10 kW,Intelbras,7207.7,1597,4.513274890419536
2022-04,2022,≤10 kW,Kehua,901.79,181,4.982265193370165
2022-04,2022,≤10 kW,Komeco,213.21,45,4.738
2022-04,2022,≤10 kW,Kstar,292.23,63,4.638571428571429
2022-04,2022,≤10 kW,Livoltek,6322.73,1244,5.08258038585209
2022-04,2022,≤10 kW,NEP,20.82,4,5.205
2022-04,2022,≤10 kW,Nexen,20.6,3,6.866666666666667
2022-04,2022,≤10 kW,Não informado,10801.0,2158,5.005097312326228
2022-04,2022,≤10 kW,Outros,17232.43,3582,4.810840312674483
2022-04,2022,≤10 kW,PHB,6360.95,1285,4.950155642023346
2022-04,2022,≤10 kW,Refusol,230.95000000000002,58,3.9818965517241383
2022-04,2022,≤10 kW,Renac,2853.36,603,4.731940298507463
2022-04,2022,≤10 kW,Renovigi,6795.32,1433,4.742023726448011
2022-04,2022,≤10 kW,SAJ,8327.76,1653,5.037967332123412
2022-04,2022,≤10 kW,SHENZHEN,41.46,9,4.6066666666666665
2022-04,2022,≤10 kW,SMA,110.16,25,4.4064
2022-04,2022,≤10 kW,SUNWAYS,138.98,26,5.345384615384615
2022-04,2022,≤10 kW,Sofar Solar,11529.37,2298,5.017132288946911
2022-04,2022,≤10 kW,SolarEdge,205.6,37,5.556756756756757
2022-04,2022,≤10 kW,Solax Power,160.48,36,4.457777777777777
2022-04,2022,≤10 kW,Solis (Ginlong),14191.29,2769,5.125059588299025
2022-04,2022,≤10 kW,Solplanet,730.14,157,4.650573248407643
2022-04,2022,≤10 kW,Sungrow,5351.28,997,5.367382146439318
2022-04,2022,≤10 kW,TSUNESS,3.0,1,3.0
2022-04,2022,≤10 kW,Tsun,143.5,42,3.4166666666666665
2022-04,2022,≤10 kW,WEG,14165.39,2708,5.230941654357459
2022-04,2022,≤10 kW,WEG (Huawei),203.64,38,5.3589473684210525
2022-04,2022,10–20 kW,ABB/FIMER,185.31,12,15.4425
2022-04,2022,10–20 kW,APsystems,1558.1,112,13.911607142857141
2022-04,2022,10–20 kW,BYD,142.22,10,14.222
2022-04,2022,10–20 kW,Bedin Solar,413.82,28,14.779285714285715
2022-04,2022,10–20 kW,Bel Energy,1701.7,114,14.927192982456141
2022-04,2022,10–20 kW,Canadian Solar,1945.3600000000001,124,15.688387096774195
2022-04,2022,10–20 kW,Chint,15.0,1,15.0
2022-04,2022,10–20 kW,Deye,7292.31,496,14.702237903225807
2022-04,2022,10–20 kW,Ecosolys,188.74,14,13.481428571428571
2022-04,2022,10–20 kW,Elgin,515.44,35,14.726857142857144
2022-04,2022,10–20 kW,Empalux,422.37,30,14.079
2022-04,2022,10–20 kW,Enphase,23.6,2,11.8
2022-04,2022,10–20 kW,Foxess,406.23,31,13.104193548387098
2022-04,2022,10–20 kW,Fronius,1522.46,100,15.2246
2022-04,2022,10–20 kW,GE,44.0,3,14.666666666666666
2022-04,2022,10–20 kW,Goodwe,1971.6,130,15.166153846153845
2022-04,2022,10–20 kW,Growatt,18352.53,1178,15.579397283531408
2022-04,2022,10–20 kW,Hopewind,27.130000000000003,2,13.565000000000001
2022-04,2022,10–20 kW,Hoymiles,2012.52,150,13.4168
2022-04,2022,10–20 kW,Huawei,992.84,61,16.27606557377049
2022-04,2022,10–20 kW,Hypontech,200.43,13,15.417692307692308
2022-04,2022,10–20 kW,Ingeteam,39.7,2,19.85
2022-04,2022,10–20 kW,Intelbras,1738.18,118,14.730338983050848
2022-04,2022,10–20 kW,Kehua,320.51,22,14.568636363636363
2022-04,2022,10–20 kW,Komeco,73.86,5,14.772
2022-04,2022,10–20 kW,Kstar,131.4,9,14.600000000000001
2022-04,2022,10–20 kW,Livoltek,1010.17,69,14.640144927536232
2022-04,2022,10–20 kW,Não informado,4318.6,288,14.99513888888889
2022-04,2022,10–20 kW,Outros,4507.87,294,15.332891156462585
2022-04,2022,10–20 kW,PHB,1724.28,121,14.250247933884298
2022-04,2022,10–20 kW,Refusol,99.5,7,14.214285714285714
2022-04,2022,10–20 kW,Renac,825.83,63,13.1084126984127
2022-04,2022,10–20 kW,Renovigi,1633.88,99,16.503838383838385
2022-04,2022,10–20 kW,SAJ,2495.15,171,14.591520467836258
2022-04,2022,10–20 kW,SHENZHEN,262.86,16,16.42875
2022-04,2022,10–20 kW,SMA,42.5,3,14.166666666666666
2022-04,2022,10–20 kW,SUNWAYS,12.0,1,12.0
2022-04,2022,10–20 kW,Sofar Solar,3718.82,256,14.526640625
2022-04,2022,10–20 kW,SolarEdge,216.28,14,15.448571428571428
2022-04,2022,10–20 kW,Solax Power,16.5,1,16.5
2022-04,2022,10–20 kW,Solis (Ginlong),4773.62,303,15.754521452145214
2022-04,2022,10–20 kW,Solplanet,206.08,14,14.72
2022-04,2022,10–20 kW,Sungrow,2893.31,192,15.069322916666666
2022-04,2022,10–20 kW,Tsun,42.5,3,14.166666666666666
2022-04,2022,10–20 kW,WEG,5055.85,344,14.697238372093024
2022-04,2022,10–20 kW,WEG (Huawei),470.19,30,15.673
2022-04,2022,20–75 kW,ABB/FIMER,456.7,11,41.518181818181816
2022-04,2022,20–75 kW,APsystems,1607.28,49,32.801632653061226
2022-04,2022,20–75 kW,BYD,844.64,20,42.232
2022-04,2022,20–75 kW,Bedin Solar,1941.66,38,51.096315789473685
2022-04,2022,20–75 kW,Bel Energy,1970.34,56,35.184642857142855
2022-04,2022,20–75 kW,Canadian Solar,4505.46,104,43.32173076923077
2022-04,2022,20–75 kW,Chint,50.0,1,50.0
2022-04,2022,20–75 kW,Deye,9705.06,239,40.60694560669456
2022-04,2022,20–75 kW,Ecosolys,65.6,2,32.8
2022-04,2022,20–75 kW,Elgin,1045.23,27,38.71222222222222
2022-04,2022,20–75 kW,Empalux,518.9,12,43.24166666666667
2022-04,2022,20–75 kW,Foxess,125.78,4,31.445
2022-04,2022,20–75 kW,Fronius,4484.84,103,43.5421359223301
2022-04,2022,20–75 kW,GE,166.1,4,41.525
2022-04,2022,20–75 kW,Goodwe,7283.93,146,49.889931506849315
2022-04,2022,20–75 kW,Growatt,32266.37,793,40.68899117276166
2022-04,2022,20–75 kW,Hopewind,21.73,1,21.73
2022-04,2022,20–75 kW,Hoymiles,1270.38,42,30.247142857142858
2022-04,2022,20–75 kW,Huawei,4580.92,102,44.910980392156866
2022-04,2022,20–75 kW,Hypontech,282.0,7,40.285714285714285
2022-04,2022,20–75 kW,Ingeteam,141.0,4,35.25
2022-04,2022,20–75 kW,Intelbras,2406.34,64,37.5990625
2022-04,2022,20–75 kW,Kehua,669.45,15,44.63
2022-04,2022,20–75 kW,Komeco,198.34,4,49.585
2022-04,2022,20–75 kW,Kstar,375.0,8,46.875
2022-04,2022,20–75 kW,Livoltek,593.22,15,39.548
2022-04,2022,20–75 kW,Não informado,7476.14,184,40.631195652173915
2022-04,2022,20–75 kW,Outros,15874.55,349,45.48581661891117
2022-04,2022,20–75 kW,PHB,4275.17,106,40.331792452830186
2022-04,2022,20–75 kW,Refusol,461.38,12,38.44833333333333
2022-04,2022,20–75 kW,Renac,1849.58,42,44.037619047619046
2022-04,2022,20–75 kW,Renovigi,4439.11,97,45.7640206185567
2022-04,2022,20–75 kW,SAJ,4477.58,113,39.62460176991151
2022-04,2022,20–75 kW,SHENZHEN,344.95,9,38.327777777777776
2022-04,2022,20–75 kW,SMA,715.0,12,59.583333333333336
2022-04,2022,20–75 kW,SUNWAYS,40.0,1,40.0
2022-04,2022,20–75 kW,Sofar Solar,7176.07,172,41.72133720930233
2022-04,2022,20–75 kW,SolarEdge,3288.25,67,49.07835820895522
2022-04,2022,20–75 kW,Solax Power,45.0,1,45.0
2022-04,2022,20–75 kW,Solis (Ginlong),17579.69,368,47.77089673913043
2022-04,2022,20–75 kW,Solplanet,82.13,3,27.376666666666665
2022-04,2022,20–75 kW,Sungrow,11061.23,229,48.30231441048035
2022-04,2022,20–75 kW,Tsun,202.95,4,50.7375
2022-04,2022,20–75 kW,WEG,13321.97,273,48.798424908424906
2022-04,2022,20–75 kW,WEG (Huawei),1874.02,38,49.316315789473684
2022-04,2022,75–300 kW,ABB/FIMER,300.0,1,300.0
2022-04,2022,75–300 kW,Bel Energy,113.2,1,113.2
2022-04,2022,75–300 kW,Canadian Solar,973.31,6,162.21833333333333
2022-04,2022,75–300 kW,Deye,580.0,4,145.0
2022-04,2022,75–300 kW,Fronius,742.8,5,148.56
2022-04,2022,75–300 kW,Goodwe,1204.34,8,150.5425
2022-04,2022,75–300 kW,Growatt,2549.14,16,159.32125
2022-04,2022,75–300 kW,Hopewind,225.0,1,225.0
2022-04,2022,75–300 kW,Huawei,1269.71,11,115.42818181818183
2022-04,2022,75–300 kW,Ingeteam,285.0,1,285.0
2022-04,2022,75–300 kW,Intelbras,200.0,1,200.0
2022-04,2022,75–300 kW,Kehua,500.0,3,166.66666666666666
2022-04,2022,75–300 kW,Komeco,306.0,2,153.0
2022-04,2022,75–300 kW,Não informado,345.0,2,172.5
2022-04,2022,75–300 kW,Outros,807.4,5,161.48
2022-04,2022,75–300 kW,PHB,510.0,3,170.0
2022-04,2022,75–300 kW,Refusol,120.0,1,120.0
2022-04,2022,75–300 kW,Renovigi,260.0,2,130.0
2022-04,2022,75–300 kW,SAJ,220.0,1,220.0
2022-04,2022,75–300 kW,SMA,300.0,1,300.0
2022-04,2022,75–300 kW,Sofar Solar,665.0,4,166.25
2022-04,2022,75–300 kW,SolarEdge,266.3,2,133.15
2022-04,2022,75–300 kW,Solis (Ginlong),1911.76,13,147.05846153846153
2022-04,2022,75–300 kW,Sungrow,2738.34,18,152.13
2022-04,2022,75–300 kW,WEG,3021.0,16,188.8125
2022-04,2022,75–300 kW,WEG (Huawei),136.0,1,136.0
2022-04,2022,300 kW–1 MW,ABB/FIMER,700.0,1,700.0
2022-04,2022,300 kW–1 MW,Canadian Solar,3000.0,3,1000.0
2022-04,2022,300 kW–1 MW,Growatt,1000.0,1,1000.0
2022-04,2022,300 kW–1 MW,Huawei,4460.0,7,637.1428571428571
2022-04,2022,300 kW–1 MW,Intelbras,1000.0,1,1000.0
2022-04,2022,300 kW–1 MW,Kstar,780.0,1,780.0
2022-04,2022,300 kW–1 MW,Outros,2340.0,3,780.0
2022-04,2022,300 kW–1 MW,SMA,1250.0,2,625.0
2022-04,2022,300 kW–1 MW,Sofar Solar,660.0,1,660.0
2022-04,2022,300 kW–1 MW,Solis (Ginlong),955.0,2,477.5
2022-04,2022,300 kW–1 MW,Sungrow,5000.0,6,833.3333333333334
2022-04,2022,300 kW–1 MW,WEG,1000.0,2,500.0
2022-04,2022,1–5 MW,ABB/FIMER,1013.0,1,1013.0
2022-04,2022,1–5 MW,Canadian Solar,2500.0,2,1250.0
2022-04,2022,1–5 MW,Growatt,1748.0,1,1748.0
2022-04,2022,1–5 MW,Huawei,2460.0,1,2460.0
2022-04,2022,1–5 MW,Não informado,1400.0,1,1400.0
2022-04,2022,1–5 MW,PHB,1200.0,1,1200.0
2022-04,2022,1–5 MW,SMA,1575.0,1,1575.0
2022-04,2022,1–5 MW,Sungrow,10492.0,4,2623.0
2022-05,2022,≤10 kW,ABB/FIMER,397.06,84,4.726904761904762
2022-05,2022,≤10 kW,APsystems,7422.25,1645,4.512006079027356
2022-05,2022,≤10 kW,B&B POWER,8.9,2,4.45
2022-05,2022,≤10 kW,BYD,436.61,88,4.961477272727273
2022-05,2022,≤10 kW,Bedin Solar,3096.02,589,5.256400679117148
2022-05,2022,≤10 kW,Bel Energy,13545.41,2821,4.801634172279334
2022-05,2022,≤10 kW,Canadian Solar,4536.56,817,5.552705018359854
2022-05,2022,≤10 kW,Chint,107.04,24,4.46
2022-05,2022,≤10 kW,Deye,31007.78,6392,4.8510294117647055
2022-05,2022,≤10 kW,Each Energy,5.0,1,5.0
2022-05,2022,≤10 kW,Ecosolys,521.0,116,4.491379310344827
2022-05,2022,≤10 kW,Elgin,1983.13,433,4.579976905311779
2022-05,2022,≤10 kW,Empalux,1284.85,235,5.467446808510638
2022-05,2022,≤10 kW,Enphase,66.82,19,3.5168421052631573
2022-05,2022,≤10 kW,Foxess,946.28,209,4.527655502392344
2022-05,2022,≤10 kW,Fronius,2347.29,407,5.767297297297297
2022-05,2022,≤10 kW,GE,132.44,20,6.622
2022-05,2022,≤10 kW,Goodwe,6855.4,1302,5.265284178187404
2022-05,2022,≤10 kW,Growatt,73880.64,14168,5.214613212874083
2022-05,2022,≤10 kW,Hopewind,145.13,21,6.910952380952381
2022-05,2022,≤10 kW,Hoymiles,9227.91,2083,4.430105616898704
2022-05,2022,≤10 kW,Huawei,313.9,68,4.616176470588235
2022-05,2022,≤10 kW,Hypontech,964.67,204,4.728774509803921
2022-05,2022,≤10 kW,Ingeteam,74.48,16,4.655
2022-05,2022,≤10 kW,Intelbras,8146.15,1760,4.628494318181818
2022-05,2022,≤10 kW,Kehua,1272.29,277,4.593104693140794
2022-05,2022,≤10 kW,Komeco,162.51,41,3.9636585365853656
2022-05,2022,≤10 kW,Kstar,429.22,103,4.1671844660194175
2022-05,2022,≤10 kW,Livoltek,5471.81,1102,4.9653448275862075
2022-05,2022,≤10 kW,NEP,7.5,5,1.5
2022-05,2022,≤10 kW,Nexen,11.99,2,5.995
2022-05,2022,≤10 kW,Não informado,15663.84,3051,5.134001966568339
2022-05,2022,≤10 kW,Outros,19859.09,3895,5.0986110397946085
2022-05,2022,≤10 kW,PHB,7393.8,1501,4.925916055962691
2022-05,2022,≤10 kW,Refusol,278.98,68,4.102647058823529
2022-05,2022,≤10 kW,Renac,3279.87,675,4.859066666666666
2022-05,2022,≤10 kW,Renovigi,7084.61,1412,5.0174291784702545
2022-05,2022,≤10 kW,SAJ,7780.76,1547,5.029579831932773
2022-05,2022,≤10 kW,SHENZHEN,73.4,11,6.672727272727273
2022-05,2022,≤10 kW,SMA,81.46000000000001,22,3.702727272727273
2022-05,2022,≤10 kW,SUNWAYS,282.3,55,5.132727272727273
2022-05,2022,≤10 kW,Sofar Solar,11726.32,2294,5.111734960767219
2022-05,2022,≤10 kW,SolarEdge,130.7,23,5.682608695652173
2022-05,2022,≤10 kW,Solax Power,72.08,16,4.505
2022-05,2022,≤10 kW,Solis (Ginlong),15980.93,3097,5.160132386180175
2022-05,2022,≤10 kW,Solplanet,888.28,190,4.675157894736842
2022-05,2022,≤10 kW,Sungrow,6007.59,1138,5.279077328646749
2022-05,2022,≤10 kW,Tsun,228.19,48,4.753958333333333
2022-05,2022,≤10 kW,WEG,15293.82,2862,5.343752620545073
2022-05,2022,≤10 kW,WEG (Huawei),98.21000000000001,19,5.168947368421053
2022-05,2022,10–20 kW,ABB/FIMER,100.88,7,14.411428571428571
2022-05,2022,10–20 kW,APsystems,2171.98,157,13.834267515923568
2022-05,2022,10–20 kW,Auxsol,12.0,1,12.0
2022-05,2022,10–20 kW,BYD,155.4,11,14.127272727272727
2022-05,2022,10–20 kW,Bedin Solar,474.84000000000003,31,15.31741935483871
2022-05,2022,10–20 kW,Bel Energy,2509.59,166,15.118012048192773
2022-05,2022,10–20 kW,Canadian Solar,2594.89,162,16.017839506172837
2022-05,2022,10–20 kW,Chint,53.0,3,17.666666666666668
2022-05,2022,10–20 kW,Deye,7028.57,471,14.922653927813164
2022-05,2022,10–20 kW,Ecosolys,197.99,13,15.23
2022-05,2022,10–20 kW,Elgin,486.27,35,13.89342857142857
2022-05,2022,10–20 kW,Empalux,531.37,42,12.651666666666667
2022-05,2022,10–20 kW,Enphase,11.22,1,11.22
2022-05,2022,10–20 kW,Foxess,362.13,27,13.412222222222223
2022-05,2022,10–20 kW,Fronius,1462.6299999999999,98,14.924795918367346
2022-05,2022,10–20 kW,GE,62.52,4,15.63
2022-05,2022,10–20 kW,Goodwe,2090.55,140,14.932500000000001
2022-05,2022,10–20 kW,Growatt,22748.29,1435,15.852466898954704
2022-05,2022,10–20 kW,Hopewind,34.71,3,11.57
2022-05,2022,10–20 kW,Hoymiles,2554.2,195,13.098461538461537
2022-05,2022,10–20 kW,Huawei,935.8,58,16.13448275862069
2022-05,2022,10–20 kW,Hypontech,175.11,12,14.592500000000001
2022-05,2022,10–20 kW,Ingeteam,32.0,2,16.0
2022-05,2022,10–20 kW,Intelbras,2007.3,139,14.441007194244603
2022-05,2022,10–20 kW,Kehua,254.12,18,14.117777777777778
2022-05,2022,10–20 kW,Komeco,62.0,5,12.4
2022-05,2022,10–20 kW,Kstar,99.68,7,14.24
2022-05,2022,10–20 kW,Livoltek,1128.55,74,15.250675675675675
2022-05,2022,10–20 kW,NEP,11.75,1,11.75
2022-05,2022,10–20 kW,Não informado,5541.84,367,15.100381471389646
2022-05,2022,10–20 kW,Outros,5131.97,336,15.273720238095239
2022-05,2022,10–20 kW,PHB,1861.02,128,14.53921875
2022-05,2022,10–20 kW,Refusol,140.54,10,14.053999999999998
2022-05,2022,10–20 kW,Renac,1113.79,79,14.09860759493671
2022-05,2022,10–20 kW,Renovigi,1693.05,103,16.4373786407767
2022-05,2022,10–20 kW,SAJ,2612.11,177,14.757683615819209
2022-05,2022,10–20 kW,SHENZHEN,130.65,7,18.664285714285715
2022-05,2022,10–20 kW,SMA,46.0,3,15.333333333333334
2022-05,2022,10–20 kW,SUNWAYS,35.0,3,11.666666666666666
2022-05,2022,10–20 kW,Sofar Solar,3877.22,272,14.254485294117647
2022-05,2022,10–20 kW,SolarEdge,305.05,20,15.252500000000001
2022-05,2022,10–20 kW,Solax Power,12.32,1,12.32
2022-05,2022,10–20 kW,Solis (Ginlong),5635.23,355,15.873887323943661
2022-05,2022,10–20 kW,Solplanet,96.51,6,16.085
2022-05,2022,10–20 kW,Sungrow,3591.17,244,14.717909836065575
2022-05,2022,10–20 kW,Tsun,88.8,7,12.685714285714285
2022-05,2022,10–20 kW,WEG,4572.93,306,14.94421568627451
2022-05,2022,10–20 kW,WEG (Huawei),648.57,43,15.083023255813954
2022-05,2022,20–75 kW,ABB/FIMER,476.13,10,47.613
2022-05,2022,20–75 kW,APsystems,1661.2,47,35.34468085106383
2022-05,2022,20–75 kW,BYD,832.51,18,46.25055555555556
2022-05,2022,20–75 kW,Bedin Solar,2784.63,54,51.56722222222223
2022-05,2022,20–75 kW,Bel Energy,2719.38,70,38.848285714285716
2022-05,2022,20–75 kW,Canadian Solar,4508.4,118,38.206779661016945
2022-05,2022,20–75 kW,Chint,340.66,8,42.5825
2022-05,2022,20–75 kW,Deye,9730.61,248,39.236330645161296
2022-05,2022,20–75 kW,Ecosolys,189.16,4,47.29
2022-05,2022,20–75 kW,Elgin,1373.22,35,39.234857142857145
2022-05,2022,20–75 kW,Empalux,824.09,20,41.2045
2022-05,2022,20–75 kW,Enphase,21.54,1,21.54
2022-05,2022,20–75 kW,Foxess,347.0,8,43.375
2022-05,2022,20–75 kW,Fronius,4661.82,106,43.979433962264146
2022-05,2022,20–75 kW,GE,59.699999999999996,2,29.849999999999998
2022-05,2022,20–75 kW,Goodwe,7602.61,145,52.43179310344827
2022-05,2022,20–75 kW,Growatt,40987.67,988,41.485495951417
2022-05,2022,20–75 kW,Hopewind,205.17000000000002,4,51.292500000000004
2022-05,2022,20–75 kW,Hoymiles,1435.61,46,31.20891304347826
2022-05,2022,20–75 kW,Huawei,3826.89,87,43.98724137931034
2022-05,2022,20–75 kW,Hypontech,201.0,6,33.5
2022-05,2022,20–75 kW,Ingeteam,58.0,2,29.0
2022-05,2022,20–75 kW,Intelbras,2513.21,68,36.958970588235296
2022-05,2022,20–75 kW,Kehua,1073.02,24,44.70916666666667
2022-05,2022,20–75 kW,Komeco,153.7,4,38.425
2022-05,2022,20–75 kW,Kstar,348.31,9,38.70111111111111
2022-05,2022,20–75 kW,Livoltek,362.88,12,30.24
2022-05,2022,20–75 kW,Não informado,10580.37,256,41.3295703125
2022-05,2022,20–75 kW,Outros,16588.26,353,46.99223796033994
2022-05,2022,20–75 kW,PHB,3978.25,96,41.440104166666664
2022-05,2022,20–75 kW,Refusol,224.6,8,28.075
2022-05,2022,20–75 kW,Renac,1244.84,31,40.156129032258065
2022-05,2022,20–75 kW,Renovigi,3695.58,89,41.52337078651685
2022-05,2022,20–75 kW,SAJ,4316.03,109,39.59660550458715
2022-05,2022,20–75 kW,SHENZHEN,1174.72,23,51.07478260869566
2022-05,2022,20–75 kW,SMA,759.36,15,50.624
2022-05,2022,20–75 kW,SUNWAYS,60.0,1,60.0
2022-05,2022,20–75 kW,Sofar Solar,7866.42,182,43.222087912087915
2022-05,2022,20–75 kW,SolarEdge,3726.9900000000002,79,47.17708860759494
2022-05,2022,20–75 kW,Solax Power,79.5,2,39.75
2022-05,2022,20–75 kW,Solis (Ginlong),17795.8,386,46.10310880829015
2022-05,2022,20–75 kW,Solplanet,215.8,6,35.96666666666667
2022-05,2022,20–75 kW,Sungrow,10784.24,226,47.71787610619469
2022-05,2022,20–75 kW,Tsun,200.0,5,40.0
2022-05,2022,20–75 kW,WEG,17018.18,343,49.615685131195335
2022-05,2022,20–75 kW,WEG (Huawei),1713.73,40,42.84325
2022-05,2022,75–300 kW,APsystems,210.0,1,210.0
2022-05,2022,75–300 kW,Bedin Solar,395.0,2,197.5
2022-05,2022,75–300 kW,Canadian Solar,200.0,1,200.0
2022-05,2022,75–300 kW,Deye,425.0,3,141.66666666666666
2022-05,2022,75–300 kW,Elgin,100.0,1,100.0
2022-05,2022,75–300 kW,Fronius,336.66999999999996,3,112.22333333333331
2022-05,2022,75–300 kW,Goodwe,1276.0,7,182.28571428571428
2022-05,2022,75–300 kW,Growatt,3082.24,19,162.22315789473683
2022-05,2022,75–300 kW,Hopewind,86.0,1,86.0
2022-05,2022,75–300 kW,Hoymiles,319.5,3,106.5
2022-05,2022,75–300 kW,Huawei,1536.0,9,170.66666666666666
2022-05,2022,75–300 kW,Ingeteam,285.0,1,285.0
2022-05,2022,75–300 kW,Intelbras,180.0,1,180.0
2022-05,2022,75–300 kW,Komeco,96.0,1,96.0
2022-05,2022,75–300 kW,Não informado,617.0,4,154.25
2022-05,2022,75–300 kW,Outros,1388.8899999999999,10,138.88899999999998
2022-05,2022,75–300 kW,PHB,381.0,3,127.0
2022-05,2022,75–300 kW,Renovigi,550.0,3,183.33333333333334
2022-05,2022,75–300 kW,SAJ,180.0,1,180.0
2022-05,2022,75–300 kW,SHENZHEN,129.0,1,129.0
2022-05,2022,75–300 kW,SMA,410.71999999999997,3,136.90666666666667
2022-05,2022,75–300 kW,Sofar Solar,929.0,5,185.8
2022-05,2022,75–300 kW,SolarEdge,539.0,3,179.66666666666666
2022-05,2022,75–300 kW,Solax Power,120.0,1,120.0
2022-05,2022,75–300 kW,Solis (Ginlong),1457.52,11,132.50181818181818
2022-05,2022,75–300 kW,Sungrow,4236.5,26,162.94230769230768
2022-05,2022,75–300 kW,WEG,4354.0,21,207.33333333333334
2022-05,2022,75–300 kW,WEG (Huawei),200.0,2,100.0
2022-05,2022,300 kW–1 MW,Canadian Solar,7695.0,12,641.25
2022-05,2022,300 kW–1 MW,Goodwe,320.0,1,320.0
2022-05,2022,300 kW–1 MW,Growatt,3169.0,5,633.8
2022-05,2022,300 kW–1 MW,Huawei,4380.0,5,876.0
2022-05,2022,300 kW–1 MW,Ingeteam,1603.6,2,801.8
2022-05,2022,300 kW–1 MW,Intelbras,680.0,1,680.0
2022-05,2022,300 kW–1 MW,Outros,1840.0,2,920.0
2022-05,2022,300 kW–1 MW,SMA,930.0,2,465.0
2022-05,2022,300 kW–1 MW,Solis (Ginlong),500.0,1,500.0
2022-05,2022,300 kW–1 MW,Sungrow,16405.0,22,745.6818181818181
2022-05,2022,300 kW–1 MW,WEG,1616.0,4,404.0
2022-05,2022,300 kW–1 MW,WEG (Huawei),1000.0,1,1000.0
2022-05,2022,1–5 MW,Huawei,4900.0,2,2450.0
2022-05,2022,1–5 MW,Sungrow,9552.529999999999,5,1910.5059999999999
2022-06,2022,≤10 kW,ABB/FIMER,271.18,58,4.6755172413793105
2022-06,2022,≤10 kW,APsystems,8628.6,1935,4.459224806201551
2022-06,2022,≤10 kW,B&B POWER,13.92,4,3.48
2022-06,2022,≤10 kW,BYD,117.66,22,5.348181818181818
2022-06,2022,≤10 kW,Bedin Solar,2297.57,421,5.457410926365796
2022-06,2022,≤10 kW,Bel Energy,13285.78,2761,4.811944947482797
2022-06,2022,≤10 kW,Canadian Solar,3442.42,597,5.766197654941374
2022-06,2022,≤10 kW,Chint,244.67,45,5.437111111111111
2022-06,2022,≤10 kW,Deye,36066.41,7374,4.891023867643071
2022-06,2022,≤10 kW,Ecosolys,533.25,122,4.370901639344262
2022-06,2022,≤10 kW,Elgin,2271.9,468,4.85448717948718
2022-06,2022,≤10 kW,Empalux,1201.09,215,5.5864651162790695
2022-06,2022,≤10 kW,Enphase,59.56,16,3.7225
2022-06,2022,≤10 kW,Foxess,1021.78,227,4.501233480176212
2022-06,2022,≤10 kW,Fronius,2182.68,383,5.698903394255875
2022-06,2022,≤10 kW,GE,136.19,19,7.167894736842105
2022-06,2022,≤10 kW,Goodwe,6435.31,1198,5.371711185308849
2022-06,2022,≤10 kW,Growatt,79462.75,15095,5.264176879761511
2022-06,2022,≤10 kW,Hopewind,129.38,21,6.160952380952381
2022-06,2022,≤10 kW,Hoymiles,11002.64,2468,4.458119935170178
2022-06,2022,≤10 kW,Huawei,431.18,83,5.194939759036145
2022-06,2022,≤10 kW,Hypontech,720.13,149,4.833087248322148
2022-06,2022,≤10 kW,Ingeteam,113.33999999999999,18,6.296666666666666
2022-06,2022,≤10 kW,Intelbras,7782.94,1653,4.708372655777374
2022-06,2022,≤10 kW,Kehua,1118.32,243,4.602139917695473
2022-06,2022,≤10 kW,Komeco,215.9,45,4.797777777777778
2022-06,2022,≤10 kW,Kstar,389.84000000000003,84,4.640952380952381
2022-06,2022,≤10 kW,Livoltek,4917.51,942,5.220286624203822
2022-06,2022,≤10 kW,NEP,25.8,10,2.58
2022-06,2022,≤10 kW,Nexen,7.620000000000001,2,3.8100000000000005
2022-06,2022,≤10 kW,Não informado,12723.94,2410,5.279643153526971
2022-06,2022,≤10 kW,Outros,8056.33,1597,5.0446649968691295
2022-06,2022,≤10 kW,PHB,7349.83,1533,4.794409654272668
2022-06,2022,≤10 kW,Refusol,246.05,60,4.100833333333333
2022-06,2022,≤10 kW,Renac,3549.99,752,4.720731382978723
2022-06,2022,≤10 kW,Renovigi,6933.68,1400,4.952628571428572
2022-06,2022,≤10 kW,SAJ,7760.58,1556,4.987519280205656
2022-06,2022,≤10 kW,SHENZHEN,106.58,18,5.921111111111111
2022-06,2022,≤10 kW,SMA,52.01,15,3.4673333333333334
2022-06,2022,≤10 kW,SUNWAYS,527.4,111,4.751351351351351
2022-06,2022,≤10 kW,Sofar Solar,10768.92,2108,5.108595825426945
2022-06,2022,≤10 kW,SolarEdge,396.55,65,6.100769230769231
2022-06,2022,≤10 kW,Solax Power,42.83,8,5.35375
2022-06,2022,≤10 kW,Solis (Ginlong),17999.44,3474,5.18118595279217
2022-06,2022,≤10 kW,Solplanet,1492.0,317,4.7066246056782335
2022-06,2022,≤10 kW,Sungrow,7329.12,1347,5.441069042316259
2022-06,2022,≤10 kW,Tsun,208.52,44,4.739090909090909
2022-06,2022,≤10 kW,WEG,15364.99,2892,5.31292876901798
2022-06,2022,≤10 kW,WEG (Huawei),135.49,27,5.018148148148149
2022-06,2022,10–20 kW,ABB/FIMER,143.73,10,14.373
2022-06,2022,10–20 kW,APsystems,2353.57,169,13.926449704142012
2022-06,2022,10–20 kW,B&B POWER,20.0,1,20.0
2022-06,2022,10–20 kW,BYD,70.0,5,14.0
2022-06,2022,10–20 kW,Bedin Solar,536.39,32,16.7621875
2022-06,2022,10–20 kW,Bel Energy,3423.05,221,15.488914027149322
2022-06,2022,10–20 kW,Canadian Solar,2641.68,166,15.913734939759035
2022-06,2022,10–20 kW,Chint,16.0,1,16.0
2022-06,2022,10–20 kW,Deye,8140.14,548,14.854270072992701
2022-06,2022,10–20 kW,Ecosolys,133.91,9,14.878888888888888
2022-06,2022,10–20 kW,Elgin,862.26,57,15.127368421052632
2022-06,2022,10–20 kW,Empalux,554.44,42,13.200952380952382
2022-06,2022,10–20 kW,Enphase,29.58,2,14.79
2022-06,2022,10–20 kW,Foxess,336.53,25,13.461199999999998
2022-06,2022,10–20 kW,Fronius,1562.55,106,14.741037735849057
2022-06,2022,10–20 kW,GE,31.6,2,15.8
2022-06,2022,10–20 kW,Goodwe,1837.08,119,15.43764705882353
2022-06,2022,10–20 kW,Growatt,25330.0,1575,16.082539682539682
2022-06,2022,10–20 kW,Hopewind,29.880000000000003,2,14.940000000000001
2022-06,2022,10–20 kW,Hoymiles,3014.55,226,13.338716814159293
2022-06,2022,10–20 kW,Huawei,1084.51,67,16.186716417910446
2022-06,2022,10–20 kW,Hypontech,291.96999999999997,19,15.366842105263157
2022-06,2022,10–20 kW,Intelbras,2564.51,177,14.488757062146894
2022-06,2022,10–20 kW,Kehua,669.38,45,14.875111111111112
2022-06,2022,10–20 kW,Komeco,72.32,5,14.463999999999999
2022-06,2022,10–20 kW,Kstar,112.0,8,14.0
2022-06,2022,10–20 kW,Livoltek,686.47,47,14.605744680851064
2022-06,2022,10–20 kW,Não informado,5936.9800000000005,391,15.184092071611255
2022-06,2022,10–20 kW,Outros,3316.45,215,15.4253488372093
2022-06,2022,10–20 kW,PHB,2021.3,139,14.541726618705036
2022-06,2022,10–20 kW,Refusol,71.1,5,14.219999999999999
2022-06,2022,10–20 kW,Renac,1303.45,97,13.437628865979383
2022-06,2022,10–20 kW,Renovigi,2248.44,143,15.723356643356643
2022-06,2022,10–20 kW,SAJ,2421.0,169,14.325443786982248
2022-06,2022,10–20 kW,SHENZHEN,207.7,13,15.976923076923075
2022-06,2022,10–20 kW,SUNWAYS,122.0,8,15.25
2022-06,2022,10–20 kW,Sofar Solar,3536.83,249,14.204136546184738
2022-06,2022,10–20 kW,SolarEdge,320.29,22,14.558636363636365
2022-06,2022,10–20 kW,Solis (Ginlong),5617.73,360,15.604805555555554
2022-06,2022,10–20 kW,Solplanet,123.63,9,13.736666666666666
2022-06,2022,10–20 kW,Sungrow,3809.46,252,15.116904761904761
2022-06,2022,10–20 kW,WEG,6636.39,448,14.813370535714286
2022-06,2022,10–20 kW,WEG (Huawei),793.73,53,14.976037735849056
2022-06,2022,20–75 kW,ABB/FIMER,738.8000000000001,18,41.04444444444445
2022-06,2022,20–75 kW,APsystems,1890.64,56,33.761428571428574
2022-06,2022,20–75 kW,BYD,596.8199999999999,12,49.73499999999999
2022-06,2022,20–75 kW,Bedin Solar,2357.46,51,46.22470588235294
2022-06,2022,20–75 kW,Bel Energy,3954.35,107,36.95654205607477
2022-06,2022,20–75 kW,Canadian Solar,4972.33,120,41.436083333333336
2022-06,2022,20–75 kW,Chint,132.0,2,66.0
2022-06,2022,20–75 kW,Deye,10082.19,258,39.07825581395349
2022-06,2022,20–75 kW,Ecosolys,143.7,3,47.9
2022-06,2022,20–75 kW,Elgin,1631.7,39,41.83846153846154
2022-06,2022,20–75 kW,Empalux,615.5,13,47.34615384615385
2022-06,2022,20–75 kW,Foxess,321.89,10,32.189
2022-06,2022,20–75 kW,Fronius,4933.5,110,44.85
2022-06,2022,20–75 kW,GE,314.52,11,28.59272727272727
2022-06,2022,20–75 kW,Goodwe,7054.75,135,52.257407407407406
2022-06,2022,20–75 kW,Growatt,43984.19,1077,40.83954503249768
2022-06,2022,20–75 kW,Hopewind,244.34,6,40.723333333333336
2022-06,2022,20–75 kW,Hoymiles,2097.5,60,34.958333333333336
2022-06,2022,20–75 kW,Huawei,3903.46,88,44.3575
2022-06,2022,20–75 kW,Hypontech,239.47,8,29.93375
2022-06,2022,20–75 kW,Ingeteam,123.0,3,41.0
2022-06,2022,20–75 kW,Intelbras,2375.4900000000002,64,37.117031250000004
2022-06,2022,20–75 kW,Kehua,1037.44,27,38.42370370370371
2022-06,2022,20–75 kW,Komeco,389.9,9,43.32222222222222
2022-06,2022,20–75 kW,Kstar,107.5,3,35.833333333333336
2022-06,2022,20–75 kW,Livoltek,539.3,16,33.70625
2022-06,2022,20–75 kW,Não informado,10554.23,259,40.74992277992278
2022-06,2022,20–75 kW,Outros,7864.82,171,45.993099415204675
2022-06,2022,20–75 kW,PHB,4564.39,116,39.34818965517242
2022-06,2022,20–75 kW,Refusol,822.25,24,34.260416666666664
2022-06,2022,20–75 kW,Renac,1341.14,36,37.253888888888895
2022-06,2022,20–75 kW,Renovigi,4510.64,95,47.480421052631584
2022-06,2022,20–75 kW,SAJ,2889.85,76,38.02434210526316
2022-06,2022,20–75 kW,SHENZHEN,1074.76,24,44.781666666666666
2022-06,2022,20–75 kW,SMA,424.2,8,53.025
2022-06,2022,20–75 kW,SUNWAYS,70.0,2,35.0
2022-06,2022,20–75 kW,Sofar Solar,6243.56,156,40.022820512820516
2022-06,2022,20–75 kW,SolarEdge,3316.69,68,48.77485294117647
2022-06,2022,20–75 kW,Solis (Ginlong),23378.43,481,48.603804573804574
2022-06,2022,20–75 kW,Solplanet,188.35,6,31.391666666666666
2022-06,2022,20–75 kW,Sungrow,12790.57,254,50.356574803149606
2022-06,2022,20–75 kW,Tsun,97.0,2,48.5
2022-06,2022,20–75 kW,WEG,19163.39,383,50.03496083550914
2022-06,2022,20–75 kW,WEG (Huawei),1470.62,33,44.56424242424242
2022-06,2022,75–300 kW,ABB/FIMER,767.5,3,255.83333333333334
2022-06,2022,75–300 kW,Canadian Solar,1720.08,8,215.01
2022-06,2022,75–300 kW,Deye,425.0,3,141.66666666666666
2022-06,2022,75–300 kW,Empalux,180.0,1,180.0
2022-06,2022,75–300 kW,Fronius,500.0,3,166.66666666666666
2022-06,2022,75–300 kW,Goodwe,1945.0,9,216.11111111111111
2022-06,2022,75–300 kW,Growatt,3764.6,24,156.85833333333332
2022-06,2022,75–300 kW,Huawei,1072.0,7,153.14285714285714
2022-06,2022,75–300 kW,Kehua,269.79,2,134.895
2022-06,2022,75–300 kW,Komeco,128.0,1,128.0
2022-06,2022,75–300 kW,Não informado,1180.0,8,147.5
2022-06,2022,75–300 kW,Outros,736.0,5,147.2
2022-06,2022,75–300 kW,PHB,271.0,2,135.5
2022-06,2022,75–300 kW,Refusol,91.0,1,91.0
2022-06,2022,75–300 kW,Renac,400.0,3,133.33333333333334
2022-06,2022,75–300 kW,Renovigi,110.0,1,110.0
2022-06,2022,75–300 kW,SAJ,80.0,1,80.0
2022-06,2022,75–300 kW,SHENZHEN,370.0,2,185.0
2022-06,2022,75–300 kW,SMA,775.0,5,155.0
2022-06,2022,75–300 kW,Sofar Solar,1600.0,8,200.0
2022-06,2022,75–300 kW,SolarEdge,1250.4,8,156.3
2022-06,2022,75–300 kW,Solis (Ginlong),3390.0,19,178.42105263157896
2022-06,2022,75–300 kW,Sungrow,4793.0,31,154.61290322580646
2022-06,2022,75–300 kW,WEG,3741.46,23,162.67217391304348
2022-06,2022,75–300 kW,WEG (Huawei),286.0,2,143.0
2022-06,2022,300 kW–1 MW,ABB/FIMER,2135.0,4,533.75
2022-06,2022,300 kW–1 MW,Bel Energy,675.0,1,675.0
2022-06,2022,300 kW–1 MW,Canadian Solar,3225.0,8,403.125
2022-06,2022,300 kW–1 MW,Growatt,1855.0,4,463.75
2022-06,2022,300 kW–1 MW,Huawei,4527.0,7,646.7142857142857
2022-06,2022,300 kW–1 MW,Não informado,1000.0,1,1000.0
2022-06,2022,300 kW–1 MW,Outros,2765.4,4,691.35
2022-06,2022,300 kW–1 MW,Renovigi,330.0,1,330.0
2022-06,2022,300 kW–1 MW,SMA,330.0,1,330.0
2022-06,2022,300 kW–1 MW,Solis (Ginlong),880.0,1,880.0
2022-06,2022,300 kW–1 MW,Sungrow,15720.0,18,873.3333333333334
2022-06,2022,300 kW–1 MW,WEG,500.0,1,500.0
2022-06,2022,1–5 MW,ABB/FIMER,4550.0,3,1516.6666666666667
2022-06,2022,1–5 MW,Huawei,7200.0,4,1800.0
2022-06,2022,1–5 MW,Outros,1921.0,1,1921.0
2022-06,2022,1–5 MW,Sungrow,13989.6,4,3497.4
2022-07,2022,≤10 kW,ABB/FIMER,282.0,60,4.7
2022-07,2022,≤10 kW,APsystems,8890.82,1964,4.526894093686354
2022-07,2022,≤10 kW,B&B POWER,16.16,4,4.04
2022-07,2022,≤10 kW,BYD,41.730000000000004,9,4.636666666666667
2022-07,2022,≤10 kW,Bedin Solar,1792.88,331,5.416555891238671
2022-07,2022,≤10 kW,Bel Energy,14426.4,2990,4.8248829431438125
2022-07,2022,≤10 kW,Canadian Solar,3252.5,560,5.808035714285714
2022-07,2022,≤10 kW,Chint,230.41,47,4.902340425531915
2022-07,2022,≤10 kW,Deye,41379.89,8160,5.071064950980392
2022-07,2022,≤10 kW,Ecosolys,621.02,140,4.4358571428571425
2022-07,2022,≤10 kW,Elgin,2240.66,480,4.668041666666666
2022-07,2022,≤10 kW,Empalux,1137.43,197,5.773756345177666
2022-07,2022,≤10 kW,Enphase,44.89,13,3.453076923076923
2022-07,2022,≤10 kW,Foxess,1179.8,250,4.7192
2022-07,2022,≤10 kW,Fronius,2058.91,367,5.610108991825613
2022-07,2022,≤10 kW,GE,74.91,9,8.323333333333332
2022-07,2022,≤10 kW,Goodwe,6103.19,1131,5.396277630415561
2022-07,2022,≤10 kW,Growatt,79535.79,14751,5.39189139719341
2022-07,2022,≤10 kW,Hopewind,105.07,17,6.180588235294117
2022-07,2022,≤10 kW,Hoymiles,11563.960000000001,2542,4.549158143194336
2022-07,2022,≤10 kW,Huawei,449.56,87,5.167356321839081
2022-07,2022,≤10 kW,Hypontech,804.24,158,5.090126582278481
2022-07,2022,≤10 kW,Ingeteam,85.31,16,5.331875
2022-07,2022,≤10 kW,Intelbras,8061.34,1685,4.784178041543027
2022-07,2022,≤10 kW,Kehua,1209.43,242,4.997644628099174
2022-07,2022,≤10 kW,Komeco,193.55,44,4.398863636363637
2022-07,2022,≤10 kW,Kstar,566.35,131,4.323282442748091
2022-07,2022,≤10 kW,Livoltek,4315.85,820,5.263231707317074
2022-07,2022,≤10 kW,NEP,19.3,4,4.825
2022-07,2022,≤10 kW,Nansen,7.5,1,7.5
2022-07,2022,≤10 kW,Nexen,8.0,1,8.0
2022-07,2022,≤10 kW,Não informado,11788.4,2176,5.417463235294117
2022-07,2022,≤10 kW,Outros,4637.96,909,5.102266226622662
2022-07,2022,≤10 kW,PHB,8177.48,1686,4.850225385527876
2022-07,2022,≤10 kW,Refusol,333.01,78,4.269358974358974
2022-07,2022,≤10 kW,Renac,3566.77,727,4.90614855570839
2022-07,2022,≤10 kW,Renovigi,6659.44,1376,4.8397093023255815
2022-07,2022,≤10 kW,SAJ,7466.36,1519,4.915312705727452
2022-07,2022,≤10 kW,SHENZHEN,145.46,25,5.8184000000000005
2022-07,2022,≤10 kW,SMA,66.24,16,4.14
2022-07,2022,≤10 kW,SUNWAYS,419.22,86,4.874651162790698
2022-07,2022,≤10 kW,Sofar Solar,12266.33,2363,5.190998730427423
2022-07,2022,≤10 kW,SolarEdge,353.33,59,5.98864406779661
2022-07,2022,≤10 kW,Solax Power,23.0,4,5.75
2022-07,2022,≤10 kW,Solis (Ginlong),19081.25,3599,5.301819949986108
2022-07,2022,≤10 kW,Solplanet,1757.37,354,4.964322033898305
2022-07,2022,≤10 kW,Sungrow,8681.56,1594,5.446398996235884
2022-07,2022,≤10 kW,TSUNESS,6.4,2,3.2
2022-07,2022,≤10 kW,Tsun,97.49000000000001,22,4.431363636363637
2022-07,2022,≤10 kW,WEG,15730.75,2920,5.387243150684932
2022-07,2022,≤10 kW,WEG (Huawei),169.07999999999998,32,5.2837499999999995
2022-07,2022,10–20 kW,ABB/FIMER,301.25,19,15.855263157894736
2022-07,2022,10–20 kW,APsystems,2949.38,211,13.978104265402845
2022-07,2022,10–20 kW,BYD,23.3,2,11.65
2022-07,2022,10–20 kW,Bedin Solar,584.82,40,14.620500000000002
2022-07,2022,10–20 kW,Bel Energy,4057.55,272,14.917463235294118
2022-07,2022,10–20 kW,Canadian Solar,2500.9900000000002,163,15.34349693251534
2022-07,2022,10–20 kW,Chint,165.22,10,16.522
2022-07,2022,10–20 kW,Deye,9621.04,650,14.8016
2022-07,2022,10–20 kW,Ecosolys,172.3,12,14.358333333333334
2022-07,2022,10–20 kW,Elgin,1439.17,97,14.83680412371134
2022-07,2022,10–20 kW,Emerson,14.0,1,14.0
2022-07,2022,10–20 kW,Empalux,456.33,38,12.008684210526315
2022-07,2022,10–20 kW,Foxess,491.12,37,13.273513513513514
2022-07,2022,10–20 kW,Fronius,1808.07,121,14.942727272727272
2022-07,2022,10–20 kW,GE,63.97,4,15.9925
2022-07,2022,10–20 kW,Goodwe,2374.65,158,15.029430379746836
2022-07,2022,10–20 kW,Growatt,27147.11,1696,16.00655070754717
2022-07,2022,10–20 kW,Hopewind,40.7,3,13.566666666666668
2022-07,2022,10–20 kW,Hoymiles,3433.38,254,13.51724409448819
2022-07,2022,10–20 kW,Huawei,1151.58,74,15.561891891891891
2022-07,2022,10–20 kW,Hypontech,308.83,21,14.706190476190475
2022-07,2022,10–20 kW,Ingeteam,45.0,3,15.0
2022-07,2022,10–20 kW,Intelbras,2630.52,182,14.453406593406593
2022-07,2022,10–20 kW,Kehua,742.22,52,14.27346153846154
2022-07,2022,10–20 kW,Komeco,71.69,5,14.338
2022-07,2022,10–20 kW,Kstar,238.92,17,14.054117647058822
2022-07,2022,10–20 kW,Livoltek,984.91,64,15.38921875
2022-07,2022,10–20 kW,Não informado,5107.57,327,15.619480122324157
2022-07,2022,10–20 kW,Outros,2590.66,177,14.636497175141242
2022-07,2022,10–20 kW,PHB,2339.86,163,14.354969325153375
2022-07,2022,10–20 kW,Refusol,306.4,20,15.319999999999999
2022-07,2022,10–20 kW,Renac,1518.28,111,13.678198198198197
2022-07,2022,10–20 kW,Renovigi,1909.79,118,16.184661016949153
2022-07,2022,10–20 kW,SAJ,2243.73,155,14.475677419354838
2022-07,2022,10–20 kW,SHENZHEN,180.97,11,16.451818181818183
2022-07,2022,10–20 kW,SMA,12.0,1,12.0
2022-07,2022,10–20 kW,SUNWAYS,110.0,7,15.714285714285714
2022-07,2022,10–20 kW,Sofar Solar,3889.63,273,14.247728937728938
2022-07,2022,10–20 kW,SolarEdge,267.49,18,14.860555555555557
2022-07,2022,10–20 kW,Solax Power,13.0,1,13.0
2022-07,2022,10–20 kW,Solis (Ginlong),6535.29,419,15.597350835322196
2022-07,2022,10–20 kW,Solplanet,264.38,17,15.551764705882352
2022-07,2022,10–20 kW,Sungrow,4631.2300000000005,300,15.437433333333335
2022-07,2022,10–20 kW,WEG,6699.92,452,14.82283185840708
2022-07,2022,10–20 kW,WEG (Huawei),396.43,27,14.682592592592593
2022-07,2022,20–75 kW,ABB/FIMER,269.2,6,44.86666666666667
2022-07,2022,20–75 kW,APsystems,1984.84,58,34.22137931034483
2022-07,2022,20–75 kW,BYD,60.0,1,60.0
2022-07,2022,20–75 kW,Bedin Solar,2287.93,42,54.4745238095238
2022-07,2022,20–75 kW,Bel Energy,4754.55,127,37.437401574803154
2022-07,2022,20–75 kW,Canadian Solar,4708.04,125,37.66432
2022-07,2022,20–75 kW,Chint,146.04,5,29.208
2022-07,2022,20–75 kW,Deye,13909.58,343,40.552711370262394
2022-07,2022,20–75 kW,Ecosolys,312.0,8,39.0
2022-07,2022,20–75 kW,Elgin,1511.18,37,40.8427027027027
2022-07,2022,20–75 kW,Empalux,698.87,17,41.11
2022-07,2022,20–75 kW,Foxess,222.43,6,37.071666666666665
2022-07,2022,20–75 kW,Fronius,5724.72,128,44.724375
2022-07,2022,20–75 kW,GE,199.18,7,28.454285714285714
2022-07,2022,20–75 kW,Goodwe,9981.21,194,51.449536082474225
2022-07,2022,20–75 kW,Growatt,50113.51,1194,41.97111390284757
2022-07,2022,20–75 kW,Hopewind,350.0,5,70.0
2022-07,2022,20–75 kW,Hoymiles,3167.63,98,32.322755102040816
2022-07,2022,20–75 kW,Huawei,3550.34,81,43.83135802469136
2022-07,2022,20–75 kW,Hypontech,297.5,9,33.05555555555556
2022-07,2022,20–75 kW,Ingeteam,77.0,2,38.5
2022-07,2022,20–75 kW,Intelbras,3292.07,83,39.66349397590361
2022-07,2022,20–75 kW,Kehua,1193.13,27,44.190000000000005
2022-07,2022,20–75 kW,Komeco,56.0,2,28.0
2022-07,2022,20–75 kW,Kstar,450.92,10,45.092
2022-07,2022,20–75 kW,Livoltek,490.28999999999996,14,35.020714285714284
2022-07,2022,20–75 kW,Não informado,10660.1,245,43.51061224489796
2022-07,2022,20–75 kW,Outros,5822.51,135,43.129703703703704
2022-07,2022,20–75 kW,PHB,6234.5,149,41.84228187919463
2022-07,2022,20–75 kW,Refusol,422.78,13,32.52153846153846
2022-07,2022,20–75 kW,Renac,1934.61,50,38.6922
2022-07,2022,20–75 kW,Renovigi,5532.62,118,46.886610169491526
2022-07,2022,20–75 kW,SAJ,3293.42,89,37.0047191011236
2022-07,2022,20–75 kW,SHENZHEN,1458.0,29,50.275862068965516
2022-07,2022,20–75 kW,SMA,955.27,21,45.48904761904762
2022-07,2022,20–75 kW,SUNWAYS,343.9,8,42.9875
2022-07,2022,20–75 kW,Sofar Solar,6617.37,170,38.92570588235294
2022-07,2022,20–75 kW,SolarEdge,3597.7,72,49.96805555555555
2022-07,2022,20–75 kW,Solax Power,82.75,2,41.375
2022-07,2022,20–75 kW,Solis (Ginlong),23809.6,502,47.429482071713146
2022-07,2022,20–75 kW,Solplanet,521.47,12,43.45583333333334
2022-07,2022,20–75 kW,Sungrow,15268.49,315,48.47139682539682
2022-07,2022,20–75 kW,Tsun,55.0,1,55.0
2022-07,2022,20–75 kW,WEG,19368.0,410,47.239024390243905
2022-07,2022,20–75 kW,WEG (Huawei),1914.71,38,50.3871052631579
2022-07,2022,75–300 kW,ABB/FIMER,592.4,5,118.47999999999999
2022-07,2022,75–300 kW,Bedin Solar,290.0,3,96.66666666666667
2022-07,2022,75–300 kW,Canadian Solar,784.0,4,196.0
2022-07,2022,75–300 kW,Deye,1215.0,9,135.0
2022-07,2022,75–300 kW,Elgin,840.0,3,280.0
2022-07,2022,75–300 kW,Fronius,1384.0,8,173.0
2022-07,2022,75–300 kW,Goodwe,2572.5,13,197.8846153846154
2022-07,2022,75–300 kW,Growatt,4209.91,29,145.16931034482758
2022-07,2022,75–300 kW,Hoymiles,225.0,1,225.0
2022-07,2022,75–300 kW,Huawei,1506.0,10,150.6
2022-07,2022,75–300 kW,Ingeteam,160.1,1,160.1
2022-07,2022,75–300 kW,Intelbras,320.0,2,160.0
2022-07,2022,75–300 kW,Kehua,180.0,1,180.0
2022-07,2022,75–300 kW,Komeco,293.01,2,146.505
2022-07,2022,75–300 kW,Não informado,1437.0,9,159.66666666666666
2022-07,2022,75–300 kW,Outros,1524.5,9,169.38888888888889
2022-07,2022,75–300 kW,PHB,225.0,2,112.5
2022-07,2022,75–300 kW,Renovigi,1500.0,9,166.66666666666666
2022-07,2022,75–300 kW,SAJ,80.0,1,80.0
2022-07,2022,75–300 kW,SHENZHEN,300.0,2,150.0
2022-07,2022,75–300 kW,SMA,150.0,1,150.0
2022-07,2022,75–300 kW,Sofar Solar,2734.5,12,227.875
2022-07,2022,75–300 kW,SolarEdge,1157.5,7,165.35714285714286
2022-07,2022,75–300 kW,Solax Power,220.0,1,220.0
2022-07,2022,75–300 kW,Solis (Ginlong),1581.7,11,143.79090909090908
2022-07,2022,75–300 kW,Sungrow,4003.6000000000004,25,160.144
2022-07,2022,75–300 kW,WEG,6852.9,37,185.2135135135135
2022-07,2022,300 kW–1 MW,ABB/FIMER,2239.0,4,559.75
2022-07,2022,300 kW–1 MW,Canadian Solar,3075.0,4,768.75
2022-07,2022,300 kW–1 MW,Deye,780.0,1,780.0
2022-07,2022,300 kW–1 MW,Goodwe,2725.0,4,681.25
2022-07,2022,300 kW–1 MW,Growatt,400.0,1,400.0
2022-07,2022,300 kW–1 MW,Huawei,4960.0,6,826.6666666666666
2022-07,2022,300 kW–1 MW,Intelbras,411.0,1,411.0
2022-07,2022,300 kW–1 MW,Outros,1115.0,2,557.5
2022-07,2022,300 kW–1 MW,SMA,750.0,1,750.0
2022-07,2022,300 kW–1 MW,Solis (Ginlong),2460.0,4,615.0
2022-07,2022,300 kW–1 MW,Sungrow,16584.0,24,691.0
2022-07,2022,300 kW–1 MW,WEG,412.0,1,412.0
2022-07,2022,300 kW–1 MW,WEG (Huawei),540.0,1,540.0
2022-07,2022,1–5 MW,Ecosolys,1350.0,1,1350.0
2022-07,2022,1–5 MW,Huawei,6500.0,3,2166.6666666666665
2022-07,2022,1–5 MW,Sungrow,26975.0,9,2997.222222222222
2022-08,2022,≤10 kW,ABB/FIMER,416.48,89,4.679550561797753
2022-08,2022,≤10 kW,APsystems,7998.43,1781,4.490976979225154
2022-08,2022,≤10 kW,Auxsol,6.0,1,6.0
2022-08,2022,≤10 kW,B&B POWER,14.32,5,2.864
2022-08,2022,≤10 kW,BYD,10.5,2,5.25
2022-08,2022,≤10 kW,Bedin Solar,2664.3,485,5.4934020618556705
2022-08,2022,≤10 kW,Bel Energy,14565.44,3003,4.850296370296371
2022-08,2022,≤10 kW,Canadian Solar,3801.4700000000003,705,5.392156028368794
2022-08,2022,≤10 kW,Chint,434.04,75,5.7872
2022-08,2022,≤10 kW,Deye,42071.54,8422,4.995433388743766
2022-08,2022,≤10 kW,Ecosolys,632.89,149,4.24758389261745
2022-08,2022,≤10 kW,Elgin,2415.28,508,4.754488188976378
2022-08,2022,≤10 kW,Empalux,1131.1,199,5.6839195979899495
2022-08,2022,≤10 kW,Enphase,97.33,19,5.122631578947368
2022-08,2022,≤10 kW,Foxess,1178.99,254,4.6416929133858265
2022-08,2022,≤10 kW,Fronius,2095.12,363,5.771680440771349
2022-08,2022,≤10 kW,GE,147.2,22,6.6909090909090905
2022-08,2022,≤10 kW,Goodwe,6508.82,1218,5.343858784893268
2022-08,2022,≤10 kW,Growatt,74826.29,13816,5.415915605095541
2022-08,2022,≤10 kW,Hopewind,81.95,12,6.829166666666667
2022-08,2022,≤10 kW,Hoymiles,10958.05,2328,4.707066151202749
2022-08,2022,≤10 kW,Huawei,584.84,110,5.316727272727273
2022-08,2022,≤10 kW,Hypontech,664.73,143,4.648461538461539
2022-08,2022,≤10 kW,Ingeteam,88.2,19,4.6421052631578945
2022-08,2022,≤10 kW,Intelbras,9065.9,1900,4.771526315789473
2022-08,2022,≤10 kW,Kehua,1084.05,209,5.186842105263158
2022-08,2022,≤10 kW,Komeco,275.1,53,5.19056603773585
2022-08,2022,≤10 kW,Kstar,656.06,148,4.4328378378378375
2022-08,2022,≤10 kW,Livoltek,3224.27,645,4.998868217054263
2022-08,2022,≤10 kW,Nexen,5.0,1,5.0
2022-08,2022,≤10 kW,Não informado,12180.59,2260,5.389641592920354
2022-08,2022,≤10 kW,Outros,5560.03,1132,4.911687279151943
2022-08,2022,≤10 kW,PHB,8049.38,1632,4.932218137254902
2022-08,2022,≤10 kW,Refusol,290.24,67,4.331940298507463
2022-08,2022,≤10 kW,Renac,3768.86,763,4.9395281782437745
2022-08,2022,≤10 kW,Renovigi,6500.07,1313,4.9505483625285605
2022-08,2022,≤10 kW,SAJ,6782.15,1379,4.91816533720087
2022-08,2022,≤10 kW,SHENZHEN,86.66,18,4.814444444444444
2022-08,2022,≤10 kW,SMA,63.18,17,3.716470588235294
2022-08,2022,≤10 kW,SUNWAYS,384.3,81,4.7444444444444445
2022-08,2022,≤10 kW,Sofar Solar,10767.43,2077,5.184126143476168
2022-08,2022,≤10 kW,SolarEdge,511.84,88,5.816363636363636
2022-08,2022,≤10 kW,Solax Power,15.82,3,5.273333333333333
2022-08,2022,≤10 kW,Solis (Ginlong),19729.24,3742,5.272378407268841
2022-08,2022,≤10 kW,Solplanet,2098.01,392,5.352066326530613
2022-08,2022,≤10 kW,Sungrow,7085.21,1339,5.291418969380135
2022-08,2022,≤10 kW,TSUNESS,2.73,1,2.73
2022-08,2022,≤10 kW,Tsun,144.41,73,1.9782191780821918
2022-08,2022,≤10 kW,WEG,15882.92,3063,5.185412993796931
2022-08,2022,≤10 kW,WEG (Huawei),224.96,39,5.768205128205128
2022-08,2022,10–20 kW,ABB/FIMER,238.81,15,15.920666666666667
2022-08,2022,10–20 kW,APsystems,2377.22,179,13.280558659217876
2022-08,2022,10–20 kW,BYD,52.0,4,13.0
2022-08,2022,10–20 kW,Bedin Solar,672.65,41,16.40609756097561
2022-08,2022,10–20 kW,Bel Energy,3876.97,258,15.027015503875969
2022-08,2022,10–20 kW,Canadian Solar,2598.31,168,15.466130952380952
2022-08,2022,10–20 kW,Chint,153.07999999999998,10,15.307999999999998
2022-08,2022,10–20 kW,Deye,10491.23,709,14.79722143864598
2022-08,2022,10–20 kW,Ecosolys,130.2,9,14.466666666666665
2022-08,2022,10–20 kW,Elgin,1110.48,71,15.64056338028169
2022-08,2022,10–20 kW,Empalux,589.69,43,13.71372093023256
2022-08,2022,10–20 kW,Enphase,69.32000000000001,5,13.864
2022-08,2022,10–20 kW,Foxess,401.73,29,13.852758620689656
2022-08,2022,10–20 kW,Fronius,1551.74,105,14.77847619047619
2022-08,2022,10–20 kW,GE,144.89,10,14.488999999999999
2022-08,2022,10–20 kW,Goodwe,1966.99,126,15.611031746031745
2022-08,2022,10–20 kW,Growatt,25312.01,1583,15.989898926089703
2022-08,2022,10–20 kW,Hopewind,58.730000000000004,4,14.682500000000001
2022-08,2022,10–20 kW,Hoymiles,3205.25,239,13.411087866108787
2022-08,2022,10–20 kW,Huawei,783.05,48,16.313541666666666
2022-08,2022,10–20 kW,Hypontech,252.07,16,15.754375
2022-08,2022,10–20 kW,Ingeteam,36.7,2,18.35
2022-08,2022,10–20 kW,Intelbras,2267.0,151,15.013245033112582
2022-08,2022,10–20 kW,Kehua,688.05,48,14.334375
2022-08,2022,10–20 kW,Komeco,23.11,2,11.555
2022-08,2022,10–20 kW,Kstar,201.75,15,13.45
2022-08,2022,10–20 kW,Livoltek,535.93,33,16.24030303030303
2022-08,2022,10–20 kW,Não informado,6173.08,409,15.093105134474328
2022-08,2022,10–20 kW,Outros,2944.78,198,14.872626262626264
2022-08,2022,10–20 kW,PHB,2215.36,156,14.201025641025641
2022-08,2022,10–20 kW,Refusol,157.96,11,14.360000000000001
2022-08,2022,10–20 kW,Renac,1271.23,98,12.97173469387755
2022-08,2022,10–20 kW,Renovigi,2014.1,130,15.493076923076922
2022-08,2022,10–20 kW,SAJ,2315.19,158,14.653101265822785
2022-08,2022,10–20 kW,SHENZHEN,225.0,13,17.307692307692307
2022-08,2022,10–20 kW,SMA,59.489999999999995,4,14.872499999999999
2022-08,2022,10–20 kW,SUNWAYS,198.8,14,14.200000000000001
2022-08,2022,10–20 kW,Sofar Solar,3839.48,277,13.860938628158845
2022-08,2022,10–20 kW,SolarEdge,359.37,23,15.624782608695652
2022-08,2022,10–20 kW,Solax Power,27.4,2,13.7
2022-08,2022,10–20 kW,Solis (Ginlong),6591.23,424,15.545353773584905
2022-08,2022,10–20 kW,Solplanet,765.47,47,16.286595744680852
2022-08,2022,10–20 kW,Sungrow,4341.9800000000005,280,15.50707142857143
2022-08,2022,10–20 kW,Tsun,40.4,3,13.466666666666667
2022-08,2022,10–20 kW,WEG,6161.98,443,13.909661399548531
2022-08,2022,10–20 kW,WEG (Huawei),371.43,25,14.8572
2022-08,2022,20–75 kW,ABB/FIMER,568.0,13,43.69230769230769
2022-08,2022,20–75 kW,APsystems,2727.34,82,33.26024390243903
2022-08,2022,20–75 kW,BYD,116.2,3,38.733333333333334
2022-08,2022,20–75 kW,Bedin Solar,1684.49,31,54.33838709677419
2022-08,2022,20–75 kW,Bel Energy,3921.83,116,33.80887931034483
2022-08,2022,20–75 kW,Canadian Solar,4737.66,117,40.492820512820515
2022-08,2022,20–75 kW,Chint,373.14,9,41.46
2022-08,2022,20–75 kW,Deye,14874.72,369,40.31089430894309
2022-08,2022,20–75 kW,Ecosolys,307.0,7,43.857142857142854
2022-08,2022,20–75 kW,Elgin,2067.09,55,37.58345454545455
2022-08,2022,20–75 kW,Empalux,611.4,15,40.76
2022-08,2022,20–75 kW,Foxess,367.57,12,30.63083333333333
2022-08,2022,20–75 kW,Fronius,4741.53,104,45.59163461538461
2022-08,2022,20–75 kW,GE,151.41,5,30.282
2022-08,2022,20–75 kW,Goodwe,7475.75,152,49.182565789473685
2022-08,2022,20–75 kW,Growatt,49399.32,1188,41.58191919191919
2022-08,2022,20–75 kW,Hopewind,426.23,9,47.35888888888889
2022-08,2022,20–75 kW,Hoymiles,2257.8,66,34.20909090909091
2022-08,2022,20–75 kW,Huawei,3344.63,74,45.197702702702706
2022-08,2022,20–75 kW,Hypontech,188.98000000000002,5,37.79600000000001
2022-08,2022,20–75 kW,Ingeteam,86.86,2,43.43
2022-08,2022,20–75 kW,Intelbras,3531.93,86,41.06895348837209
2022-08,2022,20–75 kW,Kehua,1413.46,32,44.170625
2022-08,2022,20–75 kW,Komeco,192.25,4,48.0625
2022-08,2022,20–75 kW,Kstar,650.61,13,50.04692307692308
2022-08,2022,20–75 kW,Livoltek,429.31,12,35.77583333333333
2022-08,2022,20–75 kW,Não informado,11058.76,265,41.731169811320754
2022-08,2022,20–75 kW,Outros,8698.36,184,47.27369565217391
2022-08,2022,20–75 kW,PHB,6723.95,157,42.82770700636942
2022-08,2022,20–75 kW,Refusol,512.62,15,34.17466666666667
2022-08,2022,20–75 kW,Renac,1655.66,44,37.62863636363637
2022-08,2022,20–75 kW,Renovigi,5932.15,133,44.60263157894737
2022-08,2022,20–75 kW,SAJ,3552.25,91,39.035714285714285
2022-08,2022,20–75 kW,SHENZHEN,1536.52,30,51.217333333333336
2022-08,2022,20–75 kW,SMA,728.8299999999999,15,48.58866666666666
2022-08,2022,20–75 kW,SUNWAYS,256.0,6,42.666666666666664
2022-08,2022,20–75 kW,Sofar Solar,6745.27,168,40.15041666666667
2022-08,2022,20–75 kW,SolarEdge,4485.26,91,49.28857142857143
2022-08,2022,20–75 kW,Solis (Ginlong),22435.88,458,48.98663755458516
2022-08,2022,20–75 kW,Solplanet,732.37,20,36.6185
2022-08,2022,20–75 kW,Sungrow,16320.89,331,49.3078247734139
2022-08,2022,20–75 kW,WEG,19295.66,418,46.16186602870813
2022-08,2022,20–75 kW,WEG (Huawei),1288.19,25,51.5276
2022-08,2022,75–300 kW,ABB/FIMER,550.0,4,137.5
2022-08,2022,75–300 kW,Bedin Solar,710.0,4,177.5
2022-08,2022,75–300 kW,Bel Energy,100.0,1,100.0
2022-08,2022,75–300 kW,Canadian Solar,320.0,2,160.0
2022-08,2022,75–300 kW,Deye,1528.0,11,138.9090909090909
2022-08,2022,75–300 kW,Elgin,125.0,1,125.0
2022-08,2022,75–300 kW,Fronius,451.0,4,112.75
2022-08,2022,75–300 kW,Goodwe,1827.29,11,166.11727272727273
2022-08,2022,75–300 kW,Growatt,5190.1,31,167.4225806451613
2022-08,2022,75–300 kW,Hoymiles,277.0,2,138.5
2022-08,2022,75–300 kW,Huawei,1892.0,10,189.2
2022-08,2022,75–300 kW,Intelbras,300.0,1,300.0
2022-08,2022,75–300 kW,Kehua,150.0,1,150.0
2022-08,2022,75–300 kW,Kstar,300.0,1,300.0
2022-08,2022,75–300 kW,Não informado,2420.7,15,161.38
2022-08,2022,75–300 kW,Outros,1133.48,8,141.685
2022-08,2022,75–300 kW,PHB,859.0,5,171.8
2022-08,2022,75–300 kW,Renac,225.0,1,225.0
2022-08,2022,75–300 kW,Renovigi,260.0,2,130.0
2022-08,2022,75–300 kW,SAJ,360.0,3,120.0
2022-08,2022,75–300 kW,SHENZHEN,408.0,3,136.0
2022-08,2022,75–300 kW,SMA,320.0,3,106.66666666666667
2022-08,2022,75–300 kW,Sofar Solar,1441.8,10,144.18
2022-08,2022,75–300 kW,SolarEdge,1473.7,10,147.37
2022-08,2022,75–300 kW,Solis (Ginlong),3795.0,22,172.5
2022-08,2022,75–300 kW,Sungrow,4976.0599999999995,27,184.2985185185185
2022-08,2022,75–300 kW,WEG,4065.0,24,169.375
2022-08,2022,75–300 kW,WEG (Huawei),1072.0,5,214.4
2022-08,2022,300 kW–1 MW,ABB/FIMER,1625.0,4,406.25
2022-08,2022,300 kW–1 MW,Canadian Solar,400.0,1,400.0
2022-08,2022,300 kW–1 MW,Deye,1000.0,1,1000.0
2022-08,2022,300 kW–1 MW,Fronius,356.5,1,356.5
2022-08,2022,300 kW–1 MW,Goodwe,2231.0,3,743.6666666666666
2022-08,2022,300 kW–1 MW,Growatt,2505.0,4,626.25
2022-08,2022,300 kW–1 MW,Huawei,2800.0,3,933.3333333333334
2022-08,2022,300 kW–1 MW,Ingeteam,1060.0,2,530.0
2022-08,2022,300 kW–1 MW,Outros,1830.0,3,610.0
2022-08,2022,300 kW–1 MW,SMA,750.0,1,750.0
2022-08,2022,300 kW–1 MW,Sofar Solar,1000.0,1,1000.0
2022-08,2022,300 kW–1 MW,Solax Power,360.0,1,360.0
2022-08,2022,300 kW–1 MW,Solis (Ginlong),350.0,1,350.0
2022-08,2022,300 kW–1 MW,Sungrow,19176.0,26,737.5384615384615
2022-08,2022,300 kW–1 MW,WEG,3648.0,5,729.6
2022-08,2022,1–5 MW,ABB/FIMER,6125.0,2,3062.5
2022-08,2022,1–5 MW,Canadian Solar,2000.0,1,2000.0
2022-08,2022,1–5 MW,Chint,5000.0,1,5000.0
2022-08,2022,1–5 MW,Huawei,14500.0,6,2416.6666666666665
2022-08,2022,1–5 MW,SMA,2250.0,1,2250.0
2022-08,2022,1–5 MW,Sungrow,12500.0,4,3125.0
2022-08,2022,1–5 MW,WEG,8000.0,2,4000.0
2022-09,2022,≤10 kW,ABB/FIMER,322.29,62,5.198225806451613
2022-09,2022,≤10 kW,APsystems,6066.67,1273,4.765648075412412
2022-09,2022,≤10 kW,Auxsol,2.97,1,2.97
2022-09,2022,≤10 kW,B&B POWER,6.0,2,3.0
2022-09,2022,≤10 kW,BYD,67.76,12,5.646666666666667
2022-09,2022,≤10 kW,Bedin Solar,2433.11,465,5.2324946236559144
2022-09,2022,≤10 kW,Bel Energy,14104.1,2855,4.940140105078809
2022-09,2022,≤10 kW,Canadian Solar,3140.5,575,5.461739130434783
2022-09,2022,≤10 kW,Chint,353.72,60,5.895333333333334
2022-09,2022,≤10 kW,Deye,41699.25,8366,4.984371264642601
2022-09,2022,≤10 kW,Ecosolys,580.2,131,4.429007633587787
2022-09,2022,≤10 kW,Elgin,2357.36,502,4.69593625498008
2022-09,2022,≤10 kW,Emerson,8.0,1,8.0
2022-09,2022,≤10 kW,Empalux,940.64,182,5.168351648351648
2022-09,2022,≤10 kW,Enphase,141.44,41,3.4497560975609756
2022-09,2022,≤10 kW,Foxess,950.63,203,4.682906403940887
2022-09,2022,≤10 kW,Fronius,1625.1,278,5.84568345323741
2022-09,2022,≤10 kW,GE,143.78,24,5.990833333333334
2022-09,2022,≤10 kW,Goodwe,5653.88,1045,5.410411483253589
2022-09,2022,≤10 kW,Growatt,64110.159999999996,11530,5.560291413703382
2022-09,2022,≤10 kW,Hopewind,153.57,24,6.39875
2022-09,2022,≤10 kW,Hoymiles,8939.13,1891,4.727197250132205
2022-09,2022,≤10 kW,Huawei,378.31,76,4.977763157894737
2022-09,2022,≤10 kW,Hypontech,754.92,143,5.279160839160839
2022-09,2022,≤10 kW,Ingeteam,69.86,12,5.821666666666666
2022-09,2022,≤10 kW,Intelbras,8054.69,1681,4.791606186793575
2022-09,2022,≤10 kW,Kehua,1217.49,237,5.1370886075949365
2022-09,2022,≤10 kW,Komeco,191.21,38,5.031842105263158
2022-09,2022,≤10 kW,Kstar,657.72,156,4.216153846153846
2022-09,2022,≤10 kW,Livoltek,3456.12,669,5.16609865470852
2022-09,2022,≤10 kW,NEP,1.8,1,1.8
2022-09,2022,≤10 kW,Nansen,4.56,1,4.56
2022-09,2022,≤10 kW,Não informado,24881.98,5092,4.886484681853888
2022-09,2022,≤10 kW,Outros,4344.71,878,4.9484168564920274
2022-09,2022,≤10 kW,PHB,7231.65,1415,5.110706713780918
2022-09,2022,≤10 kW,Refusol,207.34,54,3.8396296296296297
2022-09,2022,≤10 kW,Renac,3160.06,636,4.968647798742138
2022-09,2022,≤10 kW,Renovigi,5002.28,1003,4.987318045862413
2022-09,2022,≤10 kW,SAJ,6234.08,1264,4.932025316455696
2022-09,2022,≤10 kW,SHENZHEN,151.63,27,5.615925925925926
2022-09,2022,≤10 kW,SMA,79.85,19,4.2026315789473685
2022-09,2022,≤10 kW,SUNWAYS,393.36,80,4.917
2022-09,2022,≤10 kW,Sofar Solar,9445.54,1799,5.250439132851585
2022-09,2022,≤10 kW,SolarEdge,456.79,76,6.010394736842105
2022-09,2022,≤10 kW,Solax Power,25.06,6,4.176666666666667
2022-09,2022,≤10 kW,Solis (Ginlong),18266.67,3445,5.302371552975326
2022-09,2022,≤10 kW,Solplanet,1949.13,368,5.296548913043479
2022-09,2022,≤10 kW,Sungrow,7174.89,1340,5.35439552238806
2022-09,2022,≤10 kW,Tsun,81.27,43,1.89
2022-09,2022,≤10 kW,WEG,13879.4,2687,5.16538890956457
2022-09,2022,≤10 kW,WEG (Huawei),98.72,18,5.484444444444445
2022-09,2022,10–20 kW,ABB/FIMER,271.82,17,15.989411764705881
2022-09,2022,10–20 kW,APsystems,2181.42,158,13.806455696202532
2022-09,2022,10–20 kW,BYD,63.0,4,15.75
2022-09,2022,10–20 kW,Bedin Solar,751.01,48,15.646041666666667
2022-09,2022,10–20 kW,Bel Energy,3691.59,243,15.191728395061729
2022-09,2022,10–20 kW,Canadian Solar,1991.66,123,16.192357723577235
2022-09,2022,10–20 kW,Chint,182.45,11,16.586363636363636
2022-09,2022,10–20 kW,Deye,9756.7,671,14.54053651266766
2022-09,2022,10–20 kW,Ecosolys,185.41,12,15.450833333333334
2022-09,2022,10–20 kW,Elgin,1049.96,68,15.440588235294118
2022-09,2022,10–20 kW,Empalux,502.58,38,13.22578947368421
2022-09,2022,10–20 kW,Enphase,33.0,2,16.5
2022-09,2022,10–20 kW,Foxess,324.17,25,12.966800000000001
2022-09,2022,10–20 kW,Fronius,1226.23,84,14.59797619047619
2022-09,2022,10–20 kW,Goodwe,2377.92,155,15.34141935483871
2022-09,2022,10–20 kW,Growatt,24329.37,1518,16.027252964426875
2022-09,2022,10–20 kW,Hopewind,89.99,7,12.855714285714285
2022-09,2022,10–20 kW,Hoymiles,3159.34,227,13.917797356828194
2022-09,2022,10–20 kW,Huawei,858.2,53,16.19245283018868
2022-09,2022,10–20 kW,Hypontech,241.93,16,15.120625
2022-09,2022,10–20 kW,Ingeteam,101.78,6,16.963333333333335
2022-09,2022,10–20 kW,Intelbras,2166.3,150,14.442000000000002
2022-09,2022,10–20 kW,Kehua,680.42,47,14.477021276595744
2022-09,2022,10–20 kW,Komeco,58.0,4,14.5
2022-09,2022,10–20 kW,Kstar,184.89,14,13.206428571428571
2022-09,2022,10–20 kW,Livoltek,589.21,38,15.505526315789474
2022-09,2022,10–20 kW,Não informado,5839.48,381,15.326719160104986
2022-09,2022,10–20 kW,Outros,2542.04,167,15.221796407185629
2022-09,2022,10–20 kW,PHB,2153.33,152,14.166644736842105
2022-09,2022,10–20 kW,Refusol,63.0,4,15.75
2022-09,2022,10–20 kW,Renac,1153.63,84,13.733690476190478
2022-09,2022,10–20 kW,Renovigi,1871.11,118,15.85686440677966
2022-09,2022,10–20 kW,SAJ,2501.47,169,14.801597633136094
2022-09,2022,10–20 kW,SHENZHEN,237.01999999999998,16,14.813749999999999
2022-09,2022,10–20 kW,SMA,93.5,6,15.583333333333334
2022-09,2022,10–20 kW,SUNWAYS,112.6,7,16.085714285714285
2022-09,2022,10–20 kW,Sofar Solar,3522.86,251,14.035298804780878
2022-09,2022,10–20 kW,SolarEdge,252.1,17,14.829411764705881
2022-09,2022,10–20 kW,Solax Power,12.0,1,12.0
2022-09,2022,10–20 kW,Solis (Ginlong),6803.16,427,15.932459016393443
2022-09,2022,10–20 kW,Solplanet,957.76,61,15.700983606557378
2022-09,2022,10–20 kW,Sungrow,4065.51,264,15.399659090909092
2022-09,2022,10–20 kW,Tsun,12.0,1,12.0
2022-09,2022,10–20 kW,WEG,6630.53,472,14.047733050847457
2022-09,2022,10–20 kW,WEG (Huawei),447.5,31,14.435483870967742
2022-09,2022,20–75 kW,ABB/FIMER,559.08,16,34.9425
2022-09,2022,20–75 kW,APsystems,2154.2,62,34.74516129032258
2022-09,2022,20–75 kW,BYD,24.0,1,24.0
2022-09,2022,20–75 kW,Bedin Solar,2519.39,50,50.3878
2022-09,2022,20–75 kW,Bel Energy,5151.66,143,36.025594405594404
2022-09,2022,20–75 kW,Canadian Solar,5100.06,113,45.133274336283186
2022-09,2022,20–75 kW,Chint,493.93,11,44.902727272727276
2022-09,2022,20–75 kW,Deye,13565.54,337,40.25382789317508
2022-09,2022,20–75 kW,Ecosolys,27.0,1,27.0
2022-09,2022,20–75 kW,Elgin,1686.25,43,39.21511627906977
2022-09,2022,20–75 kW,Empalux,774.92,19,40.78526315789473
2022-09,2022,20–75 kW,Enphase,95.94,2,47.97
2022-09,2022,20–75 kW,Foxess,471.29,16,29.455625
2022-09,2022,20–75 kW,Fronius,4278.48,101,42.361188118811874
2022-09,2022,20–75 kW,GE,179.79000000000002,4,44.947500000000005
2022-09,2022,20–75 kW,Goodwe,7423.98,142,52.281549295774646
2022-09,2022,20–75 kW,Growatt,46051.9,1074,42.87886405959032
2022-09,2022,20–75 kW,Hopewind,182.0,3,60.666666666666664
2022-09,2022,20–75 kW,Hoymiles,1746.4,55,31.752727272727274
2022-09,2022,20–75 kW,Huawei,4059.37,90,45.10411111111111
2022-09,2022,20–75 kW,Hypontech,280.0,9,31.11111111111111
2022-09,2022,20–75 kW,Ingeteam,178.3,4,44.575
2022-09,2022,20–75 kW,Intelbras,3267.48,84,38.89857142857143
2022-09,2022,20–75 kW,Kehua,1732.03,38,45.57973684210526
2022-09,2022,20–75 kW,Komeco,237.9,6,39.65
2022-09,2022,20–75 kW,Kstar,361.95,10,36.195
2022-09,2022,20–75 kW,Livoltek,228.19,7,32.598571428571425
2022-09,2022,20–75 kW,Não informado,31618.53,728,43.4320467032967
2022-09,2022,20–75 kW,Outros,6834.8,155,44.09548387096774
2022-09,2022,20–75 kW,PHB,5173.04,128,40.414375
2022-09,2022,20–75 kW,Refusol,395.82,12,32.985
2022-09,2022,20–75 kW,Renac,1623.42,45,36.076
2022-09,2022,20–75 kW,Renovigi,3238.34,75,43.17786666666667
2022-09,2022,20–75 kW,SAJ,3268.75,84,38.913690476190474
2022-09,2022,20–75 kW,SHENZHEN,1212.74,29,41.81862068965517
2022-09,2022,20–75 kW,SMA,463.27,10,46.327
2022-09,2022,20–75 kW,SUNWAYS,121.2,2,60.6
2022-09,2022,20–75 kW,Sofar Solar,5939.23,145,40.96020689655172
2022-09,2022,20–75 kW,SolarEdge,3680.01,76,48.42118421052632
2022-09,2022,20–75 kW,Solax Power,135.2,3,45.06666666666666
2022-09,2022,20–75 kW,Solis (Ginlong),24827.16,507,48.9687573964497
2022-09,2022,20–75 kW,Solplanet,1226.95,32,38.3421875
2022-09,2022,20–75 kW,Sungrow,17716.94,345,51.353449275362316
2022-09,2022,20–75 kW,Tsun,43.5,2,21.75
2022-09,2022,20–75 kW,WEG,19605.46,419,46.791073985680185
2022-09,2022,20–75 kW,WEG (Huawei),1424.5900000000001,32,44.518437500000005
2022-09,2022,75–300 kW,ABB/FIMER,277.6,2,138.8
2022-09,2022,75–300 kW,APsystems,90.0,1,90.0
2022-09,2022,75–300 kW,Canadian Solar,1534.0,8,191.75
2022-09,2022,75–300 kW,Chint,110.0,1,110.0
2022-09,2022,75–300 kW,Deye,1567.71,10,156.77100000000002
2022-09,2022,75–300 kW,Fronius,343.0,3,114.33333333333333
2022-09,2022,75–300 kW,Goodwe,2330.12,14,166.43714285714285
2022-09,2022,75–300 kW,Growatt,3791.0,23,164.82608695652175
2022-09,2022,75–300 kW,Huawei,3496.41,28,124.8717857142857
2022-09,2022,75–300 kW,Intelbras,685.0,4,171.25
2022-09,2022,75–300 kW,Kstar,160.0,1,160.0
2022-09,2022,75–300 kW,Não informado,3198.92,16,199.9325
2022-09,2022,75–300 kW,Outros,1287.5,8,160.9375
2022-09,2022,75–300 kW,PHB,871.0,5,174.2
2022-09,2022,75–300 kW,Refusol,120.0,1,120.0
2022-09,2022,75–300 kW,Renac,560.0,3,186.66666666666666
2022-09,2022,75–300 kW,Renovigi,370.0,2,185.0
2022-09,2022,75–300 kW,SAJ,638.0,3,212.66666666666666
2022-09,2022,75–300 kW,SMA,480.0,4,120.0
2022-09,2022,75–300 kW,Sofar Solar,850.0,6,141.66666666666666
2022-09,2022,75–300 kW,SolarEdge,1523.3,9,169.25555555555556
2022-09,2022,75–300 kW,Solis (Ginlong),2360.0,15,157.33333333333334
2022-09,2022,75–300 kW,Solplanet,214.82999999999998,2,107.41499999999999
2022-09,2022,75–300 kW,Sungrow,3869.1,23,168.22173913043477
2022-09,2022,75–300 kW,WEG,3493.0,21,166.33333333333334
2022-09,2022,75–300 kW,WEG (Huawei),935.0,5,187.0
2022-09,2022,300 kW–1 MW,Empalux,900.0,1,900.0
2022-09,2022,300 kW–1 MW,Fronius,400.0,1,400.0
2022-09,2022,300 kW–1 MW,Goodwe,2110.0,3,703.3333333333334
2022-09,2022,300 kW–1 MW,Growatt,1825.0,3,608.3333333333334
2022-09,2022,300 kW–1 MW,Huawei,2200.0,3,733.3333333333334
2022-09,2022,300 kW–1 MW,Não informado,4785.0,6,797.5
2022-09,2022,300 kW–1 MW,Outros,971.0,1,971.0
2022-09,2022,300 kW–1 MW,PHB,500.0,1,500.0
2022-09,2022,300 kW–1 MW,SMA,375.0,1,375.0
2022-09,2022,300 kW–1 MW,SolarEdge,450.0,1,450.0
2022-09,2022,300 kW–1 MW,Solis (Ginlong),660.0,1,660.0
2022-09,2022,300 kW–1 MW,Sungrow,14335.0,16,895.9375
2022-09,2022,300 kW–1 MW,WEG,5320.0,10,532.0
2022-09,2022,300 kW–1 MW,WEG (Huawei),1000.0,1,1000.0
2022-09,2022,1–5 MW,Canadian Solar,3500.0,2,1750.0
2022-09,2022,1–5 MW,Chint,1500.0,1,1500.0
2022-09,2022,1–5 MW,Huawei,12500.0,5,2500.0
2022-09,2022,1–5 MW,Não informado,40033.0,26,1539.7307692307693
2022-09,2022,1–5 MW,Sungrow,10750.0,4,2687.5
2022-10,2022,≤10 kW,ABB/FIMER,250.84,52,4.823846153846154
2022-10,2022,≤10 kW,APsystems,7163.67,1518,4.719150197628458
2022-10,2022,≤10 kW,Auxsol,11.3,2,5.65
2022-10,2022,≤10 kW,B&B POWER,8.280000000000001,2,4.140000000000001
2022-10,2022,≤10 kW,BYD,151.44,29,5.222068965517241
2022-10,2022,≤10 kW,Bedin Solar,2302.19,444,5.185112612612612
2022-10,2022,≤10 kW,Bel Energy,15227.51,3130,4.865019169329074
2022-10,2022,≤10 kW,Canadian Solar,3248.44,597,5.441273031825796
2022-10,2022,≤10 kW,Chint,445.81,73,6.106986301369863
2022-10,2022,≤10 kW,Deye,48925.15,9860,4.96198275862069
2022-10,2022,≤10 kW,Ecosolys,813.32,171,4.756257309941521
2022-10,2022,≤10 kW,Elgin,2184.34,463,4.7177969762419005
2022-10,2022,≤10 kW,Empalux,964.55,186,5.185752688172043
2022-10,2022,≤10 kW,Enphase,297.62,74,4.021891891891892
2022-10,2022,≤10 kW,Foxess,1198.6,252,4.756349206349206
2022-10,2022,≤10 kW,Fronius,1804.54,306,5.89718954248366
2022-10,2022,≤10 kW,GE,111.48,18,6.193333333333333
2022-10,2022,≤10 kW,Goodwe,5647.35,1071,5.27296918767507
2022-10,2022,≤10 kW,Growatt,70329.71,12594,5.584382245513737
2022-10,2022,≤10 kW,Hopewind,293.96,52,5.653076923076923
2022-10,2022,≤10 kW,Hoymiles,10089.92,2106,4.791035137701805
2022-10,2022,≤10 kW,Huawei,800.91,145,5.52351724137931
2022-10,2022,≤10 kW,Hypontech,713.79,146,4.888972602739726
2022-10,2022,≤10 kW,Ingeteam,62.19,11,5.653636363636363
2022-10,2022,≤10 kW,Intelbras,8893.19,1844,4.822771149674621
2022-10,2022,≤10 kW,Kehua,1866.26,358,5.2130167597765364
2022-10,2022,≤10 kW,Komeco,249.16,47,5.301276595744681
2022-10,2022,≤10 kW,Kstar,552.03,123,4.488048780487805
2022-10,2022,≤10 kW,Livoltek,3364.18,671,5.013681073025335
2022-10,2022,≤10 kW,Nexen,2.7,1,2.7
2022-10,2022,≤10 kW,Não informado,8141.400000000001,1445,5.634186851211073
2022-10,2022,≤10 kW,Outros,4610.19,959,4.807288842544317
2022-10,2022,≤10 kW,PHB,7018.31,1393,5.0382699210337405
2022-10,2022,≤10 kW,Refusol,224.22,57,3.933684210526316
2022-10,2022,≤10 kW,Renac,3496.06,704,4.965994318181818
2022-10,2022,≤10 kW,Renovigi,4717.6,954,4.945073375262055
2022-10,2022,≤10 kW,SAJ,7009.32,1423,4.925734364019677
2022-10,2022,≤10 kW,SHENZHEN,133.69,23,5.812608695652174
2022-10,2022,≤10 kW,SMA,82.26,19,4.329473684210527
2022-10,2022,≤10 kW,SUNWAYS,340.77,62,5.496290322580645
2022-10,2022,≤10 kW,Sofar Solar,9980.39,1879,5.311543374135178
2022-10,2022,≤10 kW,SolarEdge,459.38,78,5.88948717948718
2022-10,2022,≤10 kW,Solax Power,32.02,7,4.574285714285715
2022-10,2022,≤10 kW,Solis (Ginlong),18922.19,3548,5.333198985343856
2022-10,2022,≤10 kW,Solplanet,3086.95,553,5.582188065099457
2022-10,2022,≤10 kW,Sungrow,6945.14,1245,5.578425702811245
2022-10,2022,≤10 kW,TSUNESS,10.0,1,10.0
2022-10,2022,≤10 kW,Tsun,88.86,38,2.338421052631579
2022-10,2022,≤10 kW,WEG,14537.26,2779,5.231111910759266
2022-10,2022,≤10 kW,WEG (Huawei),65.85,12,5.4875
2022-10,2022,10–20 kW,ABB/FIMER,131.05,9,14.561111111111112
2022-10,2022,10–20 kW,APsystems,2385.11,171,13.948011695906434
2022-10,2022,10–20 kW,BYD,118.66,8,14.8325
2022-10,2022,10–20 kW,Bedin Solar,659.83,41,16.09341463414634
2022-10,2022,10–20 kW,Bel Energy,4037.29,267,15.120936329588014
2022-10,2022,10–20 kW,Canadian Solar,2008.14,126,15.937619047619048
2022-10,2022,10–20 kW,Chint,121.35,7,17.335714285714285
2022-10,2022,10–20 kW,Deye,11936.87,817,14.61061199510404
2022-10,2022,10–20 kW,Ecosolys,223.2,14,15.942857142857141
2022-10,2022,10–20 kW,Elgin,1351.41,90,15.015666666666668
2022-10,2022,10–20 kW,Empalux,639.32,50,12.7864
2022-10,2022,10–20 kW,Enphase,158.97,12,13.2475
2022-10,2022,10–20 kW,Foxess,368.85,27,13.661111111111111
2022-10,2022,10–20 kW,Fronius,1515.57,97,15.624432989690721
2022-10,2022,10–20 kW,GE,167.57,11,15.233636363636363
2022-10,2022,10–20 kW,Goodwe,1863.71,121,15.402561983471074
2022-10,2022,10–20 kW,Growatt,24831.26,1569,15.826169534735499
2022-10,2022,10–20 kW,Hopewind,95.51,7,13.644285714285715
2022-10,2022,10–20 kW,Hoymiles,3112.37,223,13.956816143497758
2022-10,2022,10–20 kW,Huawei,1018.86,68,14.983235294117648
2022-10,2022,10–20 kW,Hypontech,279.91,21,13.32904761904762
2022-10,2022,10–20 kW,Ingeteam,105.0,6,17.5
2022-10,2022,10–20 kW,Intelbras,2542.78,171,14.870058479532165
2022-10,2022,10–20 kW,Kehua,633.08,44,14.388181818181819
2022-10,2022,10–20 kW,Komeco,96.71000000000001,6,16.118333333333336
2022-10,2022,10–20 kW,Kstar,121.0,9,13.444444444444445
2022-10,2022,10–20 kW,Livoltek,418.99,28,14.963928571428571
2022-10,2022,10–20 kW,Não informado,4728.18,308,15.351233766233767
2022-10,2022,10–20 kW,Outros,2792.6,192,14.544791666666667
2022-10,2022,10–20 kW,PHB,2465.66,174,14.170459770114942
2022-10,2022,10–20 kW,Refusol,108.71000000000001,7,15.530000000000001
2022-10,2022,10–20 kW,Renac,1722.77,122,14.121065573770492
2022-10,2022,10–20 kW,Renovigi,1873.72,118,15.878983050847458
2022-10,2022,10–20 kW,SAJ,2425.61,167,14.524610778443115
2022-10,2022,10–20 kW,SHENZHEN,280.2,20,14.01
2022-10,2022,10–20 kW,SMA,35.64,2,17.82
2022-10,2022,10–20 kW,SUNWAYS,77.65,5,15.530000000000001
2022-10,2022,10–20 kW,Sofar Solar,4012.89,291,13.79
2022-10,2022,10–20 kW,SolarEdge,449.41,29,15.496896551724138
2022-10,2022,10–20 kW,Solax Power,23.2,2,11.6
2022-10,2022,10–20 kW,Solis (Ginlong),6530.95,411,15.890389294403892
2022-10,2022,10–20 kW,Solplanet,1551.82,99,15.674949494949495
2022-10,2022,10–20 kW,Sungrow,4094.15,268,15.276679104477612
2022-10,2022,10–20 kW,WEG,6901.87,485,14.230659793814432
2022-10,2022,10–20 kW,WEG (Huawei),679.57,47,14.458936170212768
2022-10,2022,20–75 kW,ABB/FIMER,441.70000000000005,13,33.97692307692308
2022-10,2022,20–75 kW,APsystems,2130.1,62,34.35645161290322
2022-10,2022,20–75 kW,BYD,288.8,7,41.25714285714286
2022-10,2022,20–75 kW,Bedin Solar,2116.66,39,54.273333333333326
2022-10,2022,20–75 kW,Bel Energy,5110.07,138,37.02949275362319
2022-10,2022,20–75 kW,Canadian Solar,4070.11,99,41.11222222222222
2022-10,2022,20–75 kW,Chint,166.48000000000002,5,33.29600000000001
2022-10,2022,20–75 kW,Deye,16193.55,413,39.20956416464891
2022-10,2022,20–75 kW,Ecosolys,150.35,4,37.5875
2022-10,2022,20–75 kW,Elgin,1452.12,36,40.336666666666666
2022-10,2022,20–75 kW,Empalux,860.18,24,35.84083333333333
2022-10,2022,20–75 kW,Enphase,104.28,2,52.14
2022-10,2022,20–75 kW,Foxess,691.54,23,30.06695652173913
2022-10,2022,20–75 kW,Fronius,4986.48,112,44.52214285714285
2022-10,2022,20–75 kW,GE,306.93,8,38.36625
2022-10,2022,20–75 kW,Goodwe,6323.51,123,51.41065040650407
2022-10,2022,20–75 kW,Growatt,51101.05,1189,42.97817493692178
2022-10,2022,20–75 kW,Hopewind,175.4,3,58.46666666666667
2022-10,2022,20–75 kW,Hoymiles,1812.5,58,31.25
2022-10,2022,20–75 kW,Huawei,3835.99,80,47.949875
2022-10,2022,20–75 kW,Hypontech,350.75,9,38.97222222222222
2022-10,2022,20–75 kW,Ingeteam,93.0,2,46.5
2022-10,2022,20–75 kW,Intelbras,2947.69,67,43.99537313432836
2022-10,2022,20–75 kW,Kehua,1247.04,27,46.18666666666667
2022-10,2022,20–75 kW,Komeco,96.0,2,48.0
2022-10,2022,20–75 kW,Kstar,258.47,9,28.71888888888889
2022-10,2022,20–75 kW,Livoltek,623.3,14,44.521428571428565
2022-10,2022,20–75 kW,Não informado,8871.28,232,38.23827586206897
2022-10,2022,20–75 kW,Outros,7486.62,167,44.83005988023952
2022-10,2022,20–75 kW,PHB,5685.82,140,40.613
2022-10,2022,20–75 kW,Refusol,220.01,7,31.43
2022-10,2022,20–75 kW,Renac,1564.42,40,39.1105
2022-10,2022,20–75 kW,Renovigi,3232.53,69,46.84826086956522
2022-10,2022,20–75 kW,SAJ,3181.58,76,41.8628947368421
2022-10,2022,20–75 kW,SHENZHEN,1981.44,39,50.80615384615385
2022-10,2022,20–75 kW,SMA,600.0,10,60.0
2022-10,2022,20–75 kW,SUNWAYS,85.0,3,28.333333333333332
2022-10,2022,20–75 kW,Sofar Solar,6164.88,157,39.26675159235669
2022-10,2022,20–75 kW,SolarEdge,4071.66,88,46.26886363636363
2022-10,2022,20–75 kW,Solax Power,30.0,1,30.0
2022-10,2022,20–75 kW,Solis (Ginlong),24299.88,500,48.59976
2022-10,2022,20–75 kW,Solplanet,2124.76,58,36.633793103448276
2022-10,2022,20–75 kW,Sungrow,16822.39,338,49.770384615384614
2022-10,2022,20–75 kW,Tsun,2988.5,55,54.336363636363636
2022-10,2022,20–75 kW,WEG,21213.34,459,46.216427015250545
2022-10,2022,20–75 kW,WEG (Huawei),2987.56,52,57.45307692307692
2022-10,2022,75–300 kW,ABB/FIMER,407.5,3,135.83333333333334
2022-10,2022,75–300 kW,APsystems,126.0,1,126.0
2022-10,2022,75–300 kW,Bedin Solar,150.0,1,150.0
2022-10,2022,75–300 kW,Bel Energy,400.0,2,200.0
2022-10,2022,75–300 kW,Canadian Solar,1299.77,8,162.47125
2022-10,2022,75–300 kW,Deye,695.0,4,173.75
2022-10,2022,75–300 kW,Empalux,570.0,2,285.0
2022-10,2022,75–300 kW,Fronius,525.0,3,175.0
2022-10,2022,75–300 kW,Goodwe,1662.0,9,184.66666666666666
2022-10,2022,75–300 kW,Growatt,3415.6,22,155.25454545454545
2022-10,2022,75–300 kW,Hoymiles,270.35,2,135.175
2022-10,2022,75–300 kW,Huawei,3841.0,25,153.64
2022-10,2022,75–300 kW,Ingeteam,100.0,1,100.0
2022-10,2022,75–300 kW,Intelbras,270.0,2,135.0
2022-10,2022,75–300 kW,Não informado,960.0,6,160.0
2022-10,2022,75–300 kW,Outros,795.0,5,159.0
2022-10,2022,75–300 kW,PHB,711.0,3,237.0
2022-10,2022,75–300 kW,Renovigi,910.0,7,130.0
2022-10,2022,75–300 kW,SAJ,533.0,3,177.66666666666666
2022-10,2022,75–300 kW,SHENZHEN,200.0,2,100.0
2022-10,2022,75–300 kW,Sofar Solar,110.0,1,110.0
2022-10,2022,75–300 kW,SolarEdge,480.90000000000003,3,160.3
2022-10,2022,75–300 kW,Solis (Ginlong),2245.0,18,124.72222222222223
2022-10,2022,75–300 kW,Solplanet,395.0,2,197.5
2022-10,2022,75–300 kW,Sungrow,4324.2,27,160.15555555555554
2022-10,2022,75–300 kW,WEG,4861.36,27,180.05037037037036
2022-10,2022,300 kW–1 MW,ABB/FIMER,1345.0,2,672.5
2022-10,2022,300 kW–1 MW,Deye,1425.0,2,712.5
2022-10,2022,300 kW–1 MW,Elgin,475.0,1,475.0
2022-10,2022,300 kW–1 MW,Goodwe,2395.0,4,598.75
2022-10,2022,300 kW–1 MW,Growatt,3192.0,5,638.4
2022-10,2022,300 kW–1 MW,Huawei,2600.0,3,866.6666666666666
2022-10,2022,300 kW–1 MW,Outros,1078.0,2,539.0
2022-10,2022,300 kW–1 MW,PHB,1920.0,2,960.0
2022-10,2022,300 kW–1 MW,Renovigi,470.0,1,470.0
2022-10,2022,300 kW–1 MW,SAJ,600.0,1,600.0
2022-10,2022,300 kW–1 MW,SUNWAYS,780.0,1,780.0
2022-10,2022,300 kW–1 MW,Sofar Solar,512.0,1,512.0
2022-10,2022,300 kW–1 MW,Solplanet,640.0,1,640.0
2022-10,2022,300 kW–1 MW,Sungrow,14605.0,16,912.8125
2022-10,2022,300 kW–1 MW,WEG,1364.0,2,682.0
2022-10,2022,300 kW–1 MW,WEG (Huawei),1000.0,1,1000.0
2022-10,2022,1–5 MW,Goodwe,1500.0,1,1500.0
2022-10,2022,1–5 MW,Huawei,2500.0,1,2500.0
2022-10,2022,1–5 MW,Sungrow,10230.0,5,2046.0
2022-11,2022,≤10 kW,ABB/FIMER,217.27,42,5.173095238095239
2022-11,2022,≤10 kW,APsystems,8262.83,1689,4.892143280047366
2022-11,2022,≤10 kW,Auxsol,172.35,30,5.745
2022-11,2022,≤10 kW,B&B POWER,10.0,2,5.0
2022-11,2022,≤10 kW,BYD,535.15,91,5.88076923076923
2022-11,2022,≤10 kW,Bedin Solar,4111.83,777,5.291930501930501
2022-11,2022,≤10 kW,Bel Energy,18007.81,3631,4.959462957862848
2022-11,2022,≤10 kW,Canadian Solar,3521.06,680,5.178029411764705
2022-11,2022,≤10 kW,Chint,552.9399999999999,98,5.642244897959183
2022-11,2022,≤10 kW,Deye,59220.73,11791,5.02253668051904
2022-11,2022,≤10 kW,Ecosolys,880.82,174,5.062183908045977
2022-11,2022,≤10 kW,Elgin,2915.06,592,4.924087837837837
2022-11,2022,≤10 kW,Empalux,1491.66,276,5.404565217391305
2022-11,2022,≤10 kW,Enphase,492.96,127,3.881574803149606
2022-11,2022,≤10 kW,Foxess,1311.44,262,5.005496183206107
2022-11,2022,≤10 kW,Fronius,2233.62,383,5.831906005221932
2022-11,2022,≤10 kW,GE,120.97,19,6.366842105263157
2022-11,2022,≤10 kW,Goodwe,4957.61,935,5.3022566844919785
2022-11,2022,≤10 kW,Growatt,79841.49,14310,5.57941928721174
2022-11,2022,≤10 kW,Hopewind,298.71,49,6.0961224489795915
2022-11,2022,≤10 kW,Hoymiles,11313.76,2331,4.853607893607894
2022-11,2022,≤10 kW,Huawei,769.79,140,5.4985
2022-11,2022,≤10 kW,Hypontech,967.58,200,4.8379
2022-11,2022,≤10 kW,Ingeteam,116.51,21,5.548095238095239
2022-11,2022,≤10 kW,Intelbras,9931.57,2019,4.9190539871223375
2022-11,2022,≤10 kW,Kehua,2303.12,437,5.270297482837528
2022-11,2022,≤10 kW,Komeco,278.46,59,4.719661016949153
2022-11,2022,≤10 kW,Kstar,703.76,162,4.344197530864197
2022-11,2022,≤10 kW,Livoltek,3076.11,631,4.874976228209192
2022-11,2022,≤10 kW,NEP,40.85,11,3.713636363636364
2022-11,2022,≤10 kW,Nansen,5.0,1,5.0
2022-11,2022,≤10 kW,Nexen,338.0,76,4.447368421052632
2022-11,2022,≤10 kW,Não informado,10328.62,1808,5.712732300884956
2022-11,2022,≤10 kW,Outros,6585.7,1221,5.3936936936936934
2022-11,2022,≤10 kW,PHB,9091.06,1765,5.150742209631728
2022-11,2022,≤10 kW,Refusol,466.59000000000003,97,4.810206185567011
2022-11,2022,≤10 kW,Renac,4745.4800000000005,937,5.064546424759873
2022-11,2022,≤10 kW,Renovigi,6348.12,1282,4.9517316692667706
2022-11,2022,≤10 kW,SAJ,8153.98,1587,5.137983616887208
2022-11,2022,≤10 kW,SHENZHEN,245.94,42,5.855714285714286
2022-11,2022,≤10 kW,SMA,86.34,17,5.078823529411765
2022-11,2022,≤10 kW,SUNWAYS,392.94,74,5.31
2022-11,2022,≤10 kW,Sofar Solar,11715.08,2229,5.255755944369673
2022-11,2022,≤10 kW,SolarEdge,642.47,108,5.948796296296297
2022-11,2022,≤10 kW,Solax Power,84.0,12,7.0
2022-11,2022,≤10 kW,Solis (Ginlong),21797.93,4041,5.394192031675328
2022-11,2022,≤10 kW,Solplanet,3792.55,640,5.925859375
2022-11,2022,≤10 kW,Sungrow,8161.58,1414,5.7719801980198016
2022-11,2022,≤10 kW,Tsun,73.56,69,1.0660869565217392
2022-11,2022,≤10 kW,WEG,17003.09,3246,5.23816697473814
2022-11,2022,≤10 kW,WEG (Huawei),134.01,24,5.583749999999999
2022-11,2022,10–20 kW,ABB/FIMER,218.04,14,15.574285714285713
2022-11,2022,10–20 kW,APsystems,2586.04,183,14.13136612021858
2022-11,2022,10–20 kW,Auxsol,252.7,16,15.79375
2022-11,2022,10–20 kW,BYD,384.35,25,15.374
2022-11,2022,10–20 kW,Bedin Solar,1026.62,69,14.87855072463768
2022-11,2022,10–20 kW,Bel Energy,5148.67,341,15.098739002932552
2022-11,2022,10–20 kW,Canadian Solar,1984.62,123,16.13512195121951
2022-11,2022,10–20 kW,Chint,209.06,14,14.932857142857143
2022-11,2022,10–20 kW,Deye,15537.33,1068,14.548061797752808
2022-11,2022,10–20 kW,Each Energy,20.0,1,20.0
2022-11,2022,10–20 kW,Ecosolys,169.67,13,13.05153846153846
2022-11,2022,10–20 kW,Elgin,1189.78,78,15.253589743589743
2022-11,2022,10–20 kW,Empalux,652.27,49,13.311632653061224
2022-11,2022,10–20 kW,Enphase,109.83000000000001,8,13.728750000000002
2022-11,2022,10–20 kW,Foxess,598.99,44,13.61340909090909
2022-11,2022,10–20 kW,Fronius,1689.32,112,15.083214285714286
2022-11,2022,10–20 kW,GE,90.18,6,15.030000000000001
2022-11,2022,10–20 kW,Goodwe,1933.28,123,15.717723577235772
2022-11,2022,10–20 kW,Growatt,27741.7,1757,15.789243027888446
2022-11,2022,10–20 kW,Hopewind,71.28999999999999,5,14.258
2022-11,2022,10–20 kW,Hoymiles,3513.92,252,13.944126984126985
2022-11,2022,10–20 kW,Huawei,1199.8,81,14.812345679012346
2022-11,2022,10–20 kW,Hypontech,247.07999999999998,18,13.726666666666667
2022-11,2022,10–20 kW,Ingeteam,68.3,4,17.075
2022-11,2022,10–20 kW,Intelbras,2500.62,170,14.709529411764706
2022-11,2022,10–20 kW,Kehua,1043.1,72,14.487499999999999
2022-11,2022,10–20 kW,Komeco,114.45,8,14.30625
2022-11,2022,10–20 kW,Kstar,118.26,8,14.7825
2022-11,2022,10–20 kW,Livoltek,428.18,29,14.764827586206897
2022-11,2022,10–20 kW,NEP,18.76,1,18.76
2022-11,2022,10–20 kW,Nexen,124.4,9,13.822222222222223
2022-11,2022,10–20 kW,Não informado,6196.91,408,15.188504901960783
2022-11,2022,10–20 kW,Outros,5094.35,350,14.555285714285715
2022-11,2022,10–20 kW,PHB,3407.06,232,14.685603448275861
2022-11,2022,10–20 kW,Refusol,213.55,15,14.236666666666668
2022-11,2022,10–20 kW,Renac,1939.45,144,13.468402777777778
2022-11,2022,10–20 kW,Renovigi,2181.73,141,15.473262411347518
2022-11,2022,10–20 kW,SAJ,2548.16,173,14.729248554913294
2022-11,2022,10–20 kW,SHENZHEN,733.91,57,12.875614035087718
2022-11,2022,10–20 kW,SMA,340.2,24,14.174999999999999
2022-11,2022,10–20 kW,SUNWAYS,131.0,9,14.555555555555555
2022-11,2022,10–20 kW,Sofar Solar,4720.75,342,13.803362573099415
2022-11,2022,10–20 kW,SolarEdge,565.73,36,15.714722222222223
2022-11,2022,10–20 kW,Solax Power,113.11,8,14.13875
2022-11,2022,10–20 kW,Solis (Ginlong),7659.79,490,15.632224489795918
2022-11,2022,10–20 kW,Solplanet,1923.37,126,15.264841269841268
2022-11,2022,10–20 kW,Sungrow,5064.01,328,15.43905487804878
2022-11,2022,10–20 kW,Tsun,93.81,7,13.401428571428571
2022-11,2022,10–20 kW,WEG,7986.59,554,14.416227436823105
2022-11,2022,10–20 kW,WEG (Huawei),996.56,67,14.874029850746268
2022-11,2022,20–75 kW,ABB/FIMER,380.3,10,38.03
2022-11,2022,20–75 kW,APsystems,3397.48,98,34.66816326530612
2022-11,2022,20–75 kW,Auxsol,427.03,12,35.58583333333333
2022-11,2022,20–75 kW,BYD,279.08,8,34.885
2022-11,2022,20–75 kW,Bedin Solar,2927.77,52,56.30326923076923
2022-11,2022,20–75 kW,Bel Energy,7312.05,189,38.68809523809524
2022-11,2022,20–75 kW,Canadian Solar,4785.16,108,44.307037037037034
2022-11,2022,20–75 kW,Chint,440.51,9,48.94555555555556
2022-11,2022,20–75 kW,Deye,19145.1,495,38.67696969696969
2022-11,2022,20–75 kW,Ecosolys,362.4,10,36.239999999999995
2022-11,2022,20–75 kW,Elgin,1968.66,53,37.144528301886794
2022-11,2022,20–75 kW,Empalux,1078.23,27,39.934444444444445
2022-11,2022,20–75 kW,Enphase,21.78,1,21.78
2022-11,2022,20–75 kW,Foxess,548.48,16,34.28
2022-11,2022,20–75 kW,Fronius,4418.53,102,43.318921568627445
2022-11,2022,20–75 kW,GE,412.63,13,31.74076923076923
2022-11,2022,20–75 kW,Goodwe,7148.99,143,49.99293706293706
2022-11,2022,20–75 kW,Growatt,55916.4,1338,41.79103139013453
2022-11,2022,20–75 kW,Hopewind,134.05,4,33.5125
2022-11,2022,20–75 kW,Hoymiles,3635.06,101,35.99069306930693
2022-11,2022,20–75 kW,Huawei,4564.11,97,47.05268041237113
2022-11,2022,20–75 kW,Hypontech,517.2,14,36.94285714285714
2022-11,2022,20–75 kW,Ingeteam,129.0,3,43.0
2022-11,2022,20–75 kW,Intelbras,4460.85,114,39.13026315789474
2022-11,2022,20–75 kW,Kehua,1320.89,32,41.2778125
2022-11,2022,20–75 kW,Komeco,141.0,5,28.2
2022-11,2022,20–75 kW,Kstar,146.0,4,36.5
2022-11,2022,20–75 kW,Livoltek,253.7,9,28.188888888888886
2022-11,2022,20–75 kW,NEP,163.0,4,40.75
2022-11,2022,20–75 kW,Nexen,93.38,3,31.126666666666665
2022-11,2022,20–75 kW,Não informado,9538.42,249,38.30690763052209
2022-11,2022,20–75 kW,Outros,10483.5,243,43.141975308641975
2022-11,2022,20–75 kW,PHB,8158.74,201,40.590746268656716
2022-11,2022,20–75 kW,Refusol,316.68,10,31.668
2022-11,2022,20–75 kW,Renac,1923.32,50,38.4664
2022-11,2022,20–75 kW,Renovigi,5385.44,125,43.08352
2022-11,2022,20–75 kW,SAJ,3203.56,77,41.60467532467533
2022-11,2022,20–75 kW,SHENZHEN,1370.38,36,38.06611111111111
2022-11,2022,20–75 kW,SMA,1086.8,23,47.25217391304348
2022-11,2022,20–75 kW,SUNWAYS,152.75,4,38.1875
2022-11,2022,20–75 kW,Sofar Solar,6995.41,176,39.74664772727272
2022-11,2022,20–75 kW,SolarEdge,3864.66,81,47.71185185185185
2022-11,2022,20–75 kW,Solax Power,140.1,5,28.02
2022-11,2022,20–75 kW,Solis (Ginlong),30680.17,625,49.088271999999996
2022-11,2022,20–75 kW,Solplanet,2380.5,62,38.395161290322584
2022-11,2022,20–75 kW,Sungrow,17738.63,347,51.119971181556195
2022-11,2022,20–75 kW,Tsun,27.0,1,27.0
2022-11,2022,20–75 kW,WEG,20870.27,466,44.78598712446352
2022-11,2022,20–75 kW,WEG (Huawei),2536.94,47,53.97744680851064
2022-11,2022,75–300 kW,ABB/FIMER,589.0,3,196.33333333333334
2022-11,2022,75–300 kW,APsystems,363.0,2,181.5
2022-11,2022,75–300 kW,BYD,1495.0,6,249.16666666666666
2022-11,2022,75–300 kW,Bedin Solar,110.0,1,110.0
2022-11,2022,75–300 kW,Bel Energy,660.0,5,132.0
2022-11,2022,75–300 kW,Canadian Solar,430.0,4,107.5
2022-11,2022,75–300 kW,Chint,208.0,2,104.0
2022-11,2022,75–300 kW,Deye,790.0,5,158.0
2022-11,2022,75–300 kW,Elgin,408.0,2,204.0
2022-11,2022,75–300 kW,Fronius,717.0,6,119.5
2022-11,2022,75–300 kW,Goodwe,2261.0,13,173.92307692307693
2022-11,2022,75–300 kW,Growatt,7180.5,44,163.1931818181818
2022-11,2022,75–300 kW,Huawei,1762.45,11,160.22272727272727
2022-11,2022,75–300 kW,Intelbras,233.0,2,116.5
2022-11,2022,75–300 kW,Kehua,200.0,2,100.0
2022-11,2022,75–300 kW,Komeco,120.0,1,120.0
2022-11,2022,75–300 kW,Não informado,1505.0,7,215.0
2022-11,2022,75–300 kW,Outros,1785.0,13,137.30769230769232
2022-11,2022,75–300 kW,PHB,812.0,6,135.33333333333334
2022-11,2022,75–300 kW,Renac,140.0,1,140.0
2022-11,2022,75–300 kW,Renovigi,776.0,5,155.2
2022-11,2022,75–300 kW,SAJ,435.0,3,145.0
2022-11,2022,75–300 kW,SHENZHEN,475.0,3,158.33333333333334
2022-11,2022,75–300 kW,SMA,593.0,4,148.25
2022-11,2022,75–300 kW,Sofar Solar,1686.84,9,187.42666666666665
2022-11,2022,75–300 kW,SolarEdge,1242.65,8,155.33125
2022-11,2022,75–300 kW,Solis (Ginlong),5331.56,32,166.61125
2022-11,2022,75–300 kW,Solplanet,260.0,3,86.66666666666667
2022-11,2022,75–300 kW,Sungrow,4405.98,25,176.23919999999998
2022-11,2022,75–300 kW,WEG,6023.0,37,162.78378378378378
2022-11,2022,75–300 kW,WEG (Huawei),404.0,2,202.0
2022-11,2022,300 kW–1 MW,Goodwe,2143.0,4,535.75
2022-11,2022,300 kW–1 MW,Growatt,1250.0,2,625.0
2022-11,2022,300 kW–1 MW,Hopewind,345.0,1,345.0
2022-11,2022,300 kW–1 MW,Huawei,10255.0,11,932.2727272727273
2022-11,2022,300 kW–1 MW,Intelbras,720.0,1,720.0
2022-11,2022,300 kW–1 MW,Kstar,996.96,1,996.96
2022-11,2022,300 kW–1 MW,Não informado,500.0,1,500.0
2022-11,2022,300 kW–1 MW,Outros,3390.0,4,847.5
2022-11,2022,300 kW–1 MW,SHENZHEN,1000.0,1,1000.0
2022-11,2022,300 kW–1 MW,SMA,900.0,1,900.0
2022-11,2022,300 kW–1 MW,Sofar Solar,795.0,2,397.5
2022-11,2022,300 kW–1 MW,Solis (Ginlong),350.0,1,350.0
2022-11,2022,300 kW–1 MW,Sungrow,15285.0,19,804.4736842105264
2022-11,2022,300 kW–1 MW,WEG,2732.0,5,546.4
2022-11,2022,1–5 MW,ABB/FIMER,2450.0,1,2450.0
2022-11,2022,1–5 MW,Canadian Solar,1250.0,1,1250.0
2022-11,2022,1–5 MW,Deye,13625.0,3,4541.666666666667
2022-11,2022,1–5 MW,Fronius,8300.0,2,4150.0
2022-11,2022,1–5 MW,Growatt,6205.0,2,3102.5
2022-11,2022,1–5 MW,Huawei,5000.0,2,2500.0
2022-11,2022,1–5 MW,Sungrow,6120.0,3,2040.0
2022-12,2022,≤10 kW,ABB/FIMER,265.90999999999997,49,5.426734693877551
2022-12,2022,≤10 kW,APsystems,9027.39,1852,4.874400647948164
2022-12,2022,≤10 kW,Auxsol,6.0,1,6.0
2022-12,2022,≤10 kW,B&B POWER,10.16,4,2.54
2022-12,2022,≤10 kW,BYD,1467.03,255,5.753058823529412
2022-12,2022,≤10 kW,Bedin Solar,3908.2,757,5.162747688243065
2022-12,2022,≤10 kW,Bel Energy,26150.38,5252,4.979127951256665
2022-12,2022,≤10 kW,Canadian Solar,4569.93,888,5.146317567567568
2022-12,2022,≤10 kW,Chint,920.53,161,5.7175776397515525
2022-12,2022,≤10 kW,Deye,72994.62,14555,5.015088972861559
2022-12,2022,≤10 kW,Each Energy,10.0,1,10.0
2022-12,2022,≤10 kW,Ecosolys,1062.31,228,4.659254385964912
2022-12,2022,≤10 kW,Elgin,3900.01,792,4.92425505050505
2022-12,2022,≤10 kW,Empalux,1680.85,332,5.0628012048192765
2022-12,2022,≤10 kW,Enphase,1090.25,253,4.309288537549407
2022-12,2022,≤10 kW,Foxess,1769.14,356,4.969494382022472
2022-12,2022,≤10 kW,Fronius,2108.07,379,5.562189973614776
2022-12,2022,≤10 kW,GE,149.9,27,5.551851851851852
2022-12,2022,≤10 kW,Goodwe,4907.34,1002,4.897544910179641
2022-12,2022,≤10 kW,Growatt,101490.21,18163,5.587744865936244
2022-12,2022,≤10 kW,Hopewind,389.28000000000003,68,5.724705882352942
2022-12,2022,≤10 kW,Hoymiles,13406.66,2733,4.90547383827296
2022-12,2022,≤10 kW,Huawei,791.84,158,5.011645569620254
2022-12,2022,≤10 kW,Hypontech,1518.71,305,4.979377049180328
2022-12,2022,≤10 kW,Ingeteam,135.19,23,5.877826086956522
2022-12,2022,≤10 kW,Intelbras,13232.24,2675,4.946631775700935
2022-12,2022,≤10 kW,Kehua,4342.41,800,5.4280124999999995
2022-12,2022,≤10 kW,Komeco,343.31,68,5.048676470588235
2022-12,2022,≤10 kW,Kstar,904.36,215,4.206325581395349
2022-12,2022,≤10 kW,Livoltek,2710.4500000000003,549,4.937067395264117
2022-12,2022,≤10 kW,NEP,2.27,3,0.7566666666666667
2022-12,2022,≤10 kW,Nansen,49.3,9,5.477777777777778
2022-12,2022,≤10 kW,Nexen,719.34,157,4.581783439490446
2022-12,2022,≤10 kW,Não informado,13555.81,2412,5.620153399668324
2022-12,2022,≤10 kW,Outros,7439.88,1421,5.235665024630542
2022-12,2022,≤10 kW,PHB,9823.960000000001,1967,4.9943873919674635
2022-12,2022,≤10 kW,Refusol,362.99,87,4.1722988505747125
2022-12,2022,≤10 kW,Renac,6396.62,1263,5.064623911322249
2022-12,2022,≤10 kW,Renovigi,7345.13,1461,5.027467488021903
2022-12,2022,≤10 kW,SAJ,10155.66,1968,5.160396341463414
2022-12,2022,≤10 kW,SHENZHEN,288.56,45,6.412444444444445
2022-12,2022,≤10 kW,SMA,63.06,15,4.204
2022-12,2022,≤10 kW,SUNWAYS,498.49,98,5.0866326530612245
2022-12,2022,≤10 kW,Sofar Solar,15285.47,2921,5.232957891133173
2022-12,2022,≤10 kW,SolarEdge,758.07,135,5.615333333333334
2022-12,2022,≤10 kW,Solax Power,97.87,17,5.7570588235294125
2022-12,2022,≤10 kW,Solis (Ginlong),26733.98,5094,5.248131134668237
2022-12,2022,≤10 kW,Solplanet,4534.36,737,6.152455902306648
2022-12,2022,≤10 kW,Sungrow,9961.02,1717,5.801409435061154
2022-12,2022,≤10 kW,TSUNESS,12.87,3,4.29
2022-12,2022,≤10 kW,Tsun,128.39000000000001,110,1.1671818181818183
2022-12,2022,≤10 kW,WEG,20622.24,3876,5.320495356037152
2022-12,2022,≤10 kW,WEG (Huawei),158.79,29,5.47551724137931
2022-12,2022,10–20 kW,ABB/FIMER,197.66,13,15.204615384615384
2022-12,2022,10–20 kW,APsystems,3250.21,225,14.445377777777779
2022-12,2022,10–20 kW,BYD,575.13,39,14.746923076923077
2022-12,2022,10–20 kW,Bedin Solar,904.43,57,15.867192982456139
2022-12,2022,10–20 kW,Bel Energy,6881.95,458,15.026091703056768
2022-12,2022,10–20 kW,Canadian Solar,2237.09,135,16.571037037037037
2022-12,2022,10–20 kW,Chint,333.25,20,16.6625
2022-12,2022,10–20 kW,Deye,18889.58,1306,14.463690658499235
2022-12,2022,10–20 kW,Each Energy,13.0,1,13.0
2022-12,2022,10–20 kW,Ecosolys,115.46000000000001,8,14.432500000000001
2022-12,2022,10–20 kW,Elgin,1563.05,104,15.029326923076923
2022-12,2022,10–20 kW,Empalux,1004.25,72,13.947916666666666
2022-12,2022,10–20 kW,Enphase,250.32,19,13.174736842105263
2022-12,2022,10–20 kW,Foxess,717.0600000000001,52,13.789615384615386
2022-12,2022,10–20 kW,Fronius,1605.43,109,14.728715596330275
2022-12,2022,10–20 kW,GE,26.4,2,13.2
2022-12,2022,10–20 kW,Goodwe,1758.34,115,15.28991304347826
2022-12,2022,10–20 kW,Growatt,33253.91,2111,15.75268119374704
2022-12,2022,10–20 kW,Hopewind,84.0,6,14.0
2022-12,2022,10–20 kW,Hoymiles,5098.13,362,14.083232044198896
2022-12,2022,10–20 kW,Huawei,1466.22,95,15.433894736842106
2022-12,2022,10–20 kW,Hypontech,519.97,34,15.293235294117649
2022-12,2022,10–20 kW,Ingeteam,60.120000000000005,5,12.024000000000001
2022-12,2022,10–20 kW,Intelbras,3580.85,235,15.237659574468085
2022-12,2022,10–20 kW,Kehua,1580.36,108,14.632962962962962
2022-12,2022,10–20 kW,Komeco,83.35,5,16.669999999999998
2022-12,2022,10–20 kW,Kstar,200.88,14,14.348571428571429
2022-12,2022,10–20 kW,Livoltek,509.73,34,14.992058823529412
2022-12,2022,10–20 kW,Nexen,56.5,4,14.125
2022-12,2022,10–20 kW,Não informado,9059.02,598,15.148862876254181
2022-12,2022,10–20 kW,Outros,3693.51,253,14.598853754940713
2022-12,2022,10–20 kW,PHB,3409.61,231,14.76021645021645
2022-12,2022,10–20 kW,Refusol,110.47,8,13.80875
2022-12,2022,10–20 kW,Renac,2609.6,195,13.382564102564102
2022-12,2022,10–20 kW,Renovigi,2430.26,154,15.780909090909093
2022-12,2022,10–20 kW,SAJ,3264.99,227,14.383215859030836
2022-12,2022,10–20 kW,SHENZHEN,526.85,43,12.252325581395349
2022-12,2022,10–20 kW,SMA,12.0,1,12.0
2022-12,2022,10–20 kW,SUNWAYS,59.0,4,14.75
2022-12,2022,10–20 kW,Sofar Solar,5836.64,437,13.356155606407324
2022-12,2022,10–20 kW,SolarEdge,401.65,26,15.448076923076922
2022-12,2022,10–20 kW,Solax Power,11.0,1,11.0
2022-12,2022,10–20 kW,Solis (Ginlong),8814.53,554,15.910703971119135
2022-12,2022,10–20 kW,Solplanet,2973.19,192,15.485364583333334
2022-12,2022,10–20 kW,Sungrow,5473.24,350,15.637828571428571
2022-12,2022,10–20 kW,Tsun,18.0,1,18.0
2022-12,2022,10–20 kW,WEG,8888.98,627,14.17700159489633
2022-12,2022,10–20 kW,WEG (Huawei),979.16,66,14.835757575757576
2022-12,2022,20–75 kW,ABB/FIMER,534.4,12,44.53333333333333
2022-12,2022,20–75 kW,APsystems,3257.14,91,35.792747252747255
2022-12,2022,20–75 kW,BYD,918.47,23,39.93347826086956
2022-12,2022,20–75 kW,Bedin Solar,3641.38,63,57.79968253968254
2022-12,2022,20–75 kW,Bel Energy,8981.92,234,38.3842735042735
2022-12,2022,20–75 kW,Canadian Solar,5799.91,125,46.39928
2022-12,2022,20–75 kW,Chint,601.38,13,46.26
2022-12,2022,20–75 kW,Deye,21225.19,547,38.802906764168185
2022-12,2022,20–75 kW,Ecosolys,51.28,2,25.64
2022-12,2022,20–75 kW,Elgin,2768.64,75,36.9152
2022-12,2022,20–75 kW,Empalux,1189.98,28,42.49928571428571
2022-12,2022,20–75 kW,Enphase,575.47,17,33.851176470588236
2022-12,2022,20–75 kW,Foxess,897.46,26,34.51769230769231
2022-12,2022,20–75 kW,Fronius,5595.8,125,44.766400000000004
2022-12,2022,20–75 kW,GE,281.47,10,28.147000000000002
2022-12,2022,20–75 kW,Goodwe,7321.63,150,48.81086666666667
2022-12,2022,20–75 kW,Growatt,71084.19,1625,43.74411692307692
2022-12,2022,20–75 kW,Hopewind,736.28,13,56.636923076923075
2022-12,2022,20–75 kW,Hoymiles,3167.82,90,35.198
2022-12,2022,20–75 kW,Huawei,4735.23,102,46.42382352941176
2022-12,2022,20–75 kW,Hypontech,501.55,15,33.43666666666667
2022-12,2022,20–75 kW,Ingeteam,115.0,2,57.5
2022-12,2022,20–75 kW,Intelbras,4739.1,123,38.52926829268293
2022-12,2022,20–75 kW,Kehua,1879.23,47,39.983617021276594
2022-12,2022,20–75 kW,Komeco,210.0,5,42.0
2022-12,2022,20–75 kW,Kstar,311.97,8,38.99625
2022-12,2022,20–75 kW,Livoltek,254.4,7,36.34285714285714
2022-12,2022,20–75 kW,Não informado,14135.56,360,39.26544444444444
2022-12,2022,20–75 kW,Outros,7511.24,188,39.95340425531915
2022-12,2022,20–75 kW,PHB,7642.71,193,39.59953367875648
2022-12,2022,20–75 kW,Refusol,287.45,8,35.93125
2022-12,2022,20–75 kW,Renac,2812.12,80,35.1515
2022-12,2022,20–75 kW,Renovigi,3686.39,83,44.41433734939759
2022-12,2022,20–75 kW,SAJ,5026.62,125,40.21296
2022-12,2022,20–75 kW,SHENZHEN,951.4300000000001,22,43.246818181818185
2022-12,2022,20–75 kW,SMA,734.2,12,61.18333333333334
2022-12,2022,20–75 kW,SUNWAYS,76.19,2,38.095
2022-12,2022,20–75 kW,Sofar Solar,7733.97,192,40.281093750000004
2022-12,2022,20–75 kW,SolarEdge,4851.87,104,46.652596153846154
2022-12,2022,20–75 kW,Solax Power,75.0,1,75.0
2022-12,2022,20–75 kW,Solis (Ginlong),34701.6,711,48.80675105485232
2022-12,2022,20–75 kW,Solplanet,3617.07,102,35.461470588235294
2022-12,2022,20–75 kW,Sungrow,17803.25,371,47.98719676549865
2022-12,2022,20–75 kW,Tsun,38.4,1,38.4
2022-12,2022,20–75 kW,WEG,24746.26,529,46.77931947069943
2022-12,2022,20–75 kW,WEG (Huawei),2551.74,58,43.995517241379304
2022-12,2022,75–300 kW,ABB/FIMER,750.0,5,150.0
2022-12,2022,75–300 kW,Bedin Solar,215.0,2,107.5
2022-12,2022,75–300 kW,Bel Energy,410.0,3,136.66666666666666
2022-12,2022,75–300 kW,Canadian Solar,1626.8,11,147.89090909090908
2022-12,2022,75–300 kW,Chint,180.0,1,180.0
2022-12,2022,75–300 kW,Deye,1223.0,8,152.875
2022-12,2022,75–300 kW,Empalux,210.5,2,105.25
2022-12,2022,75–300 kW,Fronius,777.0,5,155.4
2022-12,2022,75–300 kW,Goodwe,2186.2,10,218.61999999999998
2022-12,2022,75–300 kW,Growatt,7614.29,52,146.42865384615385
2022-12,2022,75–300 kW,Hopewind,110.0,1,110.0
2022-12,2022,75–300 kW,Huawei,2244.38,15,149.62533333333334
2022-12,2022,75–300 kW,Intelbras,500.0,4,125.0
2022-12,2022,75–300 kW,Kehua,611.4,4,152.85
2022-12,2022,75–300 kW,Komeco,96.0,1,96.0
2022-12,2022,75–300 kW,Não informado,1800.25,11,163.6590909090909
2022-12,2022,75–300 kW,Outros,1817.74,12,151.47833333333332
2022-12,2022,75–300 kW,PHB,915.0,6,152.5
2022-12,2022,75–300 kW,Renac,80.0,1,80.0
2022-12,2022,75–300 kW,Renovigi,1155.0,5,231.0
2022-12,2022,75–300 kW,SAJ,575.0,3,191.66666666666666
2022-12,2022,75–300 kW,SHENZHEN,399.96,2,199.98
2022-12,2022,75–300 kW,SMA,1060.0,5,212.0
2022-12,2022,75–300 kW,Sofar Solar,2355.0,13,181.15384615384616
2022-12,2022,75–300 kW,SolarEdge,1135.85,7,162.2642857142857
2022-12,2022,75–300 kW,Solis (Ginlong),7942.18,43,184.70186046511628
2022-12,2022,75–300 kW,Solplanet,400.0,2,200.0
2022-12,2022,75–300 kW,Sungrow,3913.0,24,163.04166666666666
2022-12,2022,75–300 kW,WEG,6380.0,39,163.5897435897436
2022-12,2022,75–300 kW,WEG (Huawei),540.0,2,270.0
2022-12,2022,300 kW–1 MW,ABB/FIMER,350.0,1,350.0
2022-12,2022,300 kW–1 MW,Bel Energy,400.0,1,400.0
2022-12,2022,300 kW–1 MW,Deye,550.0,1,550.0
2022-12,2022,300 kW–1 MW,Fronius,893.0,2,446.5
2022-12,2022,300 kW–1 MW,Growatt,1431.0,3,477.0
2022-12,2022,300 kW–1 MW,Huawei,12200.0,15,813.3333333333334
2022-12,2022,300 kW–1 MW,Ingeteam,452.7,1,452.7
2022-12,2022,300 kW–1 MW,Outros,2500.0,3,833.3333333333334
2022-12,2022,300 kW–1 MW,SHENZHEN,450.0,1,450.0
2022-12,2022,300 kW–1 MW,SolarEdge,373.5,1,373.5
2022-12,2022,300 kW–1 MW,Solis (Ginlong),3040.0,6,506.6666666666667
2022-12,2022,300 kW–1 MW,Sungrow,31145.0,38,819.6052631578947
2022-12,2022,300 kW–1 MW,WEG,4447.0,8,555.875
2022-12,2022,300 kW–1 MW,WEG (Huawei),360.0,1,360.0
2022-12,2022,1–5 MW,Growatt,2960.0,2,1480.0
2022-12,2022,1–5 MW,Huawei,6075.0,2,3037.5
2022-12,2022,1–5 MW,Não informado,4275.0,2,2137.5
2022-12,2022,1–5 MW,Outros,4556.0,2,2278.0
2022-12,2022,1–5 MW,PHB,2500.0,1,2500.0
2022-12,2022,1–5 MW,Solis (Ginlong),1575.0,1,1575.0
2022-12,2022,1–5 MW,Sungrow,21500.0,7,3071.4285714285716
2023-01,2023,≤10 kW,ABB/FIMER,255.33,42,6.079285714285715
2023-01,2023,≤10 kW,APsystems,10096.72,2097,4.814840247973295
2023-01,2023,≤10 kW,Auxsol,25.27,3,8.423333333333334
2023-01,2023,≤10 kW,B&B POWER,2.64,1,2.64
2023-01,2023,≤10 kW,BYD,2629.98,485,5.422639175257732
2023-01,2023,≤10 kW,Bedin Solar,4871.13,931,5.232148227712138
2023-01,2023,≤10 kW,Bel Energy,27133.56,5366,5.05657100260902
2023-01,2023,≤10 kW,Canadian Solar,4532.59,880,5.1506704545454545
2023-01,2023,≤10 kW,Chint,1236.18,201,6.150149253731343
2023-01,2023,≤10 kW,Deye,76186.89,15158,5.026183533447685
2023-01,2023,≤10 kW,Each Energy,0.58,1,0.58
2023-01,2023,≤10 kW,Ecosolys,822.02,175,4.697257142857143
2023-01,2023,≤10 kW,Elgin,4407.0,883,4.990939977349943
2023-01,2023,≤10 kW,Empalux,1778.97,346,5.141531791907514
2023-01,2023,≤10 kW,Enphase,1101.4,273,4.034432234432235
2023-01,2023,≤10 kW,Foxess,1819.74,366,4.9719672131147545
2023-01,2023,≤10 kW,Fronius,1989.43,337,5.903353115727003
2023-01,2023,≤10 kW,GE,127.84,22,5.8109090909090915
2023-01,2023,≤10 kW,Goodwe,5022.4,994,5.05271629778672
2023-01,2023,≤10 kW,Growatt,108287.31,19368,5.591042441140025
2023-01,2023,≤10 kW,Hopewind,736.49,124,5.939435483870968
2023-01,2023,≤10 kW,Hoymiles,12910.95,2588,4.988775115919629
2023-01,2023,≤10 kW,Huawei,951.47,181,5.256740331491713
2023-01,2023,≤10 kW,Hypontech,1623.1,342,4.745906432748538
2023-01,2023,≤10 kW,Ingeteam,139.12,22,6.323636363636364
2023-01,2023,≤10 kW,Intelbras,14982.41,3016,4.967642572944297
2023-01,2023,≤10 kW,Kehua,6176.06,1162,5.315025817555938
2023-01,2023,≤10 kW,Komeco,357.33,65,5.4973846153846155
2023-01,2023,≤10 kW,Kstar,1052.88,244,4.315081967213115
2023-01,2023,≤10 kW,Livoltek,2818.13,613,4.597275693311582
2023-01,2023,≤10 kW,NEP,37.04,13,2.8492307692307692
2023-01,2023,≤10 kW,Nansen,74.64,16,4.665
2023-01,2023,≤10 kW,Nexen,890.08,178,5.0004494382022475
2023-01,2023,≤10 kW,Não informado,13955.45,2479,5.629467527228721
2023-01,2023,≤10 kW,Outros,8394.77,1590,5.279729559748428
2023-01,2023,≤10 kW,PHB,9865.44,1945,5.072205655526993
2023-01,2023,≤10 kW,Refusol,251.02,77,3.2600000000000002
2023-01,2023,≤10 kW,Renac,8380.01,1619,5.1760407659048795
2023-01,2023,≤10 kW,Renovigi,7707.59,1534,5.024504563233377
2023-01,2023,≤10 kW,SAJ,11954.44,2377,5.029213294068153
2023-01,2023,≤10 kW,SHENZHEN,172.66,32,5.395625
2023-01,2023,≤10 kW,SMA,53.61,12,4.4675
2023-01,2023,≤10 kW,SUNWAYS,577.7,108,5.349074074074075
2023-01,2023,≤10 kW,Sofar Solar,15349.48,2971,5.166435543588017
2023-01,2023,≤10 kW,SolarEdge,878.6999999999999,147,5.977551020408163
2023-01,2023,≤10 kW,Solax Power,117.98,19,6.2094736842105265
2023-01,2023,≤10 kW,Solis (Ginlong),33603.91,6445,5.2139503491078365
2023-01,2023,≤10 kW,Solplanet,5905.04,991,5.958668012108981
2023-01,2023,≤10 kW,Sungrow,10923.66,1839,5.9399999999999995
2023-01,2023,≤10 kW,TSUNESS,14.0,2,7.0
2023-01,2023,≤10 kW,Tsun,155.21,199,0.7799497487437186
2023-01,2023,≤10 kW,WEG,21022.9,3974,5.290110719677907
2023-01,2023,≤10 kW,WEG (Huawei),120.43,26,4.631923076923077
2023-01,2023,10–20 kW,ABB/FIMER,118.91,8,14.86375
2023-01,2023,10–20 kW,APsystems,3232.35,231,13.992857142857142
2023-01,2023,10–20 kW,BYD,719.47,47,15.307872340425533
2023-01,2023,10–20 kW,Bedin Solar,1034.0,67,15.432835820895523
2023-01,2023,10–20 kW,Bel Energy,7512.61,499,15.055330661322644
2023-01,2023,10–20 kW,Canadian Solar,2465.81,152,16.222434210526316
2023-01,2023,10–20 kW,Chint,303.53,20,15.176499999999999
2023-01,2023,10–20 kW,Deye,21362.29,1463,14.601701982228299
2023-01,2023,10–20 kW,Ecosolys,222.55,15,14.836666666666668
2023-01,2023,10–20 kW,Elgin,1726.46,114,15.144385964912281
2023-01,2023,10–20 kW,Empalux,738.41,54,13.674259259259259
2023-01,2023,10–20 kW,Enphase,361.24,27,13.379259259259259
2023-01,2023,10–20 kW,Foxess,627.1,47,13.342553191489362
2023-01,2023,10–20 kW,Fronius,1431.31,98,14.605204081632653
2023-01,2023,10–20 kW,GE,72.66,5,14.532
2023-01,2023,10–20 kW,Goodwe,1826.0,122,14.967213114754099
2023-01,2023,10–20 kW,Growatt,37714.46,2366,15.940177514792898
2023-01,2023,10–20 kW,Hopewind,167.06,12,13.921666666666667
2023-01,2023,10–20 kW,Hoymiles,4147.93,298,13.919228187919463
2023-01,2023,10–20 kW,Huawei,1396.91,92,15.183804347826088
2023-01,2023,10–20 kW,Hypontech,542.47,37,14.661351351351351
2023-01,2023,10–20 kW,Ingeteam,36.0,2,18.0
2023-01,2023,10–20 kW,Intelbras,4469.89,303,14.752112211221123
2023-01,2023,10–20 kW,Kehua,2023.41,140,14.452928571428572
2023-01,2023,10–20 kW,Komeco,74.68,5,14.936000000000002
2023-01,2023,10–20 kW,Kstar,196.43,14,14.030714285714286
2023-01,2023,10–20 kW,Livoltek,439.45,30,14.648333333333333
2023-01,2023,10–20 kW,Nansen,28.0,2,14.0
2023-01,2023,10–20 kW,Nexen,65.47,5,13.094
2023-01,2023,10–20 kW,Não informado,7423.9,486,15.27551440329218
2023-01,2023,10–20 kW,Outros,4050.9900000000002,272,14.893345588235295
2023-01,2023,10–20 kW,PHB,2739.36,193,14.193575129533679
2023-01,2023,10–20 kW,Refusol,39.18,3,13.06
2023-01,2023,10–20 kW,Renac,2639.35,201,13.131094527363183
2023-01,2023,10–20 kW,Renovigi,2214.79,137,16.166350364963503
2023-01,2023,10–20 kW,SAJ,3789.96,255,14.862588235294117
2023-01,2023,10–20 kW,SHENZHEN,472.28999999999996,37,12.764594594594593
2023-01,2023,10–20 kW,SMA,61.3,4,15.325
2023-01,2023,10–20 kW,SUNWAYS,82.0,5,16.4
2023-01,2023,10–20 kW,Sofar Solar,6410.75,477,13.43972746331237
2023-01,2023,10–20 kW,SolarEdge,606.28,39,15.545641025641025
2023-01,2023,10–20 kW,Solax Power,15.0,1,15.0
2023-01,2023,10–20 kW,Solis (Ginlong),9566.02,603,15.864046434494197
2023-01,2023,10–20 kW,Solplanet,3436.46,217,15.836221198156682
2023-01,2023,10–20 kW,Sungrow,6663.2300000000005,427,15.604754098360656
2023-01,2023,10–20 kW,Tsun,19.11,1,19.11
2023-01,2023,10–20 kW,WEG,9040.12,627,14.418054226475281
2023-01,2023,10–20 kW,WEG (Huawei),644.6,43,14.990697674418605
2023-01,2023,20–75 kW,ABB/FIMER,810.77,20,40.5385
2023-01,2023,20–75 kW,APsystems,5013.4,147,34.1047619047619
2023-01,2023,20–75 kW,BYD,1559.72,38,41.04526315789474
2023-01,2023,20–75 kW,Bedin Solar,4876.23,98,49.757448979591835
2023-01,2023,20–75 kW,Bel Energy,8529.19,230,37.0834347826087
2023-01,2023,20–75 kW,Canadian Solar,6033.46,143,42.19202797202797
2023-01,2023,20–75 kW,Chint,876.33,17,51.54882352941177
2023-01,2023,20–75 kW,Deye,28489.94,724,39.35074585635359
2023-01,2023,20–75 kW,Ecosolys,403.02,10,40.302
2023-01,2023,20–75 kW,Elgin,3675.63,96,38.2878125
2023-01,2023,20–75 kW,Empalux,1144.21,27,42.37814814814815
2023-01,2023,20–75 kW,Enphase,252.25,5,50.45
2023-01,2023,20–75 kW,Foxess,633.08,19,33.32
2023-01,2023,20–75 kW,Fronius,4330.25,104,41.63701923076923
2023-01,2023,20–75 kW,GE,339.2,11,30.836363636363636
2023-01,2023,20–75 kW,Goodwe,7824.11,155,50.47812903225806
2023-01,2023,20–75 kW,Growatt,78968.58,1845,42.801398373983744
2023-01,2023,20–75 kW,Hopewind,495.0,8,61.875
2023-01,2023,20–75 kW,Hoymiles,3163.37,92,34.38445652173913
2023-01,2023,20–75 kW,Huawei,5525.2,112,49.332142857142856
2023-01,2023,20–75 kW,Hypontech,459.2,14,32.8
2023-01,2023,20–75 kW,Ingeteam,130.85,3,43.61666666666667
2023-01,2023,20–75 kW,Intelbras,6160.64,141,43.69248226950355
2023-01,2023,20–75 kW,Kehua,2689.61,67,40.143432835820896
2023-01,2023,20–75 kW,Komeco,195.0,4,48.75
2023-01,2023,20–75 kW,Kstar,749.8199999999999,19,39.46421052631579
2023-01,2023,20–75 kW,Livoltek,229.0,8,28.625
2023-01,2023,20–75 kW,Nansen,71.0,2,35.5
2023-01,2023,20–75 kW,Nexen,46.2,2,23.1
2023-01,2023,20–75 kW,Não informado,13675.56,352,38.85102272727273
2023-01,2023,20–75 kW,Outros,6935.74,166,41.78156626506024
2023-01,2023,20–75 kW,PHB,7394.25,184,40.18614130434783
2023-01,2023,20–75 kW,Refusol,27.0,1,27.0
2023-01,2023,20–75 kW,Renac,2884.91,82,35.18182926829268
2023-01,2023,20–75 kW,Renovigi,4107.7,93,44.16881720430107
2023-01,2023,20–75 kW,SAJ,4720.91,122,38.69598360655738
2023-01,2023,20–75 kW,SHENZHEN,1438.43,40,35.960750000000004
2023-01,2023,20–75 kW,SMA,399.12,8,49.89
2023-01,2023,20–75 kW,SUNWAYS,180.0,3,60.0
2023-01,2023,20–75 kW,Sofar Solar,10123.13,248,40.819072580645155
2023-01,2023,20–75 kW,SolarEdge,5878.32,122,48.18295081967213
2023-01,2023,20–75 kW,Solax Power,129.88,3,43.29333333333333
2023-01,2023,20–75 kW,Solis (Ginlong),37200.9,765,48.628627450980396
2023-01,2023,20–75 kW,Solplanet,4350.77,118,36.870932203389835
2023-01,2023,20–75 kW,Sungrow,21366.99,424,50.393844339622646
2023-01,2023,20–75 kW,Tsun,105.0,2,52.5
2023-01,2023,20–75 kW,WEG,28898.21,610,47.37411475409836
2023-01,2023,20–75 kW,WEG (Huawei),1641.46,35,46.898857142857146
2023-01,2023,75–300 kW,ABB/FIMER,187.6,1,187.6
2023-01,2023,75–300 kW,APsystems,97.2,1,97.2
2023-01,2023,75–300 kW,Bel Energy,177.35,2,88.675
2023-01,2023,75–300 kW,Canadian Solar,1075.0,8,134.375
2023-01,2023,75–300 kW,Deye,1331.6,9,147.95555555555555
2023-01,2023,75–300 kW,Elgin,225.0,1,225.0
2023-01,2023,75–300 kW,Fronius,840.0,6,140.0
2023-01,2023,75–300 kW,Goodwe,1290.0,7,184.28571428571428
2023-01,2023,75–300 kW,Growatt,7769.54,46,168.90304347826086
2023-01,2023,75–300 kW,Hoymiles,498.4,4,124.6
2023-01,2023,75–300 kW,Huawei,1373.93,8,171.74125
2023-01,2023,75–300 kW,Ingeteam,190.0,1,190.0
2023-01,2023,75–300 kW,Intelbras,481.02,3,160.34
2023-01,2023,75–300 kW,Kehua,420.0,2,210.0
2023-01,2023,75–300 kW,Komeco,80.0,1,80.0
2023-01,2023,75–300 kW,Não informado,1732.0,11,157.45454545454547
2023-01,2023,75–300 kW,Outros,1539.6599999999999,9,171.07333333333332
2023-01,2023,75–300 kW,PHB,1063.0,6,177.16666666666666
2023-01,2023,75–300 kW,Renac,170.0,1,170.0
2023-01,2023,75–300 kW,Renovigi,460.0,2,230.0
2023-01,2023,75–300 kW,SAJ,404.75,3,134.91666666666666
2023-01,2023,75–300 kW,SHENZHEN,243.0,2,121.5
2023-01,2023,75–300 kW,SMA,380.0,2,190.0
2023-01,2023,75–300 kW,Sofar Solar,1332.0,9,148.0
2023-01,2023,75–300 kW,SolarEdge,1313.55,9,145.95
2023-01,2023,75–300 kW,Solis (Ginlong),4533.0,27,167.88888888888889
2023-01,2023,75–300 kW,Solplanet,120.0,1,120.0
2023-01,2023,75–300 kW,Sungrow,6442.3,38,169.5342105263158
2023-01,2023,75–300 kW,WEG,6135.34,33,185.91939393939396
2023-01,2023,75–300 kW,WEG (Huawei),120.0,1,120.0
2023-01,2023,300 kW–1 MW,ABB/FIMER,1500.0,2,750.0
2023-01,2023,300 kW–1 MW,BYD,750.0,1,750.0
2023-01,2023,300 kW–1 MW,Canadian Solar,2195.0,4,548.75
2023-01,2023,300 kW–1 MW,Chint,1000.0,1,1000.0
2023-01,2023,300 kW–1 MW,Deye,750.0,1,750.0
2023-01,2023,300 kW–1 MW,Elgin,450.0,1,450.0
2023-01,2023,300 kW–1 MW,Emerson,550.0,1,550.0
2023-01,2023,300 kW–1 MW,Fronius,450.0,1,450.0
2023-01,2023,300 kW–1 MW,Goodwe,3880.0,6,646.6666666666666
2023-01,2023,300 kW–1 MW,Growatt,1874.6399999999999,4,468.65999999999997
2023-01,2023,300 kW–1 MW,Huawei,15600.0,18,866.6666666666666
2023-01,2023,300 kW–1 MW,Não informado,700.0,1,700.0
2023-01,2023,300 kW–1 MW,Outros,3084.0,4,771.0
2023-01,2023,300 kW–1 MW,Renac,960.0,1,960.0
2023-01,2023,300 kW–1 MW,SAJ,418.0,1,418.0
2023-01,2023,300 kW–1 MW,SMA,475.0,1,475.0
2023-01,2023,300 kW–1 MW,Sofar Solar,1000.0,1,1000.0
2023-01,2023,300 kW–1 MW,Solis (Ginlong),2585.0,5,517.0
2023-01,2023,300 kW–1 MW,Sungrow,20755.0,24,864.7916666666666
2023-01,2023,300 kW–1 MW,WEG,2220.0,4,555.0
2023-01,2023,300 kW–1 MW,WEG (Huawei),1000.0,1,1000.0
2023-01,2023,1–5 MW,Goodwe,3600.0,1,3600.0
2023-01,2023,1–5 MW,Huawei,17400.0,6,2900.0
2023-01,2023,1–5 MW,Não informado,2000.0,1,2000.0
2023-01,2023,1–5 MW,Outros,3709.0,2,1854.5
2023-01,2023,1–5 MW,Sungrow,11000.0,4,2750.0
2023-02,2023,≤10 kW,ABB/FIMER,163.48,29,5.637241379310344
2023-02,2023,≤10 kW,APsystems,9168.17,1891,4.848318350079323
2023-02,2023,≤10 kW,Auxsol,21.5,3,7.166666666666667
2023-02,2023,≤10 kW,BYD,2877.45,507,5.675443786982248
2023-02,2023,≤10 kW,Bedin Solar,4576.71,819,5.588168498168498
2023-02,2023,≤10 kW,Bel Energy,20856.24,4270,4.884365339578455
2023-02,2023,≤10 kW,Canadian Solar,3267.9900000000002,606,5.392722772277228
2023-02,2023,≤10 kW,Chint,1312.23,217,6.047142857142857
2023-02,2023,≤10 kW,Deye,61181.03,12034,5.0840144590327405
2023-02,2023,≤10 kW,Ecosolys,565.0,111,5.09009009009009
2023-02,2023,≤10 kW,Elgin,3466.53,707,4.9031541725601135
2023-02,2023,≤10 kW,Empalux,1275.04,247,5.162105263157895
2023-02,2023,≤10 kW,Enphase,1194.17,294,4.061802721088435
2023-02,2023,≤10 kW,Foxess,1962.36,389,5.044627249357326
2023-02,2023,≤10 kW,Fronius,1423.01,242,5.880206611570248
2023-02,2023,≤10 kW,GE,157.62,26,6.062307692307693
2023-02,2023,≤10 kW,Goodwe,3909.55,768,5.090559895833334
2023-02,2023,≤10 kW,Growatt,86047.09,15086,5.703771046002917
2023-02,2023,≤10 kW,Hopewind,569.08,94,6.05404255319149
2023-02,2023,≤10 kW,Hoymiles,12619.82,2456,5.13836319218241
2023-02,2023,≤10 kW,Huawei,766.87,146,5.252534246575342
2023-02,2023,≤10 kW,Hypontech,1443.14,298,4.842751677852349
2023-02,2023,≤10 kW,Ingeteam,75.42999999999999,13,5.802307692307692
2023-02,2023,≤10 kW,Intelbras,8818.87,1769,4.9852289429055965
2023-02,2023,≤10 kW,Kehua,5671.61,1024,5.538681640625
2023-02,2023,≤10 kW,Komeco,169.55,30,5.651666666666667
2023-02,2023,≤10 kW,Kstar,1114.84,267,4.1754307116104865
2023-02,2023,≤10 kW,Livoltek,3186.45,689,4.624746008708272
2023-02,2023,≤10 kW,NEP,3.0,1,3.0
2023-02,2023,≤10 kW,Nansen,16.16,4,4.04
2023-02,2023,≤10 kW,Nexen,787.79,158,4.986012658227848
2023-02,2023,≤10 kW,Não informado,13832.42,2578,5.365562451512801
2023-02,2023,≤10 kW,Outros,7578.28,1429,5.3032050384884535
2023-02,2023,≤10 kW,PHB,8266.57,1607,5.144100808960796
2023-02,2023,≤10 kW,Refusol,159.77,45,3.5504444444444445
2023-02,2023,≤10 kW,Renac,5588.52,1086,5.14596685082873
2023-02,2023,≤10 kW,Renovigi,6011.11,1153,5.21345186470078
2023-02,2023,≤10 kW,SAJ,9979.21,1941,5.141272539927872
2023-02,2023,≤10 kW,SHENZHEN,141.51,27,5.241111111111111
2023-02,2023,≤10 kW,SMA,61.22,11,5.565454545454545
2023-02,2023,≤10 kW,SUNWAYS,353.74,65,5.442153846153846
2023-02,2023,≤10 kW,Sineng,2.0,1,2.0
2023-02,2023,≤10 kW,Sofar Solar,12276.67,2318,5.29623382226057
2023-02,2023,≤10 kW,SolarEdge,874.03,149,5.865973154362416
2023-02,2023,≤10 kW,Solax Power,55.120000000000005,10,5.5120000000000005
2023-02,2023,≤10 kW,Solis (Ginlong),28811.3,5324,5.411589030803906
2023-02,2023,≤10 kW,Solplanet,6968.12,1185,5.880270042194093
2023-02,2023,≤10 kW,Sungrow,10173.34,1710,5.949321637426901
2023-02,2023,≤10 kW,TSUNESS,8.0,2,4.0
2023-02,2023,≤10 kW,Tsun,80.58,82,0.9826829268292683
2023-02,2023,≤10 kW,WEG,18273.23,3501,5.219431590974008
2023-02,2023,≤10 kW,WEG (Huawei),68.57,16,4.285625
2023-02,2023,10–20 kW,ABB/FIMER,64.41,4,16.1025
2023-02,2023,10–20 kW,APsystems,3331.5,234,14.237179487179487
2023-02,2023,10–20 kW,BYD,1072.28,73,14.68876712328767
2023-02,2023,10–20 kW,Bedin Solar,843.22,57,14.793333333333333
2023-02,2023,10–20 kW,Bel Energy,6203.17,402,15.430771144278607
2023-02,2023,10–20 kW,Canadian Solar,1868.35,115,16.246521739130433
2023-02,2023,10–20 kW,Chint,445.88,29,15.375172413793104
2023-02,2023,10–20 kW,Deye,18620.38,1269,14.673270291568164
2023-02,2023,10–20 kW,Ecosolys,141.85,9,15.761111111111111
2023-02,2023,10–20 kW,Elgin,1738.7,117,14.860683760683761
2023-02,2023,10–20 kW,Empalux,707.47,49,14.438163265306123
2023-02,2023,10–20 kW,Enphase,250.3,19,13.173684210526316
2023-02,2023,10–20 kW,Foxess,578.88,42,13.782857142857143
2023-02,2023,10–20 kW,Fronius,1248.59,84,14.864166666666666
2023-02,2023,10–20 kW,GE,143.41,9,15.934444444444445
2023-02,2023,10–20 kW,Goodwe,1176.39,82,14.346219512195123
2023-02,2023,10–20 kW,Growatt,31824.39,1991,15.98412355600201
2023-02,2023,10–20 kW,Hopewind,207.8,14,14.842857142857143
2023-02,2023,10–20 kW,Hoymiles,4162.12,302,13.781854304635761
2023-02,2023,10–20 kW,Huawei,1140.87,72,15.845416666666665
2023-02,2023,10–20 kW,Hypontech,432.87,32,13.5271875
2023-02,2023,10–20 kW,Ingeteam,50.0,3,16.666666666666668
2023-02,2023,10–20 kW,Intelbras,3417.24,226,15.120530973451327
2023-02,2023,10–20 kW,Kehua,1715.55,119,14.416386554621848
2023-02,2023,10–20 kW,Komeco,67.84,4,16.96
2023-02,2023,10–20 kW,Kstar,194.0,15,12.933333333333334
2023-02,2023,10–20 kW,Livoltek,415.13,27,15.375185185185185
2023-02,2023,10–20 kW,Nexen,77.99,6,12.998333333333333
2023-02,2023,10–20 kW,Não informado,6704.74,449,14.93260579064588
2023-02,2023,10–20 kW,Outros,4125.1,267,15.449812734082398
2023-02,2023,10–20 kW,PHB,3520.51,236,14.917415254237289
2023-02,2023,10–20 kW,Refusol,71.6,5,14.319999999999999
2023-02,2023,10–20 kW,Renac,1875.57,141,13.30191489361702
2023-02,2023,10–20 kW,Renovigi,1726.49,108,15.986018518518518
2023-02,2023,10–20 kW,SAJ,3616.68,238,15.196134453781513
2023-02,2023,10–20 kW,SHENZHEN,374.0,28,13.357142857142858
2023-02,2023,10–20 kW,SMA,15.3,1,15.3
2023-02,2023,10–20 kW,SUNWAYS,147.72,9,16.413333333333334
2023-02,2023,10–20 kW,Sofar Solar,5005.55,374,13.383823529411766
2023-02,2023,10–20 kW,SolarEdge,584.86,38,15.391052631578948
2023-02,2023,10–20 kW,Solax Power,71.2,4,17.8
2023-02,2023,10–20 kW,Solis (Ginlong),9254.57,589,15.712342954159592
2023-02,2023,10–20 kW,Solplanet,3668.26,229,16.018602620087336
2023-02,2023,10–20 kW,Sungrow,5149.2,335,15.370746268656715
2023-02,2023,10–20 kW,WEG,8491.99,599,14.1769449081803
2023-02,2023,10–20 kW,WEG (Huawei),444.38,29,15.323448275862068
2023-02,2023,20–75 kW,ABB/FIMER,381.87,10,38.187
2023-02,2023,20–75 kW,APsystems,3920.19,113,34.69194690265487
2023-02,2023,20–75 kW,BYD,2417.88,53,45.620377358490565
2023-02,2023,20–75 kW,Bedin Solar,3479.2,69,50.4231884057971
2023-02,2023,20–75 kW,Bel Energy,9165.67,249,36.80991967871486
2023-02,2023,20–75 kW,Canadian Solar,4538.4,101,44.93465346534653
2023-02,2023,20–75 kW,Chint,1065.85,24,44.41041666666666
2023-02,2023,20–75 kW,Deye,25140.0,640,39.28125
2023-02,2023,20–75 kW,Ecosolys,80.35,2,40.175
2023-02,2023,20–75 kW,Elgin,3242.39,74,43.81608108108108
2023-02,2023,20–75 kW,Empalux,1059.58,28,37.84214285714285
2023-02,2023,20–75 kW,Enphase,239.11,9,26.567777777777778
2023-02,2023,20–75 kW,Foxess,974.46,28,34.80214285714286
2023-02,2023,20–75 kW,Fronius,3662.27,77,47.56194805194805
2023-02,2023,20–75 kW,GE,344.87,10,34.487
2023-02,2023,20–75 kW,Goodwe,6440.85,120,53.673750000000005
2023-02,2023,20–75 kW,Growatt,73019.68,1678,43.51589988081049
2023-02,2023,20–75 kW,Hopewind,624.21,12,52.017500000000005
2023-02,2023,20–75 kW,Hoymiles,3604.02,101,35.68336633663366
2023-02,2023,20–75 kW,Huawei,5845.79,114,51.27885964912281
2023-02,2023,20–75 kW,Hypontech,1034.26,24,43.094166666666666
2023-02,2023,20–75 kW,Ingeteam,214.45,6,35.74166666666667
2023-02,2023,20–75 kW,Intelbras,6050.33,141,42.91014184397163
2023-02,2023,20–75 kW,Kehua,2104.01,57,36.91245614035088
2023-02,2023,20–75 kW,Komeco,203.0,4,50.75
2023-02,2023,20–75 kW,Kstar,700.14,14,50.01
2023-02,2023,20–75 kW,Livoltek,175.6,5,35.12
2023-02,2023,20–75 kW,Nexen,48.42,2,24.21
2023-02,2023,20–75 kW,Não informado,15109.55,367,41.17043596730245
2023-02,2023,20–75 kW,Outros,8683.52,195,44.5308717948718
2023-02,2023,20–75 kW,PHB,6889.02,168,41.00607142857143
2023-02,2023,20–75 kW,Refusol,298.0,7,42.57142857142857
2023-02,2023,20–75 kW,Renac,2802.24,67,41.824477611940296
2023-02,2023,20–75 kW,Renovigi,3991.49,89,44.84820224719101
2023-02,2023,20–75 kW,SAJ,4509.74,116,38.87706896551724
2023-02,2023,20–75 kW,SHENZHEN,1149.07,26,44.195
2023-02,2023,20–75 kW,SMA,225.0,4,56.25
2023-02,2023,20–75 kW,SUNWAYS,139.45,4,34.8625
2023-02,2023,20–75 kW,Sineng,75.0,1,75.0
2023-02,2023,20–75 kW,Sofar Solar,8957.01,210,42.65242857142857
2023-02,2023,20–75 kW,SolarEdge,5752.02,116,49.58637931034483
2023-02,2023,20–75 kW,Solax Power,25.0,1,25.0
2023-02,2023,20–75 kW,Solis (Ginlong),38970.29,794,49.08096977329975
2023-02,2023,20–75 kW,Solplanet,5978.92,166,36.017590361445784
2023-02,2023,20–75 kW,Sungrow,18592.04,356,52.22483146067416
2023-02,2023,20–75 kW,WEG,29039.5,609,47.68390804597701
2023-02,2023,20–75 kW,WEG (Huawei),2496.12,53,47.0966037735849
2023-02,2023,75–300 kW,ABB/FIMER,200.0,2,100.0
2023-02,2023,75–300 kW,APsystems,259.5,3,86.5
2023-02,2023,75–300 kW,BYD,600.0,3,200.0
2023-02,2023,75–300 kW,Bedin Solar,110.0,1,110.0
2023-02,2023,75–300 kW,Bel Energy,100.0,1,100.0
2023-02,2023,75–300 kW,Canadian Solar,5637.32,37,152.35999999999999
2023-02,2023,75–300 kW,Chint,102.0,1,102.0
2023-02,2023,75–300 kW,Deye,1567.13,11,142.46636363636364
2023-02,2023,75–300 kW,Elgin,135.0,1,135.0
2023-02,2023,75–300 kW,Foxess,100.0,1,100.0
2023-02,2023,75–300 kW,Fronius,517.0,3,172.33333333333334
2023-02,2023,75–300 kW,Goodwe,1896.5,13,145.8846153846154
2023-02,2023,75–300 kW,Growatt,7770.03,47,165.31978723404254
2023-02,2023,75–300 kW,Hoymiles,129.6,1,129.6
2023-02,2023,75–300 kW,Huawei,7524.5,64,117.5703125
2023-02,2023,75–300 kW,Intelbras,935.0,5,187.0
2023-02,2023,75–300 kW,Kehua,390.0,2,195.0
2023-02,2023,75–300 kW,Kstar,200.0,1,200.0
2023-02,2023,75–300 kW,Não informado,1145.1,8,143.1375
2023-02,2023,75–300 kW,Outros,2208.66,14,157.76142857142855
2023-02,2023,75–300 kW,PHB,431.0,3,143.66666666666666
2023-02,2023,75–300 kW,Renovigi,468.0,3,156.0
2023-02,2023,75–300 kW,SAJ,110.0,1,110.0
2023-02,2023,75–300 kW,SMA,550.0,3,183.33333333333334
2023-02,2023,75–300 kW,Sofar Solar,1549.0,10,154.9
2023-02,2023,75–300 kW,SolarEdge,1393.65,9,154.85000000000002
2023-02,2023,75–300 kW,Solis (Ginlong),3656.75,28,130.59821428571428
2023-02,2023,75–300 kW,Solplanet,500.0,3,166.66666666666666
2023-02,2023,75–300 kW,Sungrow,6767.4400000000005,41,165.05951219512195
2023-02,2023,75–300 kW,WEG,5496.6,35,157.0457142857143
2023-02,2023,75–300 kW,WEG (Huawei),200.0,1,200.0
2023-02,2023,300 kW–1 MW,ABB/FIMER,1000.0,1,1000.0
2023-02,2023,300 kW–1 MW,Deye,450.0,1,450.0
2023-02,2023,300 kW–1 MW,Goodwe,806.0,2,403.0
2023-02,2023,300 kW–1 MW,Growatt,3379.6,6,563.2666666666667
2023-02,2023,300 kW–1 MW,Huawei,7920.0,10,792.0
2023-02,2023,300 kW–1 MW,Não informado,840.0,1,840.0
2023-02,2023,300 kW–1 MW,Outros,475.0,1,475.0
2023-02,2023,300 kW–1 MW,SMA,450.0,1,450.0
2023-02,2023,300 kW–1 MW,SolarEdge,500.0,1,500.0
2023-02,2023,300 kW–1 MW,Solis (Ginlong),1470.0,2,735.0
2023-02,2023,300 kW–1 MW,Sungrow,22759.4,27,842.9407407407408
2023-02,2023,300 kW–1 MW,WEG,3100.0,5,620.0
2023-02,2023,1–5 MW,ABB/FIMER,2640.0,1,2640.0
2023-02,2023,1–5 MW,Huawei,12000.0,4,3000.0
2023-02,2023,1–5 MW,Outros,5000.0,1,5000.0
2023-03,2023,≤10 kW,ABB/FIMER,167.92,30,5.597333333333333
2023-03,2023,≤10 kW,APsystems,8387.39,1672,5.016381578947368
2023-03,2023,≤10 kW,BYD,3198.01,568,5.630299295774648
2023-03,2023,≤10 kW,Bedin Solar,3837.59,684,5.610511695906433
2023-03,2023,≤10 kW,Bel Energy,15822.26,3115,5.0793772070626
2023-03,2023,≤10 kW,Canadian Solar,2863.32,530,5.402490566037736
2023-03,2023,≤10 kW,Chint,1226.51,204,6.012303921568628
2023-03,2023,≤10 kW,Deye,57721.81,11177,5.164338373445468
2023-03,2023,≤10 kW,Each Energy,8.0,1,8.0
2023-03,2023,≤10 kW,Ecosolys,496.67,121,4.104710743801653
2023-03,2023,≤10 kW,Elgin,2990.79,589,5.077741935483871
2023-03,2023,≤10 kW,Empalux,1220.65,226,5.401106194690266
2023-03,2023,≤10 kW,Enphase,1185.36,298,3.9777181208053687
2023-03,2023,≤10 kW,Foxess,1829.92,367,4.986158038147139
2023-03,2023,≤10 kW,Fronius,1422.6499999999999,243,5.8545267489711925
2023-03,2023,≤10 kW,GE,118.05,20,5.9025
2023-03,2023,≤10 kW,Goodwe,3116.59,607,5.134415156507414
2023-03,2023,≤10 kW,Growatt,79601.41,13806,5.765711284948574
2023-03,2023,≤10 kW,Hopewind,606.63,99,6.127575757575758
2023-03,2023,≤10 kW,Hoymiles,10674.02,2062,5.176537342386033
2023-03,2023,≤10 kW,Huawei,676.62,131,5.165038167938931
2023-03,2023,≤10 kW,Hypontech,1788.81,369,4.847723577235772
2023-03,2023,≤10 kW,Ingeteam,57.31,8,7.16375
2023-03,2023,≤10 kW,Intelbras,7828.65,1546,5.063809831824062
2023-03,2023,≤10 kW,Kehua,3730.87,653,5.713430321592649
2023-03,2023,≤10 kW,Komeco,234.36,42,5.58
2023-03,2023,≤10 kW,Kstar,1134.17,272,4.169742647058824
2023-03,2023,≤10 kW,Livoltek,2791.27,585,4.771401709401709
2023-03,2023,≤10 kW,Nansen,84.8,18,4.711111111111111
2023-03,2023,≤10 kW,Nexen,829.23,177,4.684915254237288
2023-03,2023,≤10 kW,Não informado,14235.93,2677,5.3178670153156515
2023-03,2023,≤10 kW,Outros,7294.74,1354,5.387548005908419
2023-03,2023,≤10 kW,PHB,7464.98,1425,5.2385824561403505
2023-03,2023,≤10 kW,Refusol,189.6,50,3.792
2023-03,2023,≤10 kW,Renac,4544.61,870,5.2236896551724135
2023-03,2023,≤10 kW,Renovigi,4236.39,801,5.288876404494382
2023-03,2023,≤10 kW,SAJ,9857.36,1879,5.246067056945184
2023-03,2023,≤10 kW,SHENZHEN,148.05,32,4.6265625
2023-03,2023,≤10 kW,SMA,83.65,19,4.402631578947369
2023-03,2023,≤10 kW,SUNWAYS,351.3,67,5.2432835820895525
2023-03,2023,≤10 kW,Sofar Solar,13815.49,2550,5.417839215686274
2023-03,2023,≤10 kW,SolarEdge,922.32,158,5.8374683544303805
2023-03,2023,≤10 kW,Solax Power,33.09,6,5.515000000000001
2023-03,2023,≤10 kW,Solis (Ginlong),24872.670000000002,4533,5.487021839841165
2023-03,2023,≤10 kW,Solplanet,7329.94,1272,5.76253144654088
2023-03,2023,≤10 kW,Sungrow,10576.12,1739,6.081725129384704
2023-03,2023,≤10 kW,Tsun,116.76,127,0.9193700787401575
2023-03,2023,≤10 kW,WEG,22404.68,4286,5.227410172655157
2023-03,2023,≤10 kW,WEG (Huawei),137.68,28,4.917142857142857
2023-03,2023,10–20 kW,ABB/FIMER,136.08,8,17.01
2023-03,2023,10–20 kW,APsystems,3628.2,253,14.340711462450592
2023-03,2023,10–20 kW,B&B POWER,12.0,1,12.0
2023-03,2023,10–20 kW,BYD,1486.21,103,14.429223300970873
2023-03,2023,10–20 kW,Bedin Solar,1253.88,81,15.480000000000002
2023-03,2023,10–20 kW,Bel Energy,5799.91,376,15.42529255319149
2023-03,2023,10–20 kW,Canadian Solar,2202.79,136,16.196985294117646
2023-03,2023,10–20 kW,Chint,391.3,24,16.304166666666667
2023-03,2023,10–20 kW,Deye,19819.98,1338,14.813139013452915
2023-03,2023,10–20 kW,Ecosolys,103.54,7,14.791428571428572
2023-03,2023,10–20 kW,Elgin,1430.84,96,14.904583333333333
2023-03,2023,10–20 kW,Empalux,612.78,41,14.945853658536585
2023-03,2023,10–20 kW,Enphase,429.68,34,12.63764705882353
2023-03,2023,10–20 kW,Foxess,731.27,56,13.058392857142858
2023-03,2023,10–20 kW,Fronius,1083.76,74,14.645405405405405
2023-03,2023,10–20 kW,GE,73.7,5,14.74
2023-03,2023,10–20 kW,Goodwe,1386.06,95,14.590105263157895
2023-03,2023,10–20 kW,Growatt,34232.67,2150,15.922172093023255
2023-03,2023,10–20 kW,Hopewind,264.99,19,13.946842105263158
2023-03,2023,10–20 kW,Hoymiles,4350.07,310,14.032483870967742
2023-03,2023,10–20 kW,Huawei,1376.59,94,14.644574468085105
2023-03,2023,10–20 kW,Hypontech,436.44,30,14.548
2023-03,2023,10–20 kW,Ingeteam,43.1,3,14.366666666666667
2023-03,2023,10–20 kW,Intelbras,3343.82,218,15.33862385321101
2023-03,2023,10–20 kW,Kehua,1373.03,92,14.924239130434783
2023-03,2023,10–20 kW,Komeco,349.0,21,16.61904761904762
2023-03,2023,10–20 kW,Kstar,225.7,15,15.046666666666665
2023-03,2023,10–20 kW,Livoltek,391.24,28,13.972857142857142
2023-03,2023,10–20 kW,Nexen,163.92000000000002,11,14.901818181818184
2023-03,2023,10–20 kW,Não informado,7125.58,472,15.09656779661017
2023-03,2023,10–20 kW,Outros,4171.9,281,14.84661921708185
2023-03,2023,10–20 kW,PHB,3742.11,254,14.732716535433072
2023-03,2023,10–20 kW,Refusol,93.7,7,13.385714285714286
2023-03,2023,10–20 kW,Renac,2196.87,163,13.477730061349693
2023-03,2023,10–20 kW,Renovigi,1896.52,119,15.937142857142858
2023-03,2023,10–20 kW,SAJ,3605.72,244,14.777540983606556
2023-03,2023,10–20 kW,SHENZHEN,437.71,35,12.506
2023-03,2023,10–20 kW,SUNWAYS,55.0,3,18.333333333333332
2023-03,2023,10–20 kW,Sofar Solar,6140.57,455,13.49575824175824
2023-03,2023,10–20 kW,SolarEdge,676.29,44,15.370227272727272
2023-03,2023,10–20 kW,Solax Power,15.0,1,15.0
2023-03,2023,10–20 kW,Solis (Ginlong),10147.12,641,15.830140405616225
2023-03,2023,10–20 kW,Solplanet,4033.11,247,16.32838056680162
2023-03,2023,10–20 kW,Sungrow,6333.07,407,15.56036855036855
2023-03,2023,10–20 kW,WEG,11088.82,777,14.271325611325612
2023-03,2023,10–20 kW,WEG (Huawei),656.79,44,14.927045454545453
2023-03,2023,20–75 kW,ABB/FIMER,183.65,4,45.9125
2023-03,2023,20–75 kW,APsystems,4753.63,132,36.01234848484849
2023-03,2023,20–75 kW,BYD,2355.02,57,41.31614035087719
2023-03,2023,20–75 kW,Bedin Solar,4432.48,81,54.72197530864197
2023-03,2023,20–75 kW,Bel Energy,7292.7,203,35.92463054187192
2023-03,2023,20–75 kW,Canadian Solar,6798.97,149,45.6306711409396
2023-03,2023,20–75 kW,Chint,495.05,13,38.080769230769235
2023-03,2023,20–75 kW,Deye,28240.64,722,39.11445983379501
2023-03,2023,20–75 kW,Ecosolys,142.96,5,28.592000000000002
2023-03,2023,20–75 kW,Elgin,3150.64,76,41.455789473684206
2023-03,2023,20–75 kW,Empalux,1198.75,30,39.958333333333336
2023-03,2023,20–75 kW,Enphase,426.11,13,32.777692307692305
2023-03,2023,20–75 kW,Foxess,900.9,26,34.65
2023-03,2023,20–75 kW,Fronius,5090.19,110,46.27445454545454
2023-03,2023,20–75 kW,GE,459.18,14,32.79857142857143
2023-03,2023,20–75 kW,Goodwe,6898.08,134,51.47820895522388
2023-03,2023,20–75 kW,Growatt,89637.3,2026,44.243484698914116
2023-03,2023,20–75 kW,Hopewind,693.35,17,40.78529411764706
2023-03,2023,20–75 kW,Hoymiles,4491.8,129,34.820155038759694
2023-03,2023,20–75 kW,Huawei,7574.97,148,51.182229729729734
2023-03,2023,20–75 kW,Hypontech,599.41,16,37.463125
2023-03,2023,20–75 kW,Ingeteam,108.0,2,54.0
2023-03,2023,20–75 kW,Intelbras,5085.54,126,40.36142857142857
2023-03,2023,20–75 kW,Kehua,2996.49,67,44.72373134328358
2023-03,2023,20–75 kW,Komeco,790.0,16,49.375
2023-03,2023,20–75 kW,Kstar,593.38,14,42.38428571428572
2023-03,2023,20–75 kW,Livoltek,301.0,7,43.0
2023-03,2023,20–75 kW,Nansen,23.76,1,23.76
2023-03,2023,20–75 kW,Nexen,163.0,4,40.75
2023-03,2023,20–75 kW,Não informado,18366.55,452,40.633960176991145
2023-03,2023,20–75 kW,Outros,10996.48,247,44.520161943319835
2023-03,2023,20–75 kW,PHB,8727.03,215,40.59083720930233
2023-03,2023,20–75 kW,Refusol,251.0,5,50.2
2023-03,2023,20–75 kW,Renac,2925.7400000000002,77,37.99662337662338
2023-03,2023,20–75 kW,Renovigi,4441.78,97,45.791546391752576
2023-03,2023,20–75 kW,SAJ,5055.54,134,37.7279104477612
2023-03,2023,20–75 kW,SHENZHEN,2175.9,48,45.331250000000004
2023-03,2023,20–75 kW,SMA,431.92,7,61.70285714285715
2023-03,2023,20–75 kW,SUNWAYS,115.0,2,57.5
2023-03,2023,20–75 kW,Sofar Solar,9674.89,242,39.97888429752066
2023-03,2023,20–75 kW,SolarEdge,6663.7300000000005,140,47.59807142857143
2023-03,2023,20–75 kW,Solax Power,215.0,4,53.75
2023-03,2023,20–75 kW,Solis (Ginlong),49428.77,996,49.62727911646586
2023-03,2023,20–75 kW,Solplanet,6756.69,171,39.51280701754386
2023-03,2023,20–75 kW,Sungrow,23650.41,461,51.302407809110626
2023-03,2023,20–75 kW,Tsun,33.0,1,33.0
2023-03,2023,20–75 kW,WEG,31811.5,688,46.23764534883721
2023-03,2023,20–75 kW,WEG (Huawei),3438.93,65,52.906615384615385
2023-03,2023,75–300 kW,ABB/FIMER,200.0,1,200.0
2023-03,2023,75–300 kW,BYD,431.0,3,143.66666666666666
2023-03,2023,75–300 kW,Bel Energy,500.0,3,166.66666666666666
2023-03,2023,75–300 kW,Canadian Solar,1986.27,9,220.69666666666666
2023-03,2023,75–300 kW,Chint,425.0,2,212.5
2023-03,2023,75–300 kW,Deye,2944.0,17,173.1764705882353
2023-03,2023,75–300 kW,Elgin,537.0,3,179.0
2023-03,2023,75–300 kW,Empalux,300.0,1,300.0
2023-03,2023,75–300 kW,Foxess,150.0,1,150.0
2023-03,2023,75–300 kW,Fronius,513.2,3,171.0666666666667
2023-03,2023,75–300 kW,Goodwe,1596.8400000000001,10,159.68400000000003
2023-03,2023,75–300 kW,Growatt,9799.07,61,160.64049180327868
2023-03,2023,75–300 kW,Hopewind,110.0,1,110.0
2023-03,2023,75–300 kW,Hoymiles,124.2,1,124.2
2023-03,2023,75–300 kW,Huawei,1534.9,12,127.90833333333335
2023-03,2023,75–300 kW,Intelbras,843.66,6,140.60999999999999
2023-03,2023,75–300 kW,Komeco,200.0,2,100.0
2023-03,2023,75–300 kW,Kstar,449.0,2,224.5
2023-03,2023,75–300 kW,Não informado,1527.2,10,152.72
2023-03,2023,75–300 kW,Outros,2431.36,18,135.07555555555555
2023-03,2023,75–300 kW,PHB,1125.42,8,140.6775
2023-03,2023,75–300 kW,Renac,145.0,1,145.0
2023-03,2023,75–300 kW,Renovigi,535.0,4,133.75
2023-03,2023,75–300 kW,SAJ,280.0,2,140.0
2023-03,2023,75–300 kW,SHENZHEN,100.0,1,100.0
2023-03,2023,75–300 kW,SMA,350.0,2,175.0
2023-03,2023,75–300 kW,Sofar Solar,1557.0,9,173.0
2023-03,2023,75–300 kW,SolarEdge,1209.4,7,172.77142857142857
2023-03,2023,75–300 kW,Solis (Ginlong),5093.2,31,164.29677419354837
2023-03,2023,75–300 kW,Solplanet,350.0,3,116.66666666666667
2023-03,2023,75–300 kW,Sungrow,6233.53,38,164.04026315789474
2023-03,2023,75–300 kW,WEG,4331.6,28,154.70000000000002
2023-03,2023,75–300 kW,WEG (Huawei),200.0,1,200.0
2023-03,2023,300 kW–1 MW,ABB/FIMER,1700.0,2,850.0
2023-03,2023,300 kW–1 MW,Canadian Solar,4500.0,5,900.0
2023-03,2023,300 kW–1 MW,Deye,900.0,1,900.0
2023-03,2023,300 kW–1 MW,Fronius,663.75,1,663.75
2023-03,2023,300 kW–1 MW,Goodwe,1980.0,3,660.0
2023-03,2023,300 kW–1 MW,Growatt,5965.95,9,662.8833333333333
2023-03,2023,300 kW–1 MW,Huawei,2331.98,4,582.995
2023-03,2023,300 kW–1 MW,Não informado,920.0,2,460.0
2023-03,2023,300 kW–1 MW,Outros,730.0,2,365.0
2023-03,2023,300 kW–1 MW,SAJ,375.0,1,375.0
2023-03,2023,300 kW–1 MW,SMA,440.0,1,440.0
2023-03,2023,300 kW–1 MW,Sofar Solar,1000.0,1,1000.0
2023-03,2023,300 kW–1 MW,Solis (Ginlong),830.0,2,415.0
2023-03,2023,300 kW–1 MW,Sungrow,30607.4,38,805.4578947368421
2023-03,2023,300 kW–1 MW,WEG,3360.0,4,840.0
2023-03,2023,300 kW–1 MW,WEG (Huawei),700.0,1,700.0
2023-03,2023,1–5 MW,ABB/FIMER,4550.0,3,1516.6666666666667
2023-03,2023,1–5 MW,Goodwe,1530.0,1,1530.0
2023-03,2023,1–5 MW,Huawei,10900.0,4,2725.0
2023-03,2023,1–5 MW,Ingeteam,2400.0,1,2400.0
2023-03,2023,1–5 MW,Não informado,1800.0,1,1800.0
2023-03,2023,1–5 MW,Sungrow,16280.880000000001,9,1808.9866666666667
2023-04,2023,≤10 kW,ABB/FIMER,224.67,34,6.607941176470588
2023-04,2023,≤10 kW,APsystems,5108.13,981,5.2070642201834865
2023-04,2023,≤10 kW,Auxsol,8.68,1,8.68
2023-04,2023,≤10 kW,B&B POWER,10.5,3,3.5
2023-04,2023,≤10 kW,BYD,1510.93,264,5.723219696969697
2023-04,2023,≤10 kW,Bedin Solar,2571.67,449,5.727550111358575
2023-04,2023,≤10 kW,Bel Energy,8751.94,1678,5.21569725864124
2023-04,2023,≤10 kW,Canadian Solar,2411.76,449,5.37140311804009
2023-04,2023,≤10 kW,Chint,648.08,114,5.684912280701755
2023-04,2023,≤10 kW,Deye,38121.68,7188,5.303516972732332
2023-04,2023,≤10 kW,Ecosolys,324.07,69,4.696666666666666
2023-04,2023,≤10 kW,Elgin,1886.21,364,5.181895604395605
2023-04,2023,≤10 kW,Empalux,898.92,154,5.837142857142857
2023-04,2023,≤10 kW,Enphase,1061.89,256,4.1480078125
2023-04,2023,≤10 kW,Foxess,1007.57,204,4.939068627450981
2023-04,2023,≤10 kW,Fronius,1198.33,210,5.706333333333333
2023-04,2023,≤10 kW,GE,74.61,13,5.739230769230769
2023-04,2023,≤10 kW,Goodwe,1963.79,377,5.208992042440318
2023-04,2023,≤10 kW,Growatt,51499.31,8751,5.88496286138727
2023-04,2023,≤10 kW,Hopewind,406.81,70,5.811571428571429
2023-04,2023,≤10 kW,Hoymiles,6475.22,1263,5.126856690419636
2023-04,2023,≤10 kW,Huawei,442.97,79,5.607215189873418
2023-04,2023,≤10 kW,Hypontech,1171.18,235,4.983744680851064
2023-04,2023,≤10 kW,Ingeteam,53.58,11,4.870909090909091
2023-04,2023,≤10 kW,Intelbras,4898.2699999999995,986,4.9678194726166325
2023-04,2023,≤10 kW,Kehua,1864.64,306,6.093594771241831
2023-04,2023,≤10 kW,Komeco,170.93,32,5.3415625
2023-04,2023,≤10 kW,Kstar,532.46,122,4.364426229508197
2023-04,2023,≤10 kW,Livoltek,1516.11,324,4.679351851851852
2023-04,2023,≤10 kW,NEP,6.6899999999999995,2,3.3449999999999998
2023-04,2023,≤10 kW,Nansen,60.089999999999996,12,5.007499999999999
2023-04,2023,≤10 kW,Nexen,697.58,153,4.559346405228759
2023-04,2023,≤10 kW,Não informado,8863.16,1596,5.553358395989975
2023-04,2023,≤10 kW,Outros,5509.13,1029,5.353867832847425
2023-04,2023,≤10 kW,PHB,4297.53,801,5.365205992509363
2023-04,2023,≤10 kW,Refusol,179.33,47,3.8155319148936173
2023-04,2023,≤10 kW,Renac,2968.32,555,5.348324324324325
2023-04,2023,≤10 kW,Renovigi,2833.27,519,5.459094412331407
2023-04,2023,≤10 kW,SAJ,6304.82,1159,5.439879206212252
2023-04,2023,≤10 kW,SHENZHEN,102.25,19,5.381578947368421
2023-04,2023,≤10 kW,SMA,56.7,13,4.361538461538462
2023-04,2023,≤10 kW,SUNWAYS,275.46,49,5.621632653061224
2023-04,2023,≤10 kW,Sofar Solar,8811.3,1589,5.5451856513530515
2023-04,2023,≤10 kW,SolarEdge,555.6899999999999,91,6.106483516483515
2023-04,2023,≤10 kW,Solax Power,31.41,7,4.4871428571428575
2023-04,2023,≤10 kW,Solis (Ginlong),14874.97,2668,5.5753260869565215
2023-04,2023,≤10 kW,Solplanet,4748.41,827,5.741729141475211
2023-04,2023,≤10 kW,Sungrow,7438.12,1237,6.013031527890057
2023-04,2023,≤10 kW,Tsun,95.63,83,1.1521686746987951
2023-04,2023,≤10 kW,WEG,15090.06,2845,5.3040632688927944
2023-04,2023,≤10 kW,WEG (Huawei),41.35,6,6.891666666666667
2023-04,2023,10–20 kW,ABB/FIMER,63.8,4,15.95
2023-04,2023,10–20 kW,APsystems,2609.02,178,14.657415730337078
2023-04,2023,10–20 kW,BYD,620.96,41,15.145365853658538
2023-04,2023,10–20 kW,Bedin Solar,812.27,50,16.2454
2023-04,2023,10–20 kW,Bel Energy,3602.8,236,15.266101694915255
2023-04,2023,10–20 kW,Canadian Solar,1475.77,90,16.397444444444446
2023-04,2023,10–20 kW,Chint,370.96,25,14.8384
2023-04,2023,10–20 kW,Deye,14291.72,962,14.856257796257795
2023-04,2023,10–20 kW,Ecosolys,131.4,7,18.771428571428572
2023-04,2023,10–20 kW,Elgin,990.06,65,15.231692307692306
2023-04,2023,10–20 kW,Empalux,477.35,33,14.465151515151517
2023-04,2023,10–20 kW,Enphase,253.25,19,13.328947368421053
2023-04,2023,10–20 kW,Foxess,384.62,31,12.40709677419355
2023-04,2023,10–20 kW,Fronius,1035.18,69,15.002608695652174
2023-04,2023,10–20 kW,GE,109.4,7,15.62857142857143
2023-04,2023,10–20 kW,Goodwe,931.79,61,15.275245901639344
2023-04,2023,10–20 kW,Growatt,24582.04,1533,16.03525114155251
2023-04,2023,10–20 kW,Hopewind,263.0,18,14.61111111111111
2023-04,2023,10–20 kW,Hoymiles,3481.95,243,14.329012345679011
2023-04,2023,10–20 kW,Huawei,775.16,49,15.819591836734693
2023-04,2023,10–20 kW,Hypontech,298.8,21,14.22857142857143
2023-04,2023,10–20 kW,Intelbras,1981.75,128,15.482421875
2023-04,2023,10–20 kW,Kehua,872.62,58,15.045172413793104
2023-04,2023,10–20 kW,Komeco,165.4,11,15.036363636363637
2023-04,2023,10–20 kW,Kstar,96.76,7,13.822857142857144
2023-04,2023,10–20 kW,Livoltek,232.44,16,14.5275
2023-04,2023,10–20 kW,Nexen,71.38,5,14.276
2023-04,2023,10–20 kW,Não informado,5052.64,337,14.99299703264095
2023-04,2023,10–20 kW,Outros,3251.21,220,14.778227272727273
2023-04,2023,10–20 kW,PHB,2224.34,152,14.633815789473685
2023-04,2023,10–20 kW,Refusol,37.07,3,12.356666666666667
2023-04,2023,10–20 kW,Renac,1396.9,102,13.695098039215686
2023-04,2023,10–20 kW,Renovigi,1165.04,71,16.409014084507042
2023-04,2023,10–20 kW,SAJ,2437.59,163,14.954539877300615
2023-04,2023,10–20 kW,SHENZHEN,193.78,16,12.11125
2023-04,2023,10–20 kW,SMA,19.36,1,19.36
2023-04,2023,10–20 kW,SUNWAYS,92.96000000000001,6,15.493333333333334
2023-04,2023,10–20 kW,Sofar Solar,4264.65,310,13.756935483870967
2023-04,2023,10–20 kW,SolarEdge,522.12,32,16.31625
2023-04,2023,10–20 kW,Solax Power,30.0,2,15.0
2023-04,2023,10–20 kW,Solis (Ginlong),7875.3,494,15.941902834008097
2023-04,2023,10–20 kW,Solplanet,2881.4,182,15.831868131868132
2023-04,2023,10–20 kW,Sungrow,4582.2300000000005,296,15.480506756756759
2023-04,2023,10–20 kW,Tsun,55.0,4,13.75
2023-04,2023,10–20 kW,WEG,8821.33,618,14.273996763754045
2023-04,2023,10–20 kW,WEG (Huawei),319.78,20,15.988999999999999
2023-04,2023,20–75 kW,ABB/FIMER,588.76,13,45.28923076923077
2023-04,2023,20–75 kW,APsystems,3370.34,91,37.0367032967033
2023-04,2023,20–75 kW,BYD,2550.58,52,49.049615384615386
2023-04,2023,20–75 kW,Bedin Solar,4617.84,79,58.453670886075955
2023-04,2023,20–75 kW,Bel Energy,6203.76,168,36.92714285714286
2023-04,2023,20–75 kW,Canadian Solar,4996.3,99,50.46767676767677
2023-04,2023,20–75 kW,Chint,581.3,14,41.521428571428565
2023-04,2023,20–75 kW,Deye,23207.95,596,38.93951342281879
2023-04,2023,20–75 kW,Ecosolys,106.5,3,35.5
2023-04,2023,20–75 kW,Elgin,2359.71,58,40.68465517241379
2023-04,2023,20–75 kW,Empalux,1550.2,32,48.44375
2023-04,2023,20–75 kW,Enphase,375.40999999999997,11,34.128181818181815
2023-04,2023,20–75 kW,Foxess,540.4200000000001,18,30.023333333333337
2023-04,2023,20–75 kW,Fronius,5171.51,109,47.445045871559635
2023-04,2023,20–75 kW,GE,378.35,13,29.103846153846156
2023-04,2023,20–75 kW,Goodwe,4339.77,92,47.17141304347827
2023-04,2023,20–75 kW,Growatt,76671.67,1666,46.02141056422569
2023-04,2023,20–75 kW,Hopewind,561.64,11,51.058181818181815
2023-04,2023,20–75 kW,Hoymiles,3774.4,107,35.27476635514019
2023-04,2023,20–75 kW,Huawei,5015.42,95,52.793894736842105
2023-04,2023,20–75 kW,Hypontech,535.4,13,41.184615384615384
2023-04,2023,20–75 kW,Intelbras,5091.41,113,45.05672566371681
2023-04,2023,20–75 kW,Kehua,1673.85,36,46.49583333333333
2023-04,2023,20–75 kW,Komeco,863.41,17,50.788823529411765
2023-04,2023,20–75 kW,Kstar,279.32,6,46.553333333333335
2023-04,2023,20–75 kW,Livoltek,201.84,6,33.64
2023-04,2023,20–75 kW,NEP,34.0,1,34.0
2023-04,2023,20–75 kW,Nexen,24.0,1,24.0
2023-04,2023,20–75 kW,Não informado,11746.32,294,39.9534693877551
2023-04,2023,20–75 kW,Outros,9339.8,223,41.88251121076233
2023-04,2023,20–75 kW,PHB,7115.09,161,44.19310559006211
2023-04,2023,20–75 kW,Refusol,145.6,6,24.266666666666666
2023-04,2023,20–75 kW,Renac,2179.16,62,35.14774193548387
2023-04,2023,20–75 kW,Renovigi,3871.06,79,49.000759493670884
2023-04,2023,20–75 kW,SAJ,3486.08,88,39.61454545454546
2023-04,2023,20–75 kW,SHENZHEN,1397.45,31,45.079032258064515
2023-04,2023,20–75 kW,SMA,240.0,4,60.0
2023-04,2023,20–75 kW,Sofar Solar,7748.9,204,37.98480392156863
2023-04,2023,20–75 kW,SolarEdge,5820.58,110,52.91436363636364
2023-04,2023,20–75 kW,Solax Power,57.25,2,28.625
2023-04,2023,20–75 kW,Solis (Ginlong),41263.48,793,52.03465321563683
2023-04,2023,20–75 kW,Solplanet,4615.19,123,37.52186991869918
2023-04,2023,20–75 kW,Sungrow,21788.58,415,52.502602409638556
2023-04,2023,20–75 kW,Tsun,55.0,2,27.5
2023-04,2023,20–75 kW,WEG,31154.42,666,46.7784084084084
2023-04,2023,20–75 kW,WEG (Huawei),2641.34,49,53.90489795918368
2023-04,2023,75–300 kW,APsystems,90.0,1,90.0
2023-04,2023,75–300 kW,Bedin Solar,170.0,1,170.0
2023-04,2023,75–300 kW,Bel Energy,100.0,1,100.0
2023-04,2023,75–300 kW,Canadian Solar,1560.0,9,173.33333333333334
2023-04,2023,75–300 kW,Deye,1930.2,11,175.47272727272727
2023-04,2023,75–300 kW,Elgin,225.0,1,225.0
2023-04,2023,75–300 kW,Fronius,508.14,4,127.035
2023-04,2023,75–300 kW,Goodwe,915.0,5,183.0
2023-04,2023,75–300 kW,Growatt,7651.32,51,150.02588235294118
2023-04,2023,75–300 kW,Hoymiles,102.6,1,102.6
2023-04,2023,75–300 kW,Huawei,2349.0,15,156.6
2023-04,2023,75–300 kW,Intelbras,778.0,5,155.6
2023-04,2023,75–300 kW,Kehua,150.0,1,150.0
2023-04,2023,75–300 kW,Komeco,256.0,2,128.0
2023-04,2023,75–300 kW,Não informado,2105.3,13,161.94615384615386
2023-04,2023,75–300 kW,Outros,2112.02,13,162.46307692307693
2023-04,2023,75–300 kW,PHB,740.0,4,185.0
2023-04,2023,75–300 kW,Renac,108.0,1,108.0
2023-04,2023,75–300 kW,Renovigi,1140.0,6,190.0
2023-04,2023,75–300 kW,SAJ,430.0,2,215.0
2023-04,2023,75–300 kW,SMA,97.0,1,97.0
2023-04,2023,75–300 kW,Sofar Solar,1250.0,6,208.33333333333334
2023-04,2023,75–300 kW,SolarEdge,372.35,3,124.11666666666667
2023-04,2023,75–300 kW,Solis (Ginlong),4027.0,26,154.8846153846154
2023-04,2023,75–300 kW,Solplanet,360.0,3,120.0
2023-04,2023,75–300 kW,Sungrow,5827.6,40,145.69
2023-04,2023,75–300 kW,WEG,4617.26,31,148.94387096774193
2023-04,2023,75–300 kW,WEG (Huawei),100.0,1,100.0
2023-04,2023,300 kW–1 MW,ABB/FIMER,370.0,1,370.0
2023-04,2023,300 kW–1 MW,Deye,900.0,1,900.0
2023-04,2023,300 kW–1 MW,GE,450.0,1,450.0
2023-04,2023,300 kW–1 MW,Growatt,925.0,2,462.5
2023-04,2023,300 kW–1 MW,Huawei,14851.82,17,873.6364705882353
2023-04,2023,300 kW–1 MW,Intelbras,680.0,1,680.0
2023-04,2023,300 kW–1 MW,Não informado,1180.0,2,590.0
2023-04,2023,300 kW–1 MW,Outros,1750.0,3,583.3333333333334
2023-04,2023,300 kW–1 MW,PHB,600.0,1,600.0
2023-04,2023,300 kW–1 MW,Sofar Solar,400.0,1,400.0
2023-04,2023,300 kW–1 MW,Solis (Ginlong),1000.0,1,1000.0
2023-04,2023,300 kW–1 MW,Sungrow,8360.0,10,836.0
2023-04,2023,300 kW–1 MW,WEG,652.0,2,326.0
2023-04,2023,300 kW–1 MW,WEG (Huawei),400.0,1,400.0
2023-04,2023,1–5 MW,ABB/FIMER,1050.0,1,1050.0
2023-04,2023,1–5 MW,Huawei,9173.75,6,1528.9583333333333
2023-04,2023,1–5 MW,Não informado,1100.0,1,1100.0
2023-04,2023,1–5 MW,Outros,2500.0,1,2500.0
2023-04,2023,1–5 MW,Sungrow,7980.0,4,1995.0
2023-05,2023,≤10 kW,ABB/FIMER,180.54,34,5.31
2023-05,2023,≤10 kW,APsystems,4475.25,863,5.1856894553881805
2023-05,2023,≤10 kW,B&B POWER,4.34,2,2.17
2023-05,2023,≤10 kW,BYD,1362.62,251,5.428764940239043
2023-05,2023,≤10 kW,Bedin Solar,2732.45,499,5.475851703406813
2023-05,2023,≤10 kW,Bel Energy,8456.83,1646,5.13780680437424
2023-05,2023,≤10 kW,Canadian Solar,2292.62,462,4.962380952380952
2023-05,2023,≤10 kW,Chint,761.94,131,5.8163358778625955
2023-05,2023,≤10 kW,Deye,38263.95,7416,5.159648058252427
2023-05,2023,≤10 kW,Ecosolys,272.27,63,4.321746031746032
2023-05,2023,≤10 kW,Elgin,1905.31,367,5.19158038147139
2023-05,2023,≤10 kW,Empalux,892.47,157,5.6845222929936305
2023-05,2023,≤10 kW,Enphase,1051.29,244,4.308565573770491
2023-05,2023,≤10 kW,Foxess,914.94,169,5.413846153846154
2023-05,2023,≤10 kW,Fronius,1014.9599999999999,169,6.005680473372781
2023-05,2023,≤10 kW,GE,85.68,16,5.355
2023-05,2023,≤10 kW,Goodwe,2273.57,420,5.413261904761905
2023-05,2023,≤10 kW,Growatt,51107.11,8779,5.821518396172685
2023-05,2023,≤10 kW,Hopewind,401.13,69,5.813478260869565
2023-05,2023,≤10 kW,Hoymiles,7215.95,1442,5.004126213592233
2023-05,2023,≤10 kW,Huawei,709.41,132,5.3743181818181816
2023-05,2023,≤10 kW,Hypontech,946.85,196,4.830867346938776
2023-05,2023,≤10 kW,Ingeteam,29.45,7,4.207142857142857
2023-05,2023,≤10 kW,Intelbras,5427.57,1043,5.2038063279002875
2023-05,2023,≤10 kW,Kehua,1569.96,250,6.27984
2023-05,2023,≤10 kW,Komeco,199.87,36,5.551944444444445
2023-05,2023,≤10 kW,Kstar,395.03000000000003,93,4.247634408602151
2023-05,2023,≤10 kW,Livoltek,1738.1499999999999,356,4.882443820224719
2023-05,2023,≤10 kW,NEP,7.0,2,3.5
2023-05,2023,≤10 kW,Nansen,64.56,13,4.966153846153846
2023-05,2023,≤10 kW,Nexen,729.0,147,4.959183673469388
2023-05,2023,≤10 kW,Não informado,10766.94,1985,5.42415113350126
2023-05,2023,≤10 kW,Outros,4191.0,785,5.338853503184714
2023-05,2023,≤10 kW,PHB,4411.79,851,5.184242068155112
2023-05,2023,≤10 kW,Refusol,183.59,39,4.707435897435897
2023-05,2023,≤10 kW,Renac,3055.72,580,5.2684827586206895
2023-05,2023,≤10 kW,Renovigi,2838.82,531,5.34617702448211
2023-05,2023,≤10 kW,SAJ,7134.67,1303,5.475571757482732
2023-05,2023,≤10 kW,SHENZHEN,57.15,10,5.715
2023-05,2023,≤10 kW,SMA,33.67,9,3.7411111111111115
2023-05,2023,≤10 kW,SUNWAYS,280.4,54,5.192592592592592
2023-05,2023,≤10 kW,Sofar Solar,7463.92,1382,5.400810419681621
2023-05,2023,≤10 kW,SolarEdge,610.4399999999999,88,6.9368181818181816
2023-05,2023,≤10 kW,Solax Power,17.0,3,5.666666666666667
2023-05,2023,≤10 kW,Solis (Ginlong),13522.35,2394,5.6484335839599
2023-05,2023,≤10 kW,Solplanet,5899.55,1001,5.893656343656344
2023-05,2023,≤10 kW,Sungrow,8443.91,1392,6.066027298850575
2023-05,2023,≤10 kW,Tsun,233.15,182,1.2810439560439562
2023-05,2023,≤10 kW,WEG,12160.27,2290,5.310161572052402
2023-05,2023,≤10 kW,WEG (Huawei),54.7,12,4.558333333333334
2023-05,2023,10–20 kW,ABB/FIMER,37.0,3,12.333333333333334
2023-05,2023,10–20 kW,APsystems,2788.52,190,14.676421052631579
2023-05,2023,10–20 kW,BYD,959.25,63,15.226190476190476
2023-05,2023,10–20 kW,Bedin Solar,623.91,41,15.217317073170731
2023-05,2023,10–20 kW,Bel Energy,3406.83,228,14.942236842105263
2023-05,2023,10–20 kW,Canadian Solar,958.94,57,16.823508771929827
2023-05,2023,10–20 kW,Chint,447.82,27,16.585925925925924
2023-05,2023,10–20 kW,Deye,14158.52,952,14.872394957983193
2023-05,2023,10–20 kW,Ecosolys,137.4,9,15.266666666666667
2023-05,2023,10–20 kW,Elgin,878.52,58,15.146896551724138
2023-05,2023,10–20 kW,Empalux,475.07,30,15.835666666666667
2023-05,2023,10–20 kW,Enphase,382.67,27,14.172962962962963
2023-05,2023,10–20 kW,Foxess,620.03,45,13.778444444444444
2023-05,2023,10–20 kW,Fronius,998.76,65,15.365538461538462
2023-05,2023,10–20 kW,GE,90.25,5,18.05
2023-05,2023,10–20 kW,Goodwe,1042.69,69,15.11144927536232
2023-05,2023,10–20 kW,Growatt,25653.45,1595,16.083667711598746
2023-05,2023,10–20 kW,Hopewind,334.19,22,15.190454545454545
2023-05,2023,10–20 kW,Hoymiles,2911.35,205,14.20170731707317
2023-05,2023,10–20 kW,Huawei,885.34,55,16.09709090909091
2023-05,2023,10–20 kW,Hypontech,572.84,41,13.971707317073172
2023-05,2023,10–20 kW,Ingeteam,11.0,1,11.0
2023-05,2023,10–20 kW,Intelbras,1911.63,122,15.669098360655738
2023-05,2023,10–20 kW,Kehua,776.07,49,15.838163265306124
2023-05,2023,10–20 kW,Komeco,169.15,10,16.915
2023-05,2023,10–20 kW,Kstar,152.0,11,13.818181818181818
2023-05,2023,10–20 kW,Livoltek,225.32,15,15.021333333333333
2023-05,2023,10–20 kW,NEP,13.5,1,13.5
2023-05,2023,10–20 kW,Nansen,11.0,1,11.0
2023-05,2023,10–20 kW,Nexen,80.0,6,13.333333333333334
2023-05,2023,10–20 kW,Não informado,6206.0199999999995,410,15.136634146341462
2023-05,2023,10–20 kW,Outros,2767.14,184,15.038804347826087
2023-05,2023,10–20 kW,PHB,2166.72,147,14.739591836734693
2023-05,2023,10–20 kW,Refusol,29.0,2,14.5
2023-05,2023,10–20 kW,Renac,1536.19,111,13.83954954954955
2023-05,2023,10–20 kW,Renovigi,988.93,61,16.211967213114754
2023-05,2023,10–20 kW,SAJ,3141.09,204,15.3975
2023-05,2023,10–20 kW,SHENZHEN,280.62,24,11.6925
2023-05,2023,10–20 kW,SMA,27.65,2,13.825
2023-05,2023,10–20 kW,SUNWAYS,113.04,7,16.14857142857143
2023-05,2023,10–20 kW,Sofar Solar,4345.49,324,13.412006172839506
2023-05,2023,10–20 kW,SolarEdge,497.52,31,16.049032258064514
2023-05,2023,10–20 kW,Solax Power,52.0,3,17.333333333333332
2023-05,2023,10–20 kW,Solis (Ginlong),7240.12,455,15.912351648351649
2023-05,2023,10–20 kW,Solplanet,2888.46,179,16.136648044692738
2023-05,2023,10–20 kW,Sungrow,5498.95,344,15.98531976744186
2023-05,2023,10–20 kW,Tsun,34.0,3,11.333333333333334
2023-05,2023,10–20 kW,WEG,7472.23,517,14.453056092843326
2023-05,2023,10–20 kW,WEG (Huawei),267.66,17,15.744705882352942
2023-05,2023,20–75 kW,ABB/FIMER,598.5,13,46.03846153846154
2023-05,2023,20–75 kW,APsystems,4171.38,117,35.65282051282051
2023-05,2023,20–75 kW,BYD,3007.18,56,53.699642857142855
2023-05,2023,20–75 kW,Bedin Solar,3958.5,73,54.226027397260275
2023-05,2023,20–75 kW,Bel Energy,6500.45,168,38.69315476190476
2023-05,2023,20–75 kW,Canadian Solar,7577.76,158,47.960506329113926
2023-05,2023,20–75 kW,Chint,1150.09,27,42.595925925925926
2023-05,2023,20–75 kW,Deye,29093.39,678,42.91060471976401
2023-05,2023,20–75 kW,Ecosolys,81.7,3,27.233333333333334
2023-05,2023,20–75 kW,Elgin,2281.29,55,41.478
2023-05,2023,20–75 kW,Empalux,1290.41,32,40.3253125
2023-05,2023,20–75 kW,Enphase,459.95,11,41.81363636363636
2023-05,2023,20–75 kW,Foxess,1049.8,32,32.80625
2023-05,2023,20–75 kW,Fronius,4967.6,105,47.310476190476194
2023-05,2023,20–75 kW,GE,266.6,11,24.236363636363638
2023-05,2023,20–75 kW,Goodwe,4995.67,102,48.9771568627451
2023-05,2023,20–75 kW,Growatt,90241.72,1940,46.51635051546392
2023-05,2023,20–75 kW,Hopewind,743.43,18,41.30166666666666
2023-05,2023,20–75 kW,Hoymiles,4175.39,114,36.62622807017544
2023-05,2023,20–75 kW,Huawei,5669.33,110,51.53936363636364
2023-05,2023,20–75 kW,Hypontech,418.21,10,41.821
2023-05,2023,20–75 kW,Ingeteam,170.7,3,56.9
2023-05,2023,20–75 kW,Intelbras,4318.03,98,44.061530612244894
2023-05,2023,20–75 kW,Kehua,1467.05,41,35.78170731707317
2023-05,2023,20–75 kW,Komeco,2061.0,38,54.23684210526316
2023-05,2023,20–75 kW,Kstar,174.67,5,34.934
2023-05,2023,20–75 kW,Livoltek,185.0,6,30.833333333333332
2023-05,2023,20–75 kW,Nansen,49.84,2,24.92
2023-05,2023,20–75 kW,Nexen,72.0,3,24.0
2023-05,2023,20–75 kW,Não informado,15784.59,360,43.84608333333333
2023-05,2023,20–75 kW,Outros,10563.47,227,46.535110132158586
2023-05,2023,20–75 kW,PHB,6875.2699999999995,159,43.24069182389937
2023-05,2023,20–75 kW,Refusol,151.0,3,50.333333333333336
2023-05,2023,20–75 kW,Renac,3311.9,82,40.389024390243904
2023-05,2023,20–75 kW,Renovigi,4115.06,89,46.23662921348315
2023-05,2023,20–75 kW,SAJ,5263.89,129,40.8053488372093
2023-05,2023,20–75 kW,SHENZHEN,1762.9,34,51.85
2023-05,2023,20–75 kW,SMA,524.7,8,65.5875
2023-05,2023,20–75 kW,SUNWAYS,201.0,6,33.5
2023-05,2023,20–75 kW,Sofar Solar,11730.78,276,42.502826086956524
2023-05,2023,20–75 kW,SolarEdge,7291.77,136,53.61595588235294
2023-05,2023,20–75 kW,Solax Power,75.0,2,37.5
2023-05,2023,20–75 kW,Solis (Ginlong),52097.590000000004,982,53.05253564154786
2023-05,2023,20–75 kW,Solplanet,6124.28,162,37.804197530864194
2023-05,2023,20–75 kW,Sungrow,23230.94,464,50.066681034482755
2023-05,2023,20–75 kW,TBEA,31.5,1,31.5
2023-05,2023,20–75 kW,Tsun,152.0,3,50.666666666666664
2023-05,2023,20–75 kW,WEG,34008.98,688,49.43165697674419
2023-05,2023,20–75 kW,WEG (Huawei),1967.24,35,56.206857142857146
2023-05,2023,75–300 kW,APsystems,468.4,4,117.1
2023-05,2023,75–300 kW,BYD,400.0,2,200.0
2023-05,2023,75–300 kW,Bedin Solar,480.0,2,240.0
2023-05,2023,75–300 kW,Bel Energy,440.0,2,220.0
2023-05,2023,75–300 kW,Canadian Solar,630.45,4,157.6125
2023-05,2023,75–300 kW,Chint,110.0,1,110.0
2023-05,2023,75–300 kW,Deye,1444.22,10,144.422
2023-05,2023,75–300 kW,Fronius,389.0,4,97.25
2023-05,2023,75–300 kW,Goodwe,1733.95,8,216.74375
2023-05,2023,75–300 kW,Growatt,7009.35,48,146.02812500000002
2023-05,2023,75–300 kW,Hoymiles,123.2,1,123.2
2023-05,2023,75–300 kW,Huawei,5396.0,45,119.91111111111111
2023-05,2023,75–300 kW,Intelbras,935.0,7,133.57142857142858
2023-05,2023,75–300 kW,Komeco,488.0,3,162.66666666666666
2023-05,2023,75–300 kW,Não informado,3093.25,17,181.9558823529412
2023-05,2023,75–300 kW,Outros,2642.49,16,165.155625
2023-05,2023,75–300 kW,PHB,330.0,2,165.0
2023-05,2023,75–300 kW,Renac,225.0,1,225.0
2023-05,2023,75–300 kW,Renovigi,789.94,4,197.485
2023-05,2023,75–300 kW,SAJ,80.0,1,80.0
2023-05,2023,75–300 kW,SHENZHEN,100.0,1,100.0
2023-05,2023,75–300 kW,SMA,110.0,1,110.0
2023-05,2023,75–300 kW,Sofar Solar,1675.52,11,152.32
2023-05,2023,75–300 kW,SolarEdge,1108.3,7,158.32857142857142
2023-05,2023,75–300 kW,Solis (Ginlong),5993.33,38,157.71921052631578
2023-05,2023,75–300 kW,Solplanet,627.69,6,104.61500000000001
2023-05,2023,75–300 kW,Sungrow,5031.61,34,147.9885294117647
2023-05,2023,75–300 kW,WEG,5003.7,33,151.62727272727273
2023-05,2023,75–300 kW,WEG (Huawei),196.0,2,98.0
2023-05,2023,300 kW–1 MW,BYD,400.0,1,400.0
2023-05,2023,300 kW–1 MW,Canadian Solar,2200.0,3,733.3333333333334
2023-05,2023,300 kW–1 MW,Fronius,600.0,1,600.0
2023-05,2023,300 kW–1 MW,Goodwe,792.0,2,396.0
2023-05,2023,300 kW–1 MW,Growatt,4602.0,7,657.4285714285714
2023-05,2023,300 kW–1 MW,Huawei,9915.0,13,762.6923076923077
2023-05,2023,300 kW–1 MW,Não informado,1695.0,3,565.0
2023-05,2023,300 kW–1 MW,Outros,3484.0,6,580.6666666666666
2023-05,2023,300 kW–1 MW,PHB,340.0,1,340.0
2023-05,2023,300 kW–1 MW,Renovigi,880.0,1,880.0
2023-05,2023,300 kW–1 MW,SMA,3235.0,4,808.75
2023-05,2023,300 kW–1 MW,Solis (Ginlong),2780.0,4,695.0
2023-05,2023,300 kW–1 MW,Solplanet,350.0,1,350.0
2023-05,2023,300 kW–1 MW,Sungrow,27188.0,35,776.8
2023-05,2023,300 kW–1 MW,WEG,5692.29,9,632.4766666666667
2023-05,2023,300 kW–1 MW,WEG (Huawei),1140.0,2,570.0
2023-05,2023,1–5 MW,ABB/FIMER,2450.0,1,2450.0
2023-05,2023,1–5 MW,Canadian Solar,1520.0,1,1520.0
2023-05,2023,1–5 MW,Huawei,10400.0,4,2600.0
2023-05,2023,1–5 MW,Outros,4646.82,2,2323.41
2023-05,2023,1–5 MW,Sungrow,35375.0,13,2721.153846153846
2023-05,2023,1–5 MW,TBEA,3150.0,2,1575.0
2023-06,2023,≤10 kW,ABB/FIMER,58.29,13,4.483846153846153
2023-06,2023,≤10 kW,APsystems,1676.35,334,5.019011976047904
2023-06,2023,≤10 kW,B&B POWER,3.0,1,3.0
2023-06,2023,≤10 kW,BYD,705.88,122,5.785901639344262
2023-06,2023,≤10 kW,Bedin Solar,1484.0,281,5.2811387900355875
2023-06,2023,≤10 kW,Bel Energy,5695.07,1074,5.302672253258845
2023-06,2023,≤10 kW,Canadian Solar,1656.04,335,4.943402985074627
2023-06,2023,≤10 kW,Chint,717.16,123,5.8305691056910565
2023-06,2023,≤10 kW,Deye,27427.79,5294,5.180919909331319
2023-06,2023,≤10 kW,Ecosolys,113.89,21,5.423333333333334
2023-06,2023,≤10 kW,Elgin,1497.85,311,4.816237942122187
2023-06,2023,≤10 kW,Empalux,836.94,146,5.732465753424658
2023-06,2023,≤10 kW,Enphase,618.89,154,4.018766233766233
2023-06,2023,≤10 kW,Foxess,640.36,138,4.640289855072464
2023-06,2023,≤10 kW,Fronius,410.14,74,5.542432432432432
2023-06,2023,≤10 kW,GE,41.83,8,5.22875
2023-06,2023,≤10 kW,Goodwe,1611.27,292,5.518047945205479
2023-06,2023,≤10 kW,Growatt,35846.29,6175,5.805067206477733
2023-06,2023,≤10 kW,Hopewind,242.51,40,6.062749999999999
2023-06,2023,≤10 kW,Hoymiles,5152.84,1054,4.888842504743833
2023-06,2023,≤10 kW,Huawei,397.14,80,4.96425
2023-06,2023,≤10 kW,Hypontech,559.83,118,4.744322033898306
2023-06,2023,≤10 kW,Ingeteam,30.1,4,7.525
2023-06,2023,≤10 kW,Intelbras,3398.8,660,5.14969696969697
2023-06,2023,≤10 kW,Kehua,847.5500000000001,129,6.57015503875969
2023-06,2023,≤10 kW,Komeco,82.85,16,5.178125
2023-06,2023,≤10 kW,Kstar,321.92,69,4.665507246376812
2023-06,2023,≤10 kW,Livoltek,1344.11,287,4.683310104529617
2023-06,2023,≤10 kW,NEP,2.25,1,2.25
2023-06,2023,≤10 kW,Nansen,46.3,11,4.209090909090909
2023-06,2023,≤10 kW,Nexen,549.15,112,4.903125
2023-06,2023,≤10 kW,Não informado,7834.54,1437,5.452011134307585
2023-06,2023,≤10 kW,Outros,3065.96,581,5.277039586919105
2023-06,2023,≤10 kW,PHB,2431.68,480,5.066
2023-06,2023,≤10 kW,Refusol,105.33,25,4.2132
2023-06,2023,≤10 kW,Renac,2689.58,485,5.545525773195876
2023-06,2023,≤10 kW,Renovigi,1762.94,365,4.829972602739726
2023-06,2023,≤10 kW,SAJ,5959.16,1101,5.412497729336966
2023-06,2023,≤10 kW,SHENZHEN,22.05,5,4.41
2023-06,2023,≤10 kW,SMA,11.5,4,2.875
2023-06,2023,≤10 kW,SUNWAYS,234.51,43,5.453720930232558
2023-06,2023,≤10 kW,Sofar Solar,5426.9,999,5.432332332332332
2023-06,2023,≤10 kW,SolarEdge,257.27,49,5.2504081632653055
2023-06,2023,≤10 kW,Solax Power,25.200000000000003,4,6.300000000000001
2023-06,2023,≤10 kW,Solis (Ginlong),9192.67,1667,5.514499100179964
2023-06,2023,≤10 kW,Solplanet,6529.84,1177,5.547867459643161
2023-06,2023,≤10 kW,Sungrow,6922.92,1158,5.978341968911917
2023-06,2023,≤10 kW,Tsun,117.87,49,2.405510204081633
2023-06,2023,≤10 kW,WEG,7062.94,1348,5.239569732937685
2023-06,2023,≤10 kW,WEG (Huawei),20.73,5,4.146
2023-06,2023,10–20 kW,ABB/FIMER,52.410000000000004,3,17.470000000000002
2023-06,2023,10–20 kW,APsystems,1000.54,70,14.29342857142857
2023-06,2023,10–20 kW,BYD,309.25,20,15.4625
2023-06,2023,10–20 kW,Bedin Solar,289.2,18,16.066666666666666
2023-06,2023,10–20 kW,Bel Energy,2506.46,163,15.377055214723926
2023-06,2023,10–20 kW,Canadian Solar,669.55,42,15.941666666666666
2023-06,2023,10–20 kW,Chint,425.52,27,15.76
2023-06,2023,10–20 kW,Deye,9087.98,605,15.021454545454544
2023-06,2023,10–20 kW,Ecosolys,12.0,1,12.0
2023-06,2023,10–20 kW,Elgin,623.08,42,14.835238095238097
2023-06,2023,10–20 kW,Empalux,432.85,29,14.925862068965518
2023-06,2023,10–20 kW,Enphase,452.54,34,13.31
2023-06,2023,10–20 kW,Foxess,225.5,16,14.09375
2023-06,2023,10–20 kW,Fronius,409.9,30,13.663333333333332
2023-06,2023,10–20 kW,GE,52.0,3,17.333333333333332
2023-06,2023,10–20 kW,Goodwe,619.48,42,14.74952380952381
2023-06,2023,10–20 kW,Growatt,14065.03,885,15.892689265536724
2023-06,2023,10–20 kW,Hopewind,82.48,6,13.746666666666668
2023-06,2023,10–20 kW,Hoymiles,1759.57,121,14.54190082644628
2023-06,2023,10–20 kW,Huawei,563.8,37,15.237837837837837
2023-06,2023,10–20 kW,Hypontech,342.97,25,13.718800000000002
2023-06,2023,10–20 kW,Intelbras,1383.03,88,15.71625
2023-06,2023,10–20 kW,Kehua,358.42,23,15.583478260869565
2023-06,2023,10–20 kW,Komeco,28.0,2,14.0
2023-06,2023,10–20 kW,Kstar,37.75,3,12.583333333333334
2023-06,2023,10–20 kW,Livoltek,116.5,8,14.5625
2023-06,2023,10–20 kW,Nansen,28.0,2,14.0
2023-06,2023,10–20 kW,Nexen,68.0,5,13.6
2023-06,2023,10–20 kW,Não informado,4023.24,268,15.012089552238805
2023-06,2023,10–20 kW,Outros,1584.86,110,14.40781818181818
2023-06,2023,10–20 kW,PHB,722.18,50,14.443599999999998
2023-06,2023,10–20 kW,Refusol,17.1,1,17.1
2023-06,2023,10–20 kW,Renac,1403.5,101,13.896039603960396
2023-06,2023,10–20 kW,Renovigi,570.82,33,17.29757575757576
2023-06,2023,10–20 kW,SAJ,2243.42,149,15.056510067114095
2023-06,2023,10–20 kW,SHENZHEN,130.18,10,13.018
2023-06,2023,10–20 kW,SUNWAYS,16.0,1,16.0
2023-06,2023,10–20 kW,Sofar Solar,3308.23,253,13.07600790513834
2023-06,2023,10–20 kW,SolarEdge,193.57999999999998,12,16.131666666666664
2023-06,2023,10–20 kW,Solax Power,10.5,1,10.5
2023-06,2023,10–20 kW,Solis (Ginlong),3936.77,246,16.003130081300814
2023-06,2023,10–20 kW,Solplanet,2641.56,168,15.723571428571429
2023-06,2023,10–20 kW,Sungrow,2699.2400000000002,176,15.33659090909091
2023-06,2023,10–20 kW,Tsun,77.36,7,11.051428571428572
2023-06,2023,10–20 kW,WEG,4382.61,301,14.560166112956809
2023-06,2023,10–20 kW,WEG (Huawei),229.14000000000001,15,15.276000000000002
2023-06,2023,20–75 kW,ABB/FIMER,301.2,6,50.199999999999996
2023-06,2023,20–75 kW,APsystems,1442.37,46,31.35586956521739
2023-06,2023,20–75 kW,BYD,1080.32,24,45.01333333333333
2023-06,2023,20–75 kW,Bedin Solar,1741.22,30,58.04066666666667
2023-06,2023,20–75 kW,Bel Energy,2824.35,84,33.62321428571428
2023-06,2023,20–75 kW,Canadian Solar,4324.3,82,52.735365853658536
2023-06,2023,20–75 kW,Chint,772.1800000000001,19,40.64105263157895
2023-06,2023,20–75 kW,Deye,13880.01,332,41.80725903614458
2023-06,2023,20–75 kW,Ecosolys,217.0,7,31.0
2023-06,2023,20–75 kW,Elgin,1269.52,34,37.33882352941176
2023-06,2023,20–75 kW,Empalux,279.42,8,34.9275
2023-06,2023,20–75 kW,Enphase,517.63,12,43.13583333333333
2023-06,2023,20–75 kW,Foxess,645.45,17,37.96764705882353
2023-06,2023,20–75 kW,Fronius,2276.62,51,44.639607843137256
2023-06,2023,20–75 kW,GE,138.2,5,27.639999999999997
2023-06,2023,20–75 kW,Goodwe,3535.11,68,51.98691176470589
2023-06,2023,20–75 kW,Growatt,46748.77,1005,46.51618905472637
2023-06,2023,20–75 kW,Hopewind,628.45,13,48.3423076923077
2023-06,2023,20–75 kW,Hoymiles,2579.5,69,37.38405797101449
2023-06,2023,20–75 kW,Huawei,2648.64,50,52.9728
2023-06,2023,20–75 kW,Hypontech,249.0,6,41.5
2023-06,2023,20–75 kW,Ingeteam,35.0,1,35.0
2023-06,2023,20–75 kW,Intelbras,3023.29,60,50.38816666666666
2023-06,2023,20–75 kW,Kehua,1101.14,25,44.04560000000001
2023-06,2023,20–75 kW,Komeco,526.0,9,58.44444444444444
2023-06,2023,20–75 kW,Kstar,284.75,6,47.458333333333336
2023-06,2023,20–75 kW,Livoltek,130.0,3,43.333333333333336
2023-06,2023,20–75 kW,Nansen,139.0,4,34.75
2023-06,2023,20–75 kW,Nexen,24.0,1,24.0
2023-06,2023,20–75 kW,Não informado,10565.4,255,41.432941176470585
2023-06,2023,20–75 kW,Outros,5462.64,128,42.676875
2023-06,2023,20–75 kW,PHB,3547.42,81,43.79530864197531
2023-06,2023,20–75 kW,Refusol,91.8,3,30.599999999999998
2023-06,2023,20–75 kW,Renac,1650.8600000000001,39,42.32974358974359
2023-06,2023,20–75 kW,Renovigi,1609.17,34,47.328529411764706
2023-06,2023,20–75 kW,SAJ,3542.81,91,38.93197802197802
2023-06,2023,20–75 kW,SHENZHEN,750.1,15,50.00666666666667
2023-06,2023,20–75 kW,SMA,343.7,6,57.28333333333333
2023-06,2023,20–75 kW,SUNWAYS,170.0,3,56.666666666666664
2023-06,2023,20–75 kW,Sofar Solar,8522.5,185,46.067567567567565
2023-06,2023,20–75 kW,SolarEdge,3760.78,69,54.5040579710145
2023-06,2023,20–75 kW,Solax Power,98.6,3,32.86666666666667
2023-06,2023,20–75 kW,Solis (Ginlong),26379.1,511,51.6225048923679
2023-06,2023,20–75 kW,Solplanet,3594.34,94,38.23765957446809
2023-06,2023,20–75 kW,Sungrow,14746.2,283,52.10671378091873
2023-06,2023,20–75 kW,Tsun,29.68,1,29.68
2023-06,2023,20–75 kW,WEG,17404.83,344,50.59543604651163
2023-06,2023,20–75 kW,WEG (Huawei),1369.15,22,62.23409090909092
2023-06,2023,75–300 kW,BYD,650.0,3,216.66666666666666
2023-06,2023,75–300 kW,Bedin Solar,300.0,2,150.0
2023-06,2023,75–300 kW,Bel Energy,110.0,1,110.0
2023-06,2023,75–300 kW,Canadian Solar,1295.0,7,185.0
2023-06,2023,75–300 kW,Chint,280.0,1,280.0
2023-06,2023,75–300 kW,Deye,1511.0,12,125.91666666666667
2023-06,2023,75–300 kW,Empalux,93.0,1,93.0
2023-06,2023,75–300 kW,Fronius,1279.3,8,159.9125
2023-06,2023,75–300 kW,Goodwe,759.0,5,151.8
2023-06,2023,75–300 kW,Growatt,5038.8,30,167.96
2023-06,2023,75–300 kW,Hoymiles,535.6,4,133.9
2023-06,2023,75–300 kW,Huawei,2430.88,12,202.57333333333335
2023-06,2023,75–300 kW,Intelbras,285.0,2,142.5
2023-06,2023,75–300 kW,Kehua,250.0,1,250.0
2023-06,2023,75–300 kW,Não informado,3543.4,18,196.85555555555555
2023-06,2023,75–300 kW,Outros,1595.0,9,177.22222222222223
2023-06,2023,75–300 kW,PHB,522.3,3,174.1
2023-06,2023,75–300 kW,Renac,520.0,3,173.33333333333334
2023-06,2023,75–300 kW,Renovigi,372.0,3,124.0
2023-06,2023,75–300 kW,SAJ,215.0,2,107.5
2023-06,2023,75–300 kW,SMA,630.0,3,210.0
2023-06,2023,75–300 kW,Sofar Solar,770.0,6,128.33333333333334
2023-06,2023,75–300 kW,SolarEdge,2118.65,12,176.55416666666667
2023-06,2023,75–300 kW,Solis (Ginlong),3172.5,22,144.20454545454547
2023-06,2023,75–300 kW,Solplanet,200.0,2,100.0
2023-06,2023,75–300 kW,Sungrow,5653.25,32,176.6640625
2023-06,2023,75–300 kW,WEG,7281.2,38,191.61052631578946
2023-06,2023,75–300 kW,WEG (Huawei),878.0,4,219.5
2023-06,2023,300 kW–1 MW,ABB/FIMER,1350.0,2,675.0
2023-06,2023,300 kW–1 MW,Canadian Solar,1705.0,3,568.3333333333334
2023-06,2023,300 kW–1 MW,Deye,1552.5,2,776.25
2023-06,2023,300 kW–1 MW,Elgin,1732.0,3,577.3333333333334
2023-06,2023,300 kW–1 MW,Fronius,700.0,1,700.0
2023-06,2023,300 kW–1 MW,Goodwe,2000.0,2,1000.0
2023-06,2023,300 kW–1 MW,Growatt,3555.0,7,507.85714285714283
2023-06,2023,300 kW–1 MW,Huawei,5180.0,6,863.3333333333334
2023-06,2023,300 kW–1 MW,Ingeteam,4000.0,4,1000.0
2023-06,2023,300 kW–1 MW,Não informado,370.15,1,370.15
2023-06,2023,300 kW–1 MW,Outros,858.0,2,429.0
2023-06,2023,300 kW–1 MW,PHB,340.0,1,340.0
2023-06,2023,300 kW–1 MW,SAJ,450.0,1,450.0
2023-06,2023,300 kW–1 MW,SolarEdge,1175.0,2,587.5
2023-06,2023,300 kW–1 MW,Solis (Ginlong),1910.0,2,955.0
2023-06,2023,300 kW–1 MW,Sungrow,33975.0,39,871.1538461538462
2023-06,2023,300 kW–1 MW,WEG,4085.0,9,453.8888888888889
2023-06,2023,300 kW–1 MW,WEG (Huawei),500.0,1,500.0
2023-06,2023,1–5 MW,Growatt,3000.0,1,3000.0
2023-06,2023,1–5 MW,Huawei,6600.0,2,3300.0
2023-06,2023,1–5 MW,Solax Power,2000.0,1,2000.0
2023-06,2023,1–5 MW,Solis (Ginlong),2500.0,1,2500.0
2023-06,2023,1–5 MW,Sungrow,18460.0,7,2637.1428571428573
2023-06,2023,1–5 MW,WEG,2320.0,1,2320.0
2023-07,2023,≤10 kW,ABB/FIMER,76.21,15,5.080666666666667
2023-07,2023,≤10 kW,APsystems,1744.58,349,4.998796561604585
2023-07,2023,≤10 kW,Auxsol,11.5,2,5.75
2023-07,2023,≤10 kW,B&B POWER,10.6,2,5.3
2023-07,2023,≤10 kW,BYD,462.03000000000003,81,5.704074074074074
2023-07,2023,≤10 kW,Bedin Solar,1469.83,290,5.068379310344827
2023-07,2023,≤10 kW,Bel Energy,5520.58,1069,5.164246959775491
2023-07,2023,≤10 kW,Canadian Solar,2026.67,431,4.702250580046404
2023-07,2023,≤10 kW,Chint,555.64,109,5.097614678899083
2023-07,2023,≤10 kW,Deye,26834.06,5493,4.885137447660659
2023-07,2023,≤10 kW,Ecosolys,104.09,22,4.731363636363636
2023-07,2023,≤10 kW,Elgin,1708.6299999999999,363,4.706969696969697
2023-07,2023,≤10 kW,Empalux,717.56,119,6.029915966386554
2023-07,2023,≤10 kW,Enphase,496.64,123,4.037723577235773
2023-07,2023,≤10 kW,Foxess,1124.29,263,4.274866920152091
2023-07,2023,≤10 kW,Fronius,407.93,70,5.827571428571429
2023-07,2023,≤10 kW,GE,18.85,3,6.283333333333334
2023-07,2023,≤10 kW,Goodwe,1861.77,337,5.524540059347181
2023-07,2023,≤10 kW,Growatt,33744.98,6321,5.338550862205348
2023-07,2023,≤10 kW,Hopewind,302.36,55,5.497454545454546
2023-07,2023,≤10 kW,Hoymiles,4698.54,1027,4.575014605647517
2023-07,2023,≤10 kW,Huawei,348.59000000000003,77,4.527142857142858
2023-07,2023,≤10 kW,Hypontech,704.36,143,4.925594405594405
2023-07,2023,≤10 kW,Ingeteam,16.25,4,4.0625
2023-07,2023,≤10 kW,Intelbras,4000.76,767,5.216114732724902
2023-07,2023,≤10 kW,Kehua,776.87,132,5.885378787878788
2023-07,2023,≤10 kW,Komeco,71.9,13,5.5307692307692315
2023-07,2023,≤10 kW,Kstar,235.85,55,4.288181818181818
2023-07,2023,≤10 kW,Livoltek,1458.08,302,4.828079470198675
2023-07,2023,≤10 kW,Nansen,55.03000000000001,12,4.585833333333334
2023-07,2023,≤10 kW,Nexen,656.91,133,4.939172932330827
2023-07,2023,≤10 kW,Não informado,6592.76,1202,5.484825291181364
2023-07,2023,≤10 kW,Outros,3090.97,628,4.921926751592356
2023-07,2023,≤10 kW,PHB,2518.43,494,5.0980364372469635
2023-07,2023,≤10 kW,Refusol,77.56,19,4.082105263157895
2023-07,2023,≤10 kW,Renac,2356.85,471,5.0039278131634815
2023-07,2023,≤10 kW,Renovigi,1541.71,294,5.243911564625851
2023-07,2023,≤10 kW,SAJ,6285.03,1177,5.339872557349192
2023-07,2023,≤10 kW,SHENZHEN,73.73,14,5.2664285714285715
2023-07,2023,≤10 kW,SMA,25.64,8,3.205
2023-07,2023,≤10 kW,SUNWAYS,226.41,51,4.439411764705882
2023-07,2023,≤10 kW,Sofar Solar,5825.58,1112,5.238830935251799
2023-07,2023,≤10 kW,SolarEdge,170.96,33,5.180606060606061
2023-07,2023,≤10 kW,Solax Power,29.4,5,5.88
2023-07,2023,≤10 kW,Solis (Ginlong),9153.54,1708,5.359215456674473
2023-07,2023,≤10 kW,Solplanet,8004.42,1433,5.585778087927425
2023-07,2023,≤10 kW,Sungrow,6770.72,1187,5.704060657118787
2023-07,2023,≤10 kW,Tsun,306.69,377,0.813501326259947
2023-07,2023,≤10 kW,WEG,6830.51,1384,4.935339595375723
2023-07,2023,≤10 kW,WEG (Huawei),50.18,10,5.018
2023-07,2023,10–20 kW,ABB/FIMER,28.96,2,14.48
2023-07,2023,10–20 kW,APsystems,810.68,56,14.47642857142857
2023-07,2023,10–20 kW,BYD,144.44,9,16.04888888888889
2023-07,2023,10–20 kW,Bedin Solar,301.14,18,16.73
2023-07,2023,10–20 kW,Bel Energy,2013.53,137,14.697299270072993
2023-07,2023,10–20 kW,Canadian Solar,577.14,37,15.598378378378378
2023-07,2023,10–20 kW,Chint,200.54,12,16.711666666666666
2023-07,2023,10–20 kW,Deye,7661.26,531,14.427984934086629
2023-07,2023,10–20 kW,Ecosolys,41.1,3,13.700000000000001
2023-07,2023,10–20 kW,Elgin,702.39,46,15.269347826086957
2023-07,2023,10–20 kW,Empalux,269.78,19,14.19894736842105
2023-07,2023,10–20 kW,Enphase,145.73,12,12.144166666666665
2023-07,2023,10–20 kW,Foxess,260.57,20,13.0285
2023-07,2023,10–20 kW,Fronius,346.26,22,15.739090909090908
2023-07,2023,10–20 kW,GE,15.2,1,15.2
2023-07,2023,10–20 kW,Goodwe,580.27,40,14.50675
2023-07,2023,10–20 kW,Growatt,12091.34,752,16.078909574468085
2023-07,2023,10–20 kW,Hopewind,31.0,2,15.5
2023-07,2023,10–20 kW,Hoymiles,1504.12,108,13.927037037037037
2023-07,2023,10–20 kW,Huawei,441.14,28,15.754999999999999
2023-07,2023,10–20 kW,Hypontech,399.36,32,12.48
2023-07,2023,10–20 kW,Intelbras,798.88,52,15.363076923076923
2023-07,2023,10–20 kW,Kehua,356.54,22,16.206363636363637
2023-07,2023,10–20 kW,Komeco,36.0,3,12.0
2023-07,2023,10–20 kW,Kstar,35.0,3,11.666666666666666
2023-07,2023,10–20 kW,Livoltek,150.55,11,13.686363636363637
2023-07,2023,10–20 kW,Nexen,54.0,4,13.5
2023-07,2023,10–20 kW,Não informado,3559.01,231,15.406969696969698
2023-07,2023,10–20 kW,Outros,1593.27,114,13.976052631578947
2023-07,2023,10–20 kW,PHB,838.88,59,14.218305084745763
2023-07,2023,10–20 kW,Refusol,15.0,1,15.0
2023-07,2023,10–20 kW,Renac,1038.67,79,13.147721518987343
2023-07,2023,10–20 kW,Renovigi,535.36,33,16.223030303030303
2023-07,2023,10–20 kW,SAJ,2072.96,136,15.24235294117647
2023-07,2023,10–20 kW,SHENZHEN,169.53,13,13.04076923076923
2023-07,2023,10–20 kW,SUNWAYS,27.0,2,13.5
2023-07,2023,10–20 kW,Sofar Solar,3036.52,233,13.032274678111587
2023-07,2023,10–20 kW,SolarEdge,92.83,6,15.471666666666666
2023-07,2023,10–20 kW,Solax Power,12.0,1,12.0
2023-07,2023,10–20 kW,Solis (Ginlong),3653.02,226,16.163805309734514
2023-07,2023,10–20 kW,Solplanet,2794.36,178,15.698651685393259
2023-07,2023,10–20 kW,Sungrow,2465.43,160,15.408937499999999
2023-07,2023,10–20 kW,Tsun,40.88,3,13.626666666666667
2023-07,2023,10–20 kW,WEG,3960.21,267,14.832247191011236
2023-07,2023,10–20 kW,WEG (Huawei),162.37,10,16.237000000000002
2023-07,2023,20–75 kW,APsystems,847.14,24,35.2975
2023-07,2023,20–75 kW,BYD,708.0,16,44.25
2023-07,2023,20–75 kW,Bedin Solar,1632.2,30,54.406666666666666
2023-07,2023,20–75 kW,Bel Energy,2594.7200000000003,70,37.06742857142857
2023-07,2023,20–75 kW,Canadian Solar,1942.73,38,51.12447368421053
2023-07,2023,20–75 kW,Chint,422.97,8,52.87125
2023-07,2023,20–75 kW,Deye,11532.0,280,41.18571428571428
2023-07,2023,20–75 kW,Ecosolys,70.0,1,70.0
2023-07,2023,20–75 kW,Elgin,1211.78,29,41.78551724137931
2023-07,2023,20–75 kW,Empalux,632.5,13,48.65384615384615
2023-07,2023,20–75 kW,Enphase,331.28999999999996,9,36.809999999999995
2023-07,2023,20–75 kW,Foxess,141.0,5,28.2
2023-07,2023,20–75 kW,Fronius,1378.05,25,55.122
2023-07,2023,20–75 kW,GE,136.1,4,34.025
2023-07,2023,20–75 kW,Goodwe,2482.42,49,50.661632653061226
2023-07,2023,20–75 kW,Growatt,35198.85,740,47.56601351351351
2023-07,2023,20–75 kW,Hopewind,557.45,11,50.67727272727273
2023-07,2023,20–75 kW,Hoymiles,1069.4,30,35.64666666666667
2023-07,2023,20–75 kW,Huawei,3175.0,57,55.70175438596491
2023-07,2023,20–75 kW,Hypontech,207.0,7,29.571428571428573
2023-07,2023,20–75 kW,Ingeteam,40.0,1,40.0
2023-07,2023,20–75 kW,Intelbras,2256.01,49,46.04102040816327
2023-07,2023,20–75 kW,Kehua,425.11,12,35.42583333333334
2023-07,2023,20–75 kW,Komeco,297.0,6,49.5
2023-07,2023,20–75 kW,Kstar,64.0,2,32.0
2023-07,2023,20–75 kW,Livoltek,32.0,1,32.0
2023-07,2023,20–75 kW,Nansen,24.84,1,24.84
2023-07,2023,20–75 kW,Não informado,9160.19,206,44.46694174757282
2023-07,2023,20–75 kW,Outros,4333.13,93,46.59279569892473
2023-07,2023,20–75 kW,PHB,2826.17,63,44.85984126984127
2023-07,2023,20–75 kW,Refusol,86.16,3,28.72
2023-07,2023,20–75 kW,Renac,1236.86,31,39.898709677419355
2023-07,2023,20–75 kW,Renovigi,1275.92,28,45.56857142857143
2023-07,2023,20–75 kW,SAJ,3759.44,118,31.859661016949154
2023-07,2023,20–75 kW,SHENZHEN,947.5,17,55.73529411764706
2023-07,2023,20–75 kW,SMA,548.1,9,60.900000000000006
2023-07,2023,20–75 kW,SUNWAYS,48.0,2,24.0
2023-07,2023,20–75 kW,Sofar Solar,5318.85,120,44.323750000000004
2023-07,2023,20–75 kW,SolarEdge,2520.51,49,51.43897959183674
2023-07,2023,20–75 kW,Solis (Ginlong),21400.71,415,51.56797590361445
2023-07,2023,20–75 kW,Solplanet,3890.46,110,35.36781818181818
2023-07,2023,20–75 kW,Sungrow,10888.43,199,54.71572864321608
2023-07,2023,20–75 kW,WEG,15690.4,320,49.0325
2023-07,2023,20–75 kW,WEG (Huawei),735.06,14,52.50428571428571
2023-07,2023,75–300 kW,BYD,250.0,1,250.0
2023-07,2023,75–300 kW,Canadian Solar,1070.0,6,178.33333333333334
2023-07,2023,75–300 kW,Chint,110.0,1,110.0
2023-07,2023,75–300 kW,Deye,841.0,6,140.16666666666666
2023-07,2023,75–300 kW,Elgin,630.0,3,210.0
2023-07,2023,75–300 kW,Enphase,111.21,1,111.21
2023-07,2023,75–300 kW,Fronius,833.8,6,138.96666666666667
2023-07,2023,75–300 kW,Goodwe,845.74,4,211.435
2023-07,2023,75–300 kW,Growatt,6265.08,37,169.3264864864865
2023-07,2023,75–300 kW,Hopewind,108.0,1,108.0
2023-07,2023,75–300 kW,Huawei,834.96,6,139.16
2023-07,2023,75–300 kW,Intelbras,335.0,2,167.5
2023-07,2023,75–300 kW,Komeco,310.0,2,155.0
2023-07,2023,75–300 kW,Não informado,1082.0,8,135.25
2023-07,2023,75–300 kW,Outros,2168.5,12,180.70833333333334
2023-07,2023,75–300 kW,PHB,590.0,4,147.5
2023-07,2023,75–300 kW,Renac,249.9,2,124.95
2023-07,2023,75–300 kW,Renovigi,290.0,3,96.66666666666667
2023-07,2023,75–300 kW,SAJ,90.0,1,90.0
2023-07,2023,75–300 kW,Sofar Solar,996.0,8,124.5
2023-07,2023,75–300 kW,SolarEdge,925.6,5,185.12
2023-07,2023,75–300 kW,Solax Power,220.0,1,220.0
2023-07,2023,75–300 kW,Solis (Ginlong),4463.6,28,159.41428571428574
2023-07,2023,75–300 kW,Solplanet,640.0,4,160.0
2023-07,2023,75–300 kW,Sungrow,2908.8,21,138.51428571428573
2023-07,2023,75–300 kW,WEG,3335.3,18,185.29444444444445
2023-07,2023,75–300 kW,WEG (Huawei),575.0,3,191.66666666666666
2023-07,2023,300 kW–1 MW,Bel Energy,715.0,1,715.0
2023-07,2023,300 kW–1 MW,Canadian Solar,625.0,1,625.0
2023-07,2023,300 kW–1 MW,Deye,500.0,1,500.0
2023-07,2023,300 kW–1 MW,Empalux,1050.0,2,525.0
2023-07,2023,300 kW–1 MW,Goodwe,2000.0,2,1000.0
2023-07,2023,300 kW–1 MW,Growatt,2192.9,3,730.9666666666667
2023-07,2023,300 kW–1 MW,Huawei,11895.0,15,793.0
2023-07,2023,300 kW–1 MW,Não informado,1000.0,1,1000.0
2023-07,2023,300 kW–1 MW,Outros,440.0,1,440.0
2023-07,2023,300 kW–1 MW,Sofar Solar,400.0,1,400.0
2023-07,2023,300 kW–1 MW,SolarEdge,1076.5,2,538.25
2023-07,2023,300 kW–1 MW,Solis (Ginlong),350.0,1,350.0
2023-07,2023,300 kW–1 MW,Sungrow,21620.0,25,864.8
2023-07,2023,300 kW–1 MW,WEG,5472.0,10,547.2
2023-07,2023,300 kW–1 MW,WEG (Huawei),320.0,1,320.0
2023-07,2023,1–5 MW,ABB/FIMER,2500.0,1,2500.0
2023-07,2023,1–5 MW,APsystems,1650.0,1,1650.0
2023-07,2023,1–5 MW,Canadian Solar,2500.0,1,2500.0
2023-07,2023,1–5 MW,Goodwe,2000.0,1,2000.0
2023-07,2023,1–5 MW,Growatt,1360.0,1,1360.0
2023-07,2023,1–5 MW,Huawei,2400.0,1,2400.0
2023-07,2023,1–5 MW,Não informado,1496.8,1,1496.8
2023-07,2023,1–5 MW,Outros,2500.0,1,2500.0
2023-07,2023,1–5 MW,Solis (Ginlong),2090.0,1,2090.0
2023-07,2023,1–5 MW,Sungrow,26250.0,9,2916.6666666666665
2023-07,2023,1–5 MW,WEG,4500.0,3,1500.0
2023-08,2023,≤10 kW,ABB/FIMER,44.93,10,4.493
2023-08,2023,≤10 kW,APsystems,1772.45,375,4.726533333333333
2023-08,2023,≤10 kW,Auxsol,16.240000000000002,2,8.120000000000001
2023-08,2023,≤10 kW,B&B POWER,5.82,2,2.91
2023-08,2023,≤10 kW,BYD,593.29,122,4.863032786885245
2023-08,2023,≤10 kW,Bedin Solar,1506.82,308,4.892272727272727
2023-08,2023,≤10 kW,Bel Energy,6393.03,1252,5.106253993610223
2023-08,2023,≤10 kW,Canadian Solar,2606.09,484,5.384483471074381
2023-08,2023,≤10 kW,Chint,497.5,90,5.527777777777778
2023-08,2023,≤10 kW,Deye,27792.68,5464,5.086508052708639
2023-08,2023,≤10 kW,Ecosolys,57.78,16,3.61125
2023-08,2023,≤10 kW,Elgin,1661.83,330,5.035848484848485
2023-08,2023,≤10 kW,Empalux,882.8,157,5.622929936305733
2023-08,2023,≤10 kW,Enphase,626.99,148,4.236418918918919
2023-08,2023,≤10 kW,Foxess,1537.46,371,4.144097035040431
2023-08,2023,≤10 kW,Fronius,571.37,102,5.601666666666667
2023-08,2023,≤10 kW,GE,28.16,4,7.04
2023-08,2023,≤10 kW,Goodwe,2247.16,429,5.238135198135198
2023-08,2023,≤10 kW,Growatt,37339.96,6659,5.607442558942784
2023-08,2023,≤10 kW,Hopewind,326.22,64,5.0971875
2023-08,2023,≤10 kW,Hoymiles,5395.71,1165,4.631510729613734
2023-08,2023,≤10 kW,Huawei,530.69,109,4.868715596330276
2023-08,2023,≤10 kW,Hypontech,1392.51,261,5.335287356321839
2023-08,2023,≤10 kW,Ingeteam,31.92,5,6.384
2023-08,2023,≤10 kW,Intelbras,5271.28,1010,5.21908910891089
2023-08,2023,≤10 kW,Kehua,618.22,106,5.832264150943397
2023-08,2023,≤10 kW,Komeco,104.85000000000001,18,5.825
2023-08,2023,≤10 kW,Kstar,269.17,57,4.722280701754387
2023-08,2023,≤10 kW,Livoltek,1399.99,305,4.590131147540983
2023-08,2023,≤10 kW,NEP,3.08,4,0.77
2023-08,2023,≤10 kW,Nansen,56.32,12,4.693333333333333
2023-08,2023,≤10 kW,Nexen,672.28,137,4.907153284671533
2023-08,2023,≤10 kW,Não informado,7040.03,1283,5.487162899454404
2023-08,2023,≤10 kW,Outros,3260.44,639,5.102410015649452
2023-08,2023,≤10 kW,PHB,2627.12,507,5.181696252465483
2023-08,2023,≤10 kW,Refusol,59.59,14,4.256428571428572
2023-08,2023,≤10 kW,Renac,2760.25,531,5.198210922787194
2023-08,2023,≤10 kW,Renovigi,1317.6100000000001,265,4.97211320754717
2023-08,2023,≤10 kW,SAJ,6522.52,1217,5.359506984387839
2023-08,2023,≤10 kW,SHENZHEN,82.43,17,4.848823529411765
2023-08,2023,≤10 kW,SMA,6.0,1,6.0
2023-08,2023,≤10 kW,SUNWAYS,190.3,38,5.007894736842106
2023-08,2023,≤10 kW,Sofar Solar,6189.03,1129,5.481868910540301
2023-08,2023,≤10 kW,SolarEdge,247.79999999999998,41,6.043902439024389
2023-08,2023,≤10 kW,Solax Power,3.0,1,3.0
2023-08,2023,≤10 kW,Solis (Ginlong),10152.52,1861,5.455411069317571
2023-08,2023,≤10 kW,Solplanet,8089.5599999999995,1446,5.594439834024896
2023-08,2023,≤10 kW,Sungrow,7637.27,1302,5.865798771121352
2023-08,2023,≤10 kW,Tsun,230.68,146,1.58
2023-08,2023,≤10 kW,WEG,7930.81,1538,5.156573472041613
2023-08,2023,≤10 kW,WEG (Huawei),59.86,10,5.986
2023-08,2023,10–20 kW,ABB/FIMER,12.5,1,12.5
2023-08,2023,10–20 kW,APsystems,946.57,65,14.562615384615386
2023-08,2023,10–20 kW,BYD,258.4,17,15.2
2023-08,2023,10–20 kW,Bedin Solar,404.54,26,15.55923076923077
2023-08,2023,10–20 kW,Bel Energy,2358.39,158,14.92651898734177
2023-08,2023,10–20 kW,Canadian Solar,633.02,38,16.658421052631578
2023-08,2023,10–20 kW,Chint,108.25,7,15.464285714285714
2023-08,2023,10–20 kW,Deye,8016.54,541,14.818003696857671
2023-08,2023,10–20 kW,Elgin,633.31,42,15.078809523809522
2023-08,2023,10–20 kW,Empalux,222.89,15,14.859333333333332
2023-08,2023,10–20 kW,Enphase,72.87,6,12.145000000000001
2023-08,2023,10–20 kW,Foxess,339.7,26,13.065384615384614
2023-08,2023,10–20 kW,Fronius,291.85,19,15.360526315789475
2023-08,2023,10–20 kW,GE,18.4,1,18.4
2023-08,2023,10–20 kW,Goodwe,684.13,45,15.20288888888889
2023-08,2023,10–20 kW,Growatt,13168.68,825,15.962036363636363
2023-08,2023,10–20 kW,Hopewind,152.74,11,13.885454545454547
2023-08,2023,10–20 kW,Hoymiles,1915.14,137,13.979124087591241
2023-08,2023,10–20 kW,Huawei,612.69,40,15.317250000000001
2023-08,2023,10–20 kW,Hypontech,504.90000000000003,41,12.314634146341465
2023-08,2023,10–20 kW,Ingeteam,16.0,1,16.0
2023-08,2023,10–20 kW,Intelbras,1239.04,83,14.928192771084337
2023-08,2023,10–20 kW,Kehua,228.74,16,14.29625
2023-08,2023,10–20 kW,Komeco,26.0,2,13.0
2023-08,2023,10–20 kW,Kstar,35.0,3,11.666666666666666
2023-08,2023,10–20 kW,Livoltek,125.99000000000001,9,13.99888888888889
2023-08,2023,10–20 kW,Nansen,15.54,1,15.54
2023-08,2023,10–20 kW,Nexen,83.35,7,11.907142857142857
2023-08,2023,10–20 kW,Não informado,3740.68,248,15.083387096774192
2023-08,2023,10–20 kW,Outros,1493.09,102,14.63813725490196
2023-08,2023,10–20 kW,PHB,950.79,65,14.62753846153846
2023-08,2023,10–20 kW,Refusol,11.0,1,11.0
2023-08,2023,10–20 kW,Renac,1105.65,83,13.321084337349399
2023-08,2023,10–20 kW,Renovigi,425.45,27,15.757407407407406
2023-08,2023,10–20 kW,SAJ,2639.56,173,15.25757225433526
2023-08,2023,10–20 kW,SHENZHEN,134.0,11,12.181818181818182
2023-08,2023,10–20 kW,Sofar Solar,3035.08,231,13.138874458874458
2023-08,2023,10–20 kW,SolarEdge,193.72,13,14.901538461538461
2023-08,2023,10–20 kW,Solis (Ginlong),3670.19,233,15.751888412017168
2023-08,2023,10–20 kW,Solplanet,2784.82,178,15.645056179775281
2023-08,2023,10–20 kW,Sungrow,2656.37,170,15.625705882352941
2023-08,2023,10–20 kW,Tsun,47.980000000000004,3,15.993333333333334
2023-08,2023,10–20 kW,WEG,4327.86,295,14.670711864406778
2023-08,2023,10–20 kW,WEG (Huawei),132.54,9,14.726666666666667
2023-08,2023,20–75 kW,ABB/FIMER,328.8,7,46.971428571428575
2023-08,2023,20–75 kW,APsystems,1558.73,38,41.01921052631579
2023-08,2023,20–75 kW,BYD,1288.8,22,58.58181818181818
2023-08,2023,20–75 kW,Bedin Solar,1594.65,31,51.440322580645166
2023-08,2023,20–75 kW,Bel Energy,3040.79,87,34.9516091954023
2023-08,2023,20–75 kW,Canadian Solar,3832.44,89,43.06112359550562
2023-08,2023,20–75 kW,Chint,488.29,12,40.69083333333334
2023-08,2023,20–75 kW,Deye,11147.05,280,39.81089285714285
2023-08,2023,20–75 kW,Ecosolys,24.2,1,24.2
2023-08,2023,20–75 kW,Elgin,1567.49,37,42.36459459459459
2023-08,2023,20–75 kW,Empalux,358.83,9,39.87
2023-08,2023,20–75 kW,Enphase,259.84,8,32.48
2023-08,2023,20–75 kW,Foxess,506.8,15,33.78666666666667
2023-08,2023,20–75 kW,Fronius,1373.87,28,49.06678571428571
2023-08,2023,20–75 kW,GE,45.36,1,45.36
2023-08,2023,20–75 kW,Goodwe,2676.62,47,56.94936170212766
2023-08,2023,20–75 kW,Growatt,36984.19,793,46.63832282471627
2023-08,2023,20–75 kW,Hopewind,489.6,8,61.2
2023-08,2023,20–75 kW,Hoymiles,1845.55,49,37.66428571428571
2023-08,2023,20–75 kW,Huawei,2818.75,54,52.199074074074076
2023-08,2023,20–75 kW,Hypontech,413.44,12,34.45333333333333
2023-08,2023,20–75 kW,Ingeteam,38.0,1,38.0
2023-08,2023,20–75 kW,Intelbras,2552.82,59,43.26813559322034
2023-08,2023,20–75 kW,Kehua,441.68,11,40.152727272727276
2023-08,2023,20–75 kW,Komeco,239.0,4,59.75
2023-08,2023,20–75 kW,Kstar,78.0,2,39.0
2023-08,2023,20–75 kW,Livoltek,214.0,6,35.666666666666664
2023-08,2023,20–75 kW,Nansen,24.0,1,24.0
2023-08,2023,20–75 kW,Nexen,24.0,1,24.0
2023-08,2023,20–75 kW,Não informado,8417.36,208,40.46807692307693
2023-08,2023,20–75 kW,Outros,3504.59,76,46.113026315789476
2023-08,2023,20–75 kW,PHB,2980.91,63,47.31603174603175
2023-08,2023,20–75 kW,Refusol,103.75,3,34.583333333333336
2023-08,2023,20–75 kW,Renac,1440.44,31,46.465806451612906
2023-08,2023,20–75 kW,Renovigi,1457.89,30,48.596333333333334
2023-08,2023,20–75 kW,SAJ,2431.14,66,36.835454545454546
2023-08,2023,20–75 kW,SHENZHEN,542.0,9,60.22222222222222
2023-08,2023,20–75 kW,SMA,320.88,5,64.176
2023-08,2023,20–75 kW,SUNWAYS,40.0,1,40.0
2023-08,2023,20–75 kW,Sofar Solar,4088.04,111,36.82918918918919
2023-08,2023,20–75 kW,SolarEdge,1591.79,30,53.059666666666665
2023-08,2023,20–75 kW,Solax Power,40.0,1,40.0
2023-08,2023,20–75 kW,Solis (Ginlong),23783.36,451,52.73472283813747
2023-08,2023,20–75 kW,Solplanet,3307.35,90,36.748333333333335
2023-08,2023,20–75 kW,Sungrow,10132.51,193,52.5000518134715
2023-08,2023,20–75 kW,Tsun,231.0,11,21.0
2023-08,2023,20–75 kW,WEG,14034.72,300,46.782399999999996
2023-08,2023,20–75 kW,WEG (Huawei),577.0,9,64.11111111111111
2023-08,2023,75–300 kW,APsystems,93.6,1,93.6
2023-08,2023,75–300 kW,Bel Energy,292.0,3,97.33333333333333
2023-08,2023,75–300 kW,Canadian Solar,1145.0,8,143.125
2023-08,2023,75–300 kW,Deye,1095.96,6,182.66
2023-08,2023,75–300 kW,Elgin,100.0,1,100.0
2023-08,2023,75–300 kW,Fronius,826.0,5,165.2
2023-08,2023,75–300 kW,Goodwe,1017.8,6,169.63333333333333
2023-08,2023,75–300 kW,Growatt,8310.57,46,180.6645652173913
2023-08,2023,75–300 kW,Hoymiles,164.0,1,164.0
2023-08,2023,75–300 kW,Huawei,2742.68,15,182.84533333333331
2023-08,2023,75–300 kW,Intelbras,223.12,2,111.56
2023-08,2023,75–300 kW,Não informado,1473.48,9,163.72
2023-08,2023,75–300 kW,Outros,1992.3,10,199.23
2023-08,2023,75–300 kW,PHB,438.0,3,146.0
2023-08,2023,75–300 kW,Renovigi,315.0,2,157.5
2023-08,2023,75–300 kW,SAJ,675.0,4,168.75
2023-08,2023,75–300 kW,Sofar Solar,660.0,4,165.0
2023-08,2023,75–300 kW,SolarEdge,1297.65,7,185.37857142857143
2023-08,2023,75–300 kW,Solis (Ginlong),4299.35,22,195.425
2023-08,2023,75–300 kW,Solplanet,320.0,3,106.66666666666667
2023-08,2023,75–300 kW,Sungrow,6102.56,32,190.705
2023-08,2023,75–300 kW,WEG,7060.26,42,168.10142857142858
2023-08,2023,75–300 kW,WEG (Huawei),260.0,1,260.0
2023-08,2023,300 kW–1 MW,BYD,1100.0,2,550.0
2023-08,2023,300 kW–1 MW,Canadian Solar,1500.0,2,750.0
2023-08,2023,300 kW–1 MW,Deye,400.0,1,400.0
2023-08,2023,300 kW–1 MW,Goodwe,1100.0,2,550.0
2023-08,2023,300 kW–1 MW,Growatt,2215.0,4,553.75
2023-08,2023,300 kW–1 MW,Huawei,4835.0,6,805.8333333333334
2023-08,2023,300 kW–1 MW,Não informado,1280.0,2,640.0
2023-08,2023,300 kW–1 MW,Sofar Solar,500.0,1,500.0
2023-08,2023,300 kW–1 MW,SolarEdge,1374.4,2,687.2
2023-08,2023,300 kW–1 MW,Solis (Ginlong),3187.0,5,637.4
2023-08,2023,300 kW–1 MW,Sungrow,13624.0,16,851.5
2023-08,2023,300 kW–1 MW,WEG,8242.5,13,634.0384615384615
2023-08,2023,1–5 MW,BYD,1500.0,1,1500.0
2023-08,2023,1–5 MW,Deye,5000.0,2,2500.0
2023-08,2023,1–5 MW,Growatt,1200.0,1,1200.0
2023-08,2023,1–5 MW,Huawei,25800.0,9,2866.6666666666665
2023-08,2023,1–5 MW,Ingeteam,1060.0,1,1060.0
2023-08,2023,1–5 MW,Outros,1206.0,1,1206.0
2023-08,2023,1–5 MW,Solplanet,1440.0,1,1440.0
2023-08,2023,1–5 MW,Sungrow,25000.0,8,3125.0
2023-08,2023,1–5 MW,WEG,3500.0,2,1750.0
2023-09,2023,≤10 kW,ABB/FIMER,36.6,7,5.228571428571429
2023-09,2023,≤10 kW,APsystems,1913.12,381,5.0213123359580045
2023-09,2023,≤10 kW,Auxsol,10.0,1,10.0
2023-09,2023,≤10 kW,B&B POWER,2.72,1,2.72
2023-09,2023,≤10 kW,BYD,333.19,61,5.462131147540983
2023-09,2023,≤10 kW,Bedin Solar,1135.56,235,4.832170212765957
2023-09,2023,≤10 kW,Bel Energy,6161.32,1141,5.3999298860648555
2023-09,2023,≤10 kW,Canadian Solar,1870.63,383,4.884151436031332
2023-09,2023,≤10 kW,Chint,356.11,67,5.3150746268656714
2023-09,2023,≤10 kW,Deye,27013.18,5118,5.278073466197734
2023-09,2023,≤10 kW,Ecosolys,76.29,17,4.48764705882353
2023-09,2023,≤10 kW,Elgin,1209.35,225,5.374888888888888
2023-09,2023,≤10 kW,Empalux,795.71,129,6.168294573643411
2023-09,2023,≤10 kW,Enphase,653.24,151,4.3260927152317885
2023-09,2023,≤10 kW,Foxess,1281.55,271,4.728966789667896
2023-09,2023,≤10 kW,Fronius,490.0,93,5.268817204301075
2023-09,2023,≤10 kW,GE,22.39,5,4.478
2023-09,2023,≤10 kW,Goodwe,2481.9900000000002,446,5.565
2023-09,2023,≤10 kW,Growatt,38591.62,6670,5.785850074962519
2023-09,2023,≤10 kW,Hopewind,368.6,64,5.759375
2023-09,2023,≤10 kW,Hoymiles,5243.02,1070,4.900018691588786
2023-09,2023,≤10 kW,Huawei,621.84,117,5.314871794871795
2023-09,2023,≤10 kW,Hypontech,1616.08,281,5.751174377224199
2023-09,2023,≤10 kW,Intelbras,5914.9,1090,5.4265137614678896
2023-09,2023,≤10 kW,Kehua,546.07,98,5.5721428571428575
2023-09,2023,≤10 kW,Komeco,51.2,10,5.12
2023-09,2023,≤10 kW,Kstar,165.38,36,4.5938888888888885
2023-09,2023,≤10 kW,Livoltek,1740.5,352,4.9446022727272725
2023-09,2023,≤10 kW,NEP,38.25,66,0.5795454545454546
2023-09,2023,≤10 kW,Nansen,52.32,11,4.756363636363637
2023-09,2023,≤10 kW,Nexen,825.16,155,5.323612903225806
2023-09,2023,≤10 kW,Não informado,7607.78,1380,5.512884057971014
2023-09,2023,≤10 kW,Outros,3809.39,701,5.434222539229672
2023-09,2023,≤10 kW,PHB,2194.1,410,5.351463414634146
2023-09,2023,≤10 kW,Refusol,39.08,13,3.006153846153846
2023-09,2023,≤10 kW,Renac,2529.4,451,5.6084257206208425
2023-09,2023,≤10 kW,Renovigi,1117.63,208,5.3732211538461545
2023-09,2023,≤10 kW,SAJ,6227.94,1124,5.540871886120996
2023-09,2023,≤10 kW,SHENZHEN,65.13,12,5.427499999999999
2023-09,2023,≤10 kW,SMA,19.62,4,4.905
2023-09,2023,≤10 kW,SUNWAYS,159.41,29,5.496896551724138
2023-09,2023,≤10 kW,Sofar Solar,5837.73,1052,5.549173003802281
2023-09,2023,≤10 kW,SolarEdge,188.87,29,6.512758620689655
2023-09,2023,≤10 kW,Solax Power,14.0,2,7.0
2023-09,2023,≤10 kW,Solis (Ginlong),9452.94,1704,5.5475
2023-09,2023,≤10 kW,Solplanet,7148.89,1226,5.831068515497553
2023-09,2023,≤10 kW,Sungrow,7149.8,1211,5.904046242774567
2023-09,2023,≤10 kW,Tsun,145.88,130,1.122153846153846
2023-09,2023,≤10 kW,WEG,7200.03,1439,5.003495482974287
2023-09,2023,≤10 kW,WEG (Huawei),34.0,6,5.666666666666667
2023-09,2023,10–20 kW,ABB/FIMER,13.8,1,13.8
2023-09,2023,10–20 kW,APsystems,503.0,35,14.371428571428572
2023-09,2023,10–20 kW,BYD,116.34,8,14.5425
2023-09,2023,10–20 kW,Bedin Solar,274.01,18,15.222777777777777
2023-09,2023,10–20 kW,Bel Energy,2133.69,143,14.920909090909092
2023-09,2023,10–20 kW,Canadian Solar,590.56,37,15.96108108108108
2023-09,2023,10–20 kW,Chint,64.0,5,12.8
2023-09,2023,10–20 kW,Deye,8578.78,571,15.02413309982487
2023-09,2023,10–20 kW,Ecosolys,11.2,1,11.2
2023-09,2023,10–20 kW,Elgin,513.68,32,16.0525
2023-09,2023,10–20 kW,Emerson,12.0,1,12.0
2023-09,2023,10–20 kW,Empalux,248.1,16,15.50625
2023-09,2023,10–20 kW,Enphase,166.14,12,13.844999999999999
2023-09,2023,10–20 kW,Foxess,367.8,28,13.135714285714286
2023-09,2023,10–20 kW,Fronius,311.11,20,15.5555
2023-09,2023,10–20 kW,GE,30.8,2,15.4
2023-09,2023,10–20 kW,Goodwe,1176.06,78,15.077692307692306
2023-09,2023,10–20 kW,Growatt,11816.48,746,15.839785522788203
2023-09,2023,10–20 kW,Hopewind,193.2,14,13.799999999999999
2023-09,2023,10–20 kW,Hoymiles,1630.28,116,14.054137931034482
2023-09,2023,10–20 kW,Huawei,634.32,41,15.471219512195123
2023-09,2023,10–20 kW,Hypontech,823.96,63,13.07873015873016
2023-09,2023,10–20 kW,Intelbras,1784.21,127,14.048897637795276
2023-09,2023,10–20 kW,Kehua,228.7,16,14.29375
2023-09,2023,10–20 kW,Komeco,33.0,2,16.5
2023-09,2023,10–20 kW,Kstar,43.72,3,14.573333333333332
2023-09,2023,10–20 kW,Livoltek,185.1,13,14.238461538461538
2023-09,2023,10–20 kW,Nexen,52.35,4,13.0875
2023-09,2023,10–20 kW,Não informado,3801.01,251,15.143466135458167
2023-09,2023,10–20 kW,Outros,1832.7,124,14.779838709677419
2023-09,2023,10–20 kW,PHB,731.5,50,14.63
2023-09,2023,10–20 kW,Refusol,42.519999999999996,3,14.173333333333332
2023-09,2023,10–20 kW,Renac,1004.23,76,13.213552631578947
2023-09,2023,10–20 kW,Renovigi,376.09,23,16.351739130434783
2023-09,2023,10–20 kW,SAJ,2418.3,154,15.703246753246754
2023-09,2023,10–20 kW,SHENZHEN,83.95,7,11.992857142857144
2023-09,2023,10–20 kW,Sofar Solar,3424.41,256,13.3766015625
2023-09,2023,10–20 kW,SolarEdge,168.3,10,16.830000000000002
2023-09,2023,10–20 kW,Solis (Ginlong),4042.56,254,15.915590551181102
2023-09,2023,10–20 kW,Solplanet,2979.03,190,15.679105263157895
2023-09,2023,10–20 kW,Sungrow,2628.72,162,16.226666666666667
2023-09,2023,10–20 kW,Tsun,25.5,2,12.75
2023-09,2023,10–20 kW,WEG,2691.18,189,14.239047619047618
2023-09,2023,10–20 kW,WEG (Huawei),160.5,11,14.590909090909092
2023-09,2023,20–75 kW,ABB/FIMER,116.0,2,58.0
2023-09,2023,20–75 kW,APsystems,1271.06,33,38.516969696969696
2023-09,2023,20–75 kW,Auxsol,40.0,1,40.0
2023-09,2023,20–75 kW,BYD,996.81,21,47.46714285714285
2023-09,2023,20–75 kW,Bedin Solar,1232.9,20,61.645
2023-09,2023,20–75 kW,Bel Energy,2998.59,86,34.86732558139535
2023-09,2023,20–75 kW,Canadian Solar,1357.29,35,38.779714285714284
2023-09,2023,20–75 kW,Chint,430.1,8,53.7625
2023-09,2023,20–75 kW,Deye,11026.27,271,40.687343173431735
2023-09,2023,20–75 kW,Ecosolys,69.6,2,34.8
2023-09,2023,20–75 kW,Elgin,1270.47,30,42.349000000000004
2023-09,2023,20–75 kW,Empalux,172.86,5,34.572
2023-09,2023,20–75 kW,Enphase,35.51,1,35.51
2023-09,2023,20–75 kW,Foxess,321.55,8,40.19375
2023-09,2023,20–75 kW,Fronius,1095.35,24,45.63958333333333
2023-09,2023,20–75 kW,GE,188.84,7,26.97714285714286
2023-09,2023,20–75 kW,Goodwe,1393.66,36,38.71277777777778
2023-09,2023,20–75 kW,Growatt,32565.07,707,46.06091937765205
2023-09,2023,20–75 kW,Hopewind,410.1,10,41.010000000000005
2023-09,2023,20–75 kW,Hoymiles,1513.13,43,35.189069767441865
2023-09,2023,20–75 kW,Huawei,2368.12,50,47.3624
2023-09,2023,20–75 kW,Hypontech,566.26,16,35.39125
2023-09,2023,20–75 kW,Ingeteam,132.0,2,66.0
2023-09,2023,20–75 kW,Intelbras,2825.25,59,47.88559322033898
2023-09,2023,20–75 kW,Kehua,487.87,13,37.52846153846154
2023-09,2023,20–75 kW,Komeco,383.7,6,63.949999999999996
2023-09,2023,20–75 kW,Kstar,59.15,2,29.575
2023-09,2023,20–75 kW,Livoltek,54.0,2,27.0
2023-09,2023,20–75 kW,Nansen,25.0,1,25.0
2023-09,2023,20–75 kW,Não informado,7257.66,173,41.95179190751445
2023-09,2023,20–75 kW,Outros,3767.44,88,42.81181818181818
2023-09,2023,20–75 kW,PHB,2929.44,65,45.06830769230769
2023-09,2023,20–75 kW,Renac,1065.93,28,38.06892857142857
2023-09,2023,20–75 kW,Renovigi,1215.58,25,48.6232
2023-09,2023,20–75 kW,SAJ,2326.9,61,38.14590163934427
2023-09,2023,20–75 kW,SHENZHEN,250.0,6,41.666666666666664
2023-09,2023,20–75 kW,SMA,675.0,10,67.5
2023-09,2023,20–75 kW,SUNWAYS,87.5,2,43.75
2023-09,2023,20–75 kW,Sofar Solar,4335.51,109,39.77532110091743
2023-09,2023,20–75 kW,SolarEdge,2896.38,53,54.64867924528302
2023-09,2023,20–75 kW,Solax Power,80.0,3,26.666666666666668
2023-09,2023,20–75 kW,Solis (Ginlong),20517.31,401,51.16536159600998
2023-09,2023,20–75 kW,Solplanet,3475.41,94,36.97244680851064
2023-09,2023,20–75 kW,Sungrow,10108.99,183,55.2403825136612
2023-09,2023,20–75 kW,Tsun,89.04,4,22.26
2023-09,2023,20–75 kW,WEG,12172.39,247,49.28093117408907
2023-09,2023,20–75 kW,WEG (Huawei),612.0,12,51.0
2023-09,2023,75–300 kW,Bedin Solar,532.5,3,177.5
2023-09,2023,75–300 kW,Bel Energy,525.0,3,175.0
2023-09,2023,75–300 kW,Canadian Solar,968.4200000000001,9,107.60222222222222
2023-09,2023,75–300 kW,Deye,1979.0,13,152.23076923076923
2023-09,2023,75–300 kW,Elgin,100.0,1,100.0
2023-09,2023,75–300 kW,Empalux,100.0,1,100.0
2023-09,2023,75–300 kW,Goodwe,1226.0,6,204.33333333333334
2023-09,2023,75–300 kW,Growatt,5333.62,33,161.62484848484848
2023-09,2023,75–300 kW,Hoymiles,108.0,1,108.0
2023-09,2023,75–300 kW,Huawei,3285.0,17,193.23529411764707
2023-09,2023,75–300 kW,Ingeteam,350.0,2,175.0
2023-09,2023,75–300 kW,Intelbras,100.0,1,100.0
2023-09,2023,75–300 kW,Kehua,630.0,3,210.0
2023-09,2023,75–300 kW,Komeco,198.0,1,198.0
2023-09,2023,75–300 kW,Não informado,1806.8,9,200.75555555555556
2023-09,2023,75–300 kW,Outros,642.0,4,160.5
2023-09,2023,75–300 kW,PHB,907.0,5,181.4
2023-09,2023,75–300 kW,Renac,300.0,1,300.0
2023-09,2023,75–300 kW,SHENZHEN,760.0,3,253.33333333333334
2023-09,2023,75–300 kW,SMA,210.0,2,105.0
2023-09,2023,75–300 kW,Sofar Solar,335.0,2,167.5
2023-09,2023,75–300 kW,SolarEdge,907.3,6,151.21666666666667
2023-09,2023,75–300 kW,Solis (Ginlong),3930.14,22,178.64272727272726
2023-09,2023,75–300 kW,Solplanet,520.0,3,173.33333333333334
2023-09,2023,75–300 kW,Sungrow,4285.0,23,186.30434782608697
2023-09,2023,75–300 kW,WEG,4030.1800000000003,21,191.91333333333336
2023-09,2023,75–300 kW,WEG (Huawei),575.0,3,191.66666666666666
2023-09,2023,300 kW–1 MW,ABB/FIMER,1000.0,1,1000.0
2023-09,2023,300 kW–1 MW,Canadian Solar,1000.0,1,1000.0
2023-09,2023,300 kW–1 MW,Chint,700.0,1,700.0
2023-09,2023,300 kW–1 MW,Deye,375.0,1,375.0
2023-09,2023,300 kW–1 MW,Growatt,2605.6,5,521.12
2023-09,2023,300 kW–1 MW,Huawei,13880.0,16,867.5
2023-09,2023,300 kW–1 MW,Não informado,1705.0,3,568.3333333333334
2023-09,2023,300 kW–1 MW,Outros,3925.0,5,785.0
2023-09,2023,300 kW–1 MW,Renovigi,370.0,1,370.0
2023-09,2023,300 kW–1 MW,Sofar Solar,440.42,1,440.42
2023-09,2023,300 kW–1 MW,SolarEdge,953.0,1,953.0
2023-09,2023,300 kW–1 MW,Solis (Ginlong),1490.0,4,372.5
2023-09,2023,300 kW–1 MW,Sungrow,31695.0,40,792.375
2023-09,2023,300 kW–1 MW,WEG,3325.0,7,475.0
2023-09,2023,1–5 MW,ABB/FIMER,1995.0,1,1995.0
2023-09,2023,1–5 MW,Huawei,34600.0,12,2883.3333333333335
2023-09,2023,1–5 MW,Ingeteam,2500.0,2,1250.0
2023-09,2023,1–5 MW,SMA,2400.0,1,2400.0
2023-09,2023,1–5 MW,Solis (Ginlong),4500.0,2,2250.0
2023-09,2023,1–5 MW,Sungrow,20750.0,5,4150.0
2023-09,2023,1–5 MW,WEG (Huawei),1300.0,1,1300.0
2023-10,2023,≤10 kW,ABB/FIMER,75.32,15,5.021333333333333
2023-10,2023,≤10 kW,APsystems,2166.6,450,4.814666666666667
2023-10,2023,≤10 kW,Auxsol,10.0,2,5.0
2023-10,2023,≤10 kW,BYD,382.09,64,5.97015625
2023-10,2023,≤10 kW,Bedin Solar,1408.58,264,5.3355303030303025
2023-10,2023,≤10 kW,Bel Energy,7868.4,1517,5.186816084377059
2023-10,2023,≤10 kW,Canadian Solar,2490.38,504,4.941230158730159
2023-10,2023,≤10 kW,Chint,387.31,69,5.613188405797102
2023-10,2023,≤10 kW,Deye,32364.47,6295,5.141297855440826
2023-10,2023,≤10 kW,Ecosolys,69.42,20,3.471
2023-10,2023,≤10 kW,Elgin,1348.94,244,5.52844262295082
2023-10,2023,≤10 kW,Empalux,837.62,138,6.069710144927536
2023-10,2023,≤10 kW,Enphase,808.11,196,4.123010204081632
2023-10,2023,≤10 kW,Foxess,1268.46,240,5.2852500000000004
2023-10,2023,≤10 kW,Fronius,452.83,95,4.7666315789473686
2023-10,2023,≤10 kW,GE,53.55,8,6.69375
2023-10,2023,≤10 kW,Goodwe,4077.22,767,5.3158018252933505
2023-10,2023,≤10 kW,Growatt,48693.05,8445,5.765902901124926
2023-10,2023,≤10 kW,Hopewind,510.99,90,5.677666666666667
2023-10,2023,≤10 kW,Hoymiles,6365.91,1271,5.008583792289536
2023-10,2023,≤10 kW,Huawei,1061.23,211,5.029526066350711
2023-10,2023,≤10 kW,Hypontech,1870.34,316,5.91879746835443
2023-10,2023,≤10 kW,Ingeteam,60.06,9,6.673333333333334
2023-10,2023,≤10 kW,Intelbras,7341.09,1402,5.236155492154066
2023-10,2023,≤10 kW,Kehua,556.67,96,5.798645833333333
2023-10,2023,≤10 kW,Komeco,39.4,8,4.925
2023-10,2023,≤10 kW,Kstar,151.01,34,4.441470588235294
2023-10,2023,≤10 kW,Livoltek,1812.69,358,5.063379888268156
2023-10,2023,≤10 kW,NEP,7.11,3,2.37
2023-10,2023,≤10 kW,Nansen,50.5,10,5.05
2023-10,2023,≤10 kW,Nexen,557.55,97,5.747938144329896
2023-10,2023,≤10 kW,Não informado,7373.78,1340,5.502820895522388
2023-10,2023,≤10 kW,Outros,3941.63,746,5.283686327077748
2023-10,2023,≤10 kW,PHB,2793.94,524,5.331946564885496
2023-10,2023,≤10 kW,Refusol,64.83,21,3.087142857142857
2023-10,2023,≤10 kW,Renac,3050.47,541,5.638576709796673
2023-10,2023,≤10 kW,Renovigi,1313.08,250,5.25232
2023-10,2023,≤10 kW,SAJ,8904.47,1562,5.700685019206145
2023-10,2023,≤10 kW,SHENZHEN,88.09,14,6.292142857142857
2023-10,2023,≤10 kW,SMA,13.5,3,4.5
2023-10,2023,≤10 kW,SUNWAYS,181.60999999999999,35,5.188857142857143
2023-10,2023,≤10 kW,Sofar Solar,7651.22,1375,5.564523636363637
2023-10,2023,≤10 kW,SolarEdge,209.62,36,5.822777777777778
2023-10,2023,≤10 kW,Solax Power,27.25,6,4.541666666666667
2023-10,2023,≤10 kW,Solis (Ginlong),11872.86,2092,5.67536328871893
2023-10,2023,≤10 kW,Solplanet,8968.09,1582,5.668830594184577
2023-10,2023,≤10 kW,Sungrow,9665.48,1643,5.882824102251978
2023-10,2023,≤10 kW,TSUNESS,10.0,1,10.0
2023-10,2023,≤10 kW,Tsun,186.63,134,1.3927611940298508
2023-10,2023,≤10 kW,WEG,8157.05,1614,5.053934324659232
2023-10,2023,≤10 kW,WEG (Huawei),40.34,8,5.0425
2023-10,2023,10–20 kW,ABB/FIMER,20.0,1,20.0
2023-10,2023,10–20 kW,APsystems,735.99,50,14.7198
2023-10,2023,10–20 kW,BYD,151.52,10,15.152000000000001
2023-10,2023,10–20 kW,Bedin Solar,345.88,21,16.47047619047619
2023-10,2023,10–20 kW,Bel Energy,2000.16,135,14.816
2023-10,2023,10–20 kW,Canadian Solar,471.68,29,16.2648275862069
2023-10,2023,10–20 kW,Chint,226.2,15,15.08
2023-10,2023,10–20 kW,Deye,9015.83,608,14.828667763157895
2023-10,2023,10–20 kW,Ecosolys,35.0,2,17.5
2023-10,2023,10–20 kW,Elgin,499.29,32,15.6028125
2023-10,2023,10–20 kW,Empalux,153.10999999999999,10,15.310999999999998
2023-10,2023,10–20 kW,Enphase,261.54,19,13.765263157894738
2023-10,2023,10–20 kW,Foxess,384.82,28,13.743571428571428
2023-10,2023,10–20 kW,Fronius,356.28,24,14.844999999999999
2023-10,2023,10–20 kW,GE,18.4,1,18.4
2023-10,2023,10–20 kW,Goodwe,1195.13,78,15.322179487179488
2023-10,2023,10–20 kW,Growatt,14572.51,912,15.978629385964913
2023-10,2023,10–20 kW,Hopewind,181.75,12,15.145833333333334
2023-10,2023,10–20 kW,Hoymiles,1586.4,114,13.915789473684212
2023-10,2023,10–20 kW,Huawei,529.57,35,15.13057142857143
2023-10,2023,10–20 kW,Hypontech,1012.98,76,13.328684210526315
2023-10,2023,10–20 kW,Intelbras,2427.24,171,14.194385964912279
2023-10,2023,10–20 kW,Kehua,271.71999999999997,18,15.095555555555555
2023-10,2023,10–20 kW,Komeco,20.0,1,20.0
2023-10,2023,10–20 kW,Kstar,43.43,3,14.476666666666667
2023-10,2023,10–20 kW,Livoltek,304.61,20,15.230500000000001
2023-10,2023,10–20 kW,Nexen,79.5,5,15.9
2023-10,2023,10–20 kW,Não informado,3709.85,243,15.26687242798354
2023-10,2023,10–20 kW,Outros,1896.36,130,14.587384615384615
2023-10,2023,10–20 kW,PHB,813.66,57,14.274736842105263
2023-10,2023,10–20 kW,Renac,1425.75,107,13.324766355140186
2023-10,2023,10–20 kW,Renovigi,486.99,30,16.233
2023-10,2023,10–20 kW,SAJ,2521.44,166,15.189397590361446
2023-10,2023,10–20 kW,SHENZHEN,227.0,19,11.947368421052632
2023-10,2023,10–20 kW,SUNWAYS,90.0,5,18.0
2023-10,2023,10–20 kW,Sofar Solar,3498.65,260,13.456346153846154
2023-10,2023,10–20 kW,SolarEdge,126.36,8,15.795
2023-10,2023,10–20 kW,Solis (Ginlong),4612.91,297,15.531683501683501
2023-10,2023,10–20 kW,Solplanet,3527.82,225,15.679200000000002
2023-10,2023,10–20 kW,Sungrow,3129.56,204,15.340980392156862
2023-10,2023,10–20 kW,Tsun,15.0,1,15.0
2023-10,2023,10–20 kW,WEG,3484.45,246,14.164430894308943
2023-10,2023,10–20 kW,WEG (Huawei),145.36,9,16.151111111111113
2023-10,2023,20–75 kW,ABB/FIMER,219.6,5,43.92
2023-10,2023,20–75 kW,APsystems,990.0,31,31.93548387096774
2023-10,2023,20–75 kW,BYD,893.13,17,52.537058823529414
2023-10,2023,20–75 kW,Bedin Solar,1430.76,24,59.615
2023-10,2023,20–75 kW,Bel Energy,3124.62,79,39.552151898734174
2023-10,2023,20–75 kW,Canadian Solar,2008.57,43,46.71093023255814
2023-10,2023,20–75 kW,Chint,351.88,10,35.188
2023-10,2023,20–75 kW,Deye,11775.49,291,40.46560137457045
2023-10,2023,20–75 kW,Ecosolys,30.0,1,30.0
2023-10,2023,20–75 kW,Elgin,1449.69,32,45.3028125
2023-10,2023,20–75 kW,Empalux,500.27,12,41.689166666666665
2023-10,2023,20–75 kW,Enphase,262.6,9,29.17777777777778
2023-10,2023,20–75 kW,Foxess,549.5,14,39.25
2023-10,2023,20–75 kW,Fronius,1081.9,21,51.519047619047626
2023-10,2023,20–75 kW,GE,259.33,6,43.221666666666664
2023-10,2023,20–75 kW,Goodwe,2573.64,53,48.55924528301887
2023-10,2023,20–75 kW,Growatt,34731.72,774,44.873023255813955
2023-10,2023,20–75 kW,Hopewind,419.64,12,34.97
2023-10,2023,20–75 kW,Hoymiles,1450.64,42,34.53904761904762
2023-10,2023,20–75 kW,Huawei,2875.17,51,56.375882352941176
2023-10,2023,20–75 kW,Hypontech,753.0699999999999,21,35.860476190476184
2023-10,2023,20–75 kW,Ingeteam,55.0,1,55.0
2023-10,2023,20–75 kW,Intelbras,2600.71,63,41.28111111111111
2023-10,2023,20–75 kW,Kehua,610.02,14,43.57285714285714
2023-10,2023,20–75 kW,Komeco,256.0,5,51.2
2023-10,2023,20–75 kW,Kstar,212.92000000000002,3,70.97333333333334
2023-10,2023,20–75 kW,Livoltek,52.0,2,26.0
2023-10,2023,20–75 kW,Não informado,8654.92,192,45.077708333333334
2023-10,2023,20–75 kW,Outros,4639.04,106,43.76452830188679
2023-10,2023,20–75 kW,PHB,2256.92,52,43.402307692307694
2023-10,2023,20–75 kW,Refusol,80.0,3,26.666666666666668
2023-10,2023,20–75 kW,Renac,1566.21,43,36.423488372093026
2023-10,2023,20–75 kW,Renovigi,1149.46,22,52.24818181818182
2023-10,2023,20–75 kW,SAJ,2693.74,81,33.25604938271605
2023-10,2023,20–75 kW,SHENZHEN,764.3,14,54.59285714285714
2023-10,2023,20–75 kW,SMA,75.0,1,75.0
2023-10,2023,20–75 kW,Sofar Solar,4448.65,108,41.1912037037037
2023-10,2023,20–75 kW,SolarEdge,1751.95,36,48.66527777777778
2023-10,2023,20–75 kW,Solax Power,75.0,2,37.5
2023-10,2023,20–75 kW,Solis (Ginlong),21558.67,431,50.02011600928074
2023-10,2023,20–75 kW,Solplanet,3770.74,109,34.59394495412844
2023-10,2023,20–75 kW,Sungrow,7126.16,138,51.63884057971014
2023-10,2023,20–75 kW,WEG,9544.1,207,46.10676328502416
2023-10,2023,20–75 kW,WEG (Huawei),852.65,18,47.36944444444444
2023-10,2023,75–300 kW,BYD,150.0,1,150.0
2023-10,2023,75–300 kW,Bel Energy,385.0,2,192.5
2023-10,2023,75–300 kW,Canadian Solar,1575.0,12,131.25
2023-10,2023,75–300 kW,Deye,1406.43,9,156.27
2023-10,2023,75–300 kW,Elgin,125.0,1,125.0
2023-10,2023,75–300 kW,Enphase,92.07,1,92.07
2023-10,2023,75–300 kW,Fronius,973.0,5,194.6
2023-10,2023,75–300 kW,Goodwe,1020.0,6,170.0
2023-10,2023,75–300 kW,Growatt,6069.37,34,178.51088235294117
2023-10,2023,75–300 kW,Hopewind,150.0,1,150.0
2023-10,2023,75–300 kW,Hoymiles,118.0,1,118.0
2023-10,2023,75–300 kW,Huawei,2195.0,9,243.88888888888889
2023-10,2023,75–300 kW,Intelbras,300.0,1,300.0
2023-10,2023,75–300 kW,Komeco,215.0,1,215.0
2023-10,2023,75–300 kW,Não informado,360.0,2,180.0
2023-10,2023,75–300 kW,Outros,1662.13,12,138.51083333333335
2023-10,2023,75–300 kW,PHB,585.0,3,195.0
2023-10,2023,75–300 kW,Renovigi,378.4,3,126.13333333333333
2023-10,2023,75–300 kW,SAJ,325.0,3,108.33333333333333
2023-10,2023,75–300 kW,Sofar Solar,530.0,3,176.66666666666666
2023-10,2023,75–300 kW,SolarEdge,1778.6,11,161.6909090909091
2023-10,2023,75–300 kW,Solis (Ginlong),4193.7,25,167.748
2023-10,2023,75–300 kW,Solplanet,300.48,2,150.24
2023-10,2023,75–300 kW,Sungrow,4822.96,31,155.5793548387097
2023-10,2023,75–300 kW,WEG,4031.42,27,149.31185185185186
2023-10,2023,75–300 kW,WEG (Huawei),780.0,3,260.0
2023-10,2023,300 kW–1 MW,ABB/FIMER,500.0,1,500.0
2023-10,2023,300 kW–1 MW,Canadian Solar,4000.0,4,1000.0
2023-10,2023,300 kW–1 MW,Fronius,900.0,1,900.0
2023-10,2023,300 kW–1 MW,Growatt,3631.3199999999997,5,726.2639999999999
2023-10,2023,300 kW–1 MW,Huawei,22000.0,25,880.0
2023-10,2023,300 kW–1 MW,Ingeteam,417.9,1,417.9
2023-10,2023,300 kW–1 MW,Kstar,5000.0,5,1000.0
2023-10,2023,300 kW–1 MW,Não informado,1720.0,2,860.0
2023-10,2023,300 kW–1 MW,Outros,950.0,1,950.0
2023-10,2023,300 kW–1 MW,SAJ,1000.0,1,1000.0
2023-10,2023,300 kW–1 MW,Sofar Solar,4000.0,5,800.0
2023-10,2023,300 kW–1 MW,SolarEdge,2794.0,5,558.8
2023-10,2023,300 kW–1 MW,Solis (Ginlong),4527.0,8,565.875
2023-10,2023,300 kW–1 MW,Sungrow,22823.0,26,877.8076923076923
2023-10,2023,300 kW–1 MW,WEG,1555.0,3,518.3333333333334
2023-10,2023,300 kW–1 MW,WEG (Huawei),399.84,1,399.84
2023-10,2023,1–5 MW,Canadian Solar,3000.0,1,3000.0
2023-10,2023,1–5 MW,Goodwe,2500.0,1,2500.0
2023-10,2023,1–5 MW,Huawei,24375.0,9,2708.3333333333335
2023-10,2023,1–5 MW,Ingeteam,2500.0,2,1250.0
2023-10,2023,1–5 MW,Outros,8748.26,3,2916.0866666666666
2023-10,2023,1–5 MW,SMA,2400.0,1,2400.0
2023-10,2023,1–5 MW,Sungrow,17493.2,8,2186.65
2023-10,2023,1–5 MW,WEG,3750.0,2,1875.0
2023-10,2023,1–5 MW,WEG (Huawei),1100.0,1,1100.0
2023-11,2023,≤10 kW,ABB/FIMER,24.45,5,4.89
2023-11,2023,≤10 kW,APsystems,2817.02,565,4.985876106194691
2023-11,2023,≤10 kW,Auxsol,10.0,1,10.0
2023-11,2023,≤10 kW,BYD,415.52,74,5.615135135135135
2023-11,2023,≤10 kW,Bedin Solar,1941.78,387,5.017519379844961
2023-11,2023,≤10 kW,Bel Energy,9509.210000000001,1896,5.015406118143461
2023-11,2023,≤10 kW,Canadian Solar,3354.2000000000003,686,4.889504373177843
2023-11,2023,≤10 kW,Chint,871.33,154,5.657987012987014
2023-11,2023,≤10 kW,Deye,35428.29,6937,5.107148623324203
2023-11,2023,≤10 kW,Each Energy,3.3,1,3.3
2023-11,2023,≤10 kW,Ecosolys,79.22,16,4.95125
2023-11,2023,≤10 kW,Elgin,1839.28,329,5.590516717325228
2023-11,2023,≤10 kW,Empalux,1031.22,183,5.6350819672131145
2023-11,2023,≤10 kW,Enphase,989.52,235,4.210723404255319
2023-11,2023,≤10 kW,Foxess,1279.41,242,5.286818181818182
2023-11,2023,≤10 kW,Fronius,459.06,91,5.044615384615384
2023-11,2023,≤10 kW,GE,24.0,3,8.0
2023-11,2023,≤10 kW,Goodwe,5569.77,1098,5.072650273224044
2023-11,2023,≤10 kW,Growatt,58521.02,10177,5.7503213127640755
2023-11,2023,≤10 kW,Hopewind,384.93,70,5.499
2023-11,2023,≤10 kW,Hoymiles,7652.11,1765,4.335473087818697
2023-11,2023,≤10 kW,Huawei,1564.46,301,5.197541528239203
2023-11,2023,≤10 kW,Hypontech,2567.57,431,5.95723897911833
2023-11,2023,≤10 kW,Ingeteam,54.82,9,6.091111111111111
2023-11,2023,≤10 kW,Intelbras,8630.19,1595,5.410777429467085
2023-11,2023,≤10 kW,Kehua,610.54,110,5.550363636363636
2023-11,2023,≤10 kW,Komeco,33.3,6,5.55
2023-11,2023,≤10 kW,Kstar,137.96,29,4.757241379310345
2023-11,2023,≤10 kW,Livoltek,2081.37,412,5.051868932038834
2023-11,2023,≤10 kW,NEP,4.720000000000001,5,0.9440000000000002
2023-11,2023,≤10 kW,Nansen,91.4,15,6.093333333333334
2023-11,2023,≤10 kW,Nexen,1080.78,191,5.6585340314136126
2023-11,2023,≤10 kW,Não informado,7103.57,1276,5.567061128526645
2023-11,2023,≤10 kW,Outros,5054.69,941,5.371615302869287
2023-11,2023,≤10 kW,PHB,3140.2,597,5.259966499162479
2023-11,2023,≤10 kW,Refusol,68.33,15,4.5553333333333335
2023-11,2023,≤10 kW,Renac,3300.49,590,5.594050847457627
2023-11,2023,≤10 kW,Renovigi,2251.03,398,5.655854271356785
2023-11,2023,≤10 kW,SAJ,10431.18,1928,5.410363070539419
2023-11,2023,≤10 kW,SHENZHEN,144.9,28,5.175
2023-11,2023,≤10 kW,SMA,28.95,5,5.79
2023-11,2023,≤10 kW,SUNWAYS,271.63,59,4.603898305084746
2023-11,2023,≤10 kW,Sofar Solar,11092.05,1981,5.599217566885411
2023-11,2023,≤10 kW,SolarEdge,205.27,35,5.864857142857143
2023-11,2023,≤10 kW,Solax Power,12.85,3,4.283333333333333
2023-11,2023,≤10 kW,Solis (Ginlong),15390.88,2702,5.696106587712805
2023-11,2023,≤10 kW,Solplanet,12399.77,2180,5.687967889908257
2023-11,2023,≤10 kW,Sungrow,11356.75,1954,5.812052200614125
2023-11,2023,≤10 kW,Tsun,220.88,115,1.920695652173913
2023-11,2023,≤10 kW,WEG,10446.66,2107,4.958073089700997
2023-11,2023,≤10 kW,WEG (Huawei),79.21,13,6.093076923076922
2023-11,2023,10–20 kW,ABB/FIMER,44.86,3,14.953333333333333
2023-11,2023,10–20 kW,APsystems,861.01,59,14.593389830508475
2023-11,2023,10–20 kW,BYD,227.44,15,15.162666666666667
2023-11,2023,10–20 kW,Bedin Solar,244.42,15,16.294666666666664
2023-11,2023,10–20 kW,Bel Energy,1999.08,135,14.808
2023-11,2023,10–20 kW,Canadian Solar,666.85,41,16.264634146341464
2023-11,2023,10–20 kW,Chint,195.99,13,15.076153846153847
2023-11,2023,10–20 kW,Deye,8500.44,571,14.886935201401052
2023-11,2023,10–20 kW,Ecosolys,50.56,4,12.64
2023-11,2023,10–20 kW,Elgin,694.83,47,14.783617021276596
2023-11,2023,10–20 kW,Empalux,525.34,33,15.91939393939394
2023-11,2023,10–20 kW,Enphase,296.92,22,13.496363636363638
2023-11,2023,10–20 kW,Foxess,564.48,40,14.112
2023-11,2023,10–20 kW,Fronius,237.51,16,14.844375
2023-11,2023,10–20 kW,Goodwe,1507.57,96,15.703854166666666
2023-11,2023,10–20 kW,Growatt,14424.33,912,15.816151315789474
2023-11,2023,10–20 kW,Hopewind,237.65,17,13.979411764705883
2023-11,2023,10–20 kW,Hoymiles,2128.22,151,14.094172185430462
2023-11,2023,10–20 kW,Huawei,796.1,52,15.309615384615386
2023-11,2023,10–20 kW,Hypontech,965.0,70,13.785714285714286
2023-11,2023,10–20 kW,Ingeteam,27.77,2,13.885
2023-11,2023,10–20 kW,Intelbras,2537.58,185,13.716648648648649
2023-11,2023,10–20 kW,Kehua,240.57999999999998,16,15.036249999999999
2023-11,2023,10–20 kW,Komeco,20.0,1,20.0
2023-11,2023,10–20 kW,Kstar,65.3,5,13.059999999999999
2023-11,2023,10–20 kW,Livoltek,181.51,13,13.962307692307691
2023-11,2023,10–20 kW,Nansen,12.76,1,12.76
2023-11,2023,10–20 kW,Nexen,217.95,16,13.621875
2023-11,2023,10–20 kW,Não informado,3615.32,238,15.190420168067227
2023-11,2023,10–20 kW,Outros,1955.36,135,14.484148148148147
2023-11,2023,10–20 kW,PHB,765.06,54,14.167777777777777
2023-11,2023,10–20 kW,Refusol,13.0,1,13.0
2023-11,2023,10–20 kW,Renac,1182.15,89,13.282584269662923
2023-11,2023,10–20 kW,Renovigi,532.1800000000001,32,16.630625000000002
2023-11,2023,10–20 kW,SAJ,2871.91,188,15.276117021276596
2023-11,2023,10–20 kW,SHENZHEN,197.3,17,11.605882352941178
2023-11,2023,10–20 kW,Sofar Solar,4821.08,365,13.208438356164383
2023-11,2023,10–20 kW,SolarEdge,145.89,10,14.588999999999999
2023-11,2023,10–20 kW,Solax Power,46.6,3,15.533333333333333
2023-11,2023,10–20 kW,Solis (Ginlong),4270.3,271,15.757564575645757
2023-11,2023,10–20 kW,Solplanet,4341.86,273,15.904249084249082
2023-11,2023,10–20 kW,Sungrow,3439.52,220,15.634181818181817
2023-11,2023,10–20 kW,Tsun,37.5,3,12.5
2023-11,2023,10–20 kW,WEG,3743.81,277,13.515559566787003
2023-11,2023,10–20 kW,WEG (Huawei),113.25999999999999,8,14.157499999999999
2023-11,2023,20–75 kW,ABB/FIMER,171.28,5,34.256
2023-11,2023,20–75 kW,APsystems,1156.61,33,35.04878787878788
2023-11,2023,20–75 kW,BYD,679.6,13,52.276923076923076
2023-11,2023,20–75 kW,Bedin Solar,1529.62,25,61.184799999999996
2023-11,2023,20–75 kW,Bel Energy,2721.22,79,34.445822784810126
2023-11,2023,20–75 kW,Canadian Solar,2001.51,41,48.817317073170734
2023-11,2023,20–75 kW,Chint,700.02,14,50.00142857142857
2023-11,2023,20–75 kW,Deye,11522.81,281,41.00644128113879
2023-11,2023,20–75 kW,Ecosolys,60.0,2,30.0
2023-11,2023,20–75 kW,Elgin,1267.1,32,39.596875
2023-11,2023,20–75 kW,Empalux,326.5,9,36.27777777777778
2023-11,2023,20–75 kW,Enphase,215.98000000000002,7,30.854285714285716
2023-11,2023,20–75 kW,Foxess,353.5,9,39.27777777777778
2023-11,2023,20–75 kW,Fronius,1880.02,42,44.76238095238095
2023-11,2023,20–75 kW,GE,20.1,1,20.1
2023-11,2023,20–75 kW,Goodwe,2556.86,54,47.34925925925926
2023-11,2023,20–75 kW,Growatt,29606.61,678,43.66756637168142
2023-11,2023,20–75 kW,Hopewind,635.03,12,52.91916666666666
2023-11,2023,20–75 kW,Hoymiles,1439.12,45,31.98044444444444
2023-11,2023,20–75 kW,Huawei,3294.27,63,52.29
2023-11,2023,20–75 kW,Hypontech,536.39,15,35.75933333333333
2023-11,2023,20–75 kW,Intelbras,2465.35,60,41.089166666666664
2023-11,2023,20–75 kW,Kehua,378.64,8,47.33
2023-11,2023,20–75 kW,Komeco,122.0,3,40.666666666666664
2023-11,2023,20–75 kW,Kstar,64.15,2,32.075
2023-11,2023,20–75 kW,Livoltek,60.0,2,30.0
2023-11,2023,20–75 kW,Nexen,22.5,1,22.5
2023-11,2023,20–75 kW,Não informado,7457.68,172,43.35860465116279
2023-11,2023,20–75 kW,Outros,4260.91,91,46.82318681318681
2023-11,2023,20–75 kW,PHB,2064.67,51,40.48372549019608
2023-11,2023,20–75 kW,Refusol,22.0,1,22.0
2023-11,2023,20–75 kW,Renac,1498.65,32,46.8328125
2023-11,2023,20–75 kW,Renovigi,806.0699999999999,17,47.415882352941175
2023-11,2023,20–75 kW,SAJ,3787.03,105,36.06695238095238
2023-11,2023,20–75 kW,SHENZHEN,817.0699999999999,17,48.06294117647059
2023-11,2023,20–75 kW,SMA,240.0,4,60.0
2023-11,2023,20–75 kW,Sofar Solar,4685.28,118,39.7057627118644
2023-11,2023,20–75 kW,SolarEdge,1929.28,40,48.232
2023-11,2023,20–75 kW,Solis (Ginlong),21016.27,422,49.80158767772512
2023-11,2023,20–75 kW,Solplanet,4416.81,115,38.407043478260874
2023-11,2023,20–75 kW,Sungrow,7542.46,159,47.43685534591195
2023-11,2023,20–75 kW,Tsun,21.0,1,21.0
2023-11,2023,20–75 kW,WEG,11824.67,240,49.26945833333333
2023-11,2023,20–75 kW,WEG (Huawei),720.75,13,55.44230769230769
2023-11,2023,75–300 kW,Bedin Solar,300.0,1,300.0
2023-11,2023,75–300 kW,Bel Energy,1039.0,5,207.8
2023-11,2023,75–300 kW,Canadian Solar,110.0,1,110.0
2023-11,2023,75–300 kW,Chint,125.0,1,125.0
2023-11,2023,75–300 kW,Deye,1736.62,10,173.66199999999998
2023-11,2023,75–300 kW,Fronius,136.68,1,136.68
2023-11,2023,75–300 kW,Goodwe,860.0,4,215.0
2023-11,2023,75–300 kW,Growatt,5159.0,30,171.96666666666667
2023-11,2023,75–300 kW,Hopewind,300.0,1,300.0
2023-11,2023,75–300 kW,Huawei,1717.0,8,214.625
2023-11,2023,75–300 kW,Intelbras,550.0,2,275.0
2023-11,2023,75–300 kW,Não informado,550.0,3,183.33333333333334
2023-11,2023,75–300 kW,Outros,1124.0,8,140.5
2023-11,2023,75–300 kW,PHB,728.5,3,242.83333333333334
2023-11,2023,75–300 kW,Renovigi,110.0,1,110.0
2023-11,2023,75–300 kW,SAJ,90.0,1,90.0
2023-11,2023,75–300 kW,SHENZHEN,400.0,2,200.0
2023-11,2023,75–300 kW,SMA,220.0,1,220.0
2023-11,2023,75–300 kW,Sofar Solar,410.0,2,205.0
2023-11,2023,75–300 kW,SolarEdge,447.05,3,149.01666666666668
2023-11,2023,75–300 kW,Solis (Ginlong),3253.75,17,191.39705882352942
2023-11,2023,75–300 kW,Solplanet,100.0,1,100.0
2023-11,2023,75–300 kW,Sungrow,6179.07,35,176.54485714285713
2023-11,2023,75–300 kW,WEG,2637.6,15,175.84
2023-11,2023,75–300 kW,WEG (Huawei),120.0,1,120.0
2023-11,2023,300 kW–1 MW,Canadian Solar,1000.0,1,1000.0
2023-11,2023,300 kW–1 MW,Fronius,702.0,1,702.0
2023-11,2023,300 kW–1 MW,GE,580.0,1,580.0
2023-11,2023,300 kW–1 MW,Growatt,6321.0,11,574.6363636363636
2023-11,2023,300 kW–1 MW,Hopewind,525.0,1,525.0
2023-11,2023,300 kW–1 MW,Huawei,7200.0,9,800.0
2023-11,2023,300 kW–1 MW,Não informado,999.6,1,999.6
2023-11,2023,300 kW–1 MW,Outros,2367.0,3,789.0
2023-11,2023,300 kW–1 MW,Sofar Solar,700.0,1,700.0
2023-11,2023,300 kW–1 MW,SolarEdge,1734.2,3,578.0666666666667
2023-11,2023,300 kW–1 MW,Solis (Ginlong),4485.0,7,640.7142857142857
2023-11,2023,300 kW–1 MW,Sungrow,47287.0,54,875.6851851851852
2023-11,2023,300 kW–1 MW,TBEA,6000.0,6,1000.0
2023-11,2023,300 kW–1 MW,WEG,4802.5,7,686.0714285714286
2023-11,2023,300 kW–1 MW,WEG (Huawei),1360.0,2,680.0
2023-11,2023,1–5 MW,ABB/FIMER,2500.0,1,2500.0
2023-11,2023,1–5 MW,Deye,4146.6,3,1382.2
2023-11,2023,1–5 MW,Growatt,2500.0,1,2500.0
2023-11,2023,1–5 MW,Huawei,14010.0,7,2001.4285714285713
2023-11,2023,1–5 MW,Ingeteam,2500.0,1,2500.0
2023-11,2023,1–5 MW,Não informado,1600.0,1,1600.0
2023-11,2023,1–5 MW,Renovigi,1630.0,1,1630.0
2023-11,2023,1–5 MW,SolarEdge,1920.0,1,1920.0
2023-11,2023,1–5 MW,Sungrow,10270.0,6,1711.6666666666667
2023-12,2023,≤10 kW,ABB/FIMER,22.9,6,3.8166666666666664
2023-12,2023,≤10 kW,APsystems,3509.48,707,4.963903818953324
2023-12,2023,≤10 kW,Auxsol,6.0,1,6.0
2023-12,2023,≤10 kW,B&B POWER,10.719999999999999,3,3.573333333333333
2023-12,2023,≤10 kW,BYD,306.36,54,5.673333333333334
2023-12,2023,≤10 kW,Bedin Solar,2453.95,514,4.774221789883268
2023-12,2023,≤10 kW,Bel Energy,10373.14,2138,4.851796071094481
2023-12,2023,≤10 kW,Canadian Solar,3553.44,726,4.8945454545454545
2023-12,2023,≤10 kW,Chint,1910.02,351,5.441652421652422
2023-12,2023,≤10 kW,Deye,42060.25,8146,5.163301006629021
2023-12,2023,≤10 kW,Each Energy,41.95,8,5.24375
2023-12,2023,≤10 kW,Ecosolys,74.31,15,4.954
2023-12,2023,≤10 kW,Elgin,2200.07,388,5.670283505154639
2023-12,2023,≤10 kW,Emerson,3.0,1,3.0
2023-12,2023,≤10 kW,Empalux,1378.3,233,5.915450643776824
2023-12,2023,≤10 kW,Enphase,1353.09,324,4.176203703703703
2023-12,2023,≤10 kW,Foxess,1446.74,280,5.1669285714285715
2023-12,2023,≤10 kW,Fronius,432.14,81,5.335061728395061
2023-12,2023,≤10 kW,GE,65.78,9,7.308888888888889
2023-12,2023,≤10 kW,Goodwe,5886.41,1215,4.844781893004115
2023-12,2023,≤10 kW,Growatt,63330.44,10815,5.855796578825705
2023-12,2023,≤10 kW,Hopewind,726.29,127,5.718818897637795
2023-12,2023,≤10 kW,Hoymiles,8182.14,1791,4.568475711892797
2023-12,2023,≤10 kW,Huawei,1747.55,333,5.247897897897897
2023-12,2023,≤10 kW,Hypontech,2874.88,505,5.6928316831683174
2023-12,2023,≤10 kW,Ingeteam,74.41,12,6.200833333333333
2023-12,2023,≤10 kW,Intelbras,8439.85,1575,5.358634920634921
2023-12,2023,≤10 kW,Kehua,1203.29,214,5.6228504672897195
2023-12,2023,≤10 kW,Komeco,61.05,9,6.783333333333333
2023-12,2023,≤10 kW,Kstar,235.29,54,4.357222222222222
2023-12,2023,≤10 kW,Livoltek,2812.02,538,5.226802973977695
2023-12,2023,≤10 kW,NEP,27.990000000000002,24,1.16625
2023-12,2023,≤10 kW,Nansen,251.0,44,5.704545454545454
2023-12,2023,≤10 kW,Nexen,1237.82,233,5.312532188841201
2023-12,2023,≤10 kW,Não informado,8550.57,1555,5.4987588424437295
2023-12,2023,≤10 kW,Outros,5977.48,1137,5.257238346525945
2023-12,2023,≤10 kW,PHB,3455.18,665,5.19575939849624
2023-12,2023,≤10 kW,Refusol,65.92,14,4.708571428571429
2023-12,2023,≤10 kW,Renac,3706.68,668,5.548922155688622
2023-12,2023,≤10 kW,Renovigi,2655.95,487,5.453696098562628
2023-12,2023,≤10 kW,SAJ,11687.1,2047,5.709379579872985
2023-12,2023,≤10 kW,SHENZHEN,223.0,40,5.575
2023-12,2023,≤10 kW,SMA,10.0,1,10.0
2023-12,2023,≤10 kW,SUNWAYS,286.39,52,5.507499999999999
2023-12,2023,≤10 kW,Sofar Solar,13221.19,2322,5.693880275624462
2023-12,2023,≤10 kW,SolarEdge,186.85,33,5.662121212121212
2023-12,2023,≤10 kW,Solax Power,28.0,6,4.666666666666667
2023-12,2023,≤10 kW,Solis (Ginlong),20083.77,3543,5.668577476714649
2023-12,2023,≤10 kW,Solplanet,18195.64,3165,5.7490173775671405
2023-12,2023,≤10 kW,Sungrow,12866.79,2206,5.832633726201269
2023-12,2023,≤10 kW,TSUNESS,3.0,1,3.0
2023-12,2023,≤10 kW,Tsun,256.49,119,2.1553781512605044
2023-12,2023,≤10 kW,WEG,13166.85,2599,5.066121585225087
2023-12,2023,≤10 kW,WEG (Huawei),89.31,14,6.3792857142857144
2023-12,2023,10–20 kW,ABB/FIMER,32.65,2,16.325
2023-12,2023,10–20 kW,APsystems,1078.64,75,14.381866666666667
2023-12,2023,10–20 kW,BYD,279.02,18,15.50111111111111
2023-12,2023,10–20 kW,Bedin Solar,249.1,17,14.652941176470588
2023-12,2023,10–20 kW,Bel Energy,1913.07,131,14.603587786259542
2023-12,2023,10–20 kW,Canadian Solar,816.39,49,16.661020408163264
2023-12,2023,10–20 kW,Chint,365.71,24,15.237916666666665
2023-12,2023,10–20 kW,Deye,9673.16,664,14.56801204819277
2023-12,2023,10–20 kW,Ecosolys,46.04,3,15.346666666666666
2023-12,2023,10–20 kW,Elgin,763.39,50,15.2678
2023-12,2023,10–20 kW,Empalux,339.72,22,15.441818181818183
2023-12,2023,10–20 kW,Enphase,277.75,21,13.226190476190476
2023-12,2023,10–20 kW,Foxess,549.99,41,13.414390243902439
2023-12,2023,10–20 kW,Fronius,305.11,20,15.255500000000001
2023-12,2023,10–20 kW,GE,61.29,4,15.3225
2023-12,2023,10–20 kW,Goodwe,1372.07,95,14.442842105263157
2023-12,2023,10–20 kW,Growatt,15905.85,1000,15.905850000000001
2023-12,2023,10–20 kW,Hopewind,217.8,13,16.753846153846155
2023-12,2023,10–20 kW,Hoymiles,2096.25,148,14.16385135135135
2023-12,2023,10–20 kW,Huawei,849.89,55,15.452545454545454
2023-12,2023,10–20 kW,Hypontech,890.44,64,13.913125
2023-12,2023,10–20 kW,Ingeteam,26.0,2,13.0
2023-12,2023,10–20 kW,Intelbras,2222.95,156,14.249679487179487
2023-12,2023,10–20 kW,Kehua,411.44,29,14.187586206896551
2023-12,2023,10–20 kW,Komeco,35.0,2,17.5
2023-12,2023,10–20 kW,Kstar,12.0,1,12.0
2023-12,2023,10–20 kW,Livoltek,219.26,15,14.617333333333333
2023-12,2023,10–20 kW,Nansen,40.42,3,13.473333333333334
2023-12,2023,10–20 kW,Nexen,186.9,13,14.376923076923077
2023-12,2023,10–20 kW,Não informado,3927.28,261,15.047049808429119
2023-12,2023,10–20 kW,Outros,2072.59,150,13.817266666666667
2023-12,2023,10–20 kW,PHB,1043.38,73,14.292876712328768
2023-12,2023,10–20 kW,Renac,1194.87,90,13.276333333333332
2023-12,2023,10–20 kW,Renovigi,425.85,27,15.772222222222224
2023-12,2023,10–20 kW,SAJ,2867.36,190,15.091368421052632
2023-12,2023,10–20 kW,SHENZHEN,197.18,15,13.145333333333333
2023-12,2023,10–20 kW,SUNWAYS,37.84,3,12.613333333333335
2023-12,2023,10–20 kW,Sofar Solar,5556.09,427,13.01192037470726
2023-12,2023,10–20 kW,SolarEdge,116.88,7,16.697142857142858
2023-12,2023,10–20 kW,Solax Power,16.5,1,16.5
2023-12,2023,10–20 kW,Solis (Ginlong),4859.19,316,15.377183544303795
2023-12,2023,10–20 kW,Solplanet,4869.53,309,15.758996763754045
2023-12,2023,10–20 kW,Sungrow,3787.56,244,15.522786885245901
2023-12,2023,10–20 kW,Tsun,24.0,2,12.0
2023-12,2023,10–20 kW,WEG,4208.31,316,13.317436708860761
2023-12,2023,10–20 kW,WEG (Huawei),200.60999999999999,15,13.373999999999999
2023-12,2023,20–75 kW,ABB/FIMER,115.0,2,57.5
2023-12,2023,20–75 kW,APsystems,981.87,31,31.67322580645161
2023-12,2023,20–75 kW,BYD,434.0,9,48.22222222222222
2023-12,2023,20–75 kW,Bedin Solar,1629.72,30,54.324
2023-12,2023,20–75 kW,Bel Energy,2626.81,77,34.11441558441558
2023-12,2023,20–75 kW,Canadian Solar,1631.8,43,37.948837209302326
2023-12,2023,20–75 kW,Chint,661.65,15,44.11
2023-12,2023,20–75 kW,Deye,12645.32,320,39.516625
2023-12,2023,20–75 kW,Ecosolys,30.0,1,30.0
2023-12,2023,20–75 kW,Elgin,1030.83,24,42.951249999999995
2023-12,2023,20–75 kW,Empalux,626.5,16,39.15625
2023-12,2023,20–75 kW,Enphase,311.0,9,34.55555555555556
2023-12,2023,20–75 kW,Foxess,513.65,19,27.03421052631579
2023-12,2023,20–75 kW,Fronius,1005.26,25,40.2104
2023-12,2023,20–75 kW,GE,231.35,6,38.55833333333333
2023-12,2023,20–75 kW,Goodwe,1726.25,39,44.26282051282051
2023-12,2023,20–75 kW,Growatt,32306.6,726,44.49944903581267
2023-12,2023,20–75 kW,Hopewind,1042.69,19,54.87842105263158
2023-12,2023,20–75 kW,Hoymiles,1454.1299999999999,47,30.938936170212763
2023-12,2023,20–75 kW,Huawei,2558.83,54,47.38574074074074
2023-12,2023,20–75 kW,Hypontech,741.0,17,43.588235294117645
2023-12,2023,20–75 kW,Intelbras,2098.5099999999998,52,40.355961538461536
2023-12,2023,20–75 kW,Kehua,238.0,6,39.666666666666664
2023-12,2023,20–75 kW,Komeco,193.0,4,48.25
2023-12,2023,20–75 kW,Kstar,30.0,1,30.0
2023-12,2023,20–75 kW,Nexen,157.0,5,31.4
2023-12,2023,20–75 kW,Não informado,7874.55,196,40.176275510204086
2023-12,2023,20–75 kW,Outros,2844.16,70,40.63085714285714
2023-12,2023,20–75 kW,PHB,1682.2,38,44.26842105263158
2023-12,2023,20–75 kW,Renac,1518.61,48,31.637708333333332
2023-12,2023,20–75 kW,Renovigi,824.02,20,41.201
2023-12,2023,20–75 kW,SAJ,3954.58,99,39.94525252525253
2023-12,2023,20–75 kW,SHENZHEN,764.04,18,42.446666666666665
2023-12,2023,20–75 kW,SMA,325.0,6,54.166666666666664
2023-12,2023,20–75 kW,SUNWAYS,72.0,3,24.0
2023-12,2023,20–75 kW,Sofar Solar,4352.57,115,37.84843478260869
2023-12,2023,20–75 kW,SolarEdge,1468.69,32,45.8965625
2023-12,2023,20–75 kW,Solax Power,80.0,2,40.0
2023-12,2023,20–75 kW,Solis (Ginlong),23846.76,484,49.2701652892562
2023-12,2023,20–75 kW,Solplanet,4316.86,126,34.26079365079365
2023-12,2023,20–75 kW,Sungrow,7585.54,160,47.409625
2023-12,2023,20–75 kW,Tsun,42.0,2,21.0
2023-12,2023,20–75 kW,WEG,10444.78,227,46.01224669603525
2023-12,2023,20–75 kW,WEG (Huawei),519.29,10,51.928999999999995
2023-12,2023,75–300 kW,Canadian Solar,685.0,3,228.33333333333334
2023-12,2023,75–300 kW,Deye,814.0,7,116.28571428571429
2023-12,2023,75–300 kW,Elgin,120.0,1,120.0
2023-12,2023,75–300 kW,Empalux,85.0,1,85.0
2023-12,2023,75–300 kW,Fronius,788.4,4,197.1
2023-12,2023,75–300 kW,Goodwe,369.0,3,123.0
2023-12,2023,75–300 kW,Growatt,5440.28,31,175.49290322580643
2023-12,2023,75–300 kW,Hoymiles,361.79999999999995,2,180.89999999999998
2023-12,2023,75–300 kW,Huawei,1829.78,9,203.30888888888887
2023-12,2023,75–300 kW,Intelbras,450.0,2,225.0
2023-12,2023,75–300 kW,Komeco,140.0,1,140.0
2023-12,2023,75–300 kW,Kstar,200.0,1,200.0
2023-12,2023,75–300 kW,Não informado,1045.0,6,174.16666666666666
2023-12,2023,75–300 kW,Outros,772.0,6,128.66666666666666
2023-12,2023,75–300 kW,PHB,123.0,1,123.0
2023-12,2023,75–300 kW,Renac,300.0,1,300.0
2023-12,2023,75–300 kW,Renovigi,150.0,1,150.0
2023-12,2023,75–300 kW,SAJ,180.0,2,90.0
2023-12,2023,75–300 kW,SMA,260.0,2,130.0
2023-12,2023,75–300 kW,Sofar Solar,567.27,3,189.09
2023-12,2023,75–300 kW,SolarEdge,687.95,5,137.59
2023-12,2023,75–300 kW,Solis (Ginlong),5111.55,30,170.38500000000002
2023-12,2023,75–300 kW,Solplanet,385.0,3,128.33333333333334
2023-12,2023,75–300 kW,Sungrow,7498.0,45,166.62222222222223
2023-12,2023,75–300 kW,WEG,7018.0,33,212.66666666666666
2023-12,2023,300 kW–1 MW,Canadian Solar,2390.0,3,796.6666666666666
2023-12,2023,300 kW–1 MW,Deye,1375.0,2,687.5
2023-12,2023,300 kW–1 MW,Elgin,345.0,1,345.0
2023-12,2023,300 kW–1 MW,Goodwe,2425.0,4,606.25
2023-12,2023,300 kW–1 MW,Growatt,2660.0,4,665.0
2023-12,2023,300 kW–1 MW,Huawei,14894.64,17,876.155294117647
2023-12,2023,300 kW–1 MW,Intelbras,1050.0,2,525.0
2023-12,2023,300 kW–1 MW,Não informado,1480.0,2,740.0
2023-12,2023,300 kW–1 MW,Outros,4790.0,6,798.3333333333334
2023-12,2023,300 kW–1 MW,PHB,1024.0,2,512.0
2023-12,2023,300 kW–1 MW,Renovigi,350.0,1,350.0
2023-12,2023,300 kW–1 MW,SolarEdge,1175.0,2,587.5
2023-12,2023,300 kW–1 MW,Solis (Ginlong),1330.0,2,665.0
2023-12,2023,300 kW–1 MW,Sungrow,43531.0,53,821.3396226415094
2023-12,2023,300 kW–1 MW,TBEA,3524.0,4,881.0
2023-12,2023,300 kW–1 MW,WEG,8615.0,12,717.9166666666666
2023-12,2023,1–5 MW,Huawei,21825.0,6,3637.5
2023-12,2023,1–5 MW,Ingeteam,2500.0,1,2500.0
2023-12,2023,1–5 MW,Não informado,5295.0,2,2647.5
2023-12,2023,1–5 MW,Outros,3189.0,2,1594.5
2023-12,2023,1–5 MW,Sungrow,41000.0,17,2411.764705882353
2023-12,2023,1–5 MW,TBEA,2280.0,1,2280.0
2023-12,2023,1–5 MW,WEG,2700.0,2,1350.0
2023-12,2023,1–5 MW,WEG (Huawei),2000.0,1,2000.0
2024-01,2024,≤10 kW,ABB/FIMER,38.93,8,4.86625
2024-01,2024,≤10 kW,APsystems,3990.75,803,4.969800747198008
2024-01,2024,≤10 kW,Auxsol,26.0,3,8.666666666666666
2024-01,2024,≤10 kW,B&B POWER,3.0,1,3.0
2024-01,2024,≤10 kW,BYD,365.02,63,5.793968253968254
2024-01,2024,≤10 kW,Bedin Solar,2968.0,599,4.954924874791319
2024-01,2024,≤10 kW,Bel Energy,12064.880000000001,2506,4.81439744612929
2024-01,2024,≤10 kW,Canadian Solar,3151.87,625,5.042992
2024-01,2024,≤10 kW,Chint,2789.2,526,5.302661596958175
2024-01,2024,≤10 kW,Deye,50857.06,9586,5.305347381598164
2024-01,2024,≤10 kW,Each Energy,99.84,16,6.24
2024-01,2024,≤10 kW,Ecosolys,82.72,16,5.17
2024-01,2024,≤10 kW,Elgin,2877.51,515,5.587398058252427
2024-01,2024,≤10 kW,Emerson,10.0,2,5.0
2024-01,2024,≤10 kW,Empalux,1556.5,255,6.103921568627451
2024-01,2024,≤10 kW,Enphase,1770.92,415,4.267277108433735
2024-01,2024,≤10 kW,Foxess,1858.99,371,5.010754716981132
2024-01,2024,≤10 kW,Fronius,448.25,92,4.872282608695652
2024-01,2024,≤10 kW,GE,87.5,14,6.25
2024-01,2024,≤10 kW,Goodwe,5305.89,1114,4.7629174147217235
2024-01,2024,≤10 kW,Growatt,66787.54,11454,5.830935917583377
2024-01,2024,≤10 kW,Hopewind,803.43,133,6.040827067669173
2024-01,2024,≤10 kW,Hoymiles,9756.23,2117,4.608516769012754
2024-01,2024,≤10 kW,Huawei,1960.88,387,5.06687338501292
2024-01,2024,≤10 kW,Hypontech,3395.78,582,5.834673539518901
2024-01,2024,≤10 kW,Ingeteam,35.980000000000004,8,4.4975000000000005
2024-01,2024,≤10 kW,Intelbras,10345.48,1916,5.399519832985386
2024-01,2024,≤10 kW,Kehua,1761.19,302,5.831754966887417
2024-01,2024,≤10 kW,Komeco,56.6,11,5.1454545454545455
2024-01,2024,≤10 kW,Kstar,243.44,60,4.057333333333333
2024-01,2024,≤10 kW,Livoltek,2748.32,577,4.76311958405546
2024-01,2024,≤10 kW,NEP,25.86,9,2.873333333333333
2024-01,2024,≤10 kW,Nansen,395.12,69,5.726376811594203
2024-01,2024,≤10 kW,Nexen,1214.57,237,5.124767932489451
2024-01,2024,≤10 kW,Não informado,9151.21,1723,5.311207196749854
2024-01,2024,≤10 kW,Outros,7154.13,1306,5.477894333843798
2024-01,2024,≤10 kW,PHB,4063.25,807,5.035006195786865
2024-01,2024,≤10 kW,Refusol,66.03999999999999,16,4.1274999999999995
2024-01,2024,≤10 kW,Renac,4079.97,730,5.5889999999999995
2024-01,2024,≤10 kW,Renovigi,3028.83,550,5.506963636363636
2024-01,2024,≤10 kW,SAJ,12979.1,2346,5.532438192668372
2024-01,2024,≤10 kW,SHENZHEN,412.48,71,5.809577464788733
2024-01,2024,≤10 kW,SMA,34.7,7,4.957142857142857
2024-01,2024,≤10 kW,SUNWAYS,430.63,89,4.838539325842697
2024-01,2024,≤10 kW,Sofar Solar,17955.14,3049,5.88886192194162
2024-01,2024,≤10 kW,SolarEdge,369.59999999999997,58,6.372413793103448
2024-01,2024,≤10 kW,Solax Power,40.2,6,6.7
2024-01,2024,≤10 kW,Solis (Ginlong),24334.12,4236,5.744598677998111
2024-01,2024,≤10 kW,Solplanet,22689.64,3858,5.881192327630897
2024-01,2024,≤10 kW,Sungrow,17904.02,3037,5.8952979914389205
2024-01,2024,≤10 kW,TSUNESS,109.03,23,4.740434782608696
2024-01,2024,≤10 kW,Tsun,449.01,147,3.0544897959183674
2024-01,2024,≤10 kW,WEG,15771.94,3114,5.064849068721902
2024-01,2024,≤10 kW,WEG (Huawei),79.28,14,5.662857142857143
2024-01,2024,10–20 kW,ABB/FIMER,12.0,1,12.0
2024-01,2024,10–20 kW,APsystems,1204.11,82,14.684268292682926
2024-01,2024,10–20 kW,Auxsol,15.5,1,15.5
2024-01,2024,10–20 kW,BYD,177.0,10,17.7
2024-01,2024,10–20 kW,Bedin Solar,282.38,18,15.687777777777777
2024-01,2024,10–20 kW,Bel Energy,2155.57,143,15.073916083916085
2024-01,2024,10–20 kW,Canadian Solar,670.73,43,15.598372093023256
2024-01,2024,10–20 kW,Chint,428.41,28,15.300357142857143
2024-01,2024,10–20 kW,Deye,12000.9,808,14.85259900990099
2024-01,2024,10–20 kW,Each Energy,70.0,4,17.5
2024-01,2024,10–20 kW,Elgin,856.05,58,14.759482758620688
2024-01,2024,10–20 kW,Empalux,411.88,28,14.709999999999999
2024-01,2024,10–20 kW,Enphase,461.27,35,13.179142857142857
2024-01,2024,10–20 kW,Foxess,457.0,34,13.441176470588236
2024-01,2024,10–20 kW,Fronius,358.77,24,14.948749999999999
2024-01,2024,10–20 kW,GE,25.2,2,12.6
2024-01,2024,10–20 kW,Goodwe,1287.65,90,14.307222222222224
2024-01,2024,10–20 kW,Growatt,14908.72,941,15.843485653560041
2024-01,2024,10–20 kW,Hopewind,235.91,14,16.850714285714286
2024-01,2024,10–20 kW,Hoymiles,2213.82,158,14.011518987341773
2024-01,2024,10–20 kW,Huawei,847.53,56,15.134464285714285
2024-01,2024,10–20 kW,Hypontech,1418.98,115,12.33895652173913
2024-01,2024,10–20 kW,Intelbras,2238.17,155,14.439806451612904
2024-01,2024,10–20 kW,Kehua,435.95,31,14.062903225806451
2024-01,2024,10–20 kW,Komeco,20.0,1,20.0
2024-01,2024,10–20 kW,Kstar,12.0,1,12.0
2024-01,2024,10–20 kW,Livoltek,301.0,20,15.05
2024-01,2024,10–20 kW,NEP,20.0,1,20.0
2024-01,2024,10–20 kW,Nansen,95.53,7,13.647142857142857
2024-01,2024,10–20 kW,Nexen,69.43,5,13.886000000000001
2024-01,2024,10–20 kW,Não informado,3652.82,242,15.094297520661158
2024-01,2024,10–20 kW,Outros,2611.4,180,14.507777777777779
2024-01,2024,10–20 kW,PHB,882.16,63,14.002539682539682
2024-01,2024,10–20 kW,Renac,1632.27,125,13.058159999999999
2024-01,2024,10–20 kW,Renovigi,564.37,35,16.12485714285714
2024-01,2024,10–20 kW,SAJ,3299.22,219,15.064931506849314
2024-01,2024,10–20 kW,SHENZHEN,169.53,14,12.109285714285715
2024-01,2024,10–20 kW,SUNWAYS,47.88,3,15.96
2024-01,2024,10–20 kW,Sofar Solar,5794.18,448,12.9334375
2024-01,2024,10–20 kW,SolarEdge,128.95,9,14.327777777777776
2024-01,2024,10–20 kW,Solax Power,31.8,2,15.9
2024-01,2024,10–20 kW,Solis (Ginlong),5784.09,378,15.301825396825397
2024-01,2024,10–20 kW,Solplanet,5032.64,325,15.485046153846154
2024-01,2024,10–20 kW,Sungrow,4395.99,279,15.756236559139785
2024-01,2024,10–20 kW,Tsun,51.2,4,12.8
2024-01,2024,10–20 kW,WEG,4623.84,343,13.480583090379008
2024-01,2024,10–20 kW,WEG (Huawei),113.5,8,14.1875
2024-01,2024,20–75 kW,ABB/FIMER,132.5,2,66.25
2024-01,2024,20–75 kW,APsystems,1137.52,33,34.47030303030303
2024-01,2024,20–75 kW,BYD,409.85,9,45.53888888888889
2024-01,2024,20–75 kW,Bedin Solar,1588.93,29,54.790689655172415
2024-01,2024,20–75 kW,Bel Energy,2885.18,83,34.761204819277104
2024-01,2024,20–75 kW,Canadian Solar,2369.65,66,35.90378787878788
2024-01,2024,20–75 kW,Chint,618.78,16,38.67375
2024-01,2024,20–75 kW,Deye,10961.24,277,39.571263537906134
2024-01,2024,20–75 kW,Elgin,1426.52,37,38.5545945945946
2024-01,2024,20–75 kW,Emerson,25.0,1,25.0
2024-01,2024,20–75 kW,Empalux,644.5,15,42.96666666666667
2024-01,2024,20–75 kW,Enphase,267.33,9,29.703333333333333
2024-01,2024,20–75 kW,Foxess,418.19,12,34.84916666666667
2024-01,2024,20–75 kW,Fronius,1296.9,25,51.876000000000005
2024-01,2024,20–75 kW,GE,248.35,4,62.0875
2024-01,2024,20–75 kW,Goodwe,2360.58,57,41.41368421052631
2024-01,2024,20–75 kW,Growatt,31804.05,736,43.21202445652174
2024-01,2024,20–75 kW,Hopewind,534.63,14,38.18785714285714
2024-01,2024,20–75 kW,Hoymiles,1559.1,43,36.25813953488372
2024-01,2024,20–75 kW,Huawei,3311.26,71,46.637464788732395
2024-01,2024,20–75 kW,Hypontech,962.21,29,33.179655172413796
2024-01,2024,20–75 kW,Ingeteam,105.0,2,52.5
2024-01,2024,20–75 kW,Intelbras,2094.53,53,39.51943396226415
2024-01,2024,20–75 kW,Kehua,665.62,16,41.60125
2024-01,2024,20–75 kW,Komeco,62.0,2,31.0
2024-01,2024,20–75 kW,Kstar,192.95,4,48.2375
2024-01,2024,20–75 kW,Livoltek,271.0,9,30.11111111111111
2024-01,2024,20–75 kW,Nexen,22.75,1,22.75
2024-01,2024,20–75 kW,Não informado,10169.15,233,43.64442060085837
2024-01,2024,20–75 kW,Outros,4639.79,105,44.18847619047619
2024-01,2024,20–75 kW,PHB,1795.86,42,42.75857142857143
2024-01,2024,20–75 kW,Refusol,101.0,3,33.666666666666664
2024-01,2024,20–75 kW,Renac,1990.91,50,39.818200000000004
2024-01,2024,20–75 kW,Renovigi,1532.97,31,49.450645161290325
2024-01,2024,20–75 kW,SAJ,2916.36,78,37.38923076923077
2024-01,2024,20–75 kW,SHENZHEN,997.0,18,55.388888888888886
2024-01,2024,20–75 kW,SMA,467.25,8,58.40625
2024-01,2024,20–75 kW,SUNWAYS,150.0,3,50.0
2024-01,2024,20–75 kW,Sofar Solar,5287.11,141,37.49723404255319
2024-01,2024,20–75 kW,SolarEdge,2136.74,46,46.45086956521739
2024-01,2024,20–75 kW,Solis (Ginlong),23948.84,495,48.38149494949495
2024-01,2024,20–75 kW,Solplanet,5583.2,149,37.47114093959731
2024-01,2024,20–75 kW,Sungrow,7680.15,169,45.444674556213016
2024-01,2024,20–75 kW,Tsun,60.0,1,60.0
2024-01,2024,20–75 kW,WEG,11127.7,226,49.23761061946903
2024-01,2024,20–75 kW,WEG (Huawei),412.79,8,51.59875
2024-01,2024,75–300 kW,Bel Energy,390.0,2,195.0
2024-01,2024,75–300 kW,Canadian Solar,1610.75,8,201.34375
2024-01,2024,75–300 kW,Deye,1617.0,10,161.7
2024-01,2024,75–300 kW,Empalux,300.0,1,300.0
2024-01,2024,75–300 kW,Fronius,108.0,1,108.0
2024-01,2024,75–300 kW,Goodwe,220.0,1,220.0
2024-01,2024,75–300 kW,Growatt,5652.6,29,194.91724137931035
2024-01,2024,75–300 kW,Huawei,6880.0,60,114.66666666666667
2024-01,2024,75–300 kW,Intelbras,288.22,2,144.11
2024-01,2024,75–300 kW,Komeco,102.0,1,102.0
2024-01,2024,75–300 kW,Não informado,1237.3,6,206.21666666666667
2024-01,2024,75–300 kW,Outros,929.0,6,154.83333333333334
2024-01,2024,75–300 kW,PHB,1287.0,7,183.85714285714286
2024-01,2024,75–300 kW,Renac,510.0,3,170.0
2024-01,2024,75–300 kW,Renovigi,110.0,1,110.0
2024-01,2024,75–300 kW,SAJ,530.0,3,176.66666666666666
2024-01,2024,75–300 kW,Sofar Solar,1467.0,8,183.375
2024-01,2024,75–300 kW,SolarEdge,1165.2,7,166.45714285714286
2024-01,2024,75–300 kW,Solax Power,180.0,1,180.0
2024-01,2024,75–300 kW,Solis (Ginlong),5531.2,27,204.85925925925926
2024-01,2024,75–300 kW,Solplanet,580.0,2,290.0
2024-01,2024,75–300 kW,Sungrow,3955.9300000000003,22,179.81500000000003
2024-01,2024,75–300 kW,WEG,5340.72,33,161.84
2024-01,2024,75–300 kW,WEG (Huawei),200.0,1,200.0
2024-01,2024,300 kW–1 MW,Emerson,530.0,1,530.0
2024-01,2024,300 kW–1 MW,Goodwe,4920.0,6,820.0
2024-01,2024,300 kW–1 MW,Growatt,2450.0,4,612.5
2024-01,2024,300 kW–1 MW,Huawei,17090.0,19,899.4736842105264
2024-01,2024,300 kW–1 MW,Não informado,1400.0,2,700.0
2024-01,2024,300 kW–1 MW,Outros,2426.85,3,808.9499999999999
2024-01,2024,300 kW–1 MW,Solis (Ginlong),4715.0,5,943.0
2024-01,2024,300 kW–1 MW,Sungrow,56660.0,65,871.6923076923077
2024-01,2024,300 kW–1 MW,TBEA,9352.0,10,935.2
2024-01,2024,300 kW–1 MW,WEG,5430.0,8,678.75
2024-01,2024,300 kW–1 MW,WEG (Huawei),500.0,1,500.0
2024-01,2024,1–5 MW,ABB/FIMER,2000.0,1,2000.0
2024-01,2024,1–5 MW,Growatt,5000.0,2,2500.0
2024-01,2024,1–5 MW,Huawei,34541.65,14,2467.2607142857146
2024-01,2024,1–5 MW,Ingeteam,5000.0,2,2500.0
2024-01,2024,1–5 MW,Outros,2400.0,1,2400.0
2024-01,2024,1–5 MW,Sungrow,34145.0,13,2626.5384615384614
2024-01,2024,1–5 MW,TBEA,4780.0,2,2390.0
2024-01,2024,1–5 MW,WEG,2700.0,1,2700.0
2024-01,2024,1–5 MW,WEG (Huawei),2500.0,1,2500.0
2024-02,2024,≤10 kW,ABB/FIMER,71.7,14,5.121428571428572
2024-02,2024,≤10 kW,APsystems,3725.07,736,5.061236413043479
2024-02,2024,≤10 kW,Auxsol,29.1,5,5.82
2024-02,2024,≤10 kW,B&B POWER,4.2,2,2.1
2024-02,2024,≤10 kW,BYD,511.08,94,5.437021276595744
2024-02,2024,≤10 kW,Bedin Solar,4037.37,755,5.347509933774834
2024-02,2024,≤10 kW,Bel Energy,12257.54,2551,4.80499411995296
2024-02,2024,≤10 kW,Canadian Solar,2937.7200000000003,591,4.970761421319797
2024-02,2024,≤10 kW,Chint,3199.4,572,5.5933566433566435
2024-02,2024,≤10 kW,Deye,52193.02,9671,5.3968586495708815
2024-02,2024,≤10 kW,Each Energy,298.33,47,6.347446808510638
2024-02,2024,≤10 kW,Ecosolys,59.32,13,4.563076923076923
2024-02,2024,≤10 kW,Elgin,3090.55,534,5.787546816479401
2024-02,2024,≤10 kW,Emerson,8.0,1,8.0
2024-02,2024,≤10 kW,Empalux,1464.17,237,6.177932489451477
2024-02,2024,≤10 kW,Enphase,1713.46,396,4.326919191919192
2024-02,2024,≤10 kW,Foxess,1682.31,304,5.53391447368421
2024-02,2024,≤10 kW,Fronius,413.2,90,4.591111111111111
2024-02,2024,≤10 kW,GE,123.18,17,7.245882352941177
2024-02,2024,≤10 kW,Goodwe,4103.31,866,4.73823325635104
2024-02,2024,≤10 kW,Growatt,57771.21,9901,5.834886375113625
2024-02,2024,≤10 kW,Hopewind,966.59,164,5.893841463414635
2024-02,2024,≤10 kW,Hoymiles,10800.07,2476,4.361902261712439
2024-02,2024,≤10 kW,Huawei,2887.76,544,5.308382352941177
2024-02,2024,≤10 kW,Hypontech,4185.56,726,5.765234159779615
2024-02,2024,≤10 kW,Ingeteam,97.68,18,5.426666666666667
2024-02,2024,≤10 kW,Intelbras,9198.51,1708,5.385544496487119
2024-02,2024,≤10 kW,Kehua,1854.01,336,5.517886904761904
2024-02,2024,≤10 kW,Komeco,51.88,9,5.764444444444445
2024-02,2024,≤10 kW,Kstar,148.61,39,3.810512820512821
2024-02,2024,≤10 kW,Livoltek,2965.96,609,4.870213464696223
2024-02,2024,≤10 kW,NEP,50.2,14,3.585714285714286
2024-02,2024,≤10 kW,Nansen,489.51,78,6.275769230769231
2024-02,2024,≤10 kW,Nexen,982.75,197,4.988578680203045
2024-02,2024,≤10 kW,Não informado,7879.06,1463,5.38555023923445
2024-02,2024,≤10 kW,Outros,8302.43,1503,5.523905522288756
2024-02,2024,≤10 kW,PHB,3829.44,734,5.217220708446867
2024-02,2024,≤10 kW,Refusol,56.77,15,3.784666666666667
2024-02,2024,≤10 kW,Renac,4146.84,754,5.499787798408488
2024-02,2024,≤10 kW,Renovigi,3170.12,565,5.61083185840708
2024-02,2024,≤10 kW,SAJ,15722.0,2784,5.647270114942529
2024-02,2024,≤10 kW,SHENZHEN,426.78000000000003,82,5.204634146341464
2024-02,2024,≤10 kW,SMA,26.5,6,4.416666666666667
2024-02,2024,≤10 kW,SUNWAYS,704.48,128,5.50375
2024-02,2024,≤10 kW,Sofar Solar,19883.41,3329,5.972787623911084
2024-02,2024,≤10 kW,SolarEdge,325.27,54,6.023518518518518
2024-02,2024,≤10 kW,Solax Power,192.7,34,5.667647058823529
2024-02,2024,≤10 kW,Solis (Ginlong),28003.74,4901,5.713882881044685
2024-02,2024,≤10 kW,Solplanet,21023.27,3507,5.994659252922726
2024-02,2024,≤10 kW,Sungrow,19254.75,3214,5.990899191039204
2024-02,2024,≤10 kW,TSUNESS,248.24,49,5.066122448979592
2024-02,2024,≤10 kW,Tsun,741.08,213,3.47924882629108
2024-02,2024,≤10 kW,WEG,17703.12,3494,5.066720091585575
2024-02,2024,≤10 kW,WEG (Huawei),83.3,15,5.553333333333333
2024-02,2024,10–20 kW,ABB/FIMER,40.0,2,20.0
2024-02,2024,10–20 kW,APsystems,1051.11,74,14.204189189189188
2024-02,2024,10–20 kW,BYD,213.8,14,15.271428571428572
2024-02,2024,10–20 kW,Bedin Solar,536.52,35,15.329142857142857
2024-02,2024,10–20 kW,Bel Energy,1751.49,118,14.843135593220339
2024-02,2024,10–20 kW,Canadian Solar,706.37,46,15.355869565217391
2024-02,2024,10–20 kW,Chint,694.72,44,15.789090909090909
2024-02,2024,10–20 kW,Deye,11219.21,767,14.627392438070403
2024-02,2024,10–20 kW,Each Energy,20.0,1,20.0
2024-02,2024,10–20 kW,Ecosolys,11.0,1,11.0
2024-02,2024,10–20 kW,Elgin,976.53,66,14.79590909090909
2024-02,2024,10–20 kW,Empalux,396.4,26,15.246153846153845
2024-02,2024,10–20 kW,Enphase,441.75,35,12.621428571428572
2024-02,2024,10–20 kW,Foxess,551.82,43,12.833023255813954
2024-02,2024,10–20 kW,Fronius,358.90999999999997,22,16.314090909090908
2024-02,2024,10–20 kW,GE,14.3,1,14.3
2024-02,2024,10–20 kW,Goodwe,1462.58,99,14.773535353535353
2024-02,2024,10–20 kW,Growatt,14134.43,887,15.935095828635852
2024-02,2024,10–20 kW,Hopewind,221.29,15,14.752666666666666
2024-02,2024,10–20 kW,Hoymiles,2274.34,165,13.78387878787879
2024-02,2024,10–20 kW,Huawei,976.12,65,15.01723076923077
2024-02,2024,10–20 kW,Hypontech,1680.15,133,12.632706766917295
2024-02,2024,10–20 kW,Intelbras,1964.76,134,14.662388059701492
2024-02,2024,10–20 kW,Kehua,366.46,26,14.094615384615384
2024-02,2024,10–20 kW,Kstar,14.0,1,14.0
2024-02,2024,10–20 kW,Livoltek,280.43,19,14.759473684210526
2024-02,2024,10–20 kW,NEP,24.0,2,12.0
2024-02,2024,10–20 kW,Nansen,69.28,6,11.546666666666667
2024-02,2024,10–20 kW,Nexen,123.86,8,15.4825
2024-02,2024,10–20 kW,Não informado,2243.55,150,14.957
2024-02,2024,10–20 kW,Outros,2317.92,164,14.133658536585367
2024-02,2024,10–20 kW,PHB,1064.36,73,14.580273972602738
2024-02,2024,10–20 kW,Renac,1425.25,106,13.445754716981131
2024-02,2024,10–20 kW,Renovigi,577.64,36,16.045555555555556
2024-02,2024,10–20 kW,SAJ,3895.22,260,14.981615384615385
2024-02,2024,10–20 kW,SHENZHEN,180.46,14,12.89
2024-02,2024,10–20 kW,SMA,30.0,2,15.0
2024-02,2024,10–20 kW,SUNWAYS,79.87,6,13.311666666666667
2024-02,2024,10–20 kW,Sofar Solar,6671.36,502,13.289561752988048
2024-02,2024,10–20 kW,SolarEdge,125.08,9,13.897777777777778
2024-02,2024,10–20 kW,Solax Power,55.55,4,13.8875
2024-02,2024,10–20 kW,Solis (Ginlong),6136.82,399,15.380501253132831
2024-02,2024,10–20 kW,Solplanet,5508.58,349,15.783896848137536
2024-02,2024,10–20 kW,Sungrow,5004.51,315,15.887333333333334
2024-02,2024,10–20 kW,Tsun,202.68,14,14.477142857142857
2024-02,2024,10–20 kW,WEG,5564.6,410,13.57219512195122
2024-02,2024,10–20 kW,WEG (Huawei),134.2,10,13.419999999999998
2024-02,2024,20–75 kW,ABB/FIMER,106.17,3,35.39
2024-02,2024,20–75 kW,APsystems,1120.28,34,32.94941176470588
2024-02,2024,20–75 kW,BYD,617.28,11,56.11636363636364
2024-02,2024,20–75 kW,Bedin Solar,2099.76,36,58.326666666666675
2024-02,2024,20–75 kW,Bel Energy,2475.45,69,35.87608695652174
2024-02,2024,20–75 kW,Canadian Solar,2148.19,49,43.84061224489796
2024-02,2024,20–75 kW,Chint,1003.94,23,43.649565217391306
2024-02,2024,20–75 kW,Deye,11233.89,300,37.4463
2024-02,2024,20–75 kW,Each Energy,25.0,1,25.0
2024-02,2024,20–75 kW,Ecosolys,50.54,2,25.27
2024-02,2024,20–75 kW,Elgin,1187.08,30,39.56933333333333
2024-02,2024,20–75 kW,Empalux,335.98,7,47.99714285714286
2024-02,2024,20–75 kW,Enphase,306.25,11,27.84090909090909
2024-02,2024,20–75 kW,Foxess,240.81,9,26.756666666666668
2024-02,2024,20–75 kW,Fronius,1082.5,23,47.06521739130435
2024-02,2024,20–75 kW,GE,315.1,7,45.01428571428572
2024-02,2024,20–75 kW,Goodwe,2243.24,49,45.7804081632653
2024-02,2024,20–75 kW,Growatt,32328.73,711,45.4693811533052
2024-02,2024,20–75 kW,Hopewind,582.44,13,44.80307692307693
2024-02,2024,20–75 kW,Hoymiles,1849.8799999999999,50,36.9976
2024-02,2024,20–75 kW,Huawei,2890.01,55,52.54563636363637
2024-02,2024,20–75 kW,Hypontech,1032.0,28,36.857142857142854
2024-02,2024,20–75 kW,Intelbras,2017.81,47,42.93212765957447
2024-02,2024,20–75 kW,Kehua,205.92000000000002,6,34.32
2024-02,2024,20–75 kW,Komeco,64.0,2,32.0
2024-02,2024,20–75 kW,Kstar,109.5,2,54.75
2024-02,2024,20–75 kW,Livoltek,189.52,5,37.904
2024-02,2024,20–75 kW,Nansen,98.37,2,49.185
2024-02,2024,20–75 kW,Não informado,8709.03,200,43.54515000000001
2024-02,2024,20–75 kW,Outros,3110.78,77,40.39974025974026
2024-02,2024,20–75 kW,PHB,1284.75,30,42.825
2024-02,2024,20–75 kW,Refusol,23.0,1,23.0
2024-02,2024,20–75 kW,Renac,1865.75,47,39.6968085106383
2024-02,2024,20–75 kW,Renovigi,904.66,21,43.079047619047614
2024-02,2024,20–75 kW,SAJ,3982.03,109,36.53238532110092
2024-02,2024,20–75 kW,SHENZHEN,903.5,18,50.19444444444444
2024-02,2024,20–75 kW,SMA,325.0,5,65.0
2024-02,2024,20–75 kW,SUNWAYS,88.0,3,29.333333333333332
2024-02,2024,20–75 kW,Sofar Solar,5287.95,142,37.23908450704225
2024-02,2024,20–75 kW,SolarEdge,1788.08,35,51.088
2024-02,2024,20–75 kW,Solax Power,90.3,2,45.15
2024-02,2024,20–75 kW,Solis (Ginlong),22605.89,464,48.71959051724138
2024-02,2024,20–75 kW,Solplanet,5194.76,143,36.32699300699301
2024-02,2024,20–75 kW,Sungrow,7805.17,183,42.65120218579235
2024-02,2024,20–75 kW,Tsun,62.0,2,31.0
2024-02,2024,20–75 kW,WEG,11785.17,265,44.472339622641506
2024-02,2024,20–75 kW,WEG (Huawei),991.83,18,55.10166666666667
2024-02,2024,75–300 kW,APsystems,230.0,1,230.0
2024-02,2024,75–300 kW,BYD,225.0,1,225.0
2024-02,2024,75–300 kW,Bedin Solar,150.0,1,150.0
2024-02,2024,75–300 kW,Canadian Solar,110.0,1,110.0
2024-02,2024,75–300 kW,Deye,1625.0,8,203.125
2024-02,2024,75–300 kW,Foxess,100.0,1,100.0
2024-02,2024,75–300 kW,Fronius,100.0,1,100.0
2024-02,2024,75–300 kW,Goodwe,85.0,1,85.0
2024-02,2024,75–300 kW,Growatt,4010.73,25,160.4292
2024-02,2024,75–300 kW,Hopewind,100.0,1,100.0
2024-02,2024,75–300 kW,Hoymiles,404.8,2,202.4
2024-02,2024,75–300 kW,Huawei,1878.9,16,117.43125
2024-02,2024,75–300 kW,Ingeteam,110.0,1,110.0
2024-02,2024,75–300 kW,Intelbras,147.96,1,147.96
2024-02,2024,75–300 kW,Kehua,230.0,2,115.0
2024-02,2024,75–300 kW,Komeco,128.0,1,128.0
2024-02,2024,75–300 kW,Não informado,901.59,4,225.3975
2024-02,2024,75–300 kW,Outros,994.85,7,142.12142857142857
2024-02,2024,75–300 kW,PHB,591.0,2,295.5
2024-02,2024,75–300 kW,Renac,990.0,4,247.5
2024-02,2024,75–300 kW,SAJ,185.0,2,92.5
2024-02,2024,75–300 kW,SHENZHEN,300.0,1,300.0
2024-02,2024,75–300 kW,Sofar Solar,1316.0,8,164.5
2024-02,2024,75–300 kW,SolarEdge,915.55,5,183.10999999999999
2024-02,2024,75–300 kW,Solis (Ginlong),3515.0,18,195.27777777777777
2024-02,2024,75–300 kW,Sungrow,5915.0,34,173.97058823529412
2024-02,2024,75–300 kW,WEG,4085.52,23,177.63130434782607
2024-02,2024,75–300 kW,WEG (Huawei),540.0,2,270.0
2024-02,2024,300 kW–1 MW,Canadian Solar,3000.0,4,750.0
2024-02,2024,300 kW–1 MW,Deye,1876.57,3,625.5233333333333
2024-02,2024,300 kW–1 MW,Elgin,375.0,1,375.0
2024-02,2024,300 kW–1 MW,Fronius,1359.0,2,679.5
2024-02,2024,300 kW–1 MW,Goodwe,1600.0,2,800.0
2024-02,2024,300 kW–1 MW,Growatt,3980.0,9,442.22222222222223
2024-02,2024,300 kW–1 MW,Huawei,14949.96,18,830.5533333333333
2024-02,2024,300 kW–1 MW,Não informado,425.0,1,425.0
2024-02,2024,300 kW–1 MW,Outros,342.26,1,342.26
2024-02,2024,300 kW–1 MW,PHB,375.0,1,375.0
2024-02,2024,300 kW–1 MW,Sofar Solar,600.0,1,600.0
2024-02,2024,300 kW–1 MW,SolarEdge,900.0,1,900.0
2024-02,2024,300 kW–1 MW,Solis (Ginlong),2500.0,4,625.0
2024-02,2024,300 kW–1 MW,Sungrow,27725.0,32,866.40625
2024-02,2024,300 kW–1 MW,TBEA,912.0,1,912.0
2024-02,2024,300 kW–1 MW,WEG,1848.0,4,462.0
2024-02,2024,300 kW–1 MW,WEG (Huawei),440.0,1,440.0
2024-02,2024,1–5 MW,Chint,3000.0,2,1500.0
2024-02,2024,1–5 MW,Deye,9000.0,2,4500.0
2024-02,2024,1–5 MW,Growatt,8000.0,3,2666.6666666666665
2024-02,2024,1–5 MW,Huawei,25599.96,11,2327.2690909090907
2024-02,2024,1–5 MW,Kstar,2000.0,1,2000.0
2024-02,2024,1–5 MW,Sofar Solar,4950.0,1,4950.0
2024-02,2024,1–5 MW,SolarEdge,3828.5,2,1914.25
2024-02,2024,1–5 MW,Sungrow,23475.0,12,1956.25
2024-03,2024,≤10 kW,ABB/FIMER,54.5,10,5.45
2024-03,2024,≤10 kW,APsystems,3884.19,782,4.966994884910486
2024-03,2024,≤10 kW,Auxsol,280.90999999999997,51,5.508039215686274
2024-03,2024,≤10 kW,B&B POWER,2.88,1,2.88
2024-03,2024,≤10 kW,BYD,762.09,133,5.73
2024-03,2024,≤10 kW,Bedin Solar,3865.86,696,5.554396551724138
2024-03,2024,≤10 kW,Bel Energy,10148.5,2090,4.855741626794258
2024-03,2024,≤10 kW,Canadian Solar,3074.38,577,5.328214904679376
2024-03,2024,≤10 kW,Chint,4112.1,725,5.671862068965518
2024-03,2024,≤10 kW,Deye,55276.79,10221,5.408158692887193
2024-03,2024,≤10 kW,Each Energy,665.51,111,5.9955855855855855
2024-03,2024,≤10 kW,Ecosolys,56.550000000000004,13,4.3500000000000005
2024-03,2024,≤10 kW,Elgin,3232.32,570,5.6707368421052635
2024-03,2024,≤10 kW,Emerson,7.0,1,7.0
2024-03,2024,≤10 kW,Empalux,1655.69,264,6.27155303030303
2024-03,2024,≤10 kW,Enphase,2197.52,534,4.115205992509363
2024-03,2024,≤10 kW,Foxess,1824.2,297,6.142087542087542
2024-03,2024,≤10 kW,Fronius,582.22,133,4.377593984962406
2024-03,2024,≤10 kW,GE,115.71000000000001,17,6.806470588235294
2024-03,2024,≤10 kW,Goodwe,5033.68,995,5.058974874371859
2024-03,2024,≤10 kW,Growatt,52539.25,9001,5.83704588379069
2024-03,2024,≤10 kW,Hopewind,1136.26,193,5.8873575129533675
2024-03,2024,≤10 kW,Hoymiles,11863.35,2571,4.614294049008168
2024-03,2024,≤10 kW,Huawei,3157.76,621,5.084959742351047
2024-03,2024,≤10 kW,Hypontech,5071.54,865,5.863052023121387
2024-03,2024,≤10 kW,Ingeteam,46.86,8,5.8575
2024-03,2024,≤10 kW,Intelbras,10224.89,1953,5.23547875064004
2024-03,2024,≤10 kW,Kehua,1771.04,321,5.517258566978193
2024-03,2024,≤10 kW,Komeco,47.85,7,6.835714285714286
2024-03,2024,≤10 kW,Kstar,178.52,42,4.25047619047619
2024-03,2024,≤10 kW,Livoltek,2985.65,604,4.943129139072848
2024-03,2024,≤10 kW,NEP,137.73,38,3.624473684210526
2024-03,2024,≤10 kW,Nansen,769.3100000000001,123,6.254552845528456
2024-03,2024,≤10 kW,Nexen,1231.79,215,5.729255813953488
2024-03,2024,≤10 kW,Não informado,2432.49,424,5.737004716981131
2024-03,2024,≤10 kW,Outros,7896.84,1419,5.56507399577167
2024-03,2024,≤10 kW,PHB,4599.63,849,5.417703180212015
2024-03,2024,≤10 kW,Refusol,49.57,13,3.813076923076923
2024-03,2024,≤10 kW,Renac,4474.08,805,5.557863354037267
2024-03,2024,≤10 kW,Renovigi,3265.79,593,5.507234401349073
2024-03,2024,≤10 kW,SAJ,21356.54,3787,5.639434908898865
2024-03,2024,≤10 kW,SHENZHEN,533.0699999999999,96,5.552812499999999
2024-03,2024,≤10 kW,SMA,14.3,4,3.575
2024-03,2024,≤10 kW,SUNWAYS,589.34,115,5.124695652173913
2024-03,2024,≤10 kW,Sineng,10.0,2,5.0
2024-03,2024,≤10 kW,Sofar Solar,20913.66,3494,5.98559244419004
2024-03,2024,≤10 kW,SolarEdge,377.36,63,5.98984126984127
2024-03,2024,≤10 kW,Solax Power,150.26,25,6.0104
2024-03,2024,≤10 kW,Solis (Ginlong),39067.56,6845,5.707459459459459
2024-03,2024,≤10 kW,Solplanet,26744.94,4585,5.833138495092693
2024-03,2024,≤10 kW,Sungrow,19493.68,3248,6.001748768472907
2024-03,2024,≤10 kW,TSUNESS,484.09,92,5.261847826086957
2024-03,2024,≤10 kW,Tsun,1016.72,216,4.707037037037037
2024-03,2024,≤10 kW,WEG,24503.02,4760,5.147693277310925
2024-03,2024,≤10 kW,WEG (Huawei),137.95,22,6.270454545454545
2024-03,2024,10–20 kW,ABB/FIMER,47.5,4,11.875
2024-03,2024,10–20 kW,APsystems,976.1800000000001,68,14.35558823529412
2024-03,2024,10–20 kW,Auxsol,57.0,4,14.25
2024-03,2024,10–20 kW,BYD,374.77,25,14.9908
2024-03,2024,10–20 kW,Bedin Solar,440.04,28,15.715714285714286
2024-03,2024,10–20 kW,Bel Energy,1849.8,127,14.565354330708661
2024-03,2024,10–20 kW,Canadian Solar,1212.33,72,16.837916666666665
2024-03,2024,10–20 kW,Chint,1058.9,72,14.706944444444446
2024-03,2024,10–20 kW,Deye,13417.37,937,14.319498399146212
2024-03,2024,10–20 kW,Each Energy,15.0,1,15.0
2024-03,2024,10–20 kW,Elgin,964.3,63,15.306349206349205
2024-03,2024,10–20 kW,Empalux,392.28000000000003,28,14.010000000000002
2024-03,2024,10–20 kW,Enphase,644.66,47,13.716170212765956
2024-03,2024,10–20 kW,Foxess,654.0,50,13.08
2024-03,2024,10–20 kW,Fronius,353.21999999999997,24,14.7175
2024-03,2024,10–20 kW,GE,31.8,2,15.9
2024-03,2024,10–20 kW,Goodwe,1721.43,125,13.77144
2024-03,2024,10–20 kW,Growatt,15048.04,965,15.593823834196892
2024-03,2024,10–20 kW,Hopewind,425.67,29,14.678275862068967
2024-03,2024,10–20 kW,Hoymiles,2223.43,162,13.724876543209875
2024-03,2024,10–20 kW,Huawei,1234.19,82,15.051097560975611
2024-03,2024,10–20 kW,Hypontech,2327.18,185,12.57935135135135
2024-03,2024,10–20 kW,Intelbras,2022.11,139,14.547553956834532
2024-03,2024,10–20 kW,Kehua,420.21,29,14.489999999999998
2024-03,2024,10–20 kW,Komeco,14.95,1,14.95
2024-03,2024,10–20 kW,Kstar,12.0,1,12.0
2024-03,2024,10–20 kW,Livoltek,289.85,21,13.802380952380954
2024-03,2024,10–20 kW,NEP,30.0,2,15.0
2024-03,2024,10–20 kW,Nansen,42.8,3,14.266666666666666
2024-03,2024,10–20 kW,Nexen,77.0,6,12.833333333333334
2024-03,2024,10–20 kW,Não informado,881.84,59,14.946440677966102
2024-03,2024,10–20 kW,Outros,2446.49,169,14.47627218934911
2024-03,2024,10–20 kW,PHB,1008.92,70,14.413142857142857
2024-03,2024,10–20 kW,Renac,1651.33,123,13.425447154471543
2024-03,2024,10–20 kW,Renovigi,549.47,36,15.263055555555557
2024-03,2024,10–20 kW,SAJ,5221.68,351,14.876581196581197
2024-03,2024,10–20 kW,SHENZHEN,120.58,9,13.397777777777778
2024-03,2024,10–20 kW,SUNWAYS,81.0,5,16.2
2024-03,2024,10–20 kW,Sineng,12.0,1,12.0
2024-03,2024,10–20 kW,Sofar Solar,7587.9,552,13.746195652173913
2024-03,2024,10–20 kW,SolarEdge,99.55,6,16.591666666666665
2024-03,2024,10–20 kW,Solax Power,56.0,4,14.0
2024-03,2024,10–20 kW,Solis (Ginlong),7939.72,522,15.210191570881227
2024-03,2024,10–20 kW,Solplanet,6226.16,403,15.449528535980148
2024-03,2024,10–20 kW,Sungrow,5720.71,374,15.29601604278075
2024-03,2024,10–20 kW,TSUNESS,98.23,7,14.032857142857143
2024-03,2024,10–20 kW,Tsun,127.85,10,12.785
2024-03,2024,10–20 kW,WEG,7152.35,541,13.220609981515713
2024-03,2024,10–20 kW,WEG (Huawei),224.5,14,16.035714285714285
2024-03,2024,20–75 kW,ABB/FIMER,83.0,2,41.5
2024-03,2024,20–75 kW,APsystems,1855.82,52,35.68884615384615
2024-03,2024,20–75 kW,Auxsol,80.0,2,40.0
2024-03,2024,20–75 kW,BYD,555.34,12,46.278333333333336
2024-03,2024,20–75 kW,Bedin Solar,1618.58,31,52.21225806451613
2024-03,2024,20–75 kW,Bel Energy,1898.45,55,34.517272727272726
2024-03,2024,20–75 kW,Canadian Solar,2485.79,57,43.610350877192985
2024-03,2024,20–75 kW,Chint,1246.17,36,34.615833333333335
2024-03,2024,20–75 kW,Deye,13291.54,347,38.30414985590778
2024-03,2024,20–75 kW,Each Energy,25.0,1,25.0
2024-03,2024,20–75 kW,Ecosolys,30.0,1,30.0
2024-03,2024,20–75 kW,Elgin,1338.38,37,36.17243243243244
2024-03,2024,20–75 kW,Empalux,483.24,11,43.93090909090909
2024-03,2024,20–75 kW,Enphase,274.05,8,34.25625
2024-03,2024,20–75 kW,Foxess,423.5,11,38.5
2024-03,2024,20–75 kW,Fronius,963.5,20,48.175
2024-03,2024,20–75 kW,GE,518.25,10,51.825
2024-03,2024,20–75 kW,Goodwe,2848.65,61,46.69918032786885
2024-03,2024,20–75 kW,Growatt,31210.83,723,43.16850622406639
2024-03,2024,20–75 kW,Hopewind,821.15,19,43.21842105263158
2024-03,2024,20–75 kW,Hoymiles,1708.34,55,31.06072727272727
2024-03,2024,20–75 kW,Huawei,3264.3,72,45.337500000000006
2024-03,2024,20–75 kW,Hypontech,1346.92,36,37.41444444444445
2024-03,2024,20–75 kW,Ingeteam,223.0,3,74.33333333333333
2024-03,2024,20–75 kW,Intelbras,2212.74,57,38.81999999999999
2024-03,2024,20–75 kW,Kehua,347.56,9,38.617777777777775
2024-03,2024,20–75 kW,Komeco,201.1,5,40.22
2024-03,2024,20–75 kW,Livoltek,60.5,2,30.25
2024-03,2024,20–75 kW,Nansen,122.0,3,40.666666666666664
2024-03,2024,20–75 kW,Nexen,30.0,1,30.0
2024-03,2024,20–75 kW,Não informado,1370.44,35,39.15542857142857
2024-03,2024,20–75 kW,Outros,4481.26,106,42.27603773584906
2024-03,2024,20–75 kW,PHB,2302.69,50,46.0538
2024-03,2024,20–75 kW,Refusol,45.23,1,45.23
2024-03,2024,20–75 kW,Renac,1379.85,37,37.29324324324324
2024-03,2024,20–75 kW,Renovigi,1144.7,25,45.788000000000004
2024-03,2024,20–75 kW,SAJ,4900.98,140,35.007
2024-03,2024,20–75 kW,SHENZHEN,986.47,18,54.80388888888889
2024-03,2024,20–75 kW,SMA,125.0,2,62.5
2024-03,2024,20–75 kW,SUNWAYS,159.4,3,53.13333333333333
2024-03,2024,20–75 kW,Sofar Solar,6641.85,177,37.52457627118644
2024-03,2024,20–75 kW,SolarEdge,1938.43,43,45.07976744186047
2024-03,2024,20–75 kW,Solax Power,173.5,4,43.375
2024-03,2024,20–75 kW,Solis (Ginlong),30869.66,645,47.85993798449612
2024-03,2024,20–75 kW,Solplanet,4871.14,139,35.044172661870505
2024-03,2024,20–75 kW,Sungrow,9903.66,211,46.936777251184836
2024-03,2024,20–75 kW,TSUNESS,22.0,1,22.0
2024-03,2024,20–75 kW,Tsun,70.0,2,35.0
2024-03,2024,20–75 kW,WEG,12391.14,270,45.89311111111111
2024-03,2024,20–75 kW,WEG (Huawei),792.17,17,46.59823529411764
2024-03,2024,75–300 kW,ABB/FIMER,196.0,1,196.0
2024-03,2024,75–300 kW,BYD,200.0,1,200.0
2024-03,2024,75–300 kW,Bedin Solar,110.0,1,110.0
2024-03,2024,75–300 kW,Bel Energy,300.0,1,300.0
2024-03,2024,75–300 kW,Canadian Solar,350.0,2,175.0
2024-03,2024,75–300 kW,Deye,740.0,5,148.0
2024-03,2024,75–300 kW,Empalux,150.0,1,150.0
2024-03,2024,75–300 kW,Fronius,700.0,4,175.0
2024-03,2024,75–300 kW,Goodwe,690.0,4,172.5
2024-03,2024,75–300 kW,Growatt,5398.4400000000005,27,199.94222222222223
2024-03,2024,75–300 kW,Hoymiles,81.0,1,81.0
2024-03,2024,75–300 kW,Huawei,4210.0,32,131.5625
2024-03,2024,75–300 kW,Intelbras,525.0,5,105.0
2024-03,2024,75–300 kW,Não informado,172.8,1,172.8
2024-03,2024,75–300 kW,Outros,1435.0,9,159.44444444444446
2024-03,2024,75–300 kW,PHB,170.0,1,170.0
2024-03,2024,75–300 kW,Renac,410.0,2,205.0
2024-03,2024,75–300 kW,Sofar Solar,677.0,3,225.66666666666666
2024-03,2024,75–300 kW,SolarEdge,320.1,2,160.05
2024-03,2024,75–300 kW,Solax Power,88.0,1,88.0
2024-03,2024,75–300 kW,Solis (Ginlong),5271.8,28,188.27857142857144
2024-03,2024,75–300 kW,Solplanet,600.0,2,300.0
2024-03,2024,75–300 kW,Sungrow,5785.0,36,160.69444444444446
2024-03,2024,75–300 kW,WEG,3717.5,20,185.875
2024-03,2024,75–300 kW,WEG (Huawei),240.0,1,240.0
2024-03,2024,300 kW–1 MW,Canadian Solar,8380.0,9,931.1111111111111
2024-03,2024,300 kW–1 MW,Goodwe,480.0,1,480.0
2024-03,2024,300 kW–1 MW,Growatt,4251.0,7,607.2857142857143
2024-03,2024,300 kW–1 MW,Huawei,9819.0,12,818.25
2024-03,2024,300 kW–1 MW,Intelbras,625.0,1,625.0
2024-03,2024,300 kW–1 MW,Não informado,1000.0,1,1000.0
2024-03,2024,300 kW–1 MW,Outros,721.8,1,721.8
2024-03,2024,300 kW–1 MW,Renac,450.0,1,450.0
2024-03,2024,300 kW–1 MW,Renovigi,352.8,1,352.8
2024-03,2024,300 kW–1 MW,SUNWAYS,409.4,1,409.4
2024-03,2024,300 kW–1 MW,Solax Power,420.0,1,420.0
2024-03,2024,300 kW–1 MW,Solis (Ginlong),6872.0,10,687.2
2024-03,2024,300 kW–1 MW,Sungrow,51378.0,56,917.4642857142857
2024-03,2024,300 kW–1 MW,TBEA,1912.0,2,956.0
2024-03,2024,300 kW–1 MW,WEG,990.0,2,495.0
2024-03,2024,1–5 MW,Bel Energy,5000.0,1,5000.0
2024-03,2024,1–5 MW,Canadian Solar,2000.0,1,2000.0
2024-03,2024,1–5 MW,Deye,20330.0,5,4066.0
2024-03,2024,1–5 MW,Growatt,4000.0,2,2000.0
2024-03,2024,1–5 MW,Hoymiles,4000.0,1,4000.0
2024-03,2024,1–5 MW,Huawei,26065.0,13,2005.0
2024-03,2024,1–5 MW,Intelbras,4000.0,1,4000.0
2024-03,2024,1–5 MW,SMA,2400.0,1,2400.0
2024-03,2024,1–5 MW,Solis (Ginlong),7458.6,3,2486.2000000000003
2024-03,2024,1–5 MW,Solplanet,2770.0,2,1385.0
2024-03,2024,1–5 MW,Sungrow,36819.0,12,3068.25
2024-03,2024,1–5 MW,Tsun,3000.0,1,3000.0
2024-03,2024,1–5 MW,WEG,2500.0,1,2500.0
2024-03,2024,1–5 MW,WEG (Huawei),2000.0,1,2000.0
2024-04,2024,≤10 kW,ABB/FIMER,30.619999999999997,7,4.374285714285714
2024-04,2024,≤10 kW,APsystems,4016.8,826,4.862953995157385
2024-04,2024,≤10 kW,Auxsol,300.41999999999996,53,5.668301886792452
2024-04,2024,≤10 kW,BYD,1254.8,226,5.55221238938053
2024-04,2024,≤10 kW,Bedin Solar,4534.39,807,5.618822800495663
2024-04,2024,≤10 kW,Bel Energy,6480.31,1383,4.685690527838034
2024-04,2024,≤10 kW,Canadian Solar,2891.16,540,5.354
2024-04,2024,≤10 kW,Chint,4237.88,745,5.688429530201343
2024-04,2024,≤10 kW,Deye,57157.32,10459,5.464893393249833
2024-04,2024,≤10 kW,Each Energy,951.11,165,5.76430303030303
2024-04,2024,≤10 kW,Ecosolys,58.83,14,4.202142857142857
2024-04,2024,≤10 kW,Elgin,3507.45,622,5.638987138263666
2024-04,2024,≤10 kW,Emerson,8.0,1,8.0
2024-04,2024,≤10 kW,Empalux,1523.0,248,6.141129032258065
2024-04,2024,≤10 kW,Enphase,2712.86,669,4.0550971599402095
2024-04,2024,≤10 kW,Foxess,1359.73,219,6.208812785388128
2024-04,2024,≤10 kW,Fronius,364.44,73,4.992328767123287
2024-04,2024,≤10 kW,GE,160.87,25,6.4348
2024-04,2024,≤10 kW,Goodwe,6608.28,1276,5.178902821316615
2024-04,2024,≤10 kW,Growatt,51507.22,8794,5.857086649988629
2024-04,2024,≤10 kW,Hopewind,1464.1,230,6.365652173913043
2024-04,2024,≤10 kW,Hoymiles,11591.49,2370,4.890924050632911
2024-04,2024,≤10 kW,Huawei,3824.26,764,5.005575916230367
2024-04,2024,≤10 kW,Hypontech,4426.11,761,5.816176084099868
2024-04,2024,≤10 kW,Ingeteam,85.32,15,5.688
2024-04,2024,≤10 kW,Intelbras,11569.130000000001,2074,5.578172613307618
2024-04,2024,≤10 kW,Kehua,1612.6,290,5.560689655172413
2024-04,2024,≤10 kW,Komeco,57.699999999999996,12,4.808333333333333
2024-04,2024,≤10 kW,Kstar,107.01,26,4.115769230769231
2024-04,2024,≤10 kW,Livoltek,2824.51,603,4.684096185737977
2024-04,2024,≤10 kW,NEP,180.46,37,4.877297297297297
2024-04,2024,≤10 kW,Nansen,1059.47,163,6.4998159509202456
2024-04,2024,≤10 kW,Nexen,1249.47,216,5.784583333333334
2024-04,2024,≤10 kW,Não informado,3150.58,537,5.867001862197393
2024-04,2024,≤10 kW,Outros,7286.05,1331,5.474117205108941
2024-04,2024,≤10 kW,PHB,3831.2799999999997,747,5.128888888888889
2024-04,2024,≤10 kW,Refusol,69.34,17,4.078823529411765
2024-04,2024,≤10 kW,Renac,4501.11,805,5.59144099378882
2024-04,2024,≤10 kW,Renovigi,3320.86,607,5.470939044481055
2024-04,2024,≤10 kW,SAJ,27783.28,4775,5.818487958115183
2024-04,2024,≤10 kW,SHENZHEN,423.02,76,5.566052631578947
2024-04,2024,≤10 kW,SMA,7.5600000000000005,3,2.52
2024-04,2024,≤10 kW,SUNWAYS,509.61,91,5.6001098901098905
2024-04,2024,≤10 kW,Sineng,23.55,3,7.8500000000000005
2024-04,2024,≤10 kW,Sofar Solar,19333.14,3120,6.196519230769231
2024-04,2024,≤10 kW,SolarEdge,522.17,91,5.738131868131868
2024-04,2024,≤10 kW,Solax Power,181.57,31,5.857096774193548
2024-04,2024,≤10 kW,Solis (Ginlong),54398.74,9547,5.69799308683356
2024-04,2024,≤10 kW,Solplanet,20686.24,3421,6.046840105232389
2024-04,2024,≤10 kW,Sungrow,22697.54,3842,5.907740760020823
2024-04,2024,≤10 kW,TSUNESS,492.89,93,5.2998924731182795
2024-04,2024,≤10 kW,Tsun,1404.84,381,3.6872440944881886
2024-04,2024,≤10 kW,WEG,25034.4,4929,5.079001825928181
2024-04,2024,≤10 kW,WEG (Huawei),67.0,14,4.785714285714286
2024-04,2024,10–20 kW,ABB/FIMER,41.08,3,13.693333333333333
2024-04,2024,10–20 kW,APsystems,1301.13,96,13.553437500000001
2024-04,2024,10–20 kW,Auxsol,61.6,5,12.32
2024-04,2024,10–20 kW,BYD,410.9,26,15.803846153846154
2024-04,2024,10–20 kW,Bedin Solar,685.94,47,14.594468085106383
2024-04,2024,10–20 kW,Bel Energy,1416.14,95,14.906736842105264
2024-04,2024,10–20 kW,Canadian Solar,1644.89,99,16.615050505050505
2024-04,2024,10–20 kW,Chint,1384.27,96,14.419479166666667
2024-04,2024,10–20 kW,Deye,13939.96,952,14.642815126050419
2024-04,2024,10–20 kW,Each Energy,135.01999999999998,9,15.00222222222222
2024-04,2024,10–20 kW,Ecosolys,11.84,1,11.84
2024-04,2024,10–20 kW,Elgin,1032.51,71,14.542394366197183
2024-04,2024,10–20 kW,Empalux,463.24,30,15.441333333333334
2024-04,2024,10–20 kW,Enphase,626.41,48,13.050208333333332
2024-04,2024,10–20 kW,Foxess,1017.22,77,13.210649350649351
2024-04,2024,10–20 kW,Fronius,380.6,25,15.224
2024-04,2024,10–20 kW,Goodwe,1709.95,120,14.249583333333334
2024-04,2024,10–20 kW,Growatt,15428.01,991,15.568123107971745
2024-04,2024,10–20 kW,Hopewind,303.83,21,14.468095238095238
2024-04,2024,10–20 kW,Hoymiles,2972.9,214,13.892056074766355
2024-04,2024,10–20 kW,Huawei,1317.3700000000001,85,15.498470588235296
2024-04,2024,10–20 kW,Hypontech,1994.01,158,12.620316455696203
2024-04,2024,10–20 kW,Ingeteam,16.0,1,16.0
2024-04,2024,10–20 kW,Intelbras,2623.79,177,14.823672316384181
2024-04,2024,10–20 kW,Kehua,348.52,24,14.521666666666667
2024-04,2024,10–20 kW,Komeco,71.0,4,17.75
2024-04,2024,10–20 kW,Kstar,14.82,1,14.82
2024-04,2024,10–20 kW,Livoltek,286.94,20,14.347
2024-04,2024,10–20 kW,NEP,69.25,5,13.85
2024-04,2024,10–20 kW,Nansen,142.71,11,12.973636363636365
2024-04,2024,10–20 kW,Nexen,112.54,8,14.0675
2024-04,2024,10–20 kW,Não informado,1123.75,72,15.60763888888889
2024-04,2024,10–20 kW,Outros,2755.47,197,13.98715736040609
2024-04,2024,10–20 kW,PHB,908.12,62,14.647096774193548
2024-04,2024,10–20 kW,Refusol,36.7,3,12.233333333333334
2024-04,2024,10–20 kW,Renac,2257.89,179,12.613910614525139
2024-04,2024,10–20 kW,Renovigi,774.08,51,15.178039215686276
2024-04,2024,10–20 kW,SAJ,7353.0,489,15.036809815950921
2024-04,2024,10–20 kW,SHENZHEN,248.95,20,12.4475
2024-04,2024,10–20 kW,SUNWAYS,133.0,11,12.090909090909092
2024-04,2024,10–20 kW,Sofar Solar,8312.67,581,14.307521514629949
2024-04,2024,10–20 kW,SolarEdge,218.77,14,15.626428571428573
2024-04,2024,10–20 kW,Solax Power,232.18,15,15.478666666666667
2024-04,2024,10–20 kW,Solis (Ginlong),11037.09,741,14.894858299595143
2024-04,2024,10–20 kW,Solplanet,6530.47,432,15.116828703703705
2024-04,2024,10–20 kW,Sungrow,5935.71,388,15.298221649484535
2024-04,2024,10–20 kW,TSUNESS,144.6,10,14.459999999999999
2024-04,2024,10–20 kW,Tsun,178.35,13,13.71923076923077
2024-04,2024,10–20 kW,WEG,7563.65,548,13.802281021897809
2024-04,2024,10–20 kW,WEG (Huawei),261.6,18,14.533333333333335
2024-04,2024,20–75 kW,ABB/FIMER,188.35,4,47.0875
2024-04,2024,20–75 kW,APsystems,1467.22,43,34.12139534883721
2024-04,2024,20–75 kW,Auxsol,125.0,2,62.5
2024-04,2024,20–75 kW,BYD,1131.8,22,51.445454545454545
2024-04,2024,20–75 kW,Bedin Solar,3471.25,60,57.854166666666664
2024-04,2024,20–75 kW,Bel Energy,1984.8700000000001,54,36.756851851851856
2024-04,2024,20–75 kW,Canadian Solar,2806.4,76,36.92631578947368
2024-04,2024,20–75 kW,Chint,2554.11,59,43.29
2024-04,2024,20–75 kW,Deye,13929.4,348,40.027011494252875
2024-04,2024,20–75 kW,Each Energy,145.0,3,48.333333333333336
2024-04,2024,20–75 kW,Ecosolys,30.0,1,30.0
2024-04,2024,20–75 kW,Elgin,1903.26,50,38.0652
2024-04,2024,20–75 kW,Empalux,646.45,16,40.403125
2024-04,2024,20–75 kW,Enphase,564.39,18,31.355
2024-04,2024,20–75 kW,Foxess,580.8,21,27.657142857142855
2024-04,2024,20–75 kW,Fronius,1053.07,21,50.146190476190476
2024-04,2024,20–75 kW,GE,150.0,2,75.0
2024-04,2024,20–75 kW,Goodwe,2844.67,70,40.63814285714286
2024-04,2024,20–75 kW,Growatt,31776.29,703,45.20098150782361
2024-04,2024,20–75 kW,Hopewind,706.45,16,44.153125
2024-04,2024,20–75 kW,Hoymiles,1319.37,43,30.68302325581395
2024-04,2024,20–75 kW,Huawei,2957.36,65,45.497846153846154
2024-04,2024,20–75 kW,Hypontech,1608.14,45,35.736444444444444
2024-04,2024,20–75 kW,Ingeteam,75.0,1,75.0
2024-04,2024,20–75 kW,Intelbras,2438.87,58,42.04948275862069
2024-04,2024,20–75 kW,Kehua,317.4,8,39.675
2024-04,2024,20–75 kW,Komeco,171.25,4,42.8125
2024-04,2024,20–75 kW,Kstar,57.9,2,28.95
2024-04,2024,20–75 kW,Livoltek,197.62,7,28.231428571428573
2024-04,2024,20–75 kW,Nansen,25.0,1,25.0
2024-04,2024,20–75 kW,Nexen,65.0,1,65.0
2024-04,2024,20–75 kW,Não informado,1633.42,42,38.890952380952385
2024-04,2024,20–75 kW,Outros,4155.71,108,38.478796296296295
2024-04,2024,20–75 kW,PHB,2148.31,54,39.78351851851852
2024-04,2024,20–75 kW,Renac,1338.75,38,35.23026315789474
2024-04,2024,20–75 kW,Renovigi,1022.0,26,39.30769230769231
2024-04,2024,20–75 kW,SAJ,6485.18,190,34.13252631578948
2024-04,2024,20–75 kW,SHENZHEN,1227.0,21,58.42857142857143
2024-04,2024,20–75 kW,SUNWAYS,50.0,2,25.0
2024-04,2024,20–75 kW,Sofar Solar,8713.65,226,38.55597345132743
2024-04,2024,20–75 kW,SolarEdge,1717.75,39,44.044871794871796
2024-04,2024,20–75 kW,Solax Power,392.25,11,35.65909090909091
2024-04,2024,20–75 kW,Solis (Ginlong),33951.99,691,49.13457308248914
2024-04,2024,20–75 kW,Solplanet,5242.61,146,35.90828767123288
2024-04,2024,20–75 kW,Sungrow,10290.33,229,44.935938864628824
2024-04,2024,20–75 kW,TSUNESS,50.0,2,25.0
2024-04,2024,20–75 kW,Tsun,48.0,2,24.0
2024-04,2024,20–75 kW,WEG,15706.67,331,47.4521752265861
2024-04,2024,20–75 kW,WEG (Huawei),613.5,12,51.125
2024-04,2024,75–300 kW,APsystems,505.6,5,101.12
2024-04,2024,75–300 kW,Bedin Solar,370.0,2,185.0
2024-04,2024,75–300 kW,Canadian Solar,999.0,7,142.71428571428572
2024-04,2024,75–300 kW,Chint,600.0,2,300.0
2024-04,2024,75–300 kW,Deye,858.0,5,171.6
2024-04,2024,75–300 kW,Empalux,100.0,1,100.0
2024-04,2024,75–300 kW,Fronius,797.0,4,199.25
2024-04,2024,75–300 kW,Goodwe,100.0,1,100.0
2024-04,2024,75–300 kW,Growatt,4386.0,24,182.75
2024-04,2024,75–300 kW,Hopewind,185.0,1,185.0
2024-04,2024,75–300 kW,Huawei,1417.4,7,202.4857142857143
2024-04,2024,75–300 kW,Intelbras,100.0,1,100.0
2024-04,2024,75–300 kW,Livoltek,150.0,1,150.0
2024-04,2024,75–300 kW,Outros,1674.1,10,167.41
2024-04,2024,75–300 kW,PHB,985.0,4,246.25
2024-04,2024,75–300 kW,Renac,360.0,2,180.0
2024-04,2024,75–300 kW,Renovigi,300.0,1,300.0
2024-04,2024,75–300 kW,SAJ,205.0,2,102.5
2024-04,2024,75–300 kW,Sofar Solar,357.0,3,119.0
2024-04,2024,75–300 kW,SolarEdge,1080.25,5,216.05
2024-04,2024,75–300 kW,Solax Power,100.0,1,100.0
2024-04,2024,75–300 kW,Solis (Ginlong),5495.18,33,166.52060606060607
2024-04,2024,75–300 kW,Solplanet,550.0,3,183.33333333333334
2024-04,2024,75–300 kW,Sungrow,5215.0,27,193.14814814814815
2024-04,2024,75–300 kW,WEG,3564.0,21,169.71428571428572
2024-04,2024,75–300 kW,WEG (Huawei),675.75,3,225.25
2024-04,2024,300 kW–1 MW,APsystems,570.0,1,570.0
2024-04,2024,300 kW–1 MW,Canadian Solar,2000.0,2,1000.0
2024-04,2024,300 kW–1 MW,Goodwe,2000.0,2,1000.0
2024-04,2024,300 kW–1 MW,Growatt,2671.69,5,534.338
2024-04,2024,300 kW–1 MW,Huawei,17823.0,20,891.15
2024-04,2024,300 kW–1 MW,Outros,1990.0,3,663.3333333333334
2024-04,2024,300 kW–1 MW,Renac,321.55,1,321.55
2024-04,2024,300 kW–1 MW,SHENZHEN,1000.0,1,1000.0
2024-04,2024,300 kW–1 MW,Sofar Solar,1311.0,2,655.5
2024-04,2024,300 kW–1 MW,Solax Power,650.0,1,650.0
2024-04,2024,300 kW–1 MW,Solis (Ginlong),2975.0,6,495.8333333333333
2024-04,2024,300 kW–1 MW,Sungrow,30110.0,35,860.2857142857143
2024-04,2024,300 kW–1 MW,TBEA,2000.0,2,1000.0
2024-04,2024,300 kW–1 MW,WEG,3420.0,4,855.0
2024-04,2024,1–5 MW,Canadian Solar,3900.0,2,1950.0
2024-04,2024,1–5 MW,Deye,4000.0,1,4000.0
2024-04,2024,1–5 MW,Growatt,5625.0,2,2812.5
2024-04,2024,1–5 MW,Hoymiles,4000.0,1,4000.0
2024-04,2024,1–5 MW,Huawei,31500.0,14,2250.0
2024-04,2024,1–5 MW,Ingeteam,5128.3,2,2564.15
2024-04,2024,1–5 MW,Outros,7500.0,2,3750.0
2024-04,2024,1–5 MW,Renac,1400.0,1,1400.0
2024-04,2024,1–5 MW,Solax Power,2160.0,1,2160.0
2024-04,2024,1–5 MW,Solis (Ginlong),9940.0,3,3313.3333333333335
2024-04,2024,1–5 MW,Sungrow,35235.0,13,2710.3846153846152
2024-04,2024,1–5 MW,Tsun,4000.0,1,4000.0
2024-04,2024,1–5 MW,WEG,6300.0,3,2100.0
2024-05,2024,≤10 kW,ABB/FIMER,31.38,7,4.482857142857143
2024-05,2024,≤10 kW,APsystems,4570.19,916,4.9892903930131
2024-05,2024,≤10 kW,Auxsol,210.23,38,5.532368421052631
2024-05,2024,≤10 kW,BYD,912.54,157,5.812356687898089
2024-05,2024,≤10 kW,Bedin Solar,3606.46,645,5.591410852713178
2024-05,2024,≤10 kW,Bel Energy,4149.6,971,4.273532440782699
2024-05,2024,≤10 kW,Canadian Solar,3103.13,555,5.591225225225226
2024-05,2024,≤10 kW,Chint,4632.95,816,5.677634803921569
2024-05,2024,≤10 kW,Deye,53720.87,9921,5.414864428989014
2024-05,2024,≤10 kW,Each Energy,1111.64,193,5.75979274611399
2024-05,2024,≤10 kW,Ecosolys,70.15,14,5.010714285714286
2024-05,2024,≤10 kW,Elgin,3671.12,626,5.8644089456869
2024-05,2024,≤10 kW,Emerson,10.0,1,10.0
2024-05,2024,≤10 kW,Empalux,1385.7,237,5.846835443037975
2024-05,2024,≤10 kW,Enphase,2718.2599999999998,638,4.260595611285266
2024-05,2024,≤10 kW,Foxess,1299.2,223,5.826008968609866
2024-05,2024,≤10 kW,Fronius,361.88,61,5.932459016393443
2024-05,2024,≤10 kW,GE,151.13,21,7.196666666666666
2024-05,2024,≤10 kW,Goodwe,7528.11,1402,5.369550641940085
2024-05,2024,≤10 kW,Growatt,50553.29,8529,5.92722359010435
2024-05,2024,≤10 kW,Hopewind,1741.67,271,6.426826568265683
2024-05,2024,≤10 kW,Hoymiles,11630.5,2229,5.217810677433826
2024-05,2024,≤10 kW,Huawei,3297.81,632,5.218053797468355
2024-05,2024,≤10 kW,Hypontech,3799.86,622,6.109099678456592
2024-05,2024,≤10 kW,Ingeteam,84.85,13,6.526923076923077
2024-05,2024,≤10 kW,Intelbras,11023.2,1950,5.652923076923077
2024-05,2024,≤10 kW,Kehua,1300.71,231,5.630779220779221
2024-05,2024,≤10 kW,Komeco,78.2,14,5.585714285714286
2024-05,2024,≤10 kW,Kstar,42.05,10,4.205
2024-05,2024,≤10 kW,Livoltek,2353.71,499,4.716853707414829
2024-05,2024,≤10 kW,NEP,168.31,47,3.581063829787234
2024-05,2024,≤10 kW,Nansen,621.89,100,6.2189
2024-05,2024,≤10 kW,Nexen,1003.17,182,5.511923076923076
2024-05,2024,≤10 kW,Não informado,3235.02,544,5.94672794117647
2024-05,2024,≤10 kW,Outros,6574.82,1224,5.371584967320262
2024-05,2024,≤10 kW,PHB,3970.5,749,5.301068090787717
2024-05,2024,≤10 kW,Refusol,89.36,18,4.964444444444444
2024-05,2024,≤10 kW,Renac,4151.69,737,5.6332293080054265
2024-05,2024,≤10 kW,Renovigi,2158.31,400,5.3957749999999995
2024-05,2024,≤10 kW,SAJ,30693.63,5265,5.829749287749288
2024-05,2024,≤10 kW,SHENZHEN,500.89,88,5.691931818181818
2024-05,2024,≤10 kW,SMA,55.92,13,4.3015384615384615
2024-05,2024,≤10 kW,SUNWAYS,448.53000000000003,74,6.061216216216216
2024-05,2024,≤10 kW,Sineng,48.44,7,6.92
2024-05,2024,≤10 kW,Sofar Solar,20239.12,3286,6.15919659160073
2024-05,2024,≤10 kW,SolarEdge,382.40999999999997,66,5.794090909090909
2024-05,2024,≤10 kW,Solax Power,111.37,19,5.861578947368422
2024-05,2024,≤10 kW,Solis (Ginlong),55143.36,9434,5.845172779308883
2024-05,2024,≤10 kW,Solplanet,16452.33,2694,6.107026726057907
2024-05,2024,≤10 kW,Sungrow,26258.81,4348,6.0392847286108555
2024-05,2024,≤10 kW,TSUNESS,781.61,145,5.390413793103448
2024-05,2024,≤10 kW,Tsun,1265.51,276,4.58518115942029
2024-05,2024,≤10 kW,WEG,21378.02,4355,4.908845005740528
2024-05,2024,≤10 kW,WEG (Huawei),81.8,15,5.453333333333333
2024-05,2024,10–20 kW,ABB/FIMER,25.7,2,12.85
2024-05,2024,10–20 kW,APsystems,1349.41,98,13.769489795918368
2024-05,2024,10–20 kW,Auxsol,61.6,5,12.32
2024-05,2024,10–20 kW,BYD,341.0,25,13.64
2024-05,2024,10–20 kW,Bedin Solar,647.77,44,14.722045454545453
2024-05,2024,10–20 kW,Bel Energy,985.2,67,14.7044776119403
2024-05,2024,10–20 kW,Canadian Solar,1517.79,94,16.146702127659573
2024-05,2024,10–20 kW,Chint,1693.15,112,15.117410714285715
2024-05,2024,10–20 kW,Deye,14839.34,1023,14.505708699902248
2024-05,2024,10–20 kW,Each Energy,168.42000000000002,11,15.310909090909092
2024-05,2024,10–20 kW,Ecosolys,12.0,1,12.0
2024-05,2024,10–20 kW,Elgin,1049.45,69,15.209420289855073
2024-05,2024,10–20 kW,Empalux,522.5,33,15.833333333333334
2024-05,2024,10–20 kW,Enphase,853.48,63,13.547301587301588
2024-05,2024,10–20 kW,Foxess,734.91,57,12.893157894736841
2024-05,2024,10–20 kW,Fronius,339.52,24,14.146666666666667
2024-05,2024,10–20 kW,Goodwe,1589.93,110,14.453909090909091
2024-05,2024,10–20 kW,Growatt,14748.86,945,15.60725925925926
2024-05,2024,10–20 kW,Hopewind,486.66,34,14.313529411764707
2024-05,2024,10–20 kW,Hoymiles,3225.69,230,14.024739130434783
2024-05,2024,10–20 kW,Huawei,1469.1,97,15.145360824742268
2024-05,2024,10–20 kW,Hypontech,1331.01,109,12.211100917431192
2024-05,2024,10–20 kW,Ingeteam,52.8,3,17.599999999999998
2024-05,2024,10–20 kW,Intelbras,2820.12,195,14.462153846153846
2024-05,2024,10–20 kW,Kehua,237.46,16,14.84125
2024-05,2024,10–20 kW,Komeco,14.3,1,14.3
2024-05,2024,10–20 kW,Kstar,12.0,1,12.0
2024-05,2024,10–20 kW,Livoltek,174.56,13,13.427692307692308
2024-05,2024,10–20 kW,NEP,30.0,2,15.0
2024-05,2024,10–20 kW,Nansen,130.61,9,14.512222222222224
2024-05,2024,10–20 kW,Nexen,146.82,11,13.347272727272726
2024-05,2024,10–20 kW,Não informado,904.97,59,15.338474576271187
2024-05,2024,10–20 kW,Outros,2633.69,183,14.391748633879782
2024-05,2024,10–20 kW,PHB,941.3100000000001,63,14.941428571428572
2024-05,2024,10–20 kW,Refusol,40.34,3,13.446666666666667
2024-05,2024,10–20 kW,Renac,2178.99,170,12.817588235294116
2024-05,2024,10–20 kW,Renovigi,842.36,54,15.59925925925926
2024-05,2024,10–20 kW,SAJ,8293.03,548,15.133266423357666
2024-05,2024,10–20 kW,SHENZHEN,423.65,29,14.608620689655172
2024-05,2024,10–20 kW,SMA,11.34,1,11.34
2024-05,2024,10–20 kW,SUNWAYS,79.32,6,13.219999999999999
2024-05,2024,10–20 kW,Sineng,20.0,1,20.0
2024-05,2024,10–20 kW,Sofar Solar,7045.24,496,14.204112903225806
2024-05,2024,10–20 kW,SolarEdge,241.36,16,15.085
2024-05,2024,10–20 kW,Solax Power,39.53,3,13.176666666666668
2024-05,2024,10–20 kW,Solis (Ginlong),11953.67,799,14.96078848560701
2024-05,2024,10–20 kW,Solplanet,6870.69,438,15.686506849315068
2024-05,2024,10–20 kW,Sungrow,6684.81,440,15.19275
2024-05,2024,10–20 kW,TSUNESS,161.2,12,13.433333333333332
2024-05,2024,10–20 kW,Tsun,476.51,35,13.614571428571429
2024-05,2024,10–20 kW,WEG,7092.65,524,13.535591603053435
2024-05,2024,10–20 kW,WEG (Huawei),430.05,29,14.829310344827586
2024-05,2024,20–75 kW,ABB/FIMER,75.0,2,37.5
2024-05,2024,20–75 kW,APsystems,1197.6,33,36.29090909090909
2024-05,2024,20–75 kW,Auxsol,181.0,3,60.333333333333336
2024-05,2024,20–75 kW,BYD,921.44,21,43.87809523809524
2024-05,2024,20–75 kW,Bedin Solar,2477.49,44,56.30659090909091
2024-05,2024,20–75 kW,Bel Energy,2029.79,55,36.905272727272724
2024-05,2024,20–75 kW,Canadian Solar,2334.46,69,33.83275362318841
2024-05,2024,20–75 kW,Chint,1831.61,50,36.6322
2024-05,2024,20–75 kW,Deye,12112.08,323,37.498699690402475
2024-05,2024,20–75 kW,Each Energy,40.0,1,40.0
2024-05,2024,20–75 kW,Elgin,1286.76,35,36.76457142857143
2024-05,2024,20–75 kW,Empalux,395.85,11,35.98636363636364
2024-05,2024,20–75 kW,Enphase,327.68,11,29.78909090909091
2024-05,2024,20–75 kW,Foxess,244.0,8,30.5
2024-05,2024,20–75 kW,Fronius,557.92,11,50.72
2024-05,2024,20–75 kW,GE,261.1,6,43.51666666666667
2024-05,2024,20–75 kW,Goodwe,3246.9,78,41.62692307692308
2024-05,2024,20–75 kW,Growatt,30072.17,704,42.71615056818182
2024-05,2024,20–75 kW,Hopewind,684.46,18,38.025555555555556
2024-05,2024,20–75 kW,Hoymiles,1422.3,48,29.631249999999998
2024-05,2024,20–75 kW,Huawei,3119.23,68,45.87102941176471
2024-05,2024,20–75 kW,Hypontech,721.1800000000001,24,30.049166666666668
2024-05,2024,20–75 kW,Intelbras,2352.96,58,40.568275862068965
2024-05,2024,20–75 kW,Kehua,479.85,15,31.990000000000002
2024-05,2024,20–75 kW,Komeco,122.0,3,40.666666666666664
2024-05,2024,20–75 kW,Kstar,25.85,1,25.85
2024-05,2024,20–75 kW,Livoltek,150.0,5,30.0
2024-05,2024,20–75 kW,NEP,22.0,1,22.0
2024-05,2024,20–75 kW,Nansen,145.3,3,48.43333333333334
2024-05,2024,20–75 kW,Nexen,69.0,3,23.0
2024-05,2024,20–75 kW,Não informado,1468.48,41,35.81658536585366
2024-05,2024,20–75 kW,Outros,4347.95,101,43.0490099009901
2024-05,2024,20–75 kW,PHB,2415.22,62,38.95516129032258
2024-05,2024,20–75 kW,Refusol,119.68,3,39.89333333333334
2024-05,2024,20–75 kW,Renac,1260.44,34,37.07176470588235
2024-05,2024,20–75 kW,Renovigi,807.6,24,33.65
2024-05,2024,20–75 kW,SAJ,6586.82,190,34.66747368421053
2024-05,2024,20–75 kW,SHENZHEN,1828.06,32,57.126875
2024-05,2024,20–75 kW,SMA,235.0,4,58.75
2024-05,2024,20–75 kW,SUNWAYS,83.4,3,27.8
2024-05,2024,20–75 kW,Sineng,74.75,1,74.75
2024-05,2024,20–75 kW,Sofar Solar,8847.33,235,37.648212765957446
2024-05,2024,20–75 kW,SolarEdge,1807.8899999999999,37,48.86189189189189
2024-05,2024,20–75 kW,Solax Power,228.06,6,38.01
2024-05,2024,20–75 kW,Solis (Ginlong),33859.48,690,49.07171014492754
2024-05,2024,20–75 kW,Solplanet,6658.77,195,34.14753846153847
2024-05,2024,20–75 kW,Sungrow,11462.65,268,42.77108208955224
2024-05,2024,20–75 kW,TSUNESS,84.0,3,28.0
2024-05,2024,20–75 kW,Tsun,155.59,5,31.118000000000002
2024-05,2024,20–75 kW,WEG,13991.22,318,43.99754716981132
2024-05,2024,20–75 kW,WEG (Huawei),651.22,15,43.41466666666667
2024-05,2024,75–300 kW,APsystems,334.0,3,111.33333333333333
2024-05,2024,75–300 kW,BYD,220.0,1,220.0
2024-05,2024,75–300 kW,Bedin Solar,300.0,1,300.0
2024-05,2024,75–300 kW,Canadian Solar,1393.0,7,199.0
2024-05,2024,75–300 kW,Deye,654.4,6,109.06666666666666
2024-05,2024,75–300 kW,Elgin,180.0,1,180.0
2024-05,2024,75–300 kW,Foxess,100.0,1,100.0
2024-05,2024,75–300 kW,Fronius,544.0,3,181.33333333333334
2024-05,2024,75–300 kW,Goodwe,237.0,2,118.5
2024-05,2024,75–300 kW,Growatt,4770.2,26,183.46923076923076
2024-05,2024,75–300 kW,Hopewind,111.0,1,111.0
2024-05,2024,75–300 kW,Hoymiles,108.0,1,108.0
2024-05,2024,75–300 kW,Huawei,3691.0,34,108.55882352941177
2024-05,2024,75–300 kW,Outros,2219.16,10,221.916
2024-05,2024,75–300 kW,PHB,300.0,1,300.0
2024-05,2024,75–300 kW,Renac,525.0,3,175.0
2024-05,2024,75–300 kW,Renovigi,90.0,1,90.0
2024-05,2024,75–300 kW,SAJ,625.0,4,156.25
2024-05,2024,75–300 kW,SMA,300.0,1,300.0
2024-05,2024,75–300 kW,Sofar Solar,1270.0,7,181.42857142857142
2024-05,2024,75–300 kW,SolarEdge,250.70000000000002,2,125.35000000000001
2024-05,2024,75–300 kW,Solis (Ginlong),2771.5,17,163.02941176470588
2024-05,2024,75–300 kW,Solplanet,100.0,1,100.0
2024-05,2024,75–300 kW,Sungrow,8282.0,47,176.2127659574468
2024-05,2024,75–300 kW,TBEA,250.0,1,250.0
2024-05,2024,75–300 kW,WEG,4424.0,27,163.85185185185185
2024-05,2024,75–300 kW,WEG (Huawei),300.0,1,300.0
2024-05,2024,300 kW–1 MW,APsystems,570.0,1,570.0
2024-05,2024,300 kW–1 MW,Bedin Solar,975.0,1,975.0
2024-05,2024,300 kW–1 MW,Canadian Solar,7500.0,8,937.5
2024-05,2024,300 kW–1 MW,Deye,1475.0,2,737.5
2024-05,2024,300 kW–1 MW,Empalux,450.0,1,450.0
2024-05,2024,300 kW–1 MW,Goodwe,1420.0,2,710.0
2024-05,2024,300 kW–1 MW,Growatt,1600.0,2,800.0
2024-05,2024,300 kW–1 MW,Huawei,21368.28,23,929.055652173913
2024-05,2024,300 kW–1 MW,Não informado,2346.4,3,782.1333333333333
2024-05,2024,300 kW–1 MW,Outros,1696.0,3,565.3333333333334
2024-05,2024,300 kW–1 MW,PHB,400.0,1,400.0
2024-05,2024,300 kW–1 MW,SolarEdge,1834.0,3,611.3333333333334
2024-05,2024,300 kW–1 MW,Solis (Ginlong),2594.0,4,648.5
2024-05,2024,300 kW–1 MW,Sungrow,25190.0,29,868.6206896551724
2024-05,2024,300 kW–1 MW,TBEA,3648.0,4,912.0
2024-05,2024,300 kW–1 MW,WEG,1500.0,2,750.0
2024-05,2024,300 kW–1 MW,WEG (Huawei),600.0,1,600.0
2024-05,2024,1–5 MW,Canadian Solar,4500.0,2,2250.0
2024-05,2024,1–5 MW,Deye,19440.0,5,3888.0
2024-05,2024,1–5 MW,Growatt,19395.0,4,4848.75
2024-05,2024,1–5 MW,Hoymiles,8000.0,2,4000.0
2024-05,2024,1–5 MW,Huawei,19400.0,8,2425.0
2024-05,2024,1–5 MW,PHB,3000.0,1,3000.0
2024-05,2024,1–5 MW,Solis (Ginlong),2850.0,1,2850.0
2024-05,2024,1–5 MW,Sungrow,36000.0,12,3000.0
2024-05,2024,1–5 MW,WEG,3600.0,2,1800.0
2024-06,2024,≤10 kW,ABB/FIMER,81.23,16,5.076875
2024-06,2024,≤10 kW,APsystems,4456.2,873,5.10446735395189
2024-06,2024,≤10 kW,Auxsol,149.17,29,5.143793103448275
2024-06,2024,≤10 kW,BYD,926.8,168,5.516666666666667
2024-06,2024,≤10 kW,Bedin Solar,3339.37,564,5.920868794326241
2024-06,2024,≤10 kW,Bel Energy,3124.33,724,4.315372928176796
2024-06,2024,≤10 kW,Canadian Solar,2699.01,484,5.576466942148761
2024-06,2024,≤10 kW,Chint,4321.2699999999995,758,5.700883905013192
2024-06,2024,≤10 kW,Deye,47184.65,8593,5.491056674037007
2024-06,2024,≤10 kW,Each Energy,1292.63,217,5.956820276497696
2024-06,2024,≤10 kW,Ecosolys,31.32,10,3.132
2024-06,2024,≤10 kW,Elgin,3242.47,554,5.85283393501805
2024-06,2024,≤10 kW,Empalux,1086.07,168,6.464702380952381
2024-06,2024,≤10 kW,Enphase,1926.98,490,3.932612244897959
2024-06,2024,≤10 kW,Foxess,2041.05,358,5.701256983240223
2024-06,2024,≤10 kW,Fronius,393.68,69,5.705507246376811
2024-06,2024,≤10 kW,GE,94.36,15,6.290666666666667
2024-06,2024,≤10 kW,Goodwe,7053.82,1302,5.417680491551459
2024-06,2024,≤10 kW,Growatt,43696.89,7294,5.9907992870852755
2024-06,2024,≤10 kW,Hopewind,1487.6,228,6.524561403508772
2024-06,2024,≤10 kW,Hoymiles,10685.43,2068,5.167035783365571
2024-06,2024,≤10 kW,Huawei,3109.12,565,5.502867256637168
2024-06,2024,≤10 kW,Hypontech,2775.69,467,5.943661670235546
2024-06,2024,≤10 kW,Ingeteam,46.15,7,6.5928571428571425
2024-06,2024,≤10 kW,Intelbras,9113.04,1600,5.6956500000000005
2024-06,2024,≤10 kW,Kehua,1012.75,185,5.474324324324324
2024-06,2024,≤10 kW,Komeco,100.74,16,6.29625
2024-06,2024,≤10 kW,Kstar,75.92,17,4.465882352941176
2024-06,2024,≤10 kW,Livoltek,1742.43,402,4.334402985074627
2024-06,2024,≤10 kW,NEP,190.18,42,4.528095238095238
2024-06,2024,≤10 kW,Nansen,710.47,122,5.8235245901639345
2024-06,2024,≤10 kW,Nexen,984.89,177,5.564350282485876
2024-06,2024,≤10 kW,Não informado,3240.45,523,6.195889101338432
2024-06,2024,≤10 kW,Outros,6131.26,1228,4.992882736156352
2024-06,2024,≤10 kW,PHB,2907.25,534,5.444288389513108
2024-06,2024,≤10 kW,Refusol,54.53,13,4.194615384615385
2024-06,2024,≤10 kW,Renac,3669.35,665,5.51781954887218
2024-06,2024,≤10 kW,Renovigi,2056.27,390,5.27248717948718
2024-06,2024,≤10 kW,SAJ,31728.52,5438,5.834593600588452
2024-06,2024,≤10 kW,SHENZHEN,425.81,79,5.39
2024-06,2024,≤10 kW,SMA,20.94,9,2.3266666666666667
2024-06,2024,≤10 kW,SUNWAYS,400.87,69,5.809710144927537
2024-06,2024,≤10 kW,Sineng,87.35,14,6.239285714285714
2024-06,2024,≤10 kW,Sofar Solar,17421.74,2881,6.047115584866367
2024-06,2024,≤10 kW,SolarEdge,464.59,79,5.880886075949367
2024-06,2024,≤10 kW,Solax Power,134.27,20,6.713500000000001
2024-06,2024,≤10 kW,Solis (Ginlong),53645.0,9115,5.885353812397147
2024-06,2024,≤10 kW,Solplanet,16474.14,2732,6.03006588579795
2024-06,2024,≤10 kW,Sungrow,22943.91,3804,6.0315220820189275
2024-06,2024,≤10 kW,TSUNESS,441.9,77,5.738961038961039
2024-06,2024,≤10 kW,Tsun,1033.02,233,4.433562231759656
2024-06,2024,≤10 kW,WEG,23482.31,4872,4.819850164203613
2024-06,2024,≤10 kW,WEG (Huawei),71.0,10,7.1
2024-06,2024,10–20 kW,ABB/FIMER,33.8,3,11.266666666666666
2024-06,2024,10–20 kW,APsystems,1504.79,105,14.331333333333333
2024-06,2024,10–20 kW,Auxsol,24.0,2,12.0
2024-06,2024,10–20 kW,BYD,374.61,27,13.874444444444444
2024-06,2024,10–20 kW,Bedin Solar,552.28,33,16.735757575757575
2024-06,2024,10–20 kW,Bel Energy,873.34,58,15.057586206896552
2024-06,2024,10–20 kW,Canadian Solar,1383.3,87,15.9
2024-06,2024,10–20 kW,Chint,1242.5,80,15.53125
2024-06,2024,10–20 kW,Deye,14360.18,994,14.446861167002012
2024-06,2024,10–20 kW,Each Energy,80.5,5,16.1
2024-06,2024,10–20 kW,Ecosolys,15.0,1,15.0
2024-06,2024,10–20 kW,Elgin,953.97,62,15.386612903225807
2024-06,2024,10–20 kW,Empalux,245.08,17,14.416470588235295
2024-06,2024,10–20 kW,Enphase,680.43,52,13.085192307692306
2024-06,2024,10–20 kW,Foxess,924.44,70,13.206285714285714
2024-06,2024,10–20 kW,Fronius,263.67,17,15.510000000000002
2024-06,2024,10–20 kW,GE,34.36,2,17.18
2024-06,2024,10–20 kW,Goodwe,1772.42,117,15.148888888888889
2024-06,2024,10–20 kW,Growatt,13548.08,858,15.790303030303031
2024-06,2024,10–20 kW,Hopewind,440.90999999999997,28,15.746785714285712
2024-06,2024,10–20 kW,Hoymiles,2833.78,203,13.959507389162562
2024-06,2024,10–20 kW,Huawei,1194.18,75,15.922400000000001
2024-06,2024,10–20 kW,Hypontech,1441.94,115,12.538608695652174
2024-06,2024,10–20 kW,Ingeteam,69.2,4,17.3
2024-06,2024,10–20 kW,Intelbras,2560.9,177,14.468361581920904
2024-06,2024,10–20 kW,Kehua,398.9,27,14.774074074074074
2024-06,2024,10–20 kW,Komeco,28.0,2,14.0
2024-06,2024,10–20 kW,Kstar,81.0,6,13.5
2024-06,2024,10–20 kW,Livoltek,175.8,14,12.557142857142859
2024-06,2024,10–20 kW,NEP,61.25,5,12.25
2024-06,2024,10–20 kW,Nansen,107.53999999999999,7,15.362857142857141
2024-06,2024,10–20 kW,Nexen,168.96,12,14.08
2024-06,2024,10–20 kW,Não informado,1439.69,93,15.480537634408602
2024-06,2024,10–20 kW,Outros,3196.84,226,14.145309734513274
2024-06,2024,10–20 kW,PHB,798.82,55,14.524000000000001
2024-06,2024,10–20 kW,Renac,1768.49,134,13.19768656716418
2024-06,2024,10–20 kW,Renovigi,687.3,42,16.364285714285714
2024-06,2024,10–20 kW,SAJ,9093.83,603,15.080978441127694
2024-06,2024,10–20 kW,SHENZHEN,342.57,23,14.894347826086957
2024-06,2024,10–20 kW,SUNWAYS,88.72,6,14.786666666666667
2024-06,2024,10–20 kW,Sineng,22.05,2,11.025
2024-06,2024,10–20 kW,Sofar Solar,7427.52,497,14.944708249496983
2024-06,2024,10–20 kW,SolarEdge,164.76,11,14.978181818181817
2024-06,2024,10–20 kW,Solax Power,87.0,6,14.5
2024-06,2024,10–20 kW,Solis (Ginlong),11692.85,773,15.126584734799483
2024-06,2024,10–20 kW,Solplanet,5757.1,373,15.434584450402145
2024-06,2024,10–20 kW,Sungrow,5982.73,380,15.744026315789473
2024-06,2024,10–20 kW,TSUNESS,144.0,10,14.4
2024-06,2024,10–20 kW,Tsun,328.28,24,13.678333333333333
2024-06,2024,10–20 kW,WEG,9642.4,704,13.696590909090908
2024-06,2024,10–20 kW,WEG (Huawei),160.8,11,14.618181818181819
2024-06,2024,20–75 kW,ABB/FIMER,140.81,3,46.93666666666667
2024-06,2024,20–75 kW,APsystems,1132.6,36,31.46111111111111
2024-06,2024,20–75 kW,Auxsol,275.0,4,68.75
2024-06,2024,20–75 kW,BYD,510.22,12,42.51833333333334
2024-06,2024,20–75 kW,Bedin Solar,2617.2,45,58.16
2024-06,2024,20–75 kW,Bel Energy,2665.89,73,36.51904109589041
2024-06,2024,20–75 kW,Canadian Solar,3641.59,97,37.54216494845361
2024-06,2024,20–75 kW,Chint,2258.76,57,39.62736842105264
2024-06,2024,20–75 kW,Deye,13773.47,350,39.35277142857143
2024-06,2024,20–75 kW,Each Energy,40.0,1,40.0
2024-06,2024,20–75 kW,Ecosolys,58.86,2,29.43
2024-06,2024,20–75 kW,Elgin,1462.43,36,40.62305555555556
2024-06,2024,20–75 kW,Empalux,476.62,12,39.718333333333334
2024-06,2024,20–75 kW,Enphase,675.65,23,29.37608695652174
2024-06,2024,20–75 kW,Foxess,690.1,21,32.86190476190476
2024-06,2024,20–75 kW,Fronius,1180.77,25,47.2308
2024-06,2024,20–75 kW,GE,137.17,5,27.433999999999997
2024-06,2024,20–75 kW,Goodwe,3405.31,76,44.80671052631579
2024-06,2024,20–75 kW,Growatt,28467.31,638,44.61960815047022
2024-06,2024,20–75 kW,Hopewind,785.76,17,46.22117647058823
2024-06,2024,20–75 kW,Hoymiles,1935.65,61,31.731967213114757
2024-06,2024,20–75 kW,Huawei,4960.66,89,55.73775280898876
2024-06,2024,20–75 kW,Hypontech,836.66,24,34.86083333333333
2024-06,2024,20–75 kW,Ingeteam,73.0,1,73.0
2024-06,2024,20–75 kW,Intelbras,2718.31,65,41.82015384615384
2024-06,2024,20–75 kW,Kehua,427.0,11,38.81818181818182
2024-06,2024,20–75 kW,Komeco,193.75,4,48.4375
2024-06,2024,20–75 kW,Livoltek,48.31,2,24.155
2024-06,2024,20–75 kW,Nansen,98.78999999999999,3,32.93
2024-06,2024,20–75 kW,Nexen,22.5,1,22.5
2024-06,2024,20–75 kW,Não informado,1432.99,38,37.71026315789474
2024-06,2024,20–75 kW,Outros,4913.28,122,40.2727868852459
2024-06,2024,20–75 kW,PHB,2258.75,58,38.94396551724138
2024-06,2024,20–75 kW,Refusol,47.0,2,23.5
2024-06,2024,20–75 kW,Renac,2423.39,65,37.282923076923076
2024-06,2024,20–75 kW,Renovigi,1269.28,30,42.309333333333335
2024-06,2024,20–75 kW,SAJ,8517.96,244,34.90967213114754
2024-06,2024,20–75 kW,SHENZHEN,1789.82,31,57.73612903225806
2024-06,2024,20–75 kW,SMA,48.92,2,24.46
2024-06,2024,20–75 kW,SUNWAYS,97.5,2,48.75
2024-06,2024,20–75 kW,Sofar Solar,9021.06,231,39.05220779220779
2024-06,2024,20–75 kW,SolarEdge,2174.2,53,41.02264150943396
2024-06,2024,20–75 kW,Solis (Ginlong),37646.47,782,48.14126598465473
2024-06,2024,20–75 kW,Solplanet,7460.77,198,37.68065656565657
2024-06,2024,20–75 kW,Sungrow,11693.94,263,44.46365019011407
2024-06,2024,20–75 kW,TSUNESS,54.0,2,27.0
2024-06,2024,20–75 kW,Tsun,310.84000000000003,10,31.084000000000003
2024-06,2024,20–75 kW,WEG,15227.99,350,43.50854285714286
2024-06,2024,20–75 kW,WEG (Huawei),665.8,14,47.55714285714286
2024-06,2024,75–300 kW,ABB/FIMER,300.0,1,300.0
2024-06,2024,75–300 kW,APsystems,308.4,3,102.8
2024-06,2024,75–300 kW,Bedin Solar,150.0,1,150.0
2024-06,2024,75–300 kW,Canadian Solar,275.0,2,137.5
2024-06,2024,75–300 kW,Deye,1120.0,8,140.0
2024-06,2024,75–300 kW,Elgin,450.0,2,225.0
2024-06,2024,75–300 kW,Enphase,240.24,2,120.12
2024-06,2024,75–300 kW,Fronius,1097.2,5,219.44
2024-06,2024,75–300 kW,Goodwe,582.0,2,291.0
2024-06,2024,75–300 kW,Growatt,4381.96,21,208.66476190476192
2024-06,2024,75–300 kW,Huawei,2070.0,14,147.85714285714286
2024-06,2024,75–300 kW,Intelbras,450.0,2,225.0
2024-06,2024,75–300 kW,Kehua,150.0,1,150.0
2024-06,2024,75–300 kW,Outros,1640.0,9,182.22222222222223
2024-06,2024,75–300 kW,PHB,291.0,1,291.0
2024-06,2024,75–300 kW,Renovigi,300.0,1,300.0
2024-06,2024,75–300 kW,SAJ,125.0,1,125.0
2024-06,2024,75–300 kW,Sofar Solar,625.0,4,156.25
2024-06,2024,75–300 kW,SolarEdge,704.5,4,176.125
2024-06,2024,75–300 kW,Solis (Ginlong),5564.9,30,185.49666666666664
2024-06,2024,75–300 kW,Solplanet,510.0,3,170.0
2024-06,2024,75–300 kW,Sungrow,2662.08,16,166.38
2024-06,2024,75–300 kW,WEG,3291.0,18,182.83333333333334
2024-06,2024,300 kW–1 MW,BYD,900.0,1,900.0
2024-06,2024,300 kW–1 MW,Canadian Solar,2160.0,3,720.0
2024-06,2024,300 kW–1 MW,Elgin,875.0,1,875.0
2024-06,2024,300 kW–1 MW,Goodwe,3808.0,4,952.0
2024-06,2024,300 kW–1 MW,Growatt,1445.5,3,481.8333333333333
2024-06,2024,300 kW–1 MW,Huawei,28940.0,30,964.6666666666666
2024-06,2024,300 kW–1 MW,Outros,3451.0,5,690.2
2024-06,2024,300 kW–1 MW,SAJ,394.35,1,394.35
2024-06,2024,300 kW–1 MW,SHENZHEN,1000.0,1,1000.0
2024-06,2024,300 kW–1 MW,Sofar Solar,760.0,1,760.0
2024-06,2024,300 kW–1 MW,SolarEdge,2262.45,3,754.15
2024-06,2024,300 kW–1 MW,Solis (Ginlong),4418.8,7,631.2571428571429
2024-06,2024,300 kW–1 MW,Sungrow,46178.6,54,855.1592592592592
2024-06,2024,300 kW–1 MW,TBEA,19824.0,20,991.2
2024-06,2024,300 kW–1 MW,WEG,2855.0,6,475.8333333333333
2024-06,2024,300 kW–1 MW,WEG (Huawei),1000.0,1,1000.0
2024-06,2024,1–5 MW,Deye,8000.0,2,4000.0
2024-06,2024,1–5 MW,Foxess,5000.0,1,5000.0
2024-06,2024,1–5 MW,Growatt,7280.0,2,3640.0
2024-06,2024,1–5 MW,Huawei,37307.0,17,2194.529411764706
2024-06,2024,1–5 MW,Outros,5000.0,1,5000.0
2024-06,2024,1–5 MW,Solis (Ginlong),8000.0,2,4000.0
2024-06,2024,1–5 MW,Sungrow,21248.0,7,3035.4285714285716
2024-06,2024,1–5 MW,TBEA,5000.0,1,5000.0
2024-06,2024,1–5 MW,WEG,2500.0,1,2500.0
2024-07,2024,≤10 kW,ABB/FIMER,100.42,18,5.578888888888889
2024-07,2024,≤10 kW,APsystems,4156.09,869,4.782612197928654
2024-07,2024,≤10 kW,Auxsol,138.9,25,5.556
2024-07,2024,≤10 kW,B&B POWER,3.25,1,3.25
2024-07,2024,≤10 kW,BYD,959.12,170,5.641882352941177
2024-07,2024,≤10 kW,Bedin Solar,2614.11,440,5.941159090909091
2024-07,2024,≤10 kW,Bel Energy,2624.88,586,4.479317406143345
2024-07,2024,≤10 kW,Canadian Solar,2342.71,402,5.827636815920398
2024-07,2024,≤10 kW,Chint,4619.86,803,5.753250311332502
2024-07,2024,≤10 kW,Deye,51076.44,9079,5.625778169401917
2024-07,2024,≤10 kW,Each Energy,1203.87,202,5.959752475247524
2024-07,2024,≤10 kW,Ecosolys,72.76,12,6.0633333333333335
2024-07,2024,≤10 kW,Elgin,3036.12,532,5.706992481203008
2024-07,2024,≤10 kW,Emerson,13.0,2,6.5
2024-07,2024,≤10 kW,Empalux,853.47,136,6.275514705882353
2024-07,2024,≤10 kW,Enphase,1994.18,509,3.9178388998035363
2024-07,2024,≤10 kW,Foxess,3080.45,541,5.693992606284658
2024-07,2024,≤10 kW,Fronius,375.1,65,5.770769230769231
2024-07,2024,≤10 kW,GE,85.64,12,7.136666666666667
2024-07,2024,≤10 kW,Goodwe,6758.45,1254,5.3895135566188195
2024-07,2024,≤10 kW,Growatt,46027.93,7641,6.023809710770841
2024-07,2024,≤10 kW,Hopewind,1356.44,204,6.64921568627451
2024-07,2024,≤10 kW,Hoymiles,11116.46,2241,4.960490852298081
2024-07,2024,≤10 kW,Huawei,5100.4,818,6.23520782396088
2024-07,2024,≤10 kW,Hypontech,3408.68,577,5.907590987868284
2024-07,2024,≤10 kW,Ingeteam,46.29,8,5.78625
2024-07,2024,≤10 kW,Intelbras,8687.96,1536,5.6562239583333325
2024-07,2024,≤10 kW,Kehua,1416.49,246,5.758089430894309
2024-07,2024,≤10 kW,Komeco,62.05,12,5.170833333333333
2024-07,2024,≤10 kW,Kstar,80.67,17,4.745294117647059
2024-07,2024,≤10 kW,Livoltek,1376.25,318,4.327830188679245
2024-07,2024,≤10 kW,NEP,329.15,63,5.224603174603174
2024-07,2024,≤10 kW,Nansen,641.02,110,5.827454545454545
2024-07,2024,≤10 kW,Nexen,991.5,169,5.866863905325443
2024-07,2024,≤10 kW,Não informado,3459.5,570,6.069298245614035
2024-07,2024,≤10 kW,Outros,6695.98,1212,5.52473597359736
2024-07,2024,≤10 kW,PHB,3678.17,670,5.489805970149254
2024-07,2024,≤10 kW,Refusol,90.3,20,4.515
2024-07,2024,≤10 kW,Renac,3715.89,646,5.752151702786377
2024-07,2024,≤10 kW,Renovigi,1945.0,375,5.1866666666666665
2024-07,2024,≤10 kW,SAJ,37565.91,6411,5.859602246139448
2024-07,2024,≤10 kW,SHENZHEN,433.57,67,6.471194029850746
2024-07,2024,≤10 kW,SMA,30.55,7,4.364285714285715
2024-07,2024,≤10 kW,SUNWAYS,339.7,57,5.959649122807018
2024-07,2024,≤10 kW,Sineng,97.93,14,6.995
2024-07,2024,≤10 kW,Sofar Solar,17076.75,2808,6.0814636752136755
2024-07,2024,≤10 kW,SolarEdge,455.17,83,5.483975903614458
2024-07,2024,≤10 kW,Solax Power,94.0,15,6.266666666666667
2024-07,2024,≤10 kW,Solis (Ginlong),53599.87,8830,6.070200453001132
2024-07,2024,≤10 kW,Solplanet,23086.0,3812,6.0561385099685205
2024-07,2024,≤10 kW,Sungrow,25689.66,4222,6.084713405968735
2024-07,2024,≤10 kW,TSUNESS,591.86,114,5.191754385964912
2024-07,2024,≤10 kW,Tsun,1043.97,265,3.939509433962264
2024-07,2024,≤10 kW,WEG,24061.03,4929,4.8815236356258875
2024-07,2024,≤10 kW,WEG (Huawei),215.64,33,6.534545454545454
2024-07,2024,10–20 kW,ABB/FIMER,55.519999999999996,4,13.879999999999999
2024-07,2024,10–20 kW,APsystems,1732.07,122,14.197295081967212
2024-07,2024,10–20 kW,BYD,317.94,21,15.14
2024-07,2024,10–20 kW,Bedin Solar,455.59,28,16.271071428571428
2024-07,2024,10–20 kW,Bel Energy,772.62,49,15.767755102040816
2024-07,2024,10–20 kW,Canadian Solar,1396.27,87,16.049080459770114
2024-07,2024,10–20 kW,Chint,1164.05,76,15.316447368421052
2024-07,2024,10–20 kW,Deye,17052.31,1194,14.281666666666668
2024-07,2024,10–20 kW,Each Energy,260.24,18,14.457777777777778
2024-07,2024,10–20 kW,Elgin,796.45,51,15.616666666666667
2024-07,2024,10–20 kW,Empalux,320.12,23,13.918260869565218
2024-07,2024,10–20 kW,Enphase,769.33,56,13.738035714285715
2024-07,2024,10–20 kW,Foxess,917.7,68,13.495588235294118
2024-07,2024,10–20 kW,Fronius,329.09,22,14.958636363636362
2024-07,2024,10–20 kW,GE,26.25,2,13.125
2024-07,2024,10–20 kW,Goodwe,2351.86,155,15.173290322580646
2024-07,2024,10–20 kW,Growatt,12916.67,801,16.125680399500624
2024-07,2024,10–20 kW,Hopewind,427.14,28,15.254999999999999
2024-07,2024,10–20 kW,Hoymiles,3555.25,258,13.780038759689923
2024-07,2024,10–20 kW,Huawei,1730.67,112,15.452410714285715
2024-07,2024,10–20 kW,Hypontech,1825.12,135,13.519407407407407
2024-07,2024,10–20 kW,Ingeteam,16.0,1,16.0
2024-07,2024,10–20 kW,Intelbras,2696.23,181,14.896298342541437
2024-07,2024,10–20 kW,Kehua,287.25,20,14.3625
2024-07,2024,10–20 kW,Komeco,32.0,2,16.0
2024-07,2024,10–20 kW,Kstar,50.0,3,16.666666666666668
2024-07,2024,10–20 kW,Livoltek,182.99,12,15.249166666666667
2024-07,2024,10–20 kW,NEP,43.0,3,14.333333333333334
2024-07,2024,10–20 kW,Nansen,248.2,17,14.6
2024-07,2024,10–20 kW,Nexen,147.35,11,13.395454545454545
2024-07,2024,10–20 kW,Não informado,1519.34,95,15.993052631578946
2024-07,2024,10–20 kW,Outros,2606.73,177,14.72728813559322
2024-07,2024,10–20 kW,PHB,1095.63,75,14.608400000000001
2024-07,2024,10–20 kW,Refusol,54.6,3,18.2
2024-07,2024,10–20 kW,Renac,2205.63,159,13.87188679245283
2024-07,2024,10–20 kW,Renovigi,361.39,25,14.455599999999999
2024-07,2024,10–20 kW,SAJ,12119.18,797,15.205997490589711
2024-07,2024,10–20 kW,SHENZHEN,319.8,21,15.22857142857143
2024-07,2024,10–20 kW,SMA,58.34,4,14.585
2024-07,2024,10–20 kW,SUNWAYS,87.44,6,14.573333333333332
2024-07,2024,10–20 kW,Sofar Solar,7370.52,481,15.323326403326405
2024-07,2024,10–20 kW,SolarEdge,225.78,14,16.127142857142857
2024-07,2024,10–20 kW,Solax Power,30.0,2,15.0
2024-07,2024,10–20 kW,Solis (Ginlong),14686.09,960,15.298010416666667
2024-07,2024,10–20 kW,Solplanet,7532.5,488,15.43545081967213
2024-07,2024,10–20 kW,Sungrow,7137.01,460,15.515239130434782
2024-07,2024,10–20 kW,TSUNESS,112.0,9,12.444444444444445
2024-07,2024,10–20 kW,Tsun,315.0,23,13.695652173913043
2024-07,2024,10–20 kW,WEG,9147.04,659,13.880182094081944
2024-07,2024,10–20 kW,WEG (Huawei),227.9,16,14.24375
2024-07,2024,20–75 kW,ABB/FIMER,81.0,2,40.5
2024-07,2024,20–75 kW,APsystems,1283.66,38,33.78052631578947
2024-07,2024,20–75 kW,Auxsol,225.0,3,75.0
2024-07,2024,20–75 kW,BYD,639.0,16,39.9375
2024-07,2024,20–75 kW,Bedin Solar,2947.36,48,61.403333333333336
2024-07,2024,20–75 kW,Bel Energy,1575.85,47,33.52872340425532
2024-07,2024,20–75 kW,Canadian Solar,3449.85,81,42.59074074074074
2024-07,2024,20–75 kW,Chint,2051.9700000000003,52,39.46096153846155
2024-07,2024,20–75 kW,Deye,17029.79,440,38.70406818181819
2024-07,2024,20–75 kW,Each Energy,25.0,1,25.0
2024-07,2024,20–75 kW,Ecosolys,92.0,3,30.666666666666668
2024-07,2024,20–75 kW,Elgin,2005.94,50,40.1188
2024-07,2024,20–75 kW,Empalux,627.0,14,44.785714285714285
2024-07,2024,20–75 kW,Enphase,745.74,26,28.682307692307692
2024-07,2024,20–75 kW,Foxess,714.67,22,32.485
2024-07,2024,20–75 kW,Fronius,1462.16,33,44.30787878787879
2024-07,2024,20–75 kW,GE,227.35999999999999,5,45.471999999999994
2024-07,2024,20–75 kW,Goodwe,4036.14,95,42.485684210526315
2024-07,2024,20–75 kW,Growatt,30945.81,692,44.71937861271677
2024-07,2024,20–75 kW,Hopewind,778.05,19,40.949999999999996
2024-07,2024,20–75 kW,Hoymiles,2077.32,63,32.973333333333336
2024-07,2024,20–75 kW,Huawei,3459.34,70,49.41914285714286
2024-07,2024,20–75 kW,Hypontech,735.15,23,31.963043478260868
2024-07,2024,20–75 kW,Intelbras,2327.29,62,37.53693548387097
2024-07,2024,20–75 kW,Kehua,310.56,8,38.82
2024-07,2024,20–75 kW,Komeco,122.0,4,30.5
2024-07,2024,20–75 kW,Kstar,30.88,1,30.88
2024-07,2024,20–75 kW,Livoltek,50.0,2,25.0
2024-07,2024,20–75 kW,NEP,21.0,1,21.0
2024-07,2024,20–75 kW,Nansen,24.0,1,24.0
2024-07,2024,20–75 kW,Nexen,64.0,2,32.0
2024-07,2024,20–75 kW,Não informado,1816.66,50,36.333200000000005
2024-07,2024,20–75 kW,Outros,5178.38,134,38.64462686567164
2024-07,2024,20–75 kW,PHB,2388.92,56,42.659285714285716
2024-07,2024,20–75 kW,Refusol,28.7,1,28.7
2024-07,2024,20–75 kW,Renac,1723.57,49,35.174897959183674
2024-07,2024,20–75 kW,Renovigi,1064.2,28,38.00714285714286
2024-07,2024,20–75 kW,SAJ,12486.92,351,35.57527065527066
2024-07,2024,20–75 kW,SHENZHEN,1504.0,26,57.84615384615385
2024-07,2024,20–75 kW,SUNWAYS,138.85,3,46.28333333333333
2024-07,2024,20–75 kW,Sofar Solar,10333.1,260,39.74269230769231
2024-07,2024,20–75 kW,SolarEdge,1541.34,37,41.65783783783784
2024-07,2024,20–75 kW,Solax Power,136.0,3,45.333333333333336
2024-07,2024,20–75 kW,Solis (Ginlong),39839.9,815,48.883312883435586
2024-07,2024,20–75 kW,Solplanet,7432.09,207,35.90381642512077
2024-07,2024,20–75 kW,Sungrow,11506.51,262,43.917977099236644
2024-07,2024,20–75 kW,TSUNESS,26.0,1,26.0
2024-07,2024,20–75 kW,Tsun,351.78,9,39.086666666666666
2024-07,2024,20–75 kW,WEG,17104.24,387,44.197002583979334
2024-07,2024,20–75 kW,WEG (Huawei),640.15,14,45.725
2024-07,2024,75–300 kW,APsystems,96.0,1,96.0
2024-07,2024,75–300 kW,BYD,180.0,2,90.0
2024-07,2024,75–300 kW,Bedin Solar,450.0,2,225.0
2024-07,2024,75–300 kW,Bel Energy,300.0,1,300.0
2024-07,2024,75–300 kW,Canadian Solar,1251.94,7,178.84857142857143
2024-07,2024,75–300 kW,Deye,1820.6,11,165.5090909090909
2024-07,2024,75–300 kW,Goodwe,731.0,3,243.66666666666666
2024-07,2024,75–300 kW,Growatt,2266.0,14,161.85714285714286
2024-07,2024,75–300 kW,Hopewind,150.0,1,150.0
2024-07,2024,75–300 kW,Huawei,3819.0,32,119.34375
2024-07,2024,75–300 kW,Ingeteam,147.0,1,147.0
2024-07,2024,75–300 kW,Kehua,100.0,1,100.0
2024-07,2024,75–300 kW,Não informado,331.46,3,110.48666666666666
2024-07,2024,75–300 kW,Outros,1310.0,7,187.14285714285714
2024-07,2024,75–300 kW,PHB,396.05,2,198.025
2024-07,2024,75–300 kW,Renac,223.0,1,223.0
2024-07,2024,75–300 kW,Renovigi,425.0,2,212.5
2024-07,2024,75–300 kW,SAJ,150.0,1,150.0
2024-07,2024,75–300 kW,SMA,90.0,1,90.0
2024-07,2024,75–300 kW,Sofar Solar,475.0,3,158.33333333333334
2024-07,2024,75–300 kW,SolarEdge,500.0,2,250.0
2024-07,2024,75–300 kW,Solis (Ginlong),5125.17,29,176.73
2024-07,2024,75–300 kW,Solplanet,100.0,1,100.0
2024-07,2024,75–300 kW,Sungrow,2432.31,15,162.154
2024-07,2024,75–300 kW,TBEA,250.0,1,250.0
2024-07,2024,75–300 kW,WEG,3824.0,21,182.0952380952381
2024-07,2024,75–300 kW,WEG (Huawei),300.0,1,300.0
2024-07,2024,300 kW–1 MW,Canadian Solar,6000.0,6,1000.0
2024-07,2024,300 kW–1 MW,Chint,550.0,1,550.0
2024-07,2024,300 kW–1 MW,Elgin,465.0,1,465.0
2024-07,2024,300 kW–1 MW,Empalux,900.0,1,900.0
2024-07,2024,300 kW–1 MW,Goodwe,5181.68,6,863.6133333333333
2024-07,2024,300 kW–1 MW,Growatt,3358.0,5,671.6
2024-07,2024,300 kW–1 MW,Huawei,33325.0,41,812.8048780487804
2024-07,2024,300 kW–1 MW,Intelbras,3000.0,3,1000.0
2024-07,2024,300 kW–1 MW,Komeco,420.0,1,420.0
2024-07,2024,300 kW–1 MW,Outros,2500.0,3,833.3333333333334
2024-07,2024,300 kW–1 MW,SolarEdge,476.5,1,476.5
2024-07,2024,300 kW–1 MW,Solax Power,560.0,1,560.0
2024-07,2024,300 kW–1 MW,Solis (Ginlong),3564.7200000000003,5,712.9440000000001
2024-07,2024,300 kW–1 MW,Sungrow,41343.0,49,843.734693877551
2024-07,2024,300 kW–1 MW,TBEA,3000.0,3,1000.0
2024-07,2024,300 kW–1 MW,WEG,4160.0,6,693.3333333333334
2024-07,2024,300 kW–1 MW,WEG (Huawei),360.0,1,360.0
2024-07,2024,1–5 MW,Chint,8000.0,3,2666.6666666666665
2024-07,2024,1–5 MW,Deye,8000.0,2,4000.0
2024-07,2024,1–5 MW,Foxess,8000.0,2,4000.0
2024-07,2024,1–5 MW,Goodwe,1500.0,1,1500.0
2024-07,2024,1–5 MW,Hoymiles,4000.0,1,4000.0
2024-07,2024,1–5 MW,Huawei,37162.8,16,2322.675
2024-07,2024,1–5 MW,Outros,2500.0,1,2500.0
2024-07,2024,1–5 MW,Renovigi,2000.0,1,2000.0
2024-07,2024,1–5 MW,Sineng,5000.0,1,5000.0
2024-07,2024,1–5 MW,Solax Power,1080.0,1,1080.0
2024-07,2024,1–5 MW,Solis (Ginlong),2500.0,1,2500.0
2024-07,2024,1–5 MW,Sungrow,46000.0,17,2705.8823529411766
2024-08,2024,≤10 kW,ABB/FIMER,69.78,13,5.367692307692308
2024-08,2024,≤10 kW,APsystems,3463.85,690,5.020072463768116
2024-08,2024,≤10 kW,Auxsol,39.31,8,4.91375
2024-08,2024,≤10 kW,B&B POWER,5.0,1,5.0
2024-08,2024,≤10 kW,BYD,785.35,152,5.166776315789474
2024-08,2024,≤10 kW,Bedin Solar,2232.17,403,5.538883374689826
2024-08,2024,≤10 kW,Bel Energy,1978.38,486,4.0707407407407405
2024-08,2024,≤10 kW,Canadian Solar,2218.51,375,5.916026666666667
2024-08,2024,≤10 kW,Chint,4313.82,754,5.721246684350132
2024-08,2024,≤10 kW,Deye,47302.13,8387,5.639934422320257
2024-08,2024,≤10 kW,Each Energy,1166.21,188,6.203244680851064
2024-08,2024,≤10 kW,Ecosolys,28.11,7,4.015714285714286
2024-08,2024,≤10 kW,Elgin,2789.9,478,5.836610878661088
2024-08,2024,≤10 kW,Emerson,10.0,1,10.0
2024-08,2024,≤10 kW,Empalux,771.8,131,5.891603053435114
2024-08,2024,≤10 kW,Enphase,1776.72,476,3.732605042016807
2024-08,2024,≤10 kW,Foxess,2577.4,439,5.871070615034169
2024-08,2024,≤10 kW,Fronius,908.03,158,5.747025316455696
2024-08,2024,≤10 kW,GE,60.019999999999996,9,6.668888888888889
2024-08,2024,≤10 kW,Goodwe,7660.79,1408,5.440901988636363
2024-08,2024,≤10 kW,Growatt,40324.26,6771,5.955436420026584
2024-08,2024,≤10 kW,Hopewind,764.52,118,6.478983050847457
2024-08,2024,≤10 kW,Hoymiles,8723.18,1804,4.835465631929047
2024-08,2024,≤10 kW,Huawei,6955.44,1120,6.210214285714286
2024-08,2024,≤10 kW,Hypontech,2986.58,503,5.937534791252485
2024-08,2024,≤10 kW,Ingeteam,28.759999999999998,6,4.793333333333333
2024-08,2024,≤10 kW,Intelbras,7878.74,1419,5.552318534178999
2024-08,2024,≤10 kW,Kehua,1323.13,235,5.630340425531915
2024-08,2024,≤10 kW,Komeco,96.9,17,5.7
2024-08,2024,≤10 kW,Kstar,70.98,16,4.43625
2024-08,2024,≤10 kW,Livoltek,1052.87,240,4.386958333333333
2024-08,2024,≤10 kW,NEP,656.4399999999999,130,5.049538461538461
2024-08,2024,≤10 kW,Nansen,593.89,111,5.3503603603603604
2024-08,2024,≤10 kW,Nexen,981.24,178,5.512584269662922
2024-08,2024,≤10 kW,Não informado,2992.39,483,6.195424430641822
2024-08,2024,≤10 kW,Outros,6030.49,1101,5.477284287011807
2024-08,2024,≤10 kW,PHB,3384.4900000000002,574,5.896324041811847
2024-08,2024,≤10 kW,Refusol,71.38,18,3.9655555555555555
2024-08,2024,≤10 kW,Renac,2955.32,513,5.760857699805069
2024-08,2024,≤10 kW,Renovigi,2224.97,452,4.922499999999999
2024-08,2024,≤10 kW,SAJ,40952.58,7099,5.768781518523736
2024-08,2024,≤10 kW,SHENZHEN,167.31,26,6.4350000000000005
2024-08,2024,≤10 kW,SMA,19.15,4,4.7875
2024-08,2024,≤10 kW,SUNWAYS,207.9,37,5.6189189189189195
2024-08,2024,≤10 kW,Sineng,162.35,24,6.764583333333333
2024-08,2024,≤10 kW,Sofar Solar,14990.62,2478,6.049483454398709
2024-08,2024,≤10 kW,SolarEdge,513.59,88,5.836250000000001
2024-08,2024,≤10 kW,Solax Power,104.24000000000001,18,5.791111111111111
2024-08,2024,≤10 kW,Solis (Ginlong),49857.57,8190,6.087615384615384
2024-08,2024,≤10 kW,Solplanet,24840.34,4076,6.0942934249263985
2024-08,2024,≤10 kW,Sungrow,22663.32,3789,5.981346001583531
2024-08,2024,≤10 kW,TSUNESS,558.54,101,5.53009900990099
2024-08,2024,≤10 kW,Tsun,954.62,252,3.7881746031746033
2024-08,2024,≤10 kW,WEG,22130.03,4578,4.833995194408038
2024-08,2024,≤10 kW,WEG (Huawei),222.18,29,7.661379310344828
2024-08,2024,10–20 kW,ABB/FIMER,57.0,4,14.25
2024-08,2024,10–20 kW,APsystems,1366.04,97,14.082886597938144
2024-08,2024,10–20 kW,Auxsol,12.0,1,12.0
2024-08,2024,10–20 kW,BYD,276.42,18,15.356666666666667
2024-08,2024,10–20 kW,Bedin Solar,342.5,21,16.30952380952381
2024-08,2024,10–20 kW,Bel Energy,447.42,30,14.914
2024-08,2024,10–20 kW,Canadian Solar,1091.4,70,15.591428571428573
2024-08,2024,10–20 kW,Chint,1353.31,87,15.555287356321838
2024-08,2024,10–20 kW,Deye,16215.39,1126,14.400879218472468
2024-08,2024,10–20 kW,Each Energy,393.38,27,14.56962962962963
2024-08,2024,10–20 kW,Ecosolys,12.88,1,12.88
2024-08,2024,10–20 kW,Elgin,732.67,49,14.952448979591836
2024-08,2024,10–20 kW,Empalux,263.31,17,15.488823529411764
2024-08,2024,10–20 kW,Enphase,355.17,26,13.660384615384617
2024-08,2024,10–20 kW,Foxess,1096.09,75,14.614533333333332
2024-08,2024,10–20 kW,Fronius,433.25,30,14.441666666666666
2024-08,2024,10–20 kW,GE,15.4,1,15.4
2024-08,2024,10–20 kW,Goodwe,2386.35,157,15.19968152866242
2024-08,2024,10–20 kW,Growatt,13101.63,825,15.880763636363636
2024-08,2024,10–20 kW,Hopewind,345.36,23,15.015652173913043
2024-08,2024,10–20 kW,Hoymiles,2709.17,191,14.184136125654451
2024-08,2024,10–20 kW,Huawei,2087.92,135,15.466074074074074
2024-08,2024,10–20 kW,Hypontech,1386.35,114,12.1609649122807
2024-08,2024,10–20 kW,Intelbras,2563.86,170,15.081529411764707
2024-08,2024,10–20 kW,Kehua,349.08,25,13.963199999999999
2024-08,2024,10–20 kW,Komeco,66.0,5,13.2
2024-08,2024,10–20 kW,Kstar,39.84,2,19.92
2024-08,2024,10–20 kW,Livoltek,205.1,14,14.65
2024-08,2024,10–20 kW,NEP,158.5,11,14.409090909090908
2024-08,2024,10–20 kW,Nansen,86.65,6,14.441666666666668
2024-08,2024,10–20 kW,Nexen,204.29,15,13.619333333333334
2024-08,2024,10–20 kW,Não informado,1506.79,95,15.860947368421053
2024-08,2024,10–20 kW,Outros,2773.36,189,14.673862433862434
2024-08,2024,10–20 kW,PHB,1219.44,83,14.692048192771084
2024-08,2024,10–20 kW,Refusol,63.82,4,15.955
2024-08,2024,10–20 kW,Renac,1757.16,130,13.516615384615385
2024-08,2024,10–20 kW,Renovigi,457.1,29,15.762068965517242
2024-08,2024,10–20 kW,SAJ,12234.8,816,14.99362745098039
2024-08,2024,10–20 kW,SHENZHEN,190.5,14,13.607142857142858
2024-08,2024,10–20 kW,SUNWAYS,89.56,6,14.926666666666668
2024-08,2024,10–20 kW,Sineng,33.0,2,16.5
2024-08,2024,10–20 kW,Sofar Solar,7440.59,486,15.309855967078189
2024-08,2024,10–20 kW,SolarEdge,229.57999999999998,14,16.398571428571426
2024-08,2024,10–20 kW,Solax Power,27.0,2,13.5
2024-08,2024,10–20 kW,Solis (Ginlong),12260.62,793,15.461059268600254
2024-08,2024,10–20 kW,Solplanet,7524.85,488,15.419774590163936
2024-08,2024,10–20 kW,Sungrow,6589.18,417,15.801390887290168
2024-08,2024,10–20 kW,TSUNESS,181.0,13,13.923076923076923
2024-08,2024,10–20 kW,Tsun,242.77,17,14.280588235294118
2024-08,2024,10–20 kW,WEG,8110.36,595,13.630857142857142
2024-08,2024,10–20 kW,WEG (Huawei),316.45,21,15.069047619047618
2024-08,2024,20–75 kW,ABB/FIMER,322.6,6,53.76666666666667
2024-08,2024,20–75 kW,APsystems,1980.2,55,36.00363636363637
2024-08,2024,20–75 kW,Auxsol,150.0,2,75.0
2024-08,2024,20–75 kW,BYD,377.0,8,47.125
2024-08,2024,20–75 kW,Bedin Solar,2400.37,46,52.18195652173913
2024-08,2024,20–75 kW,Bel Energy,1295.47,35,37.01342857142857
2024-08,2024,20–75 kW,Canadian Solar,3591.55,88,40.81306818181818
2024-08,2024,20–75 kW,Chint,2718.29,60,45.304833333333335
2024-08,2024,20–75 kW,Deye,16010.89,419,38.21214797136038
2024-08,2024,20–75 kW,Each Energy,115.0,4,28.75
2024-08,2024,20–75 kW,Elgin,1907.97,51,37.41117647058824
2024-08,2024,20–75 kW,Empalux,287.97,8,35.99625
2024-08,2024,20–75 kW,Enphase,490.1,15,32.67333333333333
2024-08,2024,20–75 kW,Foxess,776.72,24,32.36333333333334
2024-08,2024,20–75 kW,Fronius,856.95,24,35.706250000000004
2024-08,2024,20–75 kW,GE,310.8,6,51.800000000000004
2024-08,2024,20–75 kW,Goodwe,5076.23,118,43.01889830508474
2024-08,2024,20–75 kW,Growatt,26367.4,601,43.87254575707155
2024-08,2024,20–75 kW,Hopewind,670.37,16,41.898125
2024-08,2024,20–75 kW,Hoymiles,2148.94,69,31.144057971014494
2024-08,2024,20–75 kW,Huawei,3463.32,76,45.57
2024-08,2024,20–75 kW,Hypontech,979.66,28,34.987857142857145
2024-08,2024,20–75 kW,Ingeteam,50.0,1,50.0
2024-08,2024,20–75 kW,Intelbras,3075.93,77,39.94714285714286
2024-08,2024,20–75 kW,Kehua,548.23,15,36.54866666666667
2024-08,2024,20–75 kW,Kstar,116.7,4,29.175
2024-08,2024,20–75 kW,Livoltek,49.0,2,24.5
2024-08,2024,20–75 kW,NEP,21.06,1,21.06
2024-08,2024,20–75 kW,Nansen,75.0,1,75.0
2024-08,2024,20–75 kW,Nexen,70.5,3,23.5
2024-08,2024,20–75 kW,Não informado,1675.87,47,35.65680851063829
2024-08,2024,20–75 kW,Outros,5112.54,120,42.6045
2024-08,2024,20–75 kW,PHB,2307.39,57,40.48052631578947
2024-08,2024,20–75 kW,Refusol,29.5,1,29.5
2024-08,2024,20–75 kW,Renac,1264.79,36,35.13305555555556
2024-08,2024,20–75 kW,Renovigi,1303.06,30,43.43533333333333
2024-08,2024,20–75 kW,SAJ,13226.24,360,36.739555555555555
2024-08,2024,20–75 kW,SHENZHEN,826.06,19,43.47684210526315
2024-08,2024,20–75 kW,SMA,175.0,3,58.333333333333336
2024-08,2024,20–75 kW,SUNWAYS,150.0,2,75.0
2024-08,2024,20–75 kW,Sineng,25.0,1,25.0
2024-08,2024,20–75 kW,Sofar Solar,9657.17,249,38.783815261044175
2024-08,2024,20–75 kW,SolarEdge,2534.45,58,43.69741379310344
2024-08,2024,20–75 kW,Solax Power,320.21,6,53.36833333333333
2024-08,2024,20–75 kW,Solis (Ginlong),40367.32,814,49.591302211302214
2024-08,2024,20–75 kW,Solplanet,8548.87,236,36.22402542372882
2024-08,2024,20–75 kW,Sungrow,13634.86,293,46.53535836177475
2024-08,2024,20–75 kW,TSUNESS,70.0,2,35.0
2024-08,2024,20–75 kW,Tsun,174.0,6,29.0
2024-08,2024,20–75 kW,WEG,18143.77,419,43.30255369928401
2024-08,2024,20–75 kW,WEG (Huawei),837.1,17,49.241176470588236
2024-08,2024,75–300 kW,Canadian Solar,860.0,5,172.0
2024-08,2024,75–300 kW,Chint,805.0,4,201.25
2024-08,2024,75–300 kW,Deye,990.0,5,198.0
2024-08,2024,75–300 kW,Fronius,406.0,3,135.33333333333334
2024-08,2024,75–300 kW,Goodwe,361.0,3,120.33333333333333
2024-08,2024,75–300 kW,Growatt,3559.88,18,197.7711111111111
2024-08,2024,75–300 kW,Hoymiles,300.0,1,300.0
2024-08,2024,75–300 kW,Huawei,6780.0,53,127.9245283018868
2024-08,2024,75–300 kW,Ingeteam,160.0,1,160.0
2024-08,2024,75–300 kW,Kehua,200.0,1,200.0
2024-08,2024,75–300 kW,Não informado,399.0,2,199.5
2024-08,2024,75–300 kW,Outros,2165.7799999999997,11,196.8890909090909
2024-08,2024,75–300 kW,PHB,780.0,3,260.0
2024-08,2024,75–300 kW,SHENZHEN,600.0,2,300.0
2024-08,2024,75–300 kW,Sofar Solar,945.0,4,236.25
2024-08,2024,75–300 kW,SolarEdge,577.3499999999999,4,144.33749999999998
2024-08,2024,75–300 kW,Solis (Ginlong),4101.55,22,186.4340909090909
2024-08,2024,75–300 kW,Solplanet,490.0,3,163.33333333333334
2024-08,2024,75–300 kW,Sungrow,6182.0,35,176.62857142857143
2024-08,2024,75–300 kW,WEG,2699.45,16,168.715625
2024-08,2024,75–300 kW,WEG (Huawei),127.98,1,127.98
2024-08,2024,300 kW–1 MW,Bedin Solar,1250.0,2,625.0
2024-08,2024,300 kW–1 MW,Canadian Solar,5990.0,6,998.3333333333334
2024-08,2024,300 kW–1 MW,Deye,400.0,1,400.0
2024-08,2024,300 kW–1 MW,Fronius,2900.0,4,725.0
2024-08,2024,300 kW–1 MW,Goodwe,2316.0,3,772.0
2024-08,2024,300 kW–1 MW,Growatt,2147.89,4,536.9725
2024-08,2024,300 kW–1 MW,Huawei,32067.0,36,890.75
2024-08,2024,300 kW–1 MW,Intelbras,1400.0,2,700.0
2024-08,2024,300 kW–1 MW,Kstar,1000.0,1,1000.0
2024-08,2024,300 kW–1 MW,Livoltek,1000.0,1,1000.0
2024-08,2024,300 kW–1 MW,Outros,2250.0,4,562.5
2024-08,2024,300 kW–1 MW,Renac,1000.0,1,1000.0
2024-08,2024,300 kW–1 MW,SAJ,1000.0,1,1000.0
2024-08,2024,300 kW–1 MW,Sofar Solar,493.0,1,493.0
2024-08,2024,300 kW–1 MW,SolarEdge,2328.0,3,776.0
2024-08,2024,300 kW–1 MW,Solis (Ginlong),8419.77,12,701.6475
2024-08,2024,300 kW–1 MW,Sungrow,50303.0,56,898.2678571428571
2024-08,2024,300 kW–1 MW,TBEA,1000.0,1,1000.0
2024-08,2024,300 kW–1 MW,WEG,4990.0,6,831.6666666666666
2024-08,2024,300 kW–1 MW,WEG (Huawei),1000.0,1,1000.0
2024-08,2024,1–5 MW,Canadian Solar,7400.0,2,3700.0
2024-08,2024,1–5 MW,Chint,2500.0,1,2500.0
2024-08,2024,1–5 MW,Goodwe,4400.0,2,2200.0
2024-08,2024,1–5 MW,Growatt,2620.0,2,1310.0
2024-08,2024,1–5 MW,Hoymiles,4000.0,1,4000.0
2024-08,2024,1–5 MW,Huawei,51000.0,20,2550.0
2024-08,2024,1–5 MW,Não informado,2500.0,1,2500.0
2024-08,2024,1–5 MW,Sofar Solar,4775.0,2,2387.5
2024-08,2024,1–5 MW,Solax Power,2160.0,1,2160.0
2024-08,2024,1–5 MW,Solis (Ginlong),2500.0,1,2500.0
2024-08,2024,1–5 MW,Sungrow,31000.0,12,2583.3333333333335
2024-08,2024,1–5 MW,TBEA,5000.0,2,2500.0
2024-08,2024,1–5 MW,WEG,2500.0,1,2500.0
2024-09,2024,≤10 kW,ABB/FIMER,78.1,17,4.594117647058823
2024-09,2024,≤10 kW,APsystems,2443.19,501,4.876626746506986
2024-09,2024,≤10 kW,Auxsol,35.7,5,7.140000000000001
2024-09,2024,≤10 kW,BYD,585.7,114,5.137719298245615
2024-09,2024,≤10 kW,Bedin Solar,1957.56,343,5.707172011661807
2024-09,2024,≤10 kW,Bel Energy,1982.72,491,4.038126272912423
2024-09,2024,≤10 kW,Canadian Solar,1624.3,273,5.94981684981685
2024-09,2024,≤10 kW,Chint,4077.62,715,5.702965034965035
2024-09,2024,≤10 kW,Deye,41261.42,7288,5.661555982436882
2024-09,2024,≤10 kW,Each Energy,1019.92,164,6.219024390243902
2024-09,2024,≤10 kW,Ecosolys,50.25,12,4.1875
2024-09,2024,≤10 kW,Elgin,2619.63,444,5.900067567567568
2024-09,2024,≤10 kW,Empalux,560.77,92,6.095326086956521
2024-09,2024,≤10 kW,Enphase,1467.14,365,4.019561643835616
2024-09,2024,≤10 kW,Foxess,2316.74,392,5.910051020408162
2024-09,2024,≤10 kW,Fronius,1022.5,182,5.618131868131868
2024-09,2024,≤10 kW,GE,54.91,9,6.101111111111111
2024-09,2024,≤10 kW,Goodwe,7640.43,1446,5.283838174273859
2024-09,2024,≤10 kW,Growatt,32947.26,5621,5.861458815157445
2024-09,2024,≤10 kW,Hopewind,522.72,82,6.374634146341464
2024-09,2024,≤10 kW,Hoymiles,7251.82,1480,4.899878378378379
2024-09,2024,≤10 kW,Huawei,10637.38,1798,5.916229143492769
2024-09,2024,≤10 kW,Hypontech,2715.12,451,6.0202217294900215
2024-09,2024,≤10 kW,Ingeteam,41.2,5,8.24
2024-09,2024,≤10 kW,Intelbras,8203.07,1447,5.6690186592950935
2024-09,2024,≤10 kW,Kehua,1301.65,221,5.889819004524887
2024-09,2024,≤10 kW,Komeco,69.91,12,5.825833333333333
2024-09,2024,≤10 kW,Kstar,93.11,21,4.433809523809524
2024-09,2024,≤10 kW,Livoltek,693.73,176,3.9416477272727275
2024-09,2024,≤10 kW,NEP,855.99,177,4.836101694915254
2024-09,2024,≤10 kW,Nansen,717.94,158,4.543924050632912
2024-09,2024,≤10 kW,Nexen,1017.07,168,6.053988095238095
2024-09,2024,≤10 kW,Não informado,2401.01,386,6.2202331606217625
2024-09,2024,≤10 kW,Outros,6458.62,1206,5.355406301824212
2024-09,2024,≤10 kW,PHB,3543.36,615,5.761560975609756
2024-09,2024,≤10 kW,Refusol,70.6,17,4.152941176470588
2024-09,2024,≤10 kW,Renac,2035.9,377,5.40026525198939
2024-09,2024,≤10 kW,Renovigi,2064.9,411,5.0240875912408764
2024-09,2024,≤10 kW,SAJ,38082.76,6664,5.714699879951981
2024-09,2024,≤10 kW,SHENZHEN,277.09000000000003,47,5.895531914893618
2024-09,2024,≤10 kW,SMA,2.5,1,2.5
2024-09,2024,≤10 kW,SUNWAYS,198.87,32,6.2146875
2024-09,2024,≤10 kW,Sineng,146.34,22,6.651818181818182
2024-09,2024,≤10 kW,Sofar Solar,13924.89,2264,6.150569787985866
2024-09,2024,≤10 kW,SolarEdge,461.23,77,5.99
2024-09,2024,≤10 kW,Solax Power,189.12,33,5.730909090909091
2024-09,2024,≤10 kW,Solis (Ginlong),45170.01,7562,5.97328881248347
2024-09,2024,≤10 kW,Solplanet,23336.06,3826,6.099336121275484
2024-09,2024,≤10 kW,Sungrow,18365.7,3084,5.955155642023347
2024-09,2024,≤10 kW,TSUNESS,743.48,138,5.3875362318840585
2024-09,2024,≤10 kW,Tsun,1232.75,241,5.115145228215767
2024-09,2024,≤10 kW,WEG,18761.62,3883,4.831733195982488
2024-09,2024,≤10 kW,WEG (Huawei),495.7,68,7.289705882352941
2024-09,2024,10–20 kW,ABB/FIMER,32.5,2,16.25
2024-09,2024,10–20 kW,APsystems,1435.33,101,14.211188118811881
2024-09,2024,10–20 kW,BYD,261.83,17,15.401764705882352
2024-09,2024,10–20 kW,Bedin Solar,358.62,22,16.30090909090909
2024-09,2024,10–20 kW,Bel Energy,495.38,33,15.011515151515152
2024-09,2024,10–20 kW,Canadian Solar,1029.58,67,15.36686567164179
2024-09,2024,10–20 kW,Chint,1395.78,86,16.23
2024-09,2024,10–20 kW,Deye,15173.24,1044,14.533754789272031
2024-09,2024,10–20 kW,Each Energy,241.64,16,15.1025
2024-09,2024,10–20 kW,Elgin,793.49,48,16.531041666666667
2024-09,2024,10–20 kW,Emerson,15.0,1,15.0
2024-09,2024,10–20 kW,Empalux,143.79,9,15.976666666666667
2024-09,2024,10–20 kW,Enphase,421.59,31,13.599677419354839
2024-09,2024,10–20 kW,Foxess,1194.76,81,14.750123456790122
2024-09,2024,10–20 kW,Fronius,405.6,28,14.485714285714286
2024-09,2024,10–20 kW,GE,42.0,3,14.0
2024-09,2024,10–20 kW,Goodwe,2583.1,172,15.018023255813953
2024-09,2024,10–20 kW,Growatt,11165.21,704,15.859673295454543
2024-09,2024,10–20 kW,Hopewind,283.53,18,15.751666666666665
2024-09,2024,10–20 kW,Hoymiles,2378.52,166,14.32843373493976
2024-09,2024,10–20 kW,Huawei,2442.43,154,15.859935064935064
2024-09,2024,10–20 kW,Hypontech,1769.75,144,12.289930555555555
2024-09,2024,10–20 kW,Intelbras,2375.51,160,14.846937500000001
2024-09,2024,10–20 kW,Kehua,297.68,21,14.175238095238095
2024-09,2024,10–20 kW,Komeco,133.0,10,13.3
2024-09,2024,10–20 kW,Kstar,39.65,3,13.216666666666667
2024-09,2024,10–20 kW,Livoltek,143.72,9,15.96888888888889
2024-09,2024,10–20 kW,NEP,235.44,17,13.849411764705883
2024-09,2024,10–20 kW,Nansen,102.56,7,14.651428571428571
2024-09,2024,10–20 kW,Nexen,83.6,6,13.933333333333332
2024-09,2024,10–20 kW,Não informado,1392.68,93,14.975053763440862
2024-09,2024,10–20 kW,Outros,2520.82,176,14.32284090909091
2024-09,2024,10–20 kW,PHB,1160.34,78,14.876153846153844
2024-09,2024,10–20 kW,Refusol,25.5,2,12.75
2024-09,2024,10–20 kW,Renac,1050.98,80,13.13725
2024-09,2024,10–20 kW,Renovigi,512.15,32,16.0046875
2024-09,2024,10–20 kW,SAJ,12620.16,843,14.970533807829181
2024-09,2024,10–20 kW,SHENZHEN,162.8,11,14.8
2024-09,2024,10–20 kW,SMA,28.32,2,14.16
2024-09,2024,10–20 kW,SUNWAYS,119.28999999999999,8,14.911249999999999
2024-09,2024,10–20 kW,Sineng,56.28,4,14.07
2024-09,2024,10–20 kW,Sofar Solar,6160.56,395,15.596354430379748
2024-09,2024,10–20 kW,SolarEdge,330.79,21,15.751904761904763
2024-09,2024,10–20 kW,Solax Power,20.0,1,20.0
2024-09,2024,10–20 kW,Solis (Ginlong),12139.14,783,15.503371647509578
2024-09,2024,10–20 kW,Solplanet,7354.01,461,15.952299349240782
2024-09,2024,10–20 kW,Sungrow,6502.06,416,15.629951923076923
2024-09,2024,10–20 kW,TSUNESS,120.0,8,15.0
2024-09,2024,10–20 kW,Tsun,442.0,34,13.0
2024-09,2024,10–20 kW,WEG,8359.04,606,13.793795379537956
2024-09,2024,10–20 kW,WEG (Huawei),203.32,15,13.554666666666666
2024-09,2024,20–75 kW,ABB/FIMER,49.84,1,49.84
2024-09,2024,20–75 kW,APsystems,1117.37,32,34.9178125
2024-09,2024,20–75 kW,Auxsol,430.44,7,61.49142857142857
2024-09,2024,20–75 kW,BYD,570.8,13,43.9076923076923
2024-09,2024,20–75 kW,Bedin Solar,1941.08,33,58.82060606060606
2024-09,2024,20–75 kW,Bel Energy,1523.4,40,38.085
2024-09,2024,20–75 kW,Canadian Solar,3450.05,85,40.58882352941177
2024-09,2024,20–75 kW,Chint,2235.82,55,40.65127272727273
2024-09,2024,20–75 kW,Deye,15678.49,397,39.49241813602015
2024-09,2024,20–75 kW,Each Energy,256.0,7,36.57142857142857
2024-09,2024,20–75 kW,Ecosolys,85.0,2,42.5
2024-09,2024,20–75 kW,Elgin,1585.73,44,36.03931818181818
2024-09,2024,20–75 kW,Empalux,528.0699999999999,12,44.00583333333333
2024-09,2024,20–75 kW,Enphase,546.43,17,32.142941176470586
2024-09,2024,20–75 kW,Foxess,689.42,22,31.337272727272726
2024-09,2024,20–75 kW,Fronius,997.2,28,35.614285714285714
2024-09,2024,20–75 kW,GE,252.15,6,42.025
2024-09,2024,20–75 kW,Goodwe,4694.32,108,43.46592592592592
2024-09,2024,20–75 kW,Growatt,26802.35,606,44.228300330033
2024-09,2024,20–75 kW,Hopewind,694.92,16,43.4325
2024-09,2024,20–75 kW,Hoymiles,2134.46,63,33.880317460317464
2024-09,2024,20–75 kW,Huawei,3804.79,89,42.750449438202246
2024-09,2024,20–75 kW,Hypontech,1297.2,34,38.15294117647059
2024-09,2024,20–75 kW,Ingeteam,118.16,3,39.38666666666666
2024-09,2024,20–75 kW,Intelbras,2931.1,72,40.70972222222222
2024-09,2024,20–75 kW,Kehua,382.0,8,47.75
2024-09,2024,20–75 kW,Komeco,106.0,3,35.333333333333336
2024-09,2024,20–75 kW,Kstar,72.0,1,72.0
2024-09,2024,20–75 kW,Livoltek,75.0,1,75.0
2024-09,2024,20–75 kW,NEP,109.2,4,27.3
2024-09,2024,20–75 kW,Nansen,25.0,1,25.0
2024-09,2024,20–75 kW,Não informado,1605.6399999999999,49,32.76816326530612
2024-09,2024,20–75 kW,Outros,4889.43,122,40.077295081967215
2024-09,2024,20–75 kW,PHB,2710.44,64,42.350625
2024-09,2024,20–75 kW,Refusol,97.66,3,32.553333333333335
2024-09,2024,20–75 kW,Renac,1375.36,38,36.193684210526314
2024-09,2024,20–75 kW,Renovigi,790.78,20,39.539
2024-09,2024,20–75 kW,SAJ,14849.36,402,36.938706467661696
2024-09,2024,20–75 kW,SHENZHEN,1354.9,26,52.111538461538466
2024-09,2024,20–75 kW,SMA,63.88,2,31.94
2024-09,2024,20–75 kW,SUNWAYS,75.0,1,75.0
2024-09,2024,20–75 kW,Sineng,46.0,1,46.0
2024-09,2024,20–75 kW,Sofar Solar,11356.03,259,43.84567567567568
2024-09,2024,20–75 kW,SolarEdge,1738.4,37,46.983783783783785
2024-09,2024,20–75 kW,Solis (Ginlong),38718.61,775,49.959496774193546
2024-09,2024,20–75 kW,Solplanet,9190.87,258,35.62352713178295
2024-09,2024,20–75 kW,Sungrow,11839.9,274,43.21131386861314
2024-09,2024,20–75 kW,TSUNESS,70.0,2,35.0
2024-09,2024,20–75 kW,Tsun,185.0,7,26.428571428571427
2024-09,2024,20–75 kW,WEG,18916.18,409,46.24982885085575
2024-09,2024,20–75 kW,WEG (Huawei),810.0,16,50.625
2024-09,2024,75–300 kW,APsystems,179.6,2,89.8
2024-09,2024,75–300 kW,Canadian Solar,312.5,2,156.25
2024-09,2024,75–300 kW,Chint,550.0,2,275.0
2024-09,2024,75–300 kW,Deye,883.03,4,220.7575
2024-09,2024,75–300 kW,Elgin,135.0,1,135.0
2024-09,2024,75–300 kW,Goodwe,1279.0,8,159.875
2024-09,2024,75–300 kW,Growatt,4712.92,28,168.31857142857143
2024-09,2024,75–300 kW,Hoymiles,180.0,1,180.0
2024-09,2024,75–300 kW,Huawei,5690.2,53,107.36226415094339
2024-09,2024,75–300 kW,Intelbras,463.6,2,231.8
2024-09,2024,75–300 kW,Não informado,150.0,1,150.0
2024-09,2024,75–300 kW,Outros,2390.1,12,199.17499999999998
2024-09,2024,75–300 kW,PHB,225.0,1,225.0
2024-09,2024,75–300 kW,Renac,105.0,1,105.0
2024-09,2024,75–300 kW,Renovigi,280.0,2,140.0
2024-09,2024,75–300 kW,SAJ,385.0,2,192.5
2024-09,2024,75–300 kW,Sofar Solar,620.0,5,124.0
2024-09,2024,75–300 kW,SolarEdge,373.75,3,124.58333333333333
2024-09,2024,75–300 kW,Solis (Ginlong),5854.97,30,195.16566666666668
2024-09,2024,75–300 kW,Solplanet,872.84,5,174.568
2024-09,2024,75–300 kW,Sungrow,6929.0,43,161.13953488372093
2024-09,2024,75–300 kW,WEG,1436.0,9,159.55555555555554
2024-09,2024,300 kW–1 MW,Canadian Solar,6980.0,7,997.1428571428571
2024-09,2024,300 kW–1 MW,Deye,460.0,1,460.0
2024-09,2024,300 kW–1 MW,Growatt,6730.0,9,747.7777777777778
2024-09,2024,300 kW–1 MW,Huawei,20570.0,22,935.0
2024-09,2024,300 kW–1 MW,Ingeteam,585.0,1,585.0
2024-09,2024,300 kW–1 MW,Outros,1399.6,2,699.8
2024-09,2024,300 kW–1 MW,SHENZHEN,1000.0,1,1000.0
2024-09,2024,300 kW–1 MW,Solis (Ginlong),1280.0,2,640.0
2024-09,2024,300 kW–1 MW,Solplanet,500.0,1,500.0
2024-09,2024,300 kW–1 MW,Sungrow,36204.32,41,883.0321951219512
2024-09,2024,300 kW–1 MW,TBEA,3000.0,3,1000.0
2024-09,2024,300 kW–1 MW,WEG,3175.0,5,635.0
2024-09,2024,1–5 MW,Canadian Solar,7000.0,3,2333.3333333333335
2024-09,2024,1–5 MW,Growatt,2480.0,1,2480.0
2024-09,2024,1–5 MW,Huawei,14300.0,6,2383.3333333333335
2024-09,2024,1–5 MW,Outros,7500.0,2,3750.0
2024-09,2024,1–5 MW,Sungrow,28000.0,11,2545.4545454545455
2024-09,2024,1–5 MW,TBEA,2500.0,1,2500.0
2024-09,2024,1–5 MW,WEG,1140.0,1,1140.0
2024-09,2024,1–5 MW,WEG (Huawei),2500.0,1,2500.0
2024-10,2024,≤10 kW,ABB/FIMER,88.78,16,5.54875
2024-10,2024,≤10 kW,APsystems,2213.29,429,5.159184149184149
2024-10,2024,≤10 kW,Auxsol,53.04,9,5.8933333333333335
2024-10,2024,≤10 kW,B&B POWER,5.5,2,2.75
2024-10,2024,≤10 kW,BYD,695.51,132,5.269015151515151
2024-10,2024,≤10 kW,Bedin Solar,2114.68,370,5.715351351351351
2024-10,2024,≤10 kW,Bel Energy,1823.59,432,4.221273148148148
2024-10,2024,≤10 kW,Canadian Solar,1928.38,349,5.525444126074499
2024-10,2024,≤10 kW,Chint,4923.59,862,5.711821345707657
2024-10,2024,≤10 kW,Deye,46598.47,8223,5.666845433540071
2024-10,2024,≤10 kW,Each Energy,1523.24,263,5.791787072243346
2024-10,2024,≤10 kW,Ecosolys,50.28,12,4.19
2024-10,2024,≤10 kW,Elgin,2992.76,492,6.082845528455285
2024-10,2024,≤10 kW,Emerson,10.0,1,10.0
2024-10,2024,≤10 kW,Empalux,611.52,93,6.575483870967742
2024-10,2024,≤10 kW,Enphase,1301.62,321,4.054890965732087
2024-10,2024,≤10 kW,Foxess,2748.09,466,5.897188841201717
2024-10,2024,≤10 kW,Fronius,1210.8899999999999,214,5.658364485981308
2024-10,2024,≤10 kW,GE,65.67999999999999,10,6.568
2024-10,2024,≤10 kW,Goodwe,10014.28,1891,5.295758857747224
2024-10,2024,≤10 kW,Growatt,33323.96,5602,5.948582649053909
2024-10,2024,≤10 kW,Hopewind,462.63,78,5.931153846153846
2024-10,2024,≤10 kW,Hoymiles,8335.5,1744,4.779529816513762
2024-10,2024,≤10 kW,Huawei,15639.17,2631,5.944192322310909
2024-10,2024,≤10 kW,Hypontech,2529.54,413,6.124794188861985
2024-10,2024,≤10 kW,Ingeteam,17.7,2,8.85
2024-10,2024,≤10 kW,Intelbras,9264.02,1593,5.815455116133083
2024-10,2024,≤10 kW,Kehua,1214.03,213,5.6996713615023475
2024-10,2024,≤10 kW,Komeco,49.55,9,5.5055555555555555
2024-10,2024,≤10 kW,Kstar,91.82,21,4.3723809523809525
2024-10,2024,≤10 kW,Livoltek,640.78,176,3.6407954545454544
2024-10,2024,≤10 kW,NEP,1372.04,263,5.2168821292775664
2024-10,2024,≤10 kW,Nansen,786.83,177,4.445367231638419
2024-10,2024,≤10 kW,Nexen,716.55,121,5.92190082644628
2024-10,2024,≤10 kW,Não informado,3570.0099999999998,581,6.14459552495697
2024-10,2024,≤10 kW,Outros,7938.07,1622,4.894001233045622
2024-10,2024,≤10 kW,PHB,3884.4700000000003,682,5.695703812316716
2024-10,2024,≤10 kW,Refusol,74.18,13,5.706153846153847
2024-10,2024,≤10 kW,Renac,2922.15,511,5.718493150684932
2024-10,2024,≤10 kW,Renovigi,2515.0,485,5.185567010309279
2024-10,2024,≤10 kW,SAJ,46717.92,8104,5.764797630799605
2024-10,2024,≤10 kW,SHENZHEN,375.19,62,6.051451612903226
2024-10,2024,≤10 kW,SMA,28.1,7,4.014285714285714
2024-10,2024,≤10 kW,SUNWAYS,214.38,41,5.228780487804878
2024-10,2024,≤10 kW,Sineng,182.62,31,5.8909677419354844
2024-10,2024,≤10 kW,Sofar Solar,16463.85,2707,6.081954192833394
2024-10,2024,≤10 kW,SolarEdge,463.12,77,6.014545454545455
2024-10,2024,≤10 kW,Solax Power,371.87,62,5.997903225806452
2024-10,2024,≤10 kW,Solis (Ginlong),50977.88,8563,5.953273385495737
2024-10,2024,≤10 kW,Solplanet,25145.76,4139,6.075322541676733
2024-10,2024,≤10 kW,Sungrow,18777.35,3055,6.146432078559737
2024-10,2024,≤10 kW,TSUNESS,765.98,145,5.282620689655173
2024-10,2024,≤10 kW,Tsun,1563.49,324,4.825586419753087
2024-10,2024,≤10 kW,WEG,19848.45,4070,4.876769041769042
2024-10,2024,≤10 kW,WEG (Huawei),678.79,97,6.997835051546391
2024-10,2024,10–20 kW,ABB/FIMER,38.0,3,12.666666666666666
2024-10,2024,10–20 kW,APsystems,887.17,58,15.29603448275862
2024-10,2024,10–20 kW,Auxsol,15.0,1,15.0
2024-10,2024,10–20 kW,BYD,343.13,22,15.59681818181818
2024-10,2024,10–20 kW,Bedin Solar,447.03999999999996,28,15.965714285714284
2024-10,2024,10–20 kW,Bel Energy,317.1,20,15.855
2024-10,2024,10–20 kW,Canadian Solar,973.82,62,15.706774193548387
2024-10,2024,10–20 kW,Chint,1613.06,96,16.80270833333333
2024-10,2024,10–20 kW,Deye,13869.15,961,14.431997918834547
2024-10,2024,10–20 kW,Each Energy,454.63,30,15.154333333333334
2024-10,2024,10–20 kW,Ecosolys,60.19,4,15.0475
2024-10,2024,10–20 kW,Elgin,909.03,57,15.947894736842105
2024-10,2024,10–20 kW,Empalux,133.7,8,16.7125
2024-10,2024,10–20 kW,Enphase,500.62,39,12.836410256410257
2024-10,2024,10–20 kW,Foxess,973.65,66,14.752272727272727
2024-10,2024,10–20 kW,Fronius,422.08,30,14.069333333333333
2024-10,2024,10–20 kW,GE,21.96,2,10.98
2024-10,2024,10–20 kW,Goodwe,2675.75,179,14.94832402234637
2024-10,2024,10–20 kW,Growatt,10347.69,656,15.77391768292683
2024-10,2024,10–20 kW,Hopewind,236.38,15,15.758666666666667
2024-10,2024,10–20 kW,Hoymiles,2496.38,175,14.265028571428571
2024-10,2024,10–20 kW,Huawei,3016.58,199,15.158693467336683
2024-10,2024,10–20 kW,Hypontech,1801.1499999999999,150,12.007666666666665
2024-10,2024,10–20 kW,Ingeteam,20.0,1,20.0
2024-10,2024,10–20 kW,Intelbras,2695.02,180,14.972333333333333
2024-10,2024,10–20 kW,Kehua,266.84,19,14.044210526315789
2024-10,2024,10–20 kW,Komeco,48.0,3,16.0
2024-10,2024,10–20 kW,Kstar,32.0,2,16.0
2024-10,2024,10–20 kW,Livoltek,114.21000000000001,8,14.276250000000001
2024-10,2024,10–20 kW,NEP,297.35,21,14.15952380952381
2024-10,2024,10–20 kW,Nansen,200.53,14,14.323571428571428
2024-10,2024,10–20 kW,Nexen,123.1,9,13.677777777777777
2024-10,2024,10–20 kW,Não informado,1585.3,103,15.39126213592233
2024-10,2024,10–20 kW,Outros,3321.81,235,14.135361702127659
2024-10,2024,10–20 kW,PHB,1467.53,98,14.974795918367347
2024-10,2024,10–20 kW,Refusol,53.03,4,13.2575
2024-10,2024,10–20 kW,Renac,1099.55,85,12.935882352941176
2024-10,2024,10–20 kW,Renovigi,613.55,36,17.043055555555554
2024-10,2024,10–20 kW,SAJ,14750.41,974,15.144158110882957
2024-10,2024,10–20 kW,SHENZHEN,171.78,10,17.178
2024-10,2024,10–20 kW,SUNWAYS,54.510000000000005,4,13.627500000000001
2024-10,2024,10–20 kW,Sineng,95.84,6,15.973333333333334
2024-10,2024,10–20 kW,Sofar Solar,5909.66,381,15.510918635170603
2024-10,2024,10–20 kW,SolarEdge,262.25,16,16.390625
2024-10,2024,10–20 kW,Solax Power,36.0,3,12.0
2024-10,2024,10–20 kW,Solis (Ginlong),14862.92,952,15.612310924369748
2024-10,2024,10–20 kW,Solplanet,7618.7699999999995,492,15.48530487804878
2024-10,2024,10–20 kW,Sungrow,6309.46,404,15.617475247524753
2024-10,2024,10–20 kW,TSUNESS,139.0,11,12.636363636363637
2024-10,2024,10–20 kW,Tsun,512.92,36,14.247777777777777
2024-10,2024,10–20 kW,WEG,7168.88,523,13.707227533460804
2024-10,2024,10–20 kW,WEG (Huawei),315.75,22,14.352272727272727
2024-10,2024,20–75 kW,ABB/FIMER,156.0,3,52.0
2024-10,2024,20–75 kW,APsystems,1555.9,40,38.8975
2024-10,2024,20–75 kW,Auxsol,746.37,10,74.637
2024-10,2024,20–75 kW,BYD,714.72,16,44.67
2024-10,2024,20–75 kW,Bedin Solar,2395.9,40,59.8975
2024-10,2024,20–75 kW,Bel Energy,1840.78,46,40.01695652173913
2024-10,2024,20–75 kW,Canadian Solar,3453.64,76,45.44263157894736
2024-10,2024,20–75 kW,Chint,3360.54,76,44.21763157894737
2024-10,2024,20–75 kW,Deye,16720.13,424,39.43426886792453
2024-10,2024,20–75 kW,Each Energy,197.5,7,28.214285714285715
2024-10,2024,20–75 kW,Elgin,1757.62,41,42.86878048780488
2024-10,2024,20–75 kW,Empalux,286.18,6,47.696666666666665
2024-10,2024,20–75 kW,Enphase,423.31,12,35.27583333333333
2024-10,2024,20–75 kW,Foxess,1606.93,47,34.190000000000005
2024-10,2024,20–75 kW,Fronius,964.18,19,50.746315789473684
2024-10,2024,20–75 kW,GE,393.1,8,49.1375
2024-10,2024,20–75 kW,Goodwe,3854.95,96,40.15572916666667
2024-10,2024,20–75 kW,Growatt,26109.15,577,45.2498266897747
2024-10,2024,20–75 kW,Hopewind,393.84,9,43.76
2024-10,2024,20–75 kW,Hoymiles,2405.02,71,33.873521126760565
2024-10,2024,20–75 kW,Huawei,4667.35,106,44.03160377358491
2024-10,2024,20–75 kW,Hypontech,1185.72,37,32.04648648648649
2024-10,2024,20–75 kW,Intelbras,3402.25,79,43.06645569620253
2024-10,2024,20–75 kW,Kehua,295.0,7,42.142857142857146
2024-10,2024,20–75 kW,Komeco,183.3,4,45.825
2024-10,2024,20–75 kW,Kstar,64.0,1,64.0
2024-10,2024,20–75 kW,Livoltek,105.0,3,35.0
2024-10,2024,20–75 kW,NEP,390.5,14,27.892857142857142
2024-10,2024,20–75 kW,Nansen,95.0,2,47.5
2024-10,2024,20–75 kW,Nexen,24.0,1,24.0
2024-10,2024,20–75 kW,Não informado,2560.2799999999997,68,37.65117647058823
2024-10,2024,20–75 kW,Outros,5748.97,135,42.58496296296296
2024-10,2024,20–75 kW,PHB,2586.18,62,41.71258064516129
2024-10,2024,20–75 kW,Refusol,35.1,1,35.1
2024-10,2024,20–75 kW,Renac,1477.4,38,38.87894736842105
2024-10,2024,20–75 kW,Renovigi,996.45,25,39.858000000000004
2024-10,2024,20–75 kW,SAJ,18884.48,490,38.539755102040814
2024-10,2024,20–75 kW,SHENZHEN,2132.0,39,54.666666666666664
2024-10,2024,20–75 kW,SMA,40.0,1,40.0
2024-10,2024,20–75 kW,Sineng,83.39,3,27.796666666666667
2024-10,2024,20–75 kW,Sofar Solar,11184.48,256,43.689375
2024-10,2024,20–75 kW,SolarEdge,2533.56,50,50.6712
2024-10,2024,20–75 kW,Solis (Ginlong),46604.7,944,49.369385593220336
2024-10,2024,20–75 kW,Solplanet,10322.94,272,37.95198529411765
2024-10,2024,20–75 kW,Sungrow,13284.49,284,46.776373239436616
2024-10,2024,20–75 kW,TSUNESS,169.0,5,33.8
2024-10,2024,20–75 kW,Tsun,210.0,6,35.0
2024-10,2024,20–75 kW,WEG,20605.52,436,47.260366972477065
2024-10,2024,20–75 kW,WEG (Huawei),308.5,7,44.07142857142857
2024-10,2024,75–300 kW,ABB/FIMER,475.0,2,237.5
2024-10,2024,75–300 kW,APsystems,176.0,1,176.0
2024-10,2024,75–300 kW,Bedin Solar,300.0,1,300.0
2024-10,2024,75–300 kW,Canadian Solar,745.0,4,186.25
2024-10,2024,75–300 kW,Deye,920.5,6,153.41666666666666
2024-10,2024,75–300 kW,Elgin,200.0,1,200.0
2024-10,2024,75–300 kW,Empalux,150.0,1,150.0
2024-10,2024,75–300 kW,Fronius,129.16,1,129.16
2024-10,2024,75–300 kW,Goodwe,545.0,4,136.25
2024-10,2024,75–300 kW,Growatt,3785.0,20,189.25
2024-10,2024,75–300 kW,Hopewind,300.0,1,300.0
2024-10,2024,75–300 kW,Huawei,8840.2,78,113.33589743589745
2024-10,2024,75–300 kW,Kehua,200.0,1,200.0
2024-10,2024,75–300 kW,Outros,1600.0,10,160.0
2024-10,2024,75–300 kW,Renac,110.0,1,110.0
2024-10,2024,75–300 kW,Renovigi,372.0,3,124.0
2024-10,2024,75–300 kW,SAJ,798.0,5,159.6
2024-10,2024,75–300 kW,SHENZHEN,100.0,1,100.0
2024-10,2024,75–300 kW,Sofar Solar,810.0,5,162.0
2024-10,2024,75–300 kW,Solis (Ginlong),3729.67,23,162.1595652173913
2024-10,2024,75–300 kW,Solplanet,900.0,3,300.0
2024-10,2024,75–300 kW,Sungrow,5858.0,36,162.72222222222223
2024-10,2024,75–300 kW,WEG,3076.0,18,170.88888888888889
2024-10,2024,300 kW–1 MW,Canadian Solar,4700.0,5,940.0
2024-10,2024,300 kW–1 MW,Deye,450.0,1,450.0
2024-10,2024,300 kW–1 MW,Elgin,975.0,1,975.0
2024-10,2024,300 kW–1 MW,Goodwe,1000.0,1,1000.0
2024-10,2024,300 kW–1 MW,Growatt,2200.0,3,733.3333333333334
2024-10,2024,300 kW–1 MW,Huawei,46293.33,51,907.7123529411765
2024-10,2024,300 kW–1 MW,Intelbras,625.0,1,625.0
2024-10,2024,300 kW–1 MW,Kstar,3000.0,3,1000.0
2024-10,2024,300 kW–1 MW,Outros,3100.0,4,775.0
2024-10,2024,300 kW–1 MW,Solis (Ginlong),4765.0,8,595.625
2024-10,2024,300 kW–1 MW,Sungrow,29860.0,33,904.8484848484849
2024-10,2024,300 kW–1 MW,WEG,2725.0,4,681.25
2024-10,2024,300 kW–1 MW,WEG (Huawei),1000.0,1,1000.0
2024-10,2024,1–5 MW,Deye,4000.0,1,4000.0
2024-10,2024,1–5 MW,Huawei,37770.0,16,2360.625
2024-10,2024,1–5 MW,Kehua,1500.0,1,1500.0
2024-10,2024,1–5 MW,Outros,6100.0,3,2033.3333333333333
2024-10,2024,1–5 MW,Renovigi,1100.0,1,1100.0
2024-10,2024,1–5 MW,Solis (Ginlong),3900.0,2,1950.0
2024-10,2024,1–5 MW,Sungrow,30700.0,11,2790.909090909091
2024-10,2024,1–5 MW,WEG,2400.0,1,2400.0
2024-11,2024,≤10 kW,ABB/FIMER,66.4,13,5.107692307692308
2024-11,2024,≤10 kW,APsystems,2106.58,431,4.887656612529002
2024-11,2024,≤10 kW,Auxsol,19.29,3,6.43
2024-11,2024,≤10 kW,BYD,549.21,99,5.547575757575758
2024-11,2024,≤10 kW,Bedin Solar,2787.57,479,5.819561586638831
2024-11,2024,≤10 kW,Bel Energy,1589.09,391,4.064168797953964
2024-11,2024,≤10 kW,Canadian Solar,1971.6200000000001,343,5.748163265306123
2024-11,2024,≤10 kW,Chint,4529.4,815,5.557546012269938
2024-11,2024,≤10 kW,Deye,46165.98,8329,5.5427998559250815
2024-11,2024,≤10 kW,Each Energy,1434.39,250,5.73756
2024-11,2024,≤10 kW,Ecosolys,46.25,10,4.625
2024-11,2024,≤10 kW,Elgin,2625.1,448,5.859598214285714
2024-11,2024,≤10 kW,Emerson,8.0,1,8.0
2024-11,2024,≤10 kW,Empalux,409.64,71,5.769577464788732
2024-11,2024,≤10 kW,Enphase,1076.09,283,3.802438162544169
2024-11,2024,≤10 kW,Foxess,3138.5099999999998,535,5.8663738317757
2024-11,2024,≤10 kW,Fronius,693.29,124,5.591048387096774
2024-11,2024,≤10 kW,GE,84.75,12,7.0625
2024-11,2024,≤10 kW,Goodwe,12600.41,2354,5.352765505522515
2024-11,2024,≤10 kW,Growatt,32003.65,5586,5.7292606516290725
2024-11,2024,≤10 kW,Hopewind,646.34,103,6.275145631067962
2024-11,2024,≤10 kW,Hoymiles,8555.62,1774,4.822784667418264
2024-11,2024,≤10 kW,Huawei,19023.1,3237,5.876768612913191
2024-11,2024,≤10 kW,Hypontech,2469.28,422,5.851374407582939
2024-11,2024,≤10 kW,Ingeteam,38.6,7,5.514285714285714
2024-11,2024,≤10 kW,Intelbras,10371.48,1839,5.63973898858075
2024-11,2024,≤10 kW,Kehua,1165.57,201,5.798855721393035
2024-11,2024,≤10 kW,Komeco,108.52,18,6.028888888888889
2024-11,2024,≤10 kW,Kstar,93.37,22,4.244090909090909
2024-11,2024,≤10 kW,Livoltek,621.6899999999999,160,3.8855625
2024-11,2024,≤10 kW,NEP,1680.12,326,5.153742331288343
2024-11,2024,≤10 kW,Nansen,791.66,141,5.614609929078014
2024-11,2024,≤10 kW,Nexen,593.53,107,5.547009345794392
2024-11,2024,≤10 kW,Não informado,5037.24,867,5.809965397923875
2024-11,2024,≤10 kW,Outros,8008.22,1504,5.324614361702128
2024-11,2024,≤10 kW,PHB,3619.94,661,5.476459909228442
2024-11,2024,≤10 kW,Refusol,67.83,15,4.522
2024-11,2024,≤10 kW,Renac,2791.65,505,5.528019801980198
2024-11,2024,≤10 kW,Renovigi,2357.33,441,5.345419501133787
2024-11,2024,≤10 kW,SAJ,46840.74,8161,5.739583384389168
2024-11,2024,≤10 kW,SHENZHEN,342.9,60,5.715
2024-11,2024,≤10 kW,SMA,25.71,6,4.285
2024-11,2024,≤10 kW,SUNWAYS,235.29999999999998,45,5.228888888888888
2024-11,2024,≤10 kW,Sineng,112.31,19,5.911052631578947
2024-11,2024,≤10 kW,Sofar Solar,18726.16,3136,5.971352040816327
2024-11,2024,≤10 kW,SolarEdge,379.96,69,5.506666666666666
2024-11,2024,≤10 kW,Solax Power,353.99,55,6.436181818181819
2024-11,2024,≤10 kW,Solis (Ginlong),53176.67,9209,5.774423933108915
2024-11,2024,≤10 kW,Solplanet,25545.36,4304,5.935260223048327
2024-11,2024,≤10 kW,Sungrow,17703.2,2981,5.938678295873868
2024-11,2024,≤10 kW,TSUNESS,918.06,182,5.044285714285714
2024-11,2024,≤10 kW,Tsun,1698.75,325,5.226923076923077
2024-11,2024,≤10 kW,WEG,18010.65,3812,4.724724554039875
2024-11,2024,≤10 kW,WEG (Huawei),912.59,124,7.359596774193549
2024-11,2024,10–20 kW,ABB/FIMER,81.0,5,16.2
2024-11,2024,10–20 kW,APsystems,573.6,41,13.990243902439024
2024-11,2024,10–20 kW,Auxsol,11.6,1,11.6
2024-11,2024,10–20 kW,B&B POWER,18.2,1,18.2
2024-11,2024,10–20 kW,BYD,167.0,11,15.181818181818182
2024-11,2024,10–20 kW,Bedin Solar,415.35,26,15.975000000000001
2024-11,2024,10–20 kW,Bel Energy,173.98,12,14.498333333333333
2024-11,2024,10–20 kW,Canadian Solar,665.78,42,15.85190476190476
2024-11,2024,10–20 kW,Chint,1043.04,67,15.56776119402985
2024-11,2024,10–20 kW,Deye,12254.71,858,14.282878787878786
2024-11,2024,10–20 kW,Each Energy,265.87,18,14.770555555555555
2024-11,2024,10–20 kW,Ecosolys,31.0,2,15.5
2024-11,2024,10–20 kW,Elgin,671.09,43,15.606744186046512
2024-11,2024,10–20 kW,Empalux,230.32,15,15.354666666666667
2024-11,2024,10–20 kW,Enphase,360.69,27,13.358888888888888
2024-11,2024,10–20 kW,Foxess,1088.04,72,15.111666666666666
2024-11,2024,10–20 kW,Fronius,305.77,21,14.560476190476189
2024-11,2024,10–20 kW,GE,15.2,1,15.2
2024-11,2024,10–20 kW,Goodwe,2614.57,171,15.289883040935674
2024-11,2024,10–20 kW,Growatt,8601.31,547,15.724515539305301
2024-11,2024,10–20 kW,Hopewind,205.43,14,14.67357142857143
2024-11,2024,10–20 kW,Hoymiles,1986.37,137,14.49905109489051
2024-11,2024,10–20 kW,Huawei,2737.26,182,15.039890109890111
2024-11,2024,10–20 kW,Hypontech,1760.67,152,11.583355263157895
2024-11,2024,10–20 kW,Intelbras,1931.54,131,14.744580152671755
2024-11,2024,10–20 kW,Kehua,99.93,7,14.275714285714287
2024-11,2024,10–20 kW,Komeco,49.0,3,16.333333333333332
2024-11,2024,10–20 kW,Kstar,42.0,3,14.0
2024-11,2024,10–20 kW,Livoltek,137.07,10,13.706999999999999
2024-11,2024,10–20 kW,NEP,453.59,35,12.959714285714284
2024-11,2024,10–20 kW,Nansen,195.42,13,15.032307692307691
2024-11,2024,10–20 kW,Nexen,43.4,3,14.466666666666667
2024-11,2024,10–20 kW,Não informado,2110.36,144,14.655277777777778
2024-11,2024,10–20 kW,Outros,3196.31,229,13.95768558951965
2024-11,2024,10–20 kW,PHB,1377.7,90,15.307777777777778
2024-11,2024,10–20 kW,Refusol,15.0,1,15.0
2024-11,2024,10–20 kW,Renac,1077.06,87,12.379999999999999
2024-11,2024,10–20 kW,Renovigi,675.53,40,16.88825
2024-11,2024,10–20 kW,SAJ,12859.7,850,15.129058823529412
2024-11,2024,10–20 kW,SHENZHEN,216.8,14,15.485714285714286
2024-11,2024,10–20 kW,SUNWAYS,51.9,4,12.975
2024-11,2024,10–20 kW,Sineng,61.650000000000006,4,15.412500000000001
2024-11,2024,10–20 kW,Sofar Solar,4836.37,319,15.16103448275862
2024-11,2024,10–20 kW,SolarEdge,262.64,16,16.415
2024-11,2024,10–20 kW,Solax Power,82.0,5,16.4
2024-11,2024,10–20 kW,Solis (Ginlong),14363.54,917,15.66362050163577
2024-11,2024,10–20 kW,Solplanet,6881.71,441,15.604784580498865
2024-11,2024,10–20 kW,Sungrow,4416.75,283,15.606890459363958
2024-11,2024,10–20 kW,TSUNESS,138.0,10,13.8
2024-11,2024,10–20 kW,Tsun,444.5,33,13.469696969696969
2024-11,2024,10–20 kW,WEG,6780.26,488,13.893975409836067
2024-11,2024,10–20 kW,WEG (Huawei),242.95,16,15.184375
2024-11,2024,20–75 kW,ABB/FIMER,175.2,3,58.4
2024-11,2024,20–75 kW,APsystems,988.5,27,36.611111111111114
2024-11,2024,20–75 kW,Auxsol,435.0,6,72.5
2024-11,2024,20–75 kW,BYD,902.48,17,53.08705882352941
2024-11,2024,20–75 kW,Bedin Solar,2095.36,35,59.867428571428576
2024-11,2024,20–75 kW,Bel Energy,1318.86,34,38.79
2024-11,2024,20–75 kW,Canadian Solar,2246.98,54,41.61074074074074
2024-11,2024,20–75 kW,Chint,3415.81,71,48.11
2024-11,2024,20–75 kW,Deye,14965.75,386,38.77137305699482
2024-11,2024,20–75 kW,Each Energy,143.5,3,47.833333333333336
2024-11,2024,20–75 kW,Elgin,1070.1,23,46.52608695652174
2024-11,2024,20–75 kW,Empalux,358.2,8,44.775
2024-11,2024,20–75 kW,Enphase,496.45,14,35.46071428571428
2024-11,2024,20–75 kW,Foxess,1087.74,30,36.258
2024-11,2024,20–75 kW,Fronius,892.49,22,40.567727272727275
2024-11,2024,20–75 kW,GE,288.65999999999997,5,57.73199999999999
2024-11,2024,20–75 kW,Goodwe,4793.29,116,41.32146551724138
2024-11,2024,20–75 kW,Growatt,22988.39,498,46.16142570281124
2024-11,2024,20–75 kW,Hopewind,502.27,10,50.227
2024-11,2024,20–75 kW,Hoymiles,1956.6200000000001,52,37.627307692307696
2024-11,2024,20–75 kW,Huawei,4235.4,100,42.354
2024-11,2024,20–75 kW,Hypontech,1000.56,27,37.05777777777777
2024-11,2024,20–75 kW,Ingeteam,53.0,1,53.0
2024-11,2024,20–75 kW,Intelbras,3106.83,72,43.150416666666665
2024-11,2024,20–75 kW,Kehua,453.87,8,56.73375
2024-11,2024,20–75 kW,Komeco,32.0,1,32.0
2024-11,2024,20–75 kW,Kstar,87.1,2,43.55
2024-11,2024,20–75 kW,Livoltek,34.0,1,34.0
2024-11,2024,20–75 kW,NEP,237.57,9,26.396666666666665
2024-11,2024,20–75 kW,Nansen,157.0,3,52.333333333333336
2024-11,2024,20–75 kW,Não informado,2508.19,66,38.002878787878785
2024-11,2024,20–75 kW,Outros,5277.59,125,42.22072
2024-11,2024,20–75 kW,PHB,3127.37,69,45.32420289855072
2024-11,2024,20–75 kW,Refusol,40.0,1,40.0
2024-11,2024,20–75 kW,Renac,1040.32,27,38.53037037037037
2024-11,2024,20–75 kW,Renovigi,836.83,19,44.043684210526315
2024-11,2024,20–75 kW,SAJ,20370.48,516,39.47767441860465
2024-11,2024,20–75 kW,SHENZHEN,1492.22,28,53.29357142857143
2024-11,2024,20–75 kW,SMA,150.0,2,75.0
2024-11,2024,20–75 kW,SUNWAYS,158.0,4,39.5
2024-11,2024,20–75 kW,Sineng,213.64,6,35.60666666666666
2024-11,2024,20–75 kW,Sofar Solar,9033.46,211,42.812606635071084
2024-11,2024,20–75 kW,SolarEdge,2791.59,51,54.737058823529416
2024-11,2024,20–75 kW,Solax Power,117.2,2,58.6
2024-11,2024,20–75 kW,Solis (Ginlong),43019.9,876,49.10947488584475
2024-11,2024,20–75 kW,Solplanet,8721.74,228,38.25324561403509
2024-11,2024,20–75 kW,Sungrow,10828.1,236,45.88177966101695
2024-11,2024,20–75 kW,TSUNESS,226.0,6,37.666666666666664
2024-11,2024,20–75 kW,Tsun,67.0,3,22.333333333333332
2024-11,2024,20–75 kW,WEG,20990.51,430,48.81513953488372
2024-11,2024,20–75 kW,WEG (Huawei),78.0,3,26.0
2024-11,2024,75–300 kW,BYD,260.0,1,260.0
2024-11,2024,75–300 kW,Bel Energy,300.0,1,300.0
2024-11,2024,75–300 kW,Canadian Solar,355.0,3,118.33333333333333
2024-11,2024,75–300 kW,Deye,1825.0,8,228.125
2024-11,2024,75–300 kW,Elgin,300.0,1,300.0
2024-11,2024,75–300 kW,Fronius,590.0,4,147.5
2024-11,2024,75–300 kW,Goodwe,375.0,2,187.5
2024-11,2024,75–300 kW,Growatt,2641.92,13,203.2246153846154
2024-11,2024,75–300 kW,Hopewind,300.0,1,300.0
2024-11,2024,75–300 kW,Huawei,5927.4,51,116.2235294117647
2024-11,2024,75–300 kW,Hypontech,100.0,1,100.0
2024-11,2024,75–300 kW,Intelbras,260.0,1,260.0
2024-11,2024,75–300 kW,Outros,1494.5,9,166.05555555555554
2024-11,2024,75–300 kW,PHB,170.0,1,170.0
2024-11,2024,75–300 kW,Renovigi,295.0,1,295.0
2024-11,2024,75–300 kW,SAJ,210.0,1,210.0
2024-11,2024,75–300 kW,SHENZHEN,250.0,1,250.0
2024-11,2024,75–300 kW,Sofar Solar,1167.0,6,194.5
2024-11,2024,75–300 kW,SolarEdge,601.75,4,150.4375
2024-11,2024,75–300 kW,Solis (Ginlong),4418.66,22,200.8481818181818
2024-11,2024,75–300 kW,Solplanet,350.0,3,116.66666666666667
2024-11,2024,75–300 kW,Sungrow,4347.0,26,167.19230769230768
2024-11,2024,75–300 kW,WEG,3490.0,20,174.5
2024-11,2024,300 kW–1 MW,Canadian Solar,8740.0,9,971.1111111111111
2024-11,2024,300 kW–1 MW,Deye,700.0,1,700.0
2024-11,2024,300 kW–1 MW,Empalux,900.0,1,900.0
2024-11,2024,300 kW–1 MW,Fronius,450.0,1,450.0
2024-11,2024,300 kW–1 MW,Goodwe,1000.0,1,1000.0
2024-11,2024,300 kW–1 MW,Growatt,900.0,2,450.0
2024-11,2024,300 kW–1 MW,Huawei,26839.96,30,894.6653333333333
2024-11,2024,300 kW–1 MW,Intelbras,375.0,1,375.0
2024-11,2024,300 kW–1 MW,Komeco,750.0,1,750.0
2024-11,2024,300 kW–1 MW,Outros,500.0,1,500.0
2024-11,2024,300 kW–1 MW,Renac,990.0,1,990.0
2024-11,2024,300 kW–1 MW,Sofar Solar,1000.0,1,1000.0
2024-11,2024,300 kW–1 MW,SolarEdge,1725.0,3,575.0
2024-11,2024,300 kW–1 MW,Solis (Ginlong),500.0,1,500.0
2024-11,2024,300 kW–1 MW,Sungrow,65823.0,73,901.6849315068494
2024-11,2024,300 kW–1 MW,TBEA,2500.0,3,833.3333333333334
2024-11,2024,300 kW–1 MW,WEG,4895.0,6,815.8333333333334
2024-11,2024,300 kW–1 MW,WEG (Huawei),700.0,1,700.0
2024-11,2024,1–5 MW,ABB/FIMER,1800.0,1,1800.0
2024-11,2024,1–5 MW,Growatt,1012.0,1,1012.0
2024-11,2024,1–5 MW,Huawei,11399.96,5,2279.9919999999997
2024-11,2024,1–5 MW,Ingeteam,5000.0,2,2500.0
2024-11,2024,1–5 MW,Outros,3319.0,1,3319.0
2024-11,2024,1–5 MW,Sofar Solar,2500.0,1,2500.0
2024-11,2024,1–5 MW,Sungrow,12500.0,5,2500.0
2024-11,2024,1–5 MW,TBEA,4000.0,2,2000.0
2024-11,2024,1–5 MW,WEG,4440.0,1,4440.0
2024-12,2024,≤10 kW,ABB/FIMER,50.69,9,5.632222222222222
2024-12,2024,≤10 kW,APsystems,1953.25,500,3.9065
2024-12,2024,≤10 kW,Auxsol,39.68,7,5.668571428571428
2024-12,2024,≤10 kW,B&B POWER,3.4,1,3.4
2024-12,2024,≤10 kW,BYD,516.39,96,5.3790625
2024-12,2024,≤10 kW,Bedin Solar,3238.18,563,5.75165186500888
2024-12,2024,≤10 kW,Bel Energy,1657.97,421,3.938171021377672
2024-12,2024,≤10 kW,Canadian Solar,2310.87,406,5.69179802955665
2024-12,2024,≤10 kW,Chint,5243.5,907,5.781146637265711
2024-12,2024,≤10 kW,Deye,51062.659999999996,9101,5.610664762114053
2024-12,2024,≤10 kW,Each Energy,1446.34,251,5.762310756972111
2024-12,2024,≤10 kW,Ecosolys,41.260000000000005,9,4.584444444444445
2024-12,2024,≤10 kW,Elgin,2899.09,520,5.575173076923077
2024-12,2024,≤10 kW,Emerson,13.0,2,6.5
2024-12,2024,≤10 kW,Empalux,401.51,68,5.9045588235294115
2024-12,2024,≤10 kW,Enphase,1164.17,333,3.4960060060060063
2024-12,2024,≤10 kW,Foxess,3314.59,550,6.026527272727273
2024-12,2024,≤10 kW,Fronius,508.03,92,5.522065217391304
2024-12,2024,≤10 kW,GE,16.61,4,4.1525
2024-12,2024,≤10 kW,Goodwe,14847.85,2804,5.295238944365193
2024-12,2024,≤10 kW,Growatt,33860.67,5943,5.697571933366986
2024-12,2024,≤10 kW,Hopewind,969.03,152,6.375197368421053
2024-12,2024,≤10 kW,Hoymiles,8484.75,1800,4.71375
2024-12,2024,≤10 kW,Huawei,22572.5,3863,5.8432565363706965
2024-12,2024,≤10 kW,Hypontech,2653.96,441,6.0180498866213155
2024-12,2024,≤10 kW,Ingeteam,44.64,8,5.58
2024-12,2024,≤10 kW,Intelbras,13450.2,2361,5.696823379923761
2024-12,2024,≤10 kW,Kehua,1343.62,229,5.867336244541484
2024-12,2024,≤10 kW,Komeco,69.58,14,4.97
2024-12,2024,≤10 kW,Kstar,86.16,20,4.308
2024-12,2024,≤10 kW,Livoltek,518.46,133,3.8981954887218047
2024-12,2024,≤10 kW,NEP,1972.71,384,5.137265625
2024-12,2024,≤10 kW,Nansen,1004.56,192,5.232083333333333
2024-12,2024,≤10 kW,Nexen,821.71,135,6.0867407407407415
2024-12,2024,≤10 kW,Não informado,5186.13,857,6.051493582263711
2024-12,2024,≤10 kW,Outros,28672.11,5228,5.484336266258608
2024-12,2024,≤10 kW,PHB,3748.51,651,5.758079877112135
2024-12,2024,≤10 kW,Refusol,57.02,14,4.072857142857143
2024-12,2024,≤10 kW,Renac,2988.64,524,5.703511450381679
2024-12,2024,≤10 kW,Renovigi,2268.18,420,5.400428571428571
2024-12,2024,≤10 kW,SAJ,47847.61,8338,5.738499640201487
2024-12,2024,≤10 kW,SHENZHEN,491.21,79,6.217848101265822
2024-12,2024,≤10 kW,SMA,16.56,5,3.312
2024-12,2024,≤10 kW,SUNWAYS,285.39,54,5.285
2024-12,2024,≤10 kW,Sineng,49.84,11,4.530909090909091
2024-12,2024,≤10 kW,Sofar Solar,21771.78,3661,5.946948921059819
2024-12,2024,≤10 kW,SolarEdge,494.05,86,5.744767441860465
2024-12,2024,≤10 kW,Solax Power,476.23,76,6.266184210526316
2024-12,2024,≤10 kW,Solis (Ginlong),57534.31,9878,5.824489775258149
2024-12,2024,≤10 kW,Solplanet,31314.53,5260,5.9533326996197715
2024-12,2024,≤10 kW,Sungrow,17416.16,2888,6.030526315789474
2024-12,2024,≤10 kW,TSUNESS,947.88,180,5.266
2024-12,2024,≤10 kW,Tsun,5707.76,1058,5.394858223062382
2024-12,2024,≤10 kW,WEG,21243.76,4430,4.795431151241535
2024-12,2024,≤10 kW,WEG (Huawei),1044.27,142,7.3540140845070425
2024-12,2024,10–20 kW,ABB/FIMER,48.42,3,16.14
2024-12,2024,10–20 kW,APsystems,646.88,45,14.375111111111112
2024-12,2024,10–20 kW,Auxsol,129.09,9,14.343333333333334
2024-12,2024,10–20 kW,BYD,191.24,12,15.936666666666667
2024-12,2024,10–20 kW,Bedin Solar,543.58,35,15.530857142857144
2024-12,2024,10–20 kW,Bel Energy,171.73,11,15.611818181818181
2024-12,2024,10–20 kW,Canadian Solar,1063.37,69,15.411159420289854
2024-12,2024,10–20 kW,Chint,957.91,59,16.235762711864407
2024-12,2024,10–20 kW,Deye,13223.86,924,14.311536796536798
2024-12,2024,10–20 kW,Each Energy,146.04,10,14.604
2024-12,2024,10–20 kW,Elgin,974.86,63,15.473968253968254
2024-12,2024,10–20 kW,Empalux,103.0,6,17.166666666666668
2024-12,2024,10–20 kW,Enphase,259.85,19,13.676315789473685
2024-12,2024,10–20 kW,Foxess,1161.58,81,14.340493827160493
2024-12,2024,10–20 kW,Fronius,349.26,22,15.875454545454545
2024-12,2024,10–20 kW,GE,31.599999999999998,2,15.799999999999999
2024-12,2024,10–20 kW,Goodwe,2998.64,200,14.9932
2024-12,2024,10–20 kW,Growatt,8959.41,571,15.690735551663748
2024-12,2024,10–20 kW,Hopewind,284.8,19,14.989473684210527
2024-12,2024,10–20 kW,Hoymiles,1799.78,128,14.06078125
2024-12,2024,10–20 kW,Huawei,3654.57,241,15.164190871369295
2024-12,2024,10–20 kW,Hypontech,1492.6,131,11.393893129770992
2024-12,2024,10–20 kW,Intelbras,2593.26,171,15.165263157894739
2024-12,2024,10–20 kW,Kehua,276.39,19,14.546842105263158
2024-12,2024,10–20 kW,Komeco,48.75,3,16.25
2024-12,2024,10–20 kW,Kstar,17.28,1,17.28
2024-12,2024,10–20 kW,Livoltek,47.0,3,15.666666666666666
2024-12,2024,10–20 kW,NEP,507.75,39,13.01923076923077
2024-12,2024,10–20 kW,Nansen,226.01999999999998,16,14.126249999999999
2024-12,2024,10–20 kW,Nexen,133.0,10,13.3
2024-12,2024,10–20 kW,Não informado,2092.15,139,15.051438848920863
2024-12,2024,10–20 kW,Outros,7799.4,533,14.633020637898685
2024-12,2024,10–20 kW,PHB,1017.64,69,14.74840579710145
2024-12,2024,10–20 kW,Refusol,28.5,2,14.25
2024-12,2024,10–20 kW,Renac,841.12,66,12.744242424242424
2024-12,2024,10–20 kW,Renovigi,605.81,36,16.828055555555554
2024-12,2024,10–20 kW,SAJ,13997.47,934,14.986584582441113
2024-12,2024,10–20 kW,SHENZHEN,136.34,10,13.634
2024-12,2024,10–20 kW,SMA,11.68,1,11.68
2024-12,2024,10–20 kW,SUNWAYS,31.55,2,15.775
2024-12,2024,10–20 kW,Sineng,12.0,1,12.0
2024-12,2024,10–20 kW,Sofar Solar,5057.6,326,15.514110429447854
2024-12,2024,10–20 kW,SolarEdge,211.02,13,16.232307692307693
2024-12,2024,10–20 kW,Solax Power,38.3,2,19.15
2024-12,2024,10–20 kW,Solis (Ginlong),14973.38,964,15.532551867219917
2024-12,2024,10–20 kW,Solplanet,7433.91,480,15.4873125
2024-12,2024,10–20 kW,Sungrow,4259.95,280,15.214107142857141
2024-12,2024,10–20 kW,TSUNESS,197.05,14,14.075000000000001
2024-12,2024,10–20 kW,Tsun,1208.3,84,14.38452380952381
2024-12,2024,10–20 kW,WEG,6382.59,462,13.815129870129871
2024-12,2024,10–20 kW,WEG (Huawei),311.0,19,16.36842105263158
2024-12,2024,20–75 kW,ABB/FIMER,155.8,4,38.95
2024-12,2024,20–75 kW,APsystems,627.9300000000001,18,34.885000000000005
2024-12,2024,20–75 kW,Auxsol,292.8,6,48.800000000000004
2024-12,2024,20–75 kW,BYD,856.7,16,53.54375
2024-12,2024,20–75 kW,Bedin Solar,2203.06,34,64.79588235294118
2024-12,2024,20–75 kW,Bel Energy,633.5,15,42.233333333333334
2024-12,2024,20–75 kW,Canadian Solar,3865.5,84,46.017857142857146
2024-12,2024,20–75 kW,Chint,2969.92,65,45.69107692307693
2024-12,2024,20–75 kW,Deye,14567.73,385,37.83825974025974
2024-12,2024,20–75 kW,Each Energy,345.0,10,34.5
2024-12,2024,20–75 kW,Elgin,1546.44,39,39.652307692307694
2024-12,2024,20–75 kW,Emerson,33.0,1,33.0
2024-12,2024,20–75 kW,Empalux,100.0,2,50.0
2024-12,2024,20–75 kW,Enphase,296.87,9,32.98555555555556
2024-12,2024,20–75 kW,Foxess,1468.74,40,36.7185
2024-12,2024,20–75 kW,Fronius,966.2,23,42.00869565217391
2024-12,2024,20–75 kW,GE,741.87,13,57.066923076923075
2024-12,2024,20–75 kW,Goodwe,5452.83,134,40.69276119402985
2024-12,2024,20–75 kW,Growatt,20945.51,474,44.18883966244725
2024-12,2024,20–75 kW,Hopewind,399.31,9,44.367777777777775
2024-12,2024,20–75 kW,Hoymiles,1448.45,43,33.68488372093023
2024-12,2024,20–75 kW,Huawei,4738.31,111,42.68747747747748
2024-12,2024,20–75 kW,Hypontech,928.96,25,37.1584
2024-12,2024,20–75 kW,Ingeteam,75.0,1,75.0
2024-12,2024,20–75 kW,Intelbras,3651.39,85,42.9575294117647
2024-12,2024,20–75 kW,Kehua,539.77,12,44.98083333333333
2024-12,2024,20–75 kW,Komeco,113.75,3,37.916666666666664
2024-12,2024,20–75 kW,Kstar,97.8,2,48.9
2024-12,2024,20–75 kW,Livoltek,48.0,2,24.0
2024-12,2024,20–75 kW,NEP,253.5,8,31.6875
2024-12,2024,20–75 kW,Nansen,159.68,3,53.22666666666667
2024-12,2024,20–75 kW,Não informado,1897.8,57,33.294736842105266
2024-12,2024,20–75 kW,Outros,11159.27,282,39.571879432624115
2024-12,2024,20–75 kW,PHB,2005.98,51,39.33294117647059
2024-12,2024,20–75 kW,Refusol,99.66,3,33.22
2024-12,2024,20–75 kW,Renac,1486.6,31,47.95483870967742
2024-12,2024,20–75 kW,Renovigi,1258.2,30,41.940000000000005
2024-12,2024,20–75 kW,SAJ,21243.29,535,39.70708411214954
2024-12,2024,20–75 kW,SHENZHEN,1322.5,20,66.125
2024-12,2024,20–75 kW,SMA,80.8,2,40.4
2024-12,2024,20–75 kW,SUNWAYS,79.96000000000001,2,39.980000000000004
2024-12,2024,20–75 kW,Sineng,26.0,1,26.0
2024-12,2024,20–75 kW,Sofar Solar,8025.31,184,43.61581521739131
2024-12,2024,20–75 kW,SolarEdge,2427.29,48,50.56854166666667
2024-12,2024,20–75 kW,Solax Power,50.0,1,50.0
2024-12,2024,20–75 kW,Solis (Ginlong),41436.22,836,49.564856459330144
2024-12,2024,20–75 kW,Solplanet,10855.94,281,38.6332384341637
2024-12,2024,20–75 kW,Sungrow,12759.32,268,47.609402985074624
2024-12,2024,20–75 kW,TSUNESS,122.0,5,24.4
2024-12,2024,20–75 kW,Tsun,974.71,30,32.49033333333333
2024-12,2024,20–75 kW,WEG,17506.3,364,48.09423076923077
2024-12,2024,20–75 kW,WEG (Huawei),406.0,7,58.0
2024-12,2024,75–300 kW,BYD,600.0,2,300.0
2024-12,2024,75–300 kW,Bedin Solar,450.0,2,225.0
2024-12,2024,75–300 kW,Canadian Solar,340.0,2,170.0
2024-12,2024,75–300 kW,Chint,100.0,1,100.0
2024-12,2024,75–300 kW,Deye,1074.5,6,179.08333333333334
2024-12,2024,75–300 kW,Fronius,400.0,2,200.0
2024-12,2024,75–300 kW,Goodwe,1116.0,8,139.5
2024-12,2024,75–300 kW,Growatt,3709.42,18,206.07888888888888
2024-12,2024,75–300 kW,Huawei,3302.7,30,110.08999999999999
2024-12,2024,75–300 kW,Intelbras,100.0,1,100.0
2024-12,2024,75–300 kW,Não informado,100.0,1,100.0
2024-12,2024,75–300 kW,Outros,1850.0,12,154.16666666666666
2024-12,2024,75–300 kW,PHB,485.0,3,161.66666666666666
2024-12,2024,75–300 kW,Renac,600.0,2,300.0
2024-12,2024,75–300 kW,Renovigi,705.0,3,235.0
2024-12,2024,75–300 kW,SAJ,450.0,2,225.0
2024-12,2024,75–300 kW,SHENZHEN,575.0,2,287.5
2024-12,2024,75–300 kW,Sofar Solar,850.0,5,170.0
2024-12,2024,75–300 kW,SolarEdge,170.1,1,170.1
2024-12,2024,75–300 kW,Solis (Ginlong),5271.68,28,188.27428571428572
2024-12,2024,75–300 kW,Solplanet,112.5,1,112.5
2024-12,2024,75–300 kW,Sungrow,2430.0,14,173.57142857142858
2024-12,2024,75–300 kW,Tsun,202.0,2,101.0
2024-12,2024,75–300 kW,WEG,3820.1,22,173.64090909090908
2024-12,2024,300 kW–1 MW,ABB/FIMER,1360.0,2,680.0
2024-12,2024,300 kW–1 MW,BYD,720.0,1,720.0
2024-12,2024,300 kW–1 MW,Canadian Solar,5400.0,6,900.0
2024-12,2024,300 kW–1 MW,Chint,3000.0,3,1000.0
2024-12,2024,300 kW–1 MW,Deye,674.0,1,674.0
2024-12,2024,300 kW–1 MW,Elgin,975.0,1,975.0
2024-12,2024,300 kW–1 MW,Fronius,2000.0,2,1000.0
2024-12,2024,300 kW–1 MW,Growatt,3820.0,5,764.0
2024-12,2024,300 kW–1 MW,Hoymiles,1000.0,1,1000.0
2024-12,2024,300 kW–1 MW,Huawei,33456.0,35,955.8857142857142
2024-12,2024,300 kW–1 MW,Kehua,2000.0,2,1000.0
2024-12,2024,300 kW–1 MW,Livoltek,1000.0,1,1000.0
2024-12,2024,300 kW–1 MW,Outros,5060.0,6,843.3333333333334
2024-12,2024,300 kW–1 MW,SAJ,375.0,1,375.0
2024-12,2024,300 kW–1 MW,Sofar Solar,1000.0,1,1000.0
2024-12,2024,300 kW–1 MW,SolarEdge,400.0,1,400.0
2024-12,2024,300 kW–1 MW,Solis (Ginlong),2900.0,4,725.0
2024-12,2024,300 kW–1 MW,Sungrow,75853.4,86,882.0162790697674
2024-12,2024,300 kW–1 MW,TBEA,4000.0,4,1000.0
2024-12,2024,300 kW–1 MW,WEG,7252.0,8,906.5
2024-12,2024,300 kW–1 MW,WEG (Huawei),1000.0,1,1000.0
2024-12,2024,1–5 MW,ABB/FIMER,1950.0,1,1950.0
2024-12,2024,1–5 MW,Chint,2500.0,1,2500.0
2024-12,2024,1–5 MW,Fronius,2500.0,1,2500.0
2024-12,2024,1–5 MW,Goodwe,2500.0,1,2500.0
2024-12,2024,1–5 MW,Huawei,48900.0,20,2445.0
2024-12,2024,1–5 MW,Outros,5000.0,1,5000.0
2024-12,2024,1–5 MW,SMA,2500.0,1,2500.0
2024-12,2024,1–5 MW,SolarEdge,1200.0,1,1200.0
2024-12,2024,1–5 MW,Solis (Ginlong),3800.0,2,1900.0
2024-12,2024,1–5 MW,Sungrow,47430.0,18,2635.0
2024-12,2024,1–5 MW,TBEA,5000.0,2,2500.0
2025-01,2025,≤10 kW,ABB/FIMER,47.25,11,4.295454545454546
2025-01,2025,≤10 kW,APsystems,1945.88,416,4.677596153846154
2025-01,2025,≤10 kW,Auxsol,59.69,8,7.46125
2025-01,2025,≤10 kW,B&B POWER,5.0,1,5.0
2025-01,2025,≤10 kW,BYD,707.46,125,5.659680000000001
2025-01,2025,≤10 kW,Bedin Solar,3208.09,560,5.728732142857143
2025-01,2025,≤10 kW,Bel Energy,1459.51,361,4.042963988919667
2025-01,2025,≤10 kW,Canadian Solar,2117.36,391,5.415242966751919
2025-01,2025,≤10 kW,Chint,5758.33,992,5.80476814516129
2025-01,2025,≤10 kW,Deye,49570.58,8878,5.583530074341068
2025-01,2025,≤10 kW,Each Energy,1114.22,203,5.488768472906404
2025-01,2025,≤10 kW,Ecosolys,56.28,11,5.116363636363636
2025-01,2025,≤10 kW,Elgin,3221.45,590,5.460084745762711
2025-01,2025,≤10 kW,Emerson,8.0,1,8.0
2025-01,2025,≤10 kW,Empalux,282.89,46,6.149782608695652
2025-01,2025,≤10 kW,Enphase,784.0500000000001,188,4.170478723404256
2025-01,2025,≤10 kW,Foxess,4062.76,712,5.706123595505618
2025-01,2025,≤10 kW,Fronius,451.05,78,5.782692307692308
2025-01,2025,≤10 kW,GE,34.96,6,5.826666666666667
2025-01,2025,≤10 kW,Goodwe,13684.539999999999,2603,5.25721859393008
2025-01,2025,≤10 kW,Growatt,35367.45,6334,5.583746447742342
2025-01,2025,≤10 kW,Hopewind,893.0,155,5.7612903225806456
2025-01,2025,≤10 kW,Hoymiles,8019.06,1719,4.664956369982548
2025-01,2025,≤10 kW,Huawei,20607.38,3571,5.7707588910669285
2025-01,2025,≤10 kW,Hypontech,2729.2,479,5.6977035490605425
2025-01,2025,≤10 kW,Ingeteam,29.939999999999998,5,5.9879999999999995
2025-01,2025,≤10 kW,Intelbras,11770.42,2115,5.565210401891253
2025-01,2025,≤10 kW,Kehua,1362.9,231,5.9
2025-01,2025,≤10 kW,Komeco,60.82,12,5.068333333333333
2025-01,2025,≤10 kW,Kstar,100.72,22,4.578181818181818
2025-01,2025,≤10 kW,Livoltek,682.2,172,3.966279069767442
2025-01,2025,≤10 kW,NEP,1969.74,395,4.986683544303798
2025-01,2025,≤10 kW,Nansen,1095.55,195,5.618205128205128
2025-01,2025,≤10 kW,Nexen,708.5,112,6.325892857142857
2025-01,2025,≤10 kW,Não informado,4201.84,691,6.080810419681621
2025-01,2025,≤10 kW,Outros,26940.329999999998,4928,5.466787743506493
2025-01,2025,≤10 kW,PHB,3623.77,642,5.644501557632399
2025-01,2025,≤10 kW,Refusol,73.96000000000001,17,4.3505882352941185
2025-01,2025,≤10 kW,Renac,3141.43,565,5.560053097345133
2025-01,2025,≤10 kW,Renovigi,1950.92,389,5.01521850899743
2025-01,2025,≤10 kW,SAJ,45846.4,8024,5.713659022931207
2025-01,2025,≤10 kW,SHENZHEN,595.14,95,6.264631578947368
2025-01,2025,≤10 kW,SMA,19.21,5,3.842
2025-01,2025,≤10 kW,SUNWAYS,283.96,55,5.162909090909091
2025-01,2025,≤10 kW,Sineng,75.86,14,5.418571428571428
2025-01,2025,≤10 kW,Sofar Solar,22409.56,3860,5.80558549222798
2025-01,2025,≤10 kW,SolarEdge,375.6,73,5.145205479452055
2025-01,2025,≤10 kW,Solax Power,585.53,100,5.8553
2025-01,2025,≤10 kW,Solis (Ginlong),54016.23,9371,5.764190587984207
2025-01,2025,≤10 kW,Solplanet,33172.24,5655,5.866001768346596
2025-01,2025,≤10 kW,Sungrow,17760.67,3034,5.853879367172049
2025-01,2025,≤10 kW,TSUNESS,773.86,141,5.488368794326242
2025-01,2025,≤10 kW,Tsun,5251.46,977,5.375087001023542
2025-01,2025,≤10 kW,WEG,22502.47,4800,4.6880145833333335
2025-01,2025,≤10 kW,WEG (Huawei),1122.99,145,7.744758620689655
2025-01,2025,10–20 kW,ABB/FIMER,20.0,1,20.0
2025-01,2025,10–20 kW,APsystems,664.36,48,13.840833333333334
2025-01,2025,10–20 kW,Auxsol,77.05,5,15.41
2025-01,2025,10–20 kW,BYD,156.2,10,15.62
2025-01,2025,10–20 kW,Bedin Solar,414.31,26,15.935
2025-01,2025,10–20 kW,Bel Energy,138.94,9,15.437777777777777
2025-01,2025,10–20 kW,Canadian Solar,892.17,58,15.382241379310344
2025-01,2025,10–20 kW,Chint,1468.8,92,15.965217391304348
2025-01,2025,10–20 kW,Deye,12602.77,866,14.552852193995381
2025-01,2025,10–20 kW,Each Energy,280.23,18,15.568333333333335
2025-01,2025,10–20 kW,Elgin,1026.85,66,15.558333333333332
2025-01,2025,10–20 kW,Empalux,135.92000000000002,9,15.102222222222224
2025-01,2025,10–20 kW,Enphase,177.78,13,13.675384615384615
2025-01,2025,10–20 kW,Foxess,1274.45,89,14.319662921348316
2025-01,2025,10–20 kW,Fronius,308.19,20,15.4095
2025-01,2025,10–20 kW,GE,48.92,3,16.30666666666667
2025-01,2025,10–20 kW,Goodwe,3537.72,234,15.118461538461538
2025-01,2025,10–20 kW,Growatt,8060.61,510,15.805117647058823
2025-01,2025,10–20 kW,Hopewind,301.2,21,14.342857142857142
2025-01,2025,10–20 kW,Hoymiles,1722.28,119,14.472941176470588
2025-01,2025,10–20 kW,Huawei,3283.72,220,14.925999999999998
2025-01,2025,10–20 kW,Hypontech,1144.4,93,12.305376344086023
2025-01,2025,10–20 kW,Intelbras,2370.5,162,14.632716049382717
2025-01,2025,10–20 kW,Kehua,239.06,15,15.937333333333333
2025-01,2025,10–20 kW,Komeco,46.0,3,15.333333333333334
2025-01,2025,10–20 kW,Kstar,24.0,2,12.0
2025-01,2025,10–20 kW,Livoltek,76.76,5,15.352
2025-01,2025,10–20 kW,NEP,439.53,33,13.319090909090908
2025-01,2025,10–20 kW,Nansen,270.91,19,14.258421052631581
2025-01,2025,10–20 kW,Nexen,268.87,19,14.151052631578947
2025-01,2025,10–20 kW,Não informado,1839.52,124,14.834838709677419
2025-01,2025,10–20 kW,Outros,7302.92,492,14.843333333333334
2025-01,2025,10–20 kW,PHB,919.99,65,14.153692307692308
2025-01,2025,10–20 kW,Refusol,19.42,1,19.42
2025-01,2025,10–20 kW,Renac,1062.53,88,12.074204545454545
2025-01,2025,10–20 kW,Renovigi,396.99,26,15.268846153846154
2025-01,2025,10–20 kW,SAJ,14101.7,928,15.195797413793104
2025-01,2025,10–20 kW,SHENZHEN,260.55,16,16.284375
2025-01,2025,10–20 kW,SUNWAYS,46.9,4,11.725
2025-01,2025,10–20 kW,Sineng,81.25,5,16.25
2025-01,2025,10–20 kW,Sofar Solar,4515.57,296,15.255304054054053
2025-01,2025,10–20 kW,SolarEdge,258.67,16,16.166875
2025-01,2025,10–20 kW,Solax Power,67.0,5,13.4
2025-01,2025,10–20 kW,Solis (Ginlong),14185.11,919,15.43537540805223
2025-01,2025,10–20 kW,Solplanet,8031.0,519,15.473988439306359
2025-01,2025,10–20 kW,Sungrow,4710.71,307,15.344332247557004
2025-01,2025,10–20 kW,TSUNESS,205.12,16,12.82
2025-01,2025,10–20 kW,Tsun,1418.62,98,14.475714285714284
2025-01,2025,10–20 kW,WEG,6224.1,461,13.50130151843818
2025-01,2025,10–20 kW,WEG (Huawei),460.84000000000003,30,15.361333333333334
2025-01,2025,20–75 kW,ABB/FIMER,75.6,2,37.8
2025-01,2025,20–75 kW,APsystems,804.45,22,36.565909090909095
2025-01,2025,20–75 kW,Auxsol,890.0,14,63.57142857142857
2025-01,2025,20–75 kW,B&B POWER,32.0,1,32.0
2025-01,2025,20–75 kW,BYD,774.0,14,55.285714285714285
2025-01,2025,20–75 kW,Bedin Solar,2661.59,48,55.44979166666667
2025-01,2025,20–75 kW,Bel Energy,1328.2,37,35.8972972972973
2025-01,2025,20–75 kW,Canadian Solar,2562.0,58,44.172413793103445
2025-01,2025,20–75 kW,Chint,3722.86,73,50.998082191780824
2025-01,2025,20–75 kW,Deye,15803.92,389,40.62704370179949
2025-01,2025,20–75 kW,Each Energy,91.8,2,45.9
2025-01,2025,20–75 kW,Elgin,1462.18,39,37.49179487179487
2025-01,2025,20–75 kW,Empalux,370.0,7,52.857142857142854
2025-01,2025,20–75 kW,Enphase,249.51,8,31.18875
2025-01,2025,20–75 kW,Foxess,1606.27,40,40.15675
2025-01,2025,20–75 kW,Fronius,811.7,18,45.09444444444445
2025-01,2025,20–75 kW,GE,163.55,4,40.8875
2025-01,2025,20–75 kW,Goodwe,5928.02,139,42.64762589928058
2025-01,2025,20–75 kW,Growatt,20518.23,454,45.19433920704846
2025-01,2025,20–75 kW,Hopewind,809.53,19,42.606842105263155
2025-01,2025,20–75 kW,Hoymiles,1229.64,41,29.991219512195123
2025-01,2025,20–75 kW,Huawei,6669.8,148,45.06621621621622
2025-01,2025,20–75 kW,Hypontech,840.98,22,38.22636363636364
2025-01,2025,20–75 kW,Ingeteam,66.0,1,66.0
2025-01,2025,20–75 kW,Intelbras,4766.56,107,44.54728971962617
2025-01,2025,20–75 kW,Kehua,154.0,5,30.8
2025-01,2025,20–75 kW,Komeco,40.0,1,40.0
2025-01,2025,20–75 kW,Kstar,32.0,1,32.0
2025-01,2025,20–75 kW,Livoltek,220.1,7,31.442857142857143
2025-01,2025,20–75 kW,NEP,247.2,6,41.199999999999996
2025-01,2025,20–75 kW,Nansen,312.0,6,52.0
2025-01,2025,20–75 kW,Nexen,125.0,2,62.5
2025-01,2025,20–75 kW,Não informado,2247.17,59,38.08762711864407
2025-01,2025,20–75 kW,Outros,9557.24,260,36.75861538461538
2025-01,2025,20–75 kW,PHB,1816.74,42,43.255714285714284
2025-01,2025,20–75 kW,Refusol,32.8,1,32.8
2025-01,2025,20–75 kW,Renac,1246.15,32,38.9421875
2025-01,2025,20–75 kW,Renovigi,1581.21,38,41.610789473684214
2025-01,2025,20–75 kW,SAJ,23601.16,559,42.22032200357782
2025-01,2025,20–75 kW,SHENZHEN,1911.2,33,57.915151515151514
2025-01,2025,20–75 kW,SUNWAYS,173.94,3,57.98
2025-01,2025,20–75 kW,Sineng,231.75,6,38.625
2025-01,2025,20–75 kW,Sofar Solar,9293.74,213,43.63258215962441
2025-01,2025,20–75 kW,SolarEdge,2191.7599999999998,45,48.705777777777776
2025-01,2025,20–75 kW,Solax Power,280.0,6,46.666666666666664
2025-01,2025,20–75 kW,Solis (Ginlong),41770.15,854,48.91118266978923
2025-01,2025,20–75 kW,Solplanet,13600.94,330,41.214969696969696
2025-01,2025,20–75 kW,Sungrow,11504.51,255,45.11572549019608
2025-01,2025,20–75 kW,TSUNESS,94.5,2,47.25
2025-01,2025,20–75 kW,Tsun,1148.79,37,31.048378378378377
2025-01,2025,20–75 kW,WEG,17234.21,354,48.68420903954802
2025-01,2025,20–75 kW,WEG (Huawei),60.5,2,30.25
2025-01,2025,75–300 kW,APsystems,403.2,2,201.6
2025-01,2025,75–300 kW,Bel Energy,150.0,1,150.0
2025-01,2025,75–300 kW,Canadian Solar,1234.55,7,176.3642857142857
2025-01,2025,75–300 kW,Deye,540.0,3,180.0
2025-01,2025,75–300 kW,Elgin,150.0,1,150.0
2025-01,2025,75–300 kW,Empalux,120.0,1,120.0
2025-01,2025,75–300 kW,Foxess,100.0,1,100.0
2025-01,2025,75–300 kW,Fronius,315.5,2,157.75
2025-01,2025,75–300 kW,Goodwe,463.90999999999997,4,115.97749999999999
2025-01,2025,75–300 kW,Growatt,2125.2,14,151.79999999999998
2025-01,2025,75–300 kW,Huawei,1763.88,12,146.99
2025-01,2025,75–300 kW,Hypontech,80.0,1,80.0
2025-01,2025,75–300 kW,Intelbras,275.0,1,275.0
2025-01,2025,75–300 kW,Komeco,96.0,1,96.0
2025-01,2025,75–300 kW,Nansen,150.0,1,150.0
2025-01,2025,75–300 kW,Não informado,308.23,3,102.74333333333334
2025-01,2025,75–300 kW,Outros,1838.6,9,204.2888888888889
2025-01,2025,75–300 kW,PHB,300.0,1,300.0
2025-01,2025,75–300 kW,Renac,420.0,2,210.0
2025-01,2025,75–300 kW,Renovigi,125.0,1,125.0
2025-01,2025,75–300 kW,SAJ,2336.75,14,166.91071428571428
2025-01,2025,75–300 kW,Sofar Solar,871.0,6,145.16666666666666
2025-01,2025,75–300 kW,SolarEdge,566.6,2,283.3
2025-01,2025,75–300 kW,Solis (Ginlong),2523.0,17,148.41176470588235
2025-01,2025,75–300 kW,Solplanet,470.0,2,235.0
2025-01,2025,75–300 kW,Sungrow,2953.38,16,184.58625
2025-01,2025,75–300 kW,WEG,4111.0,21,195.76190476190476
2025-01,2025,300 kW–1 MW,BYD,5760.0,6,960.0
2025-01,2025,300 kW–1 MW,Canadian Solar,880.0,1,880.0
2025-01,2025,300 kW–1 MW,Chint,660.0,1,660.0
2025-01,2025,300 kW–1 MW,Deye,1535.0,2,767.5
2025-01,2025,300 kW–1 MW,Elgin,975.0,1,975.0
2025-01,2025,300 kW–1 MW,Empalux,800.0,1,800.0
2025-01,2025,300 kW–1 MW,Enphase,300.3,1,300.3
2025-01,2025,300 kW–1 MW,Growatt,1000.0,2,500.0
2025-01,2025,300 kW–1 MW,Huawei,29260.0,31,943.8709677419355
2025-01,2025,300 kW–1 MW,Outros,4258.5,8,532.3125
2025-01,2025,300 kW–1 MW,SAJ,660.7,1,660.7
2025-01,2025,300 kW–1 MW,SolarEdge,800.0,1,800.0
2025-01,2025,300 kW–1 MW,Solis (Ginlong),5195.0,7,742.1428571428571
2025-01,2025,300 kW–1 MW,Sungrow,46003.0,50,920.06
2025-01,2025,300 kW–1 MW,WEG,2200.0,4,550.0
2025-01,2025,1–5 MW,Canadian Solar,3750.0,2,1875.0
2025-01,2025,1–5 MW,Growatt,4820.0,2,2410.0
2025-01,2025,1–5 MW,Huawei,52774.96,20,2638.748
2025-01,2025,1–5 MW,Intelbras,2500.0,1,2500.0
2025-01,2025,1–5 MW,Outros,3900.0,3,1300.0
2025-01,2025,1–5 MW,SolarEdge,2477.8,1,2477.8
2025-01,2025,1–5 MW,Sungrow,40121.0,15,2674.733333333333
2025-01,2025,1–5 MW,TBEA,4950.0,1,4950.0
2025-01,2025,1–5 MW,WEG,1300.0,1,1300.0
2025-01,2025,1–5 MW,WEG (Huawei),5000.0,1,5000.0
2025-02,2025,≤10 kW,ABB/FIMER,40.3,9,4.477777777777778
2025-02,2025,≤10 kW,APsystems,1977.08,405,4.881679012345679
2025-02,2025,≤10 kW,Auxsol,115.74,24,4.8225
2025-02,2025,≤10 kW,BYD,569.73,107,5.324579439252337
2025-02,2025,≤10 kW,Bedin Solar,3935.93,676,5.822381656804733
2025-02,2025,≤10 kW,Bel Energy,1399.47,364,3.8446978021978024
2025-02,2025,≤10 kW,Canadian Solar,2475.57,431,5.743781902552205
2025-02,2025,≤10 kW,Chint,6401.97,1128,5.675505319148936
2025-02,2025,≤10 kW,Deye,50913.62,8908,5.715493938033229
2025-02,2025,≤10 kW,Each Energy,853.89,169,5.052603550295858
2025-02,2025,≤10 kW,Ecosolys,36.46,13,2.8046153846153845
2025-02,2025,≤10 kW,Elgin,3191.29,564,5.658315602836879
2025-02,2025,≤10 kW,Emerson,5.0,1,5.0
2025-02,2025,≤10 kW,Empalux,267.56,43,6.222325581395349
2025-02,2025,≤10 kW,Enphase,573.5,156,3.676282051282051
2025-02,2025,≤10 kW,Foxess,5860.5,1041,5.629682997118156
2025-02,2025,≤10 kW,Fronius,495.07,88,5.625795454545455
2025-02,2025,≤10 kW,GE,25.5,6,4.25
2025-02,2025,≤10 kW,Goodwe,12257.23,2306,5.315364267129228
2025-02,2025,≤10 kW,Growatt,37744.2,6744,5.59670818505338
2025-02,2025,≤10 kW,Hopewind,688.74,112,6.149464285714286
2025-02,2025,≤10 kW,Hoymiles,8748.52,1756,4.982072892938497
2025-02,2025,≤10 kW,Huawei,20430.35,3481,5.869103705831657
2025-02,2025,≤10 kW,Hypontech,1878.7,331,5.67583081570997
2025-02,2025,≤10 kW,Ingeteam,46.0,7,6.571428571428571
2025-02,2025,≤10 kW,Intelbras,9458.17,1710,5.531093567251462
2025-02,2025,≤10 kW,Kehua,1437.26,246,5.842520325203252
2025-02,2025,≤10 kW,Komeco,77.12,16,4.82
2025-02,2025,≤10 kW,Kstar,99.72,24,4.155
2025-02,2025,≤10 kW,Livoltek,690.3199999999999,170,4.0607058823529405
2025-02,2025,≤10 kW,NEP,1950.94,378,5.161216931216932
2025-02,2025,≤10 kW,Nansen,1527.84,262,5.831450381679389
2025-02,2025,≤10 kW,Nexen,607.35,107,5.676168224299065
2025-02,2025,≤10 kW,Não informado,5629.04,957,5.8819644723093
2025-02,2025,≤10 kW,Outros,8594.99,1622,5.299007398273736
2025-02,2025,≤10 kW,PHB,4654.83,816,5.704448529411764
2025-02,2025,≤10 kW,Refusol,80.87,17,4.7570588235294125
2025-02,2025,≤10 kW,Renac,2717.62,501,5.42439121756487
2025-02,2025,≤10 kW,Renovigi,1948.23,376,5.181462765957447
2025-02,2025,≤10 kW,SAJ,45677.29,8048,5.6756076043737576
2025-02,2025,≤10 kW,SHENZHEN,768.53,120,6.404416666666666
2025-02,2025,≤10 kW,SMA,7.44,1,7.44
2025-02,2025,≤10 kW,SUNWAYS,359.24,67,5.36179104477612
2025-02,2025,≤10 kW,Sineng,120.4,20,6.0200000000000005
2025-02,2025,≤10 kW,Sofar Solar,23393.1,3991,5.861463292407917
2025-02,2025,≤10 kW,SolarEdge,590.5,104,5.677884615384615
2025-02,2025,≤10 kW,Solax Power,526.81,92,5.726195652173913
2025-02,2025,≤10 kW,Solis (Ginlong),53400.57,9306,5.738294648613797
2025-02,2025,≤10 kW,Solplanet,31839.87,5511,5.777512248230811
2025-02,2025,≤10 kW,Sungrow,22231.57,3839,5.7909794217244075
2025-02,2025,≤10 kW,TSUNESS,806.8199999999999,168,4.802499999999999
2025-02,2025,≤10 kW,Tsun,2044.3799999999999,389,5.25547557840617
2025-02,2025,≤10 kW,WEG,26658.59,5712,4.667120098039216
2025-02,2025,≤10 kW,WEG (Huawei),1183.48,164,7.216341463414635
2025-02,2025,10–20 kW,ABB/FIMER,28.71,2,14.355
2025-02,2025,10–20 kW,APsystems,765.99,53,14.452641509433963
2025-02,2025,10–20 kW,Auxsol,159.07999999999998,9,17.675555555555555
2025-02,2025,10–20 kW,BYD,222.98,14,15.927142857142856
2025-02,2025,10–20 kW,Bedin Solar,547.0,33,16.575757575757574
2025-02,2025,10–20 kW,Bel Energy,124.35,8,15.54375
2025-02,2025,10–20 kW,Canadian Solar,785.47,51,15.401372549019609
2025-02,2025,10–20 kW,Chint,1426.09,87,16.391839080459768
2025-02,2025,10–20 kW,Deye,13544.1,930,14.563548387096775
2025-02,2025,10–20 kW,Each Energy,355.15,22,16.143181818181816
2025-02,2025,10–20 kW,Elgin,1035.74,64,16.1834375
2025-02,2025,10–20 kW,Emerson,15.0,1,15.0
2025-02,2025,10–20 kW,Empalux,153.57,10,15.357
2025-02,2025,10–20 kW,Enphase,287.05,20,14.352500000000001
2025-02,2025,10–20 kW,Foxess,1469.89,101,14.553366336633664
2025-02,2025,10–20 kW,Fronius,321.46999999999997,22,14.612272727272726
2025-02,2025,10–20 kW,Goodwe,3473.71,231,15.037705627705629
2025-02,2025,10–20 kW,Growatt,11258.77,709,15.87978843441467
2025-02,2025,10–20 kW,Hopewind,289.17,21,13.770000000000001
2025-02,2025,10–20 kW,Hoymiles,2225.03,155,14.355032258064517
2025-02,2025,10–20 kW,Huawei,4288.25,284,15.099471830985916
2025-02,2025,10–20 kW,Hypontech,842.37,68,12.38779411764706
2025-02,2025,10–20 kW,Ingeteam,32.0,2,16.0
2025-02,2025,10–20 kW,Intelbras,2204.92,147,14.999455782312925
2025-02,2025,10–20 kW,Kehua,446.87,29,15.409310344827587
2025-02,2025,10–20 kW,Livoltek,88.0,5,17.6
2025-02,2025,10–20 kW,NEP,599.48,41,14.621463414634146
2025-02,2025,10–20 kW,Nansen,363.11,25,14.5244
2025-02,2025,10–20 kW,Nexen,238.74,17,14.043529411764707
2025-02,2025,10–20 kW,Não informado,1836.2,122,15.050819672131148
2025-02,2025,10–20 kW,Outros,2483.98,177,14.033785310734464
2025-02,2025,10–20 kW,PHB,1122.4,80,14.030000000000001
2025-02,2025,10–20 kW,Refusol,35.519999999999996,2,17.759999999999998
2025-02,2025,10–20 kW,Renac,778.99,64,12.17171875
2025-02,2025,10–20 kW,Renovigi,563.6,34,16.576470588235296
2025-02,2025,10–20 kW,SAJ,14183.46,932,15.218304721030043
2025-02,2025,10–20 kW,SHENZHEN,158.41,12,13.200833333333334
2025-02,2025,10–20 kW,SUNWAYS,53.92,4,13.48
2025-02,2025,10–20 kW,Sineng,16.0,1,16.0
2025-02,2025,10–20 kW,Sofar Solar,4835.38,318,15.20559748427673
2025-02,2025,10–20 kW,SolarEdge,336.02,21,16.00095238095238
2025-02,2025,10–20 kW,Solax Power,57.5,4,14.375
2025-02,2025,10–20 kW,Solis (Ginlong),14296.76,930,15.372860215053764
2025-02,2025,10–20 kW,Solplanet,9656.11,618,15.624773462783173
2025-02,2025,10–20 kW,Sungrow,4909.69,318,15.439276729559747
2025-02,2025,10–20 kW,TSUNESS,274.15,20,13.7075
2025-02,2025,10–20 kW,Tsun,483.14,35,13.804
2025-02,2025,10–20 kW,WEG,7364.71,556,13.245881294964029
2025-02,2025,10–20 kW,WEG (Huawei),480.29,32,15.0090625
2025-02,2025,20–75 kW,ABB/FIMER,97.4,2,48.7
2025-02,2025,20–75 kW,APsystems,831.5,22,37.79545454545455
2025-02,2025,20–75 kW,Auxsol,545.25,11,49.56818181818182
2025-02,2025,20–75 kW,BYD,784.4200000000001,14,56.03000000000001
2025-02,2025,20–75 kW,Bedin Solar,1489.8,29,51.37241379310345
2025-02,2025,20–75 kW,Bel Energy,673.04,20,33.652
2025-02,2025,20–75 kW,Canadian Solar,2717.15,60,45.285833333333336
2025-02,2025,20–75 kW,Chint,3558.17,73,48.74205479452055
2025-02,2025,20–75 kW,Deye,15024.08,375,40.064213333333335
2025-02,2025,20–75 kW,Each Energy,465.0,9,51.666666666666664
2025-02,2025,20–75 kW,Ecosolys,25.0,1,25.0
2025-02,2025,20–75 kW,Elgin,1660.98,45,36.910666666666664
2025-02,2025,20–75 kW,Empalux,258.85,7,36.978571428571435
2025-02,2025,20–75 kW,Enphase,307.92,7,43.98857142857143
2025-02,2025,20–75 kW,Foxess,1675.63,44,38.0825
2025-02,2025,20–75 kW,Fronius,952.3199999999999,22,43.28727272727272
2025-02,2025,20–75 kW,GE,435.55,9,48.394444444444446
2025-02,2025,20–75 kW,Goodwe,5941.41,133,44.67225563909774
2025-02,2025,20–75 kW,Growatt,22818.12,503,45.36405566600397
2025-02,2025,20–75 kW,Hopewind,785.22,14,56.08714285714286
2025-02,2025,20–75 kW,Hoymiles,1019.4,35,29.125714285714285
2025-02,2025,20–75 kW,Huawei,6435.67,142,45.32161971830986
2025-02,2025,20–75 kW,Hypontech,787.71,23,34.24826086956522
2025-02,2025,20–75 kW,Intelbras,3980.5,92,43.266304347826086
2025-02,2025,20–75 kW,Kehua,358.22,11,32.56545454545455
2025-02,2025,20–75 kW,Komeco,114.0,2,57.0
2025-02,2025,20–75 kW,Kstar,99.0,2,49.5
2025-02,2025,20–75 kW,Livoltek,157.0,5,31.4
2025-02,2025,20–75 kW,NEP,517.69,16,32.355625
2025-02,2025,20–75 kW,Nansen,86.8,3,28.933333333333334
2025-02,2025,20–75 kW,Nexen,48.0,1,48.0
2025-02,2025,20–75 kW,Não informado,2005.75,53,37.844339622641506
2025-02,2025,20–75 kW,Outros,5450.88,133,40.98406015037594
2025-02,2025,20–75 kW,PHB,2238.58,52,43.049615384615386
2025-02,2025,20–75 kW,Refusol,263.02,7,37.574285714285715
2025-02,2025,20–75 kW,Renac,1089.41,29,37.56586206896552
2025-02,2025,20–75 kW,Renovigi,922.67,21,43.93666666666667
2025-02,2025,20–75 kW,SAJ,21094.08,508,41.52377952755906
2025-02,2025,20–75 kW,SHENZHEN,1364.0,24,56.833333333333336
2025-02,2025,20–75 kW,SMA,75.0,3,25.0
2025-02,2025,20–75 kW,SUNWAYS,150.1,4,37.525
2025-02,2025,20–75 kW,Sineng,101.0,3,33.666666666666664
2025-02,2025,20–75 kW,Sofar Solar,7063.67,167,42.2974251497006
2025-02,2025,20–75 kW,SolarEdge,2112.91,47,44.95553191489361
2025-02,2025,20–75 kW,Solax Power,50.0,1,50.0
2025-02,2025,20–75 kW,Solis (Ginlong),42064.09,881,47.74584562996594
2025-02,2025,20–75 kW,Solplanet,11421.14,295,38.71572881355932
2025-02,2025,20–75 kW,Sungrow,13108.29,272,48.192242647058826
2025-02,2025,20–75 kW,TSUNESS,141.23,3,47.07666666666666
2025-02,2025,20–75 kW,Tsun,436.29,13,33.56076923076923
2025-02,2025,20–75 kW,WEG,19292.61,396,48.71871212121212
2025-02,2025,20–75 kW,WEG (Huawei),382.0,9,42.44444444444444
2025-02,2025,75–300 kW,Bedin Solar,225.0,1,225.0
2025-02,2025,75–300 kW,Canadian Solar,910.0,6,151.66666666666666
2025-02,2025,75–300 kW,Deye,1285.0,9,142.77777777777777
2025-02,2025,75–300 kW,Each Energy,150.0,1,150.0
2025-02,2025,75–300 kW,Elgin,150.0,1,150.0
2025-02,2025,75–300 kW,Empalux,100.0,1,100.0
2025-02,2025,75–300 kW,Growatt,1637.92,9,181.9911111111111
2025-02,2025,75–300 kW,Huawei,7180.0,62,115.80645161290323
2025-02,2025,75–300 kW,Não informado,208.0,2,104.0
2025-02,2025,75–300 kW,Outros,952.39,7,136.0557142857143
2025-02,2025,75–300 kW,PHB,847.0,5,169.4
2025-02,2025,75–300 kW,Renovigi,167.2,1,167.2
2025-02,2025,75–300 kW,SAJ,1249.2,6,208.20000000000002
2025-02,2025,75–300 kW,SMA,110.0,1,110.0
2025-02,2025,75–300 kW,Sofar Solar,952.0,5,190.4
2025-02,2025,75–300 kW,Solis (Ginlong),2204.57,13,169.5823076923077
2025-02,2025,75–300 kW,Solplanet,900.0,6,150.0
2025-02,2025,75–300 kW,Sungrow,1486.0,9,165.11111111111111
2025-02,2025,75–300 kW,WEG,2886.0,16,180.375
2025-02,2025,300 kW–1 MW,ABB/FIMER,900.0,1,900.0
2025-02,2025,300 kW–1 MW,Canadian Solar,3500.0,4,875.0
2025-02,2025,300 kW–1 MW,Ecosolys,840.0,1,840.0
2025-02,2025,300 kW–1 MW,Elgin,375.0,1,375.0
2025-02,2025,300 kW–1 MW,Fronius,1000.0,1,1000.0
2025-02,2025,300 kW–1 MW,Goodwe,1155.0,3,385.0
2025-02,2025,300 kW–1 MW,Growatt,630.0,2,315.0
2025-02,2025,300 kW–1 MW,Huawei,40557.0,46,881.6739130434783
2025-02,2025,300 kW–1 MW,Não informado,750.0,1,750.0
2025-02,2025,300 kW–1 MW,Outros,1880.0,2,940.0
2025-02,2025,300 kW–1 MW,PHB,510.0,1,510.0
2025-02,2025,300 kW–1 MW,SHENZHEN,1000.0,1,1000.0
2025-02,2025,300 kW–1 MW,SolarEdge,571.8,1,571.8
2025-02,2025,300 kW–1 MW,Solis (Ginlong),2999.5,5,599.9
2025-02,2025,300 kW–1 MW,Sungrow,33990.0,37,918.6486486486486
2025-02,2025,300 kW–1 MW,WEG,3800.0,6,633.3333333333334
2025-02,2025,1–5 MW,Chint,5750.0,2,2875.0
2025-02,2025,1–5 MW,Deye,1500.0,1,1500.0
2025-02,2025,1–5 MW,Huawei,28210.0,12,2350.8333333333335
2025-02,2025,1–5 MW,Outros,1338.48,1,1338.48
2025-02,2025,1–5 MW,Solis (Ginlong),4950.0,2,2475.0
2025-02,2025,1–5 MW,Sungrow,7410.0,5,1482.0
2025-02,2025,1–5 MW,WEG,2000.0,1,2000.0
2025-03,2025,≤10 kW,ABB/FIMER,4.640000000000001,2,2.3200000000000003
2025-03,2025,≤10 kW,APsystems,1786.88,360,4.963555555555556
2025-03,2025,≤10 kW,Auxsol,129.85999999999999,27,4.8096296296296295
2025-03,2025,≤10 kW,BYD,811.14,141,5.752765957446808
2025-03,2025,≤10 kW,Bedin Solar,3578.78,603,5.934958540630182
2025-03,2025,≤10 kW,Bel Energy,1133.12,290,3.907310344827586
2025-03,2025,≤10 kW,Canadian Solar,2581.7,462,5.588095238095238
2025-03,2025,≤10 kW,Chint,5772.18,985,5.860081218274112
2025-03,2025,≤10 kW,Deye,49178.64,8702,5.651418064812686
2025-03,2025,≤10 kW,Each Energy,1173.45,225,5.215333333333334
2025-03,2025,≤10 kW,Ecosolys,11.64,3,3.8800000000000003
2025-03,2025,≤10 kW,Elgin,3026.73,525,5.7652
2025-03,2025,≤10 kW,Emerson,36.0,5,7.2
2025-03,2025,≤10 kW,Empalux,222.36,40,5.559
2025-03,2025,≤10 kW,Enphase,657.4399999999999,181,3.6322651933701655
2025-03,2025,≤10 kW,Foxess,5691.19,1004,5.6685159362549795
2025-03,2025,≤10 kW,Fronius,441.71999999999997,81,5.453333333333333
2025-03,2025,≤10 kW,GE,42.0,7,6.0
2025-03,2025,≤10 kW,Goodwe,12604.41,2450,5.144657142857143
2025-03,2025,≤10 kW,Growatt,37202.32,6666,5.580906090609061
2025-03,2025,≤10 kW,Hopewind,424.13,67,6.330298507462686
2025-03,2025,≤10 kW,Hoymiles,8654.11,1835,4.716136239782017
2025-03,2025,≤10 kW,Huawei,17999.43,3102,5.80252417794971
2025-03,2025,≤10 kW,Hypontech,1074.6,188,5.715957446808511
2025-03,2025,≤10 kW,Ingeteam,44.339999999999996,9,4.926666666666666
2025-03,2025,≤10 kW,Intelbras,8871.68,1572,5.6435623409669216
2025-03,2025,≤10 kW,Kehua,1544.79,278,5.556798561151079
2025-03,2025,≤10 kW,Komeco,103.0,18,5.722222222222222
2025-03,2025,≤10 kW,Kstar,130.35,28,4.6553571428571425
2025-03,2025,≤10 kW,Livoltek,747.81,167,4.477904191616767
2025-03,2025,≤10 kW,NEP,1747.07,343,5.093498542274053
2025-03,2025,≤10 kW,Nansen,1598.6299999999999,283,5.64886925795053
2025-03,2025,≤10 kW,Nexen,507.94,87,5.838390804597701
2025-03,2025,≤10 kW,Não informado,5555.43,936,5.935288461538462
2025-03,2025,≤10 kW,Outros,20970.37,3819,5.491063105525006
2025-03,2025,≤10 kW,PHB,5708.66,1017,5.613235004916421
2025-03,2025,≤10 kW,Refusol,75.07,16,4.691875
2025-03,2025,≤10 kW,Renac,2775.2,512,5.4203125
2025-03,2025,≤10 kW,Renovigi,1923.98,370,5.199945945945946
2025-03,2025,≤10 kW,SAJ,43142.01,7572,5.697571315372425
2025-03,2025,≤10 kW,SHENZHEN,717.24,110,6.520363636363636
2025-03,2025,≤10 kW,SMA,20.26,5,4.0520000000000005
2025-03,2025,≤10 kW,SUNWAYS,248.89,50,4.977799999999999
2025-03,2025,≤10 kW,Sineng,95.54,16,5.97125
2025-03,2025,≤10 kW,Sofar Solar,23783.93,4127,5.763007026896051
2025-03,2025,≤10 kW,SolarEdge,563.1899999999999,99,5.6887878787878785
2025-03,2025,≤10 kW,Solax Power,422.24,71,5.9470422535211265
2025-03,2025,≤10 kW,Solis (Ginlong),51426.11,8911,5.771081809000112
2025-03,2025,≤10 kW,Solplanet,28852.97,4926,5.857281770198945
2025-03,2025,≤10 kW,Sungrow,21076.03,3663,5.753761943761943
2025-03,2025,≤10 kW,TSUNESS,1096.82,217,5.054470046082949
2025-03,2025,≤10 kW,Tsun,1723.68,337,5.114777448071217
2025-03,2025,≤10 kW,WEG,30392.52,6445,4.715674166020171
2025-03,2025,≤10 kW,WEG (Huawei),857.71,113,7.590353982300885
2025-03,2025,10–20 kW,ABB/FIMER,57.5,4,14.375
2025-03,2025,10–20 kW,APsystems,628.3,46,13.658695652173913
2025-03,2025,10–20 kW,Auxsol,85.0,5,17.0
2025-03,2025,10–20 kW,B&B POWER,19.43,1,19.43
2025-03,2025,10–20 kW,BYD,84.0,6,14.0
2025-03,2025,10–20 kW,Bedin Solar,497.82,33,15.085454545454546
2025-03,2025,10–20 kW,Bel Energy,102.95,6,17.158333333333335
2025-03,2025,10–20 kW,Canadian Solar,999.34,64,15.6146875
2025-03,2025,10–20 kW,Chint,1323.89,81,16.34432098765432
2025-03,2025,10–20 kW,Deye,12361.95,850,14.543470588235294
2025-03,2025,10–20 kW,Each Energy,140.31,10,14.031
2025-03,2025,10–20 kW,Ecosolys,20.0,1,20.0
2025-03,2025,10–20 kW,Elgin,894.6,58,15.424137931034483
2025-03,2025,10–20 kW,Empalux,10.5,1,10.5
2025-03,2025,10–20 kW,Enphase,180.99,15,12.066
2025-03,2025,10–20 kW,Foxess,1993.25,135,14.764814814814814
2025-03,2025,10–20 kW,Fronius,115.92,8,14.49
2025-03,2025,10–20 kW,GE,15.2,1,15.2
2025-03,2025,10–20 kW,Goodwe,3535.81,232,15.240560344827585
2025-03,2025,10–20 kW,Growatt,10296.06,656,15.695213414634146
2025-03,2025,10–20 kW,Hopewind,273.28,18,15.18222222222222
2025-03,2025,10–20 kW,Hoymiles,2060.04,147,14.013877551020409
2025-03,2025,10–20 kW,Huawei,3817.45,249,15.331124497991967
2025-03,2025,10–20 kW,Hypontech,809.29,61,13.267049180327868
2025-03,2025,10–20 kW,Intelbras,1982.22,131,15.13145038167939
2025-03,2025,10–20 kW,Kehua,505.09,32,15.7840625
2025-03,2025,10–20 kW,Komeco,24.0,2,12.0
2025-03,2025,10–20 kW,Kstar,12.0,1,12.0
2025-03,2025,10–20 kW,Livoltek,142.24,9,15.804444444444446
2025-03,2025,10–20 kW,NEP,439.88,33,13.32969696969697
2025-03,2025,10–20 kW,Nansen,363.74,25,14.5496
2025-03,2025,10–20 kW,Nexen,154.5,13,11.884615384615385
2025-03,2025,10–20 kW,Não informado,2283.63,150,15.224200000000002
2025-03,2025,10–20 kW,Outros,4691.44,316,14.84632911392405
2025-03,2025,10–20 kW,PHB,1212.93,83,14.613614457831327
2025-03,2025,10–20 kW,Refusol,31.38,2,15.69
2025-03,2025,10–20 kW,Renac,794.16,63,12.605714285714285
2025-03,2025,10–20 kW,Renovigi,647.8,39,16.610256410256408
2025-03,2025,10–20 kW,SAJ,12704.67,827,15.362357920193471
2025-03,2025,10–20 kW,SHENZHEN,249.53,16,15.595625
2025-03,2025,10–20 kW,SMA,11.5,1,11.5
2025-03,2025,10–20 kW,SUNWAYS,34.5,2,17.25
2025-03,2025,10–20 kW,Sineng,63.0,4,15.75
2025-03,2025,10–20 kW,Sofar Solar,4764.24,324,14.704444444444444
2025-03,2025,10–20 kW,SolarEdge,287.75,20,14.3875
2025-03,2025,10–20 kW,Solax Power,53.730000000000004,4,13.432500000000001
2025-03,2025,10–20 kW,Solis (Ginlong),14651.31,944,15.520455508474576
2025-03,2025,10–20 kW,Solplanet,9118.9,593,15.377571669477234
2025-03,2025,10–20 kW,Sungrow,5895.92,380,15.515578947368422
2025-03,2025,10–20 kW,TSUNESS,390.18,29,13.45448275862069
2025-03,2025,10–20 kW,Tsun,461.2,33,13.975757575757575
2025-03,2025,10–20 kW,WEG,7281.06,541,13.45852125693161
2025-03,2025,10–20 kW,WEG (Huawei),431.1,29,14.865517241379312
2025-03,2025,20–75 kW,ABB/FIMER,88.2,3,29.400000000000002
2025-03,2025,20–75 kW,APsystems,967.0,27,35.81481481481482
2025-03,2025,20–75 kW,Auxsol,604.54,10,60.45399999999999
2025-03,2025,20–75 kW,BYD,903.28,19,47.54105263157894
2025-03,2025,20–75 kW,Bedin Solar,2685.12,46,58.372173913043476
2025-03,2025,20–75 kW,Bel Energy,571.8,14,40.84285714285714
2025-03,2025,20–75 kW,Canadian Solar,2062.89,45,45.842
2025-03,2025,20–75 kW,Chint,2798.67,55,50.88490909090909
2025-03,2025,20–75 kW,Deye,15409.17,404,38.1415099009901
2025-03,2025,20–75 kW,Each Energy,280.0,7,40.0
2025-03,2025,20–75 kW,Ecosolys,54.24,2,27.12
2025-03,2025,20–75 kW,Elgin,1691.38,39,43.36871794871795
2025-03,2025,20–75 kW,Empalux,319.2,6,53.199999999999996
2025-03,2025,20–75 kW,Enphase,436.97,12,36.41416666666667
2025-03,2025,20–75 kW,Foxess,1475.71,39,37.83871794871795
2025-03,2025,20–75 kW,Fronius,1046.0,23,45.47826086956522
2025-03,2025,20–75 kW,GE,196.42000000000002,4,49.105000000000004
2025-03,2025,20–75 kW,Goodwe,4918.01,113,43.522212389380535
2025-03,2025,20–75 kW,Growatt,21032.94,465,45.232129032258065
2025-03,2025,20–75 kW,Hopewind,468.42,13,36.0323076923077
2025-03,2025,20–75 kW,Hoymiles,1132.22,33,34.30969696969697
2025-03,2025,20–75 kW,Huawei,4922.78,112,43.95339285714285
2025-03,2025,20–75 kW,Hypontech,538.1,15,35.873333333333335
2025-03,2025,20–75 kW,Intelbras,2474.04,57,43.40421052631579
2025-03,2025,20–75 kW,Kehua,464.45,12,38.704166666666666
2025-03,2025,20–75 kW,Komeco,94.0,2,47.0
2025-03,2025,20–75 kW,Kstar,70.0,1,70.0
2025-03,2025,20–75 kW,Livoltek,123.94,3,41.31333333333333
2025-03,2025,20–75 kW,NEP,441.61,12,36.80083333333334
2025-03,2025,20–75 kW,Nansen,369.0,7,52.714285714285715
2025-03,2025,20–75 kW,Nexen,42.0,2,21.0
2025-03,2025,20–75 kW,Não informado,1600.3600000000001,45,35.56355555555556
2025-03,2025,20–75 kW,Outros,9561.039999999999,223,42.874618834080714
2025-03,2025,20–75 kW,PHB,1985.65,52,38.18557692307692
2025-03,2025,20–75 kW,Refusol,79.24,2,39.62
2025-03,2025,20–75 kW,Renac,1298.32,31,41.88129032258065
2025-03,2025,20–75 kW,Renovigi,760.9,21,36.233333333333334
2025-03,2025,20–75 kW,SAJ,20142.3,510,39.49470588235294
2025-03,2025,20–75 kW,SHENZHEN,2428.78,41,59.23853658536586
2025-03,2025,20–75 kW,SUNWAYS,55.0,2,27.5
2025-03,2025,20–75 kW,Sineng,40.0,1,40.0
2025-03,2025,20–75 kW,Sofar Solar,7445.45,171,43.5406432748538
2025-03,2025,20–75 kW,SolarEdge,2300.64,50,46.0128
2025-03,2025,20–75 kW,Solax Power,25.0,1,25.0
2025-03,2025,20–75 kW,Solis (Ginlong),40200.51,828,48.55134057971015
2025-03,2025,20–75 kW,Solplanet,11531.88,312,36.96115384615384
2025-03,2025,20–75 kW,Sungrow,12663.94,270,46.903481481481485
2025-03,2025,20–75 kW,TSUNESS,133.25,4,33.3125
2025-03,2025,20–75 kW,Tsun,175.66,6,29.276666666666667
2025-03,2025,20–75 kW,WEG,20034.19,432,46.37543981481481
2025-03,2025,20–75 kW,WEG (Huawei),218.0,5,43.6
2025-03,2025,75–300 kW,ABB/FIMER,100.0,1,100.0
2025-03,2025,75–300 kW,BYD,100.0,1,100.0
2025-03,2025,75–300 kW,Deye,883.9,6,147.31666666666666
2025-03,2025,75–300 kW,Elgin,150.0,1,150.0
2025-03,2025,75–300 kW,Foxess,110.0,1,110.0
2025-03,2025,75–300 kW,Fronius,390.0,2,195.0
2025-03,2025,75–300 kW,Goodwe,300.0,2,150.0
2025-03,2025,75–300 kW,Growatt,2821.0,16,176.3125
2025-03,2025,75–300 kW,Hopewind,150.0,1,150.0
2025-03,2025,75–300 kW,Hoymiles,80.0,1,80.0
2025-03,2025,75–300 kW,Huawei,2300.0,18,127.77777777777777
2025-03,2025,75–300 kW,NEP,112.5,1,112.5
2025-03,2025,75–300 kW,Não informado,210.0,2,105.0
2025-03,2025,75–300 kW,Outros,3909.68,25,156.3872
2025-03,2025,75–300 kW,PHB,330.0,2,165.0
2025-03,2025,75–300 kW,Renac,240.0,1,240.0
2025-03,2025,75–300 kW,Renovigi,800.0,3,266.6666666666667
2025-03,2025,75–300 kW,SAJ,399.0,3,133.0
2025-03,2025,75–300 kW,Sofar Solar,537.0,3,179.0
2025-03,2025,75–300 kW,SolarEdge,133.2,1,133.2
2025-03,2025,75–300 kW,Solis (Ginlong),6508.66,31,209.95677419354837
2025-03,2025,75–300 kW,Solplanet,400.0,2,200.0
2025-03,2025,75–300 kW,Sungrow,3245.01,15,216.334
2025-03,2025,75–300 kW,WEG,3990.4700000000003,20,199.5235
2025-03,2025,300 kW–1 MW,Canadian Solar,2000.0,2,1000.0
2025-03,2025,300 kW–1 MW,Chint,2000.0,2,1000.0
2025-03,2025,300 kW–1 MW,Deye,1975.0,2,987.5
2025-03,2025,300 kW–1 MW,Goodwe,1620.0,3,540.0
2025-03,2025,300 kW–1 MW,Growatt,375.0,1,375.0
2025-03,2025,300 kW–1 MW,Hopewind,750.0,1,750.0
2025-03,2025,300 kW–1 MW,Huawei,23800.0,27,881.4814814814815
2025-03,2025,300 kW–1 MW,Ingeteam,2000.0,2,1000.0
2025-03,2025,300 kW–1 MW,Não informado,625.0,1,625.0
2025-03,2025,300 kW–1 MW,Outros,10623.0,12,885.25
2025-03,2025,300 kW–1 MW,Renovigi,1000.0,1,1000.0
2025-03,2025,300 kW–1 MW,Sineng,5500.0,6,916.6666666666666
2025-03,2025,300 kW–1 MW,SolarEdge,331.75,1,331.75
2025-03,2025,300 kW–1 MW,Solis (Ginlong),8360.0,10,836.0
2025-03,2025,300 kW–1 MW,Sungrow,37798.0,42,899.952380952381
2025-03,2025,300 kW–1 MW,TBEA,2500.0,3,833.3333333333334
2025-03,2025,300 kW–1 MW,WEG,3175.0,5,635.0
2025-03,2025,1–5 MW,Canadian Solar,4500.0,2,2250.0
2025-03,2025,1–5 MW,Huawei,26484.0,11,2407.6363636363635
2025-03,2025,1–5 MW,Solis (Ginlong),2500.0,1,2500.0
2025-03,2025,1–5 MW,Sungrow,15245.0,6,2540.8333333333335
2025-03,2025,1–5 MW,WEG,2000.0,1,2000.0
2025-04,2025,≤10 kW,ABB/FIMER,65.03,10,6.503
2025-04,2025,≤10 kW,APsystems,1445.7,288,5.019791666666666
2025-04,2025,≤10 kW,Auxsol,106.65,26,4.101923076923077
2025-04,2025,≤10 kW,BYD,950.92,177,5.3724293785310735
2025-04,2025,≤10 kW,Bedin Solar,3325.39,567,5.8648853615520276
2025-04,2025,≤10 kW,Bel Energy,782.93,214,3.6585514018691585
2025-04,2025,≤10 kW,Canadian Solar,2010.74,360,5.585388888888889
2025-04,2025,≤10 kW,Chint,6131.97,1061,5.77942507068803
2025-04,2025,≤10 kW,Deye,48851.47,8740,5.589413043478261
2025-04,2025,≤10 kW,Each Energy,1016.49,180,5.647166666666667
2025-04,2025,≤10 kW,Ecosolys,20.09,5,4.018
2025-04,2025,≤10 kW,Elgin,2283.5,399,5.723057644110276
2025-04,2025,≤10 kW,Emerson,36.05,6,6.008333333333333
2025-04,2025,≤10 kW,Empalux,244.92,41,5.973658536585366
2025-04,2025,≤10 kW,Enphase,462.86,152,3.0451315789473683
2025-04,2025,≤10 kW,Foxess,4214.76,701,6.0124964336661915
2025-04,2025,≤10 kW,Fronius,401.23,64,6.26921875
2025-04,2025,≤10 kW,GE,23.560000000000002,4,5.890000000000001
2025-04,2025,≤10 kW,Goodwe,12926.4,2490,5.191325301204819
2025-04,2025,≤10 kW,Growatt,34383.12,6134,5.605334202804044
2025-04,2025,≤10 kW,Hopewind,462.03,71,6.507464788732394
2025-04,2025,≤10 kW,Hoymiles,8131.86,1594,5.101543287327478
2025-04,2025,≤10 kW,Huawei,14474.27,2551,5.673959231673853
2025-04,2025,≤10 kW,Hypontech,804.26,154,5.222467532467532
2025-04,2025,≤10 kW,Ingeteam,10.0,1,10.0
2025-04,2025,≤10 kW,Intelbras,9163.83,1637,5.5979413561392795
2025-04,2025,≤10 kW,Kehua,1180.6,221,5.342081447963801
2025-04,2025,≤10 kW,Komeco,67.77,15,4.518
2025-04,2025,≤10 kW,Kstar,110.00999999999999,26,4.231153846153846
2025-04,2025,≤10 kW,Livoltek,849.45,194,4.37860824742268
2025-04,2025,≤10 kW,NEP,1910.45,376,5.080984042553192
2025-04,2025,≤10 kW,Nansen,1479.91,254,5.826417322834646
2025-04,2025,≤10 kW,Nexen,595.0,95,6.2631578947368425
2025-04,2025,≤10 kW,Não informado,5632.02,922,6.108481561822126
2025-04,2025,≤10 kW,Outros,24593.26,4466,5.506775638154948
2025-04,2025,≤10 kW,PHB,5205.89,943,5.520562036055144
2025-04,2025,≤10 kW,Refusol,102.96000000000001,21,4.902857142857143
2025-04,2025,≤10 kW,Renac,2252.7799999999997,401,5.61790523690773
2025-04,2025,≤10 kW,Renovigi,1605.39,283,5.672756183745584
2025-04,2025,≤10 kW,SAJ,40187.13,7016,5.727926168757127
2025-04,2025,≤10 kW,SHENZHEN,699.38,113,6.1892035398230085
2025-04,2025,≤10 kW,SMA,16.1,5,3.22
2025-04,2025,≤10 kW,SUNWAYS,167.77,32,5.2428125
2025-04,2025,≤10 kW,Sineng,57.88,11,5.261818181818182
2025-04,2025,≤10 kW,Sofar Solar,23015.2,4005,5.74661672908864
2025-04,2025,≤10 kW,SolarEdge,454.36,77,5.900779220779221
2025-04,2025,≤10 kW,Solax Power,437.83,77,5.686103896103896
2025-04,2025,≤10 kW,Solis (Ginlong),44729.26,7812,5.725711725550435
2025-04,2025,≤10 kW,Solplanet,27344.9,4630,5.906025917926566
2025-04,2025,≤10 kW,Sungrow,19958.85,3499,5.7041583309517
2025-04,2025,≤10 kW,TSUNESS,1182.71,244,4.847172131147541
2025-04,2025,≤10 kW,Tsun,1668.29,318,5.246194968553459
2025-04,2025,≤10 kW,WEG,25358.09,5440,4.661413602941177
2025-04,2025,≤10 kW,WEG (Huawei),627.4399999999999,90,6.971555555555555
2025-04,2025,10–20 kW,ABB/FIMER,24.0,2,12.0
2025-04,2025,10–20 kW,APsystems,559.41,38,14.721315789473683
2025-04,2025,10–20 kW,Auxsol,37.29,3,12.43
2025-04,2025,10–20 kW,BYD,153.96,10,15.396
2025-04,2025,10–20 kW,Bedin Solar,428.47,28,15.3025
2025-04,2025,10–20 kW,Bel Energy,81.1,5,16.22
2025-04,2025,10–20 kW,Canadian Solar,497.82,33,15.085454545454546
2025-04,2025,10–20 kW,Chint,1288.46,82,15.712926829268293
2025-04,2025,10–20 kW,Deye,10116.56,697,14.514433285509325
2025-04,2025,10–20 kW,Each Energy,289.53,19,15.238421052631578
2025-04,2025,10–20 kW,Elgin,608.78,39,15.609743589743589
2025-04,2025,10–20 kW,Empalux,102.2,7,14.6
2025-04,2025,10–20 kW,Enphase,185.02,13,14.232307692307693
2025-04,2025,10–20 kW,Foxess,1360.46,91,14.950109890109891
2025-04,2025,10–20 kW,Fronius,243.98,17,14.351764705882353
2025-04,2025,10–20 kW,GE,67.17,5,13.434000000000001
2025-04,2025,10–20 kW,Goodwe,3354.08,217,15.456589861751151
2025-04,2025,10–20 kW,Growatt,9436.5,599,15.753756260434058
2025-04,2025,10–20 kW,Hopewind,187.05,12,15.5875
2025-04,2025,10–20 kW,Hoymiles,1469.17,104,14.126634615384615
2025-04,2025,10–20 kW,Huawei,3187.54,213,14.964976525821596
2025-04,2025,10–20 kW,Hypontech,378.82,29,13.062758620689655
2025-04,2025,10–20 kW,Intelbras,1723.25,111,15.524774774774775
2025-04,2025,10–20 kW,Kehua,422.83,28,15.101071428571428
2025-04,2025,10–20 kW,Komeco,59.8,3,19.933333333333334
2025-04,2025,10–20 kW,Kstar,12.0,1,12.0
2025-04,2025,10–20 kW,Livoltek,114.37,7,16.33857142857143
2025-04,2025,10–20 kW,NEP,589.05,44,13.3875
2025-04,2025,10–20 kW,Nansen,276.21,18,15.344999999999999
2025-04,2025,10–20 kW,Nexen,119.2,10,11.92
2025-04,2025,10–20 kW,Não informado,1892.41,127,14.900866141732283
2025-04,2025,10–20 kW,Outros,5508.79,376,14.651037234042553
2025-04,2025,10–20 kW,PHB,1411.63,95,14.859263157894738
2025-04,2025,10–20 kW,Refusol,48.0,3,16.0
2025-04,2025,10–20 kW,Renac,715.06,58,12.328620689655171
2025-04,2025,10–20 kW,Renovigi,590.33,35,16.86657142857143
2025-04,2025,10–20 kW,SAJ,11459.89,743,15.423808882907132
2025-04,2025,10–20 kW,SHENZHEN,78.24,6,13.04
2025-04,2025,10–20 kW,SMA,12.0,1,12.0
2025-04,2025,10–20 kW,SUNWAYS,76.22,5,15.244
2025-04,2025,10–20 kW,Sineng,23.28,2,11.64
2025-04,2025,10–20 kW,Sofar Solar,4267.48,281,15.186761565836298
2025-04,2025,10–20 kW,SolarEdge,187.29999999999998,11,17.027272727272727
2025-04,2025,10–20 kW,Solax Power,63.0,4,15.75
2025-04,2025,10–20 kW,Solis (Ginlong),13197.85,840,15.711726190476192
2025-04,2025,10–20 kW,Solplanet,8779.73,567,15.48453262786596
2025-04,2025,10–20 kW,Sungrow,4442.65,293,15.162627986348122
2025-04,2025,10–20 kW,TSUNESS,242.96,18,13.497777777777777
2025-04,2025,10–20 kW,Tsun,350.74,25,14.0296
2025-04,2025,10–20 kW,WEG,6477.85,475,13.637578947368421
2025-04,2025,10–20 kW,WEG (Huawei),560.85,40,14.02125
2025-04,2025,20–75 kW,ABB/FIMER,102.6,2,51.3
2025-04,2025,20–75 kW,APsystems,448.8,12,37.4
2025-04,2025,20–75 kW,Auxsol,1043.94,17,61.40823529411765
2025-04,2025,20–75 kW,BYD,274.24,6,45.70666666666667
2025-04,2025,20–75 kW,Bedin Solar,2739.73,45,60.88288888888889
2025-04,2025,20–75 kW,Bel Energy,229.75,5,45.95
2025-04,2025,20–75 kW,Canadian Solar,2154.3,41,52.54390243902439
2025-04,2025,20–75 kW,Chint,3316.07,71,46.705211267605634
2025-04,2025,20–75 kW,Deye,13597.31,351,38.73877492877493
2025-04,2025,20–75 kW,Each Energy,415.0,9,46.111111111111114
2025-04,2025,20–75 kW,Elgin,1318.12,28,47.075714285714284
2025-04,2025,20–75 kW,Empalux,91.5,2,45.75
2025-04,2025,20–75 kW,Enphase,89.03,4,22.2575
2025-04,2025,20–75 kW,Foxess,1046.73,30,34.891
2025-04,2025,20–75 kW,Fronius,1258.54,26,48.40538461538461
2025-04,2025,20–75 kW,GE,317.75,6,52.958333333333336
2025-04,2025,20–75 kW,Goodwe,4502.18,105,42.877904761904766
2025-04,2025,20–75 kW,Growatt,19949.33,435,45.86052873563219
2025-04,2025,20–75 kW,Hopewind,777.11,16,48.569375
2025-04,2025,20–75 kW,Hoymiles,1140.67,35,32.59057142857143
2025-04,2025,20–75 kW,Huawei,4254.89,97,43.864845360824745
2025-04,2025,20–75 kW,Hypontech,387.75,11,35.25
2025-04,2025,20–75 kW,Intelbras,1885.63,45,41.90288888888889
2025-04,2025,20–75 kW,Kehua,462.58,13,35.58307692307692
2025-04,2025,20–75 kW,Komeco,30.0,1,30.0
2025-04,2025,20–75 kW,Livoltek,80.0,3,26.666666666666668
2025-04,2025,20–75 kW,NEP,151.37,5,30.274
2025-04,2025,20–75 kW,Nansen,358.5,6,59.75
2025-04,2025,20–75 kW,Nexen,55.0,2,27.5
2025-04,2025,20–75 kW,Não informado,2236.39,55,40.66163636363636
2025-04,2025,20–75 kW,Outros,7907.24,182,43.44637362637363
2025-04,2025,20–75 kW,PHB,1954.13,46,42.48108695652174
2025-04,2025,20–75 kW,Refusol,47.5,2,23.75
2025-04,2025,20–75 kW,Renac,1032.48,24,43.02
2025-04,2025,20–75 kW,Renovigi,1004.89,19,52.88894736842105
2025-04,2025,20–75 kW,SAJ,18985.84,467,40.65490364025696
2025-04,2025,20–75 kW,SHENZHEN,1258.55,23,54.7195652173913
2025-04,2025,20–75 kW,SUNWAYS,196.0,3,65.33333333333333
2025-04,2025,20–75 kW,Sineng,140.6,4,35.15
2025-04,2025,20–75 kW,Sofar Solar,7671.6,187,41.02459893048128
2025-04,2025,20–75 kW,SolarEdge,2121.54,39,54.39846153846154
2025-04,2025,20–75 kW,Solax Power,151.0,3,50.333333333333336
2025-04,2025,20–75 kW,Solis (Ginlong),38339.85,775,49.47077419354839
2025-04,2025,20–75 kW,Solplanet,10765.99,276,39.007210144927534
2025-04,2025,20–75 kW,Sungrow,12287.47,261,47.07842911877395
2025-04,2025,20–75 kW,TSUNESS,213.25,8,26.65625
2025-04,2025,20–75 kW,Tsun,157.22,6,26.203333333333333
2025-04,2025,20–75 kW,WEG,18807.99,387,48.59945736434109
2025-04,2025,20–75 kW,WEG (Huawei),298.0,9,33.111111111111114
2025-04,2025,75–300 kW,Canadian Solar,250.0,2,125.0
2025-04,2025,75–300 kW,Chint,111.0,1,111.0
2025-04,2025,75–300 kW,Deye,112.5,1,112.5
2025-04,2025,75–300 kW,Fronius,108.0,1,108.0
2025-04,2025,75–300 kW,Goodwe,100.0,1,100.0
2025-04,2025,75–300 kW,Growatt,1855.0,10,185.5
2025-04,2025,75–300 kW,Hoymiles,100.0,1,100.0
2025-04,2025,75–300 kW,Huawei,1316.0,9,146.22222222222223
2025-04,2025,75–300 kW,Intelbras,150.0,1,150.0
2025-04,2025,75–300 kW,Kehua,150.0,1,150.0
2025-04,2025,75–300 kW,Livoltek,265.0,1,265.0
2025-04,2025,75–300 kW,NEP,337.5,3,112.5
2025-04,2025,75–300 kW,Outros,2557.4,18,142.07777777777778
2025-04,2025,75–300 kW,PHB,576.0,2,288.0
2025-04,2025,75–300 kW,SAJ,1165.0,9,129.44444444444446
2025-04,2025,75–300 kW,Sofar Solar,250.0,2,125.0
2025-04,2025,75–300 kW,SolarEdge,519.14,3,173.04666666666665
2025-04,2025,75–300 kW,Solis (Ginlong),2265.0,9,251.66666666666666
2025-04,2025,75–300 kW,Solplanet,100.0,1,100.0
2025-04,2025,75–300 kW,Sungrow,880.0,4,220.0
2025-04,2025,75–300 kW,WEG,3446.13,17,202.7135294117647
2025-04,2025,75–300 kW,WEG (Huawei),180.0,1,180.0
2025-04,2025,300 kW–1 MW,Deye,2925.0,3,975.0
2025-04,2025,300 kW–1 MW,Goodwe,2436.0,3,812.0
2025-04,2025,300 kW–1 MW,Growatt,500.0,1,500.0
2025-04,2025,300 kW–1 MW,Huawei,26725.0,33,809.8484848484849
2025-04,2025,300 kW–1 MW,Não informado,1000.0,1,1000.0
2025-04,2025,300 kW–1 MW,Outros,3450.0,4,862.5
2025-04,2025,300 kW–1 MW,SAJ,400.0,1,400.0
2025-04,2025,300 kW–1 MW,Sineng,9000.0,9,1000.0
2025-04,2025,300 kW–1 MW,Sofar Solar,500.0,1,500.0
2025-04,2025,300 kW–1 MW,Solis (Ginlong),5354.99,9,594.9988888888888
2025-04,2025,300 kW–1 MW,Solplanet,610.0,1,610.0
2025-04,2025,300 kW–1 MW,Sungrow,47205.0,50,944.1
2025-04,2025,300 kW–1 MW,WEG,2000.0,3,666.6666666666666
2025-04,2025,300 kW–1 MW,WEG (Huawei),1640.0,2,820.0
2025-04,2025,1–5 MW,Goodwe,5000.0,1,5000.0
2025-04,2025,1–5 MW,Hoymiles,1360.0,1,1360.0
2025-04,2025,1–5 MW,Huawei,17509.0,8,2188.625
2025-04,2025,1–5 MW,Não informado,1200.0,1,1200.0
2025-04,2025,1–5 MW,Outros,2498.0,1,2498.0
2025-04,2025,1–5 MW,Solis (Ginlong),2500.0,1,2500.0
2025-04,2025,1–5 MW,Sungrow,17490.0,8,2186.25
2025-04,2025,1–5 MW,WEG,7760.0,3,2586.6666666666665
2025-05,2025,≤10 kW,ABB/FIMER,58.63,11,5.33
2025-05,2025,≤10 kW,APsystems,1757.6299999999999,366,4.802267759562842
2025-05,2025,≤10 kW,Auxsol,1184.52,211,5.613838862559241
2025-05,2025,≤10 kW,BYD,856.45,153,5.597712418300654
2025-05,2025,≤10 kW,Bedin Solar,3346.21,567,5.901604938271605
2025-05,2025,≤10 kW,Bel Energy,731.71,212,3.4514622641509436
2025-05,2025,≤10 kW,Canadian Solar,1967.54,369,5.332086720867209
2025-05,2025,≤10 kW,Chint,5492.15,942,5.830307855626327
2025-05,2025,≤10 kW,Deye,45455.38,8001,5.681212348456443
2025-05,2025,≤10 kW,Each Energy,725.38,133,5.453984962406015
2025-05,2025,≤10 kW,Ecosolys,21.93,7,3.132857142857143
2025-05,2025,≤10 kW,Elgin,1968.83,331,5.948126888217522
2025-05,2025,≤10 kW,Emerson,18.0,3,6.0
2025-05,2025,≤10 kW,Empalux,157.84,30,5.261333333333334
2025-05,2025,≤10 kW,Enphase,655.04,200,3.2752
2025-05,2025,≤10 kW,Foxess,3118.56,502,6.212270916334662
2025-05,2025,≤10 kW,Fronius,374.71,69,5.430579710144928
2025-05,2025,≤10 kW,GE,45.4,7,6.485714285714286
2025-05,2025,≤10 kW,Goodwe,12833.71,2397,5.354071756362119
2025-05,2025,≤10 kW,Growatt,35315.68,6241,5.658657266463708
2025-05,2025,≤10 kW,Hopewind,445.32,70,6.361714285714285
2025-05,2025,≤10 kW,Hoymiles,7564.62,1529,4.947429692609549
2025-05,2025,≤10 kW,Huawei,16114.16,2845,5.6640281195079085
2025-05,2025,≤10 kW,Hypontech,801.66,139,5.767338129496403
2025-05,2025,≤10 kW,Ingeteam,44.379999999999995,9,4.931111111111111
2025-05,2025,≤10 kW,Intelbras,8738.63,1518,5.756673254281949
2025-05,2025,≤10 kW,Kehua,1181.1,207,5.705797101449275
2025-05,2025,≤10 kW,Komeco,142.13,27,5.264074074074074
2025-05,2025,≤10 kW,Kstar,182.41,42,4.343095238095238
2025-05,2025,≤10 kW,Livoltek,928.77,219,4.240958904109589
2025-05,2025,≤10 kW,NEP,2663.04,508,5.242204724409449
2025-05,2025,≤10 kW,Nansen,1768.44,295,5.99471186440678
2025-05,2025,≤10 kW,Nexen,562.65,89,6.32191011235955
2025-05,2025,≤10 kW,Não informado,4101.4400000000005,690,5.944115942028986
2025-05,2025,≤10 kW,Outros,26058.44,4828,5.397357083678542
2025-05,2025,≤10 kW,PHB,4845.5,882,5.4937641723356005
2025-05,2025,≤10 kW,Refusol,86.17,16,5.385625
2025-05,2025,≤10 kW,Renac,2552.46,452,5.647035398230089
2025-05,2025,≤10 kW,Renovigi,1427.08,262,5.446870229007633
2025-05,2025,≤10 kW,SAJ,41560.9,7250,5.732537931034483
2025-05,2025,≤10 kW,SHENZHEN,743.43,121,6.144049586776859
2025-05,2025,≤10 kW,SMA,23.0,6,3.8333333333333335
2025-05,2025,≤10 kW,SUNWAYS,173.16,30,5.772
2025-05,2025,≤10 kW,Sineng,43.95,6,7.325
2025-05,2025,≤10 kW,Sofar Solar,23051.41,3965,5.813722572509458
2025-05,2025,≤10 kW,SolarEdge,408.19,72,5.669305555555556
2025-05,2025,≤10 kW,Solax Power,430.42,86,5.004883720930232
2025-05,2025,≤10 kW,Solis (Ginlong),45079.59,7702,5.852971955336276
2025-05,2025,≤10 kW,Solplanet,28032.89,4792,5.84993530884808
2025-05,2025,≤10 kW,Sungrow,22445.96,3871,5.79849134590545
2025-05,2025,≤10 kW,TSUNESS,1310.9,269,4.873234200743495
2025-05,2025,≤10 kW,Tsun,1895.18,367,5.163978201634878
2025-05,2025,≤10 kW,WEG,26738.3,5577,4.794387663618433
2025-05,2025,≤10 kW,WEG (Huawei),574.76,76,7.562631578947368
2025-05,2025,10–20 kW,ABB/FIMER,18.3,1,18.3
2025-05,2025,10–20 kW,APsystems,478.95,35,13.684285714285714
2025-05,2025,10–20 kW,Auxsol,177.04,13,13.618461538461538
2025-05,2025,10–20 kW,BYD,236.07,16,14.754375
2025-05,2025,10–20 kW,Bedin Solar,365.54,24,15.230833333333335
2025-05,2025,10–20 kW,Bel Energy,81.43,6,13.571666666666667
2025-05,2025,10–20 kW,Canadian Solar,633.43,40,15.835749999999999
2025-05,2025,10–20 kW,Chint,1093.73,67,16.324328358208955
2025-05,2025,10–20 kW,Deye,10750.5,734,14.646457765667575
2025-05,2025,10–20 kW,Each Energy,199.66,13,15.358461538461539
2025-05,2025,10–20 kW,Ecosolys,16.0,1,16.0
2025-05,2025,10–20 kW,Elgin,623.0699999999999,39,15.976153846153844
2025-05,2025,10–20 kW,Emerson,27.0,2,13.5
2025-05,2025,10–20 kW,Empalux,122.0,7,17.428571428571427
2025-05,2025,10–20 kW,Enphase,235.48,17,13.851764705882353
2025-05,2025,10–20 kW,Foxess,987.6,69,14.31304347826087
2025-05,2025,10–20 kW,Fronius,265.38,18,14.743333333333332
2025-05,2025,10–20 kW,GE,60.7,4,15.175
2025-05,2025,10–20 kW,Goodwe,3302.07,214,15.430233644859813
2025-05,2025,10–20 kW,Growatt,9846.29,633,15.554960505529227
2025-05,2025,10–20 kW,Hopewind,179.51,11,16.319090909090907
2025-05,2025,10–20 kW,Hoymiles,1779.38,125,14.235040000000001
2025-05,2025,10–20 kW,Huawei,3462.22,228,15.18517543859649
2025-05,2025,10–20 kW,Hypontech,412.47,30,13.749
2025-05,2025,10–20 kW,Intelbras,1504.76,105,14.331047619047618
2025-05,2025,10–20 kW,Kehua,298.44,19,15.707368421052632
2025-05,2025,10–20 kW,Komeco,67.3,4,16.825
2025-05,2025,10–20 kW,Kstar,10.13,1,10.13
2025-05,2025,10–20 kW,Livoltek,220.34,14,15.73857142857143
2025-05,2025,10–20 kW,NEP,628.95,48,13.103125
2025-05,2025,10–20 kW,Nansen,214.8,15,14.32
2025-05,2025,10–20 kW,Nexen,178.8,14,12.771428571428572
2025-05,2025,10–20 kW,Não informado,1408.54,89,15.82629213483146
2025-05,2025,10–20 kW,Outros,5816.53,396,14.68820707070707
2025-05,2025,10–20 kW,PHB,1448.6,95,15.248421052631578
2025-05,2025,10–20 kW,Refusol,35.1,2,17.55
2025-05,2025,10–20 kW,Renac,878.74,69,12.73536231884058
2025-05,2025,10–20 kW,Renovigi,500.89,31,16.15774193548387
2025-05,2025,10–20 kW,SAJ,10649.78,693,15.367647907647909
2025-05,2025,10–20 kW,SHENZHEN,212.54999999999998,14,15.182142857142855
2025-05,2025,10–20 kW,SUNWAYS,56.0,5,11.2
2025-05,2025,10–20 kW,Sineng,29.0,2,14.5
2025-05,2025,10–20 kW,Sofar Solar,4525.23,293,15.44447098976109
2025-05,2025,10–20 kW,SolarEdge,176.12,12,14.676666666666668
2025-05,2025,10–20 kW,Solax Power,58.0,4,14.5
2025-05,2025,10–20 kW,Solis (Ginlong),13149.53,834,15.766822541966429
2025-05,2025,10–20 kW,Solplanet,9179.85,589,15.585483870967742
2025-05,2025,10–20 kW,Sungrow,5400.07,340,15.882558823529411
2025-05,2025,10–20 kW,TSUNESS,289.43,21,13.782380952380953
2025-05,2025,10–20 kW,Tsun,400.51,29,13.810689655172414
2025-05,2025,10–20 kW,WEG,7158.16,533,13.429943714821764
2025-05,2025,10–20 kW,WEG (Huawei),364.25,26,14.009615384615385
2025-05,2025,20–75 kW,ABB/FIMER,157.45999999999998,3,52.48666666666666
2025-05,2025,20–75 kW,APsystems,647.55,18,35.974999999999994
2025-05,2025,20–75 kW,Auxsol,700.58,13,53.89076923076924
2025-05,2025,20–75 kW,BYD,1009.44,19,53.12842105263158
2025-05,2025,20–75 kW,Bedin Solar,3378.45,57,59.27105263157895
2025-05,2025,20–75 kW,Bel Energy,282.33,9,31.369999999999997
2025-05,2025,20–75 kW,Canadian Solar,1765.8,36,49.05
2025-05,2025,20–75 kW,Chint,3134.21,65,48.21861538461538
2025-05,2025,20–75 kW,Deye,11707.7,302,38.76721854304636
2025-05,2025,20–75 kW,Each Energy,450.0,8,56.25
2025-05,2025,20–75 kW,Ecosolys,30.0,1,30.0
2025-05,2025,20–75 kW,Elgin,1342.94,33,40.695151515151515
2025-05,2025,20–75 kW,Empalux,267.25,7,38.17857142857143
2025-05,2025,20–75 kW,Enphase,288.29999999999995,7,41.185714285714276
2025-05,2025,20–75 kW,Foxess,863.1,26,33.19615384615385
2025-05,2025,20–75 kW,Fronius,932.44,21,44.40190476190477
2025-05,2025,20–75 kW,GE,82.69999999999999,2,41.349999999999994
2025-05,2025,20–75 kW,Goodwe,4436.17,103,43.069611650485434
2025-05,2025,20–75 kW,Growatt,18896.3,419,45.09856801909308
2025-05,2025,20–75 kW,Hopewind,568.53,11,51.68454545454545
2025-05,2025,20–75 kW,Hoymiles,1070.7,33,32.445454545454545
2025-05,2025,20–75 kW,Huawei,6139.0,128,47.9609375
2025-05,2025,20–75 kW,Hypontech,865.7,21,41.22380952380953
2025-05,2025,20–75 kW,Intelbras,2338.35,57,41.02368421052631
2025-05,2025,20–75 kW,Kehua,321.21,11,29.20090909090909
2025-05,2025,20–75 kW,Komeco,98.0,2,49.0
2025-05,2025,20–75 kW,Kstar,107.0,2,53.5
2025-05,2025,20–75 kW,Livoltek,279.74,7,39.962857142857146
2025-05,2025,20–75 kW,NEP,500.45,15,33.36333333333333
2025-05,2025,20–75 kW,Nansen,376.0,9,41.77777777777778
2025-05,2025,20–75 kW,Nexen,55.0,2,27.5
2025-05,2025,20–75 kW,Não informado,1892.04,49,38.6130612244898
2025-05,2025,20–75 kW,Outros,8536.82,205,41.6430243902439
2025-05,2025,20–75 kW,PHB,1868.69,44,42.47022727272727
2025-05,2025,20–75 kW,Refusol,65.0,2,32.5
2025-05,2025,20–75 kW,Renac,1147.61,27,42.50407407407407
2025-05,2025,20–75 kW,Renovigi,688.04,17,40.472941176470584
2025-05,2025,20–75 kW,SAJ,18507.79,452,40.946438053097346
2025-05,2025,20–75 kW,SHENZHEN,2132.5,36,59.236111111111114
2025-05,2025,20–75 kW,SUNWAYS,146.0,4,36.5
2025-05,2025,20–75 kW,Sineng,96.08,3,32.026666666666664
2025-05,2025,20–75 kW,Sofar Solar,7357.57,169,43.535917159763315
2025-05,2025,20–75 kW,SolarEdge,2584.72,47,54.994042553191484
2025-05,2025,20–75 kW,Solax Power,40.0,1,40.0
2025-05,2025,20–75 kW,Solis (Ginlong),37095.82,767,48.36482398956975
2025-05,2025,20–75 kW,Solplanet,12139.48,300,40.464933333333335
2025-05,2025,20–75 kW,Sungrow,10865.99,238,45.655420168067224
2025-05,2025,20–75 kW,TSUNESS,71.5,3,23.833333333333332
2025-05,2025,20–75 kW,Tsun,195.0,6,32.5
2025-05,2025,20–75 kW,WEG,18287.8,380,48.12578947368421
2025-05,2025,20–75 kW,WEG (Huawei),331.2,8,41.4
2025-05,2025,75–300 kW,ABB/FIMER,100.0,1,100.0
2025-05,2025,75–300 kW,Bel Energy,135.0,1,135.0
2025-05,2025,75–300 kW,Canadian Solar,455.0,2,227.5
2025-05,2025,75–300 kW,Chint,212.5,1,212.5
2025-05,2025,75–300 kW,Deye,870.5,4,217.625
2025-05,2025,75–300 kW,Ecosolys,120.0,1,120.0
2025-05,2025,75–300 kW,Goodwe,300.0,1,300.0
2025-05,2025,75–300 kW,Growatt,1286.0,8,160.75
2025-05,2025,75–300 kW,Hopewind,150.0,1,150.0
2025-05,2025,75–300 kW,Hoymiles,216.0,1,216.0
2025-05,2025,75–300 kW,Huawei,3010.0,26,115.76923076923077
2025-05,2025,75–300 kW,Intelbras,190.0,2,95.0
2025-05,2025,75–300 kW,Komeco,96.0,1,96.0
2025-05,2025,75–300 kW,NEP,112.5,1,112.5
2025-05,2025,75–300 kW,Outros,2054.82,10,205.48200000000003
2025-05,2025,75–300 kW,PHB,600.0,2,300.0
2025-05,2025,75–300 kW,Renac,220.0,1,220.0
2025-05,2025,75–300 kW,Renovigi,90.0,1,90.0
2025-05,2025,75–300 kW,SAJ,700.0,3,233.33333333333334
2025-05,2025,75–300 kW,Sofar Solar,775.0,4,193.75
2025-05,2025,75–300 kW,SolarEdge,200.0,1,200.0
2025-05,2025,75–300 kW,Solis (Ginlong),5090.0,29,175.51724137931035
2025-05,2025,75–300 kW,Solplanet,150.0,1,150.0
2025-05,2025,75–300 kW,Sungrow,2802.0,14,200.14285714285714
2025-05,2025,75–300 kW,WEG,3183.0,17,187.23529411764707
2025-05,2025,300 kW–1 MW,Chint,375.0,1,375.0
2025-05,2025,300 kW–1 MW,Deye,975.0,1,975.0
2025-05,2025,300 kW–1 MW,Foxess,600.0,1,600.0
2025-05,2025,300 kW–1 MW,Growatt,1175.0,3,391.6666666666667
2025-05,2025,300 kW–1 MW,Huawei,13855.0,17,815.0
2025-05,2025,300 kW–1 MW,Intelbras,500.0,1,500.0
2025-05,2025,300 kW–1 MW,Outros,2775.0,4,693.75
2025-05,2025,300 kW–1 MW,PHB,500.0,1,500.0
2025-05,2025,300 kW–1 MW,Sineng,500.0,1,500.0
2025-05,2025,300 kW–1 MW,Sofar Solar,2500.0,3,833.3333333333334
2025-05,2025,300 kW–1 MW,Solis (Ginlong),2410.0,4,602.5
2025-05,2025,300 kW–1 MW,Solplanet,490.0,1,490.0
2025-05,2025,300 kW–1 MW,Sungrow,14290.0,16,893.125
2025-05,2025,300 kW–1 MW,WEG,2075.0,3,691.6666666666666
2025-05,2025,1–5 MW,Canadian Solar,2000.0,1,2000.0
2025-05,2025,1–5 MW,Growatt,1500.0,1,1500.0
2025-05,2025,1–5 MW,Huawei,21400.0,8,2675.0
2025-05,2025,1–5 MW,Ingeteam,1920.0,1,1920.0
2025-05,2025,1–5 MW,Não informado,2580.0,1,2580.0
2025-05,2025,1–5 MW,Outros,5000.0,2,2500.0
2025-05,2025,1–5 MW,Solis (Ginlong),3000.0,1,3000.0
2025-05,2025,1–5 MW,Sungrow,15500.0,5,3100.0
2025-05,2025,1–5 MW,WEG,2400.0,1,2400.0
2025-06,2025,≤10 kW,ABB/FIMER,62.980000000000004,10,6.298
2025-06,2025,≤10 kW,APsystems,1120.5,240,4.66875
2025-06,2025,≤10 kW,Auxsol,3944.25,642,6.143691588785047
2025-06,2025,≤10 kW,B&B POWER,3.0,1,3.0
2025-06,2025,≤10 kW,BYD,686.72,112,6.131428571428572
2025-06,2025,≤10 kW,Bedin Solar,2475.79,411,6.0238199513382
2025-06,2025,≤10 kW,Bel Energy,691.51,181,3.820497237569061
2025-06,2025,≤10 kW,Canadian Solar,1493.1200000000001,272,5.489411764705883
2025-06,2025,≤10 kW,Chint,4439.81,736,6.032350543478262
2025-06,2025,≤10 kW,Deye,34222.74,5980,5.722866220735786
2025-06,2025,≤10 kW,Each Energy,763.01,128,5.961015625
2025-06,2025,≤10 kW,Ecosolys,23.96,6,3.9933333333333336
2025-06,2025,≤10 kW,Elgin,1940.35,318,6.101729559748428
2025-06,2025,≤10 kW,Emerson,32.75,5,6.55
2025-06,2025,≤10 kW,Empalux,243.07999999999998,38,6.396842105263158
2025-06,2025,≤10 kW,Enphase,549.44,156,3.5220512820512826
2025-06,2025,≤10 kW,Foxess,2962.86,507,5.843905325443787
2025-06,2025,≤10 kW,Fronius,335.71999999999997,62,5.414838709677419
2025-06,2025,≤10 kW,GE,22.810000000000002,3,7.603333333333334
2025-06,2025,≤10 kW,Goodwe,11568.34,2109,5.485225225225225
2025-06,2025,≤10 kW,Growatt,31540.8,5445,5.792617079889807
2025-06,2025,≤10 kW,Hopewind,584.24,83,7.039036144578313
2025-06,2025,≤10 kW,Hoymiles,6846.16,1363,5.022861335289802
2025-06,2025,≤10 kW,Huawei,13866.72,2377,5.833706352545224
2025-06,2025,≤10 kW,Hypontech,476.5,91,5.236263736263736
2025-06,2025,≤10 kW,Ingeteam,13.45,2,6.725
2025-06,2025,≤10 kW,Intelbras,8153.1,1405,5.802918149466192
2025-06,2025,≤10 kW,Kehua,983.38,169,5.818816568047337
2025-06,2025,≤10 kW,Komeco,124.44,20,6.2219999999999995
2025-06,2025,≤10 kW,Kstar,129.04999999999998,31,4.162903225806451
2025-06,2025,≤10 kW,Livoltek,1107.2,234,4.731623931623932
2025-06,2025,≤10 kW,NEP,2299.1,438,5.2490867579908675
2025-06,2025,≤10 kW,Nansen,1488.7,234,6.3619658119658125
2025-06,2025,≤10 kW,Nexen,429.55,66,6.508333333333334
2025-06,2025,≤10 kW,Não informado,3788.4700000000003,637,5.947362637362637
2025-06,2025,≤10 kW,Outros,20728.24,3693,5.612845924722448
2025-06,2025,≤10 kW,PHB,4199.03,754,5.569005305039788
2025-06,2025,≤10 kW,Refusol,70.61,13,5.431538461538461
2025-06,2025,≤10 kW,Renac,2375.99,412,5.766966019417475
2025-06,2025,≤10 kW,Renovigi,991.54,181,5.478121546961326
2025-06,2025,≤10 kW,SAJ,38446.42,6748,5.697454060462359
2025-06,2025,≤10 kW,SHENZHEN,589.4399999999999,93,6.338064516129031
2025-06,2025,≤10 kW,SMA,24.5,7,3.5
2025-06,2025,≤10 kW,SUNWAYS,112.3,19,5.910526315789474
2025-06,2025,≤10 kW,Sineng,40.760000000000005,7,5.822857142857144
2025-06,2025,≤10 kW,Sofar Solar,17313.98,2970,5.8296228956228955
2025-06,2025,≤10 kW,SolarEdge,274.74,45,6.105333333333333
2025-06,2025,≤10 kW,Solax Power,474.23,88,5.388977272727273
2025-06,2025,≤10 kW,Solis (Ginlong),33414.11,5626,5.939230359047281
2025-06,2025,≤10 kW,Solplanet,29317.85,4996,5.8682646116893515
2025-06,2025,≤10 kW,Sungrow,18061.76,2967,6.087549713515335
2025-06,2025,≤10 kW,TSUNESS,1265.73,242,5.230289256198347
2025-06,2025,≤10 kW,Tsun,1506.93,293,5.143105802047782
2025-06,2025,≤10 kW,WEG,22772.26,4417,5.155594294770205
2025-06,2025,≤10 kW,WEG (Huawei),485.15999999999997,70,6.930857142857143
2025-06,2025,10–20 kW,ABB/FIMER,13.0,1,13.0
2025-06,2025,10–20 kW,APsystems,394.22,28,14.079285714285716
2025-06,2025,10–20 kW,Auxsol,415.44,27,15.386666666666667
2025-06,2025,10–20 kW,BYD,332.07,22,15.094090909090909
2025-06,2025,10–20 kW,Bedin Solar,353.61,23,15.374347826086957
2025-06,2025,10–20 kW,Bel Energy,102.4,7,14.62857142857143
2025-06,2025,10–20 kW,Canadian Solar,542.52,33,16.439999999999998
2025-06,2025,10–20 kW,Chint,1098.8,69,15.92463768115942
2025-06,2025,10–20 kW,Deye,9920.34,672,14.762410714285714
2025-06,2025,10–20 kW,Each Energy,325.29,20,16.2645
2025-06,2025,10–20 kW,Ecosolys,56.07,4,14.0175
2025-06,2025,10–20 kW,Elgin,443.78999999999996,29,15.303103448275861
2025-06,2025,10–20 kW,Empalux,94.78999999999999,6,15.798333333333332
2025-06,2025,10–20 kW,Enphase,263.03,18,14.612777777777776
2025-06,2025,10–20 kW,Foxess,1015.82,69,14.722028985507247
2025-06,2025,10–20 kW,Fronius,258.2,19,13.589473684210526
2025-06,2025,10–20 kW,GE,30.060000000000002,2,15.030000000000001
2025-06,2025,10–20 kW,Goodwe,3694.4,244,15.140983606557377
2025-06,2025,10–20 kW,Growatt,8558.39,543,15.761307550644567
2025-06,2025,10–20 kW,Hopewind,203.11,14,14.507857142857144
2025-06,2025,10–20 kW,Hoymiles,1797.47,129,13.933875968992249
2025-06,2025,10–20 kW,Huawei,2652.15,178,14.899719101123596
2025-06,2025,10–20 kW,Hypontech,369.79,26,14.22269230769231
2025-06,2025,10–20 kW,Intelbras,2094.64,137,15.28934306569343
2025-06,2025,10–20 kW,Kehua,344.06,22,15.639090909090909
2025-06,2025,10–20 kW,Komeco,43.0,3,14.333333333333334
2025-06,2025,10–20 kW,Kstar,34.4,2,17.2
2025-06,2025,10–20 kW,Livoltek,265.29,17,15.60529411764706
2025-06,2025,10–20 kW,NEP,657.58,47,13.991063829787235
2025-06,2025,10–20 kW,Nansen,293.16,20,14.658000000000001
2025-06,2025,10–20 kW,Nexen,113.2,9,12.577777777777778
2025-06,2025,10–20 kW,Não informado,1267.34,82,15.455365853658536
2025-06,2025,10–20 kW,Outros,4638.34,317,14.631987381703471
2025-06,2025,10–20 kW,PHB,1234.65,83,14.875301204819278
2025-06,2025,10–20 kW,Refusol,17.1,1,17.1
2025-06,2025,10–20 kW,Renac,627.71,51,12.308039215686275
2025-06,2025,10–20 kW,Renovigi,418.15,26,16.082692307692305
2025-06,2025,10–20 kW,SAJ,10561.33,681,15.50856093979442
2025-06,2025,10–20 kW,SHENZHEN,147.97,10,14.797
2025-06,2025,10–20 kW,Sofar Solar,3926.82,255,15.39929411764706
2025-06,2025,10–20 kW,SolarEdge,276.63,17,16.27235294117647
2025-06,2025,10–20 kW,Solax Power,68.0,5,13.6
2025-06,2025,10–20 kW,Solis (Ginlong),11072.92,696,15.909367816091954
2025-06,2025,10–20 kW,Solplanet,9218.88,601,15.339234608985024
2025-06,2025,10–20 kW,Sungrow,5055.15,327,15.459174311926605
2025-06,2025,10–20 kW,TSUNESS,292.08,22,13.276363636363635
2025-06,2025,10–20 kW,Tsun,397.44,29,13.704827586206896
2025-06,2025,10–20 kW,WEG,5970.84,431,13.853457076566126
2025-06,2025,10–20 kW,WEG (Huawei),218.72,15,14.581333333333333
2025-06,2025,20–75 kW,ABB/FIMER,242.6,5,48.519999999999996
2025-06,2025,20–75 kW,APsystems,745.6,18,41.422222222222224
2025-06,2025,20–75 kW,Auxsol,530.0,8,66.25
2025-06,2025,20–75 kW,BYD,862.68,18,47.92666666666666
2025-06,2025,20–75 kW,Bedin Solar,2408.23,45,53.516222222222225
2025-06,2025,20–75 kW,Bel Energy,318.24,9,35.36
2025-06,2025,20–75 kW,Canadian Solar,1974.72,44,44.88
2025-06,2025,20–75 kW,Chint,2953.76,60,49.22933333333334
2025-06,2025,20–75 kW,Deye,11680.08,292,40.00027397260274
2025-06,2025,20–75 kW,Each Energy,132.42,5,26.483999999999998
2025-06,2025,20–75 kW,Ecosolys,30.0,1,30.0
2025-06,2025,20–75 kW,Elgin,1381.96,34,40.64588235294118
2025-06,2025,20–75 kW,Emerson,50.0,1,50.0
2025-06,2025,20–75 kW,Empalux,60.0,2,30.0
2025-06,2025,20–75 kW,Enphase,197.68,6,32.946666666666665
2025-06,2025,20–75 kW,Foxess,710.79,18,39.48833333333333
2025-06,2025,20–75 kW,Fronius,820.12,19,43.16421052631579
2025-06,2025,20–75 kW,GE,121.5,3,40.5
2025-06,2025,20–75 kW,Goodwe,4137.07,98,42.214999999999996
2025-06,2025,20–75 kW,Growatt,19799.93,418,47.368253588516744
2025-06,2025,20–75 kW,Hopewind,334.0,6,55.666666666666664
2025-06,2025,20–75 kW,Hoymiles,883.24,26,33.97076923076923
2025-06,2025,20–75 kW,Huawei,4901.93,114,42.999385964912285
2025-06,2025,20–75 kW,Hypontech,344.35,10,34.435
2025-06,2025,20–75 kW,Intelbras,2516.89,57,44.1559649122807
2025-06,2025,20–75 kW,Kehua,423.28,9,47.03111111111111
2025-06,2025,20–75 kW,Komeco,107.0,2,53.5
2025-06,2025,20–75 kW,Kstar,29.0,1,29.0
2025-06,2025,20–75 kW,Livoltek,134.98,5,26.996
2025-06,2025,20–75 kW,NEP,320.45,11,29.13181818181818
2025-06,2025,20–75 kW,Nansen,339.65999999999997,9,37.739999999999995
2025-06,2025,20–75 kW,Não informado,2275.71,64,35.55796875
2025-06,2025,20–75 kW,Outros,7858.02,193,40.715129533678756
2025-06,2025,20–75 kW,PHB,2630.89,56,46.98017857142857
2025-06,2025,20–75 kW,Refusol,67.62,3,22.540000000000003
2025-06,2025,20–75 kW,Renac,1274.56,33,38.623030303030305
2025-06,2025,20–75 kW,Renovigi,996.25,23,43.31521739130435
2025-06,2025,20–75 kW,SAJ,18144.29,441,41.143514739229026
2025-06,2025,20–75 kW,SHENZHEN,1683.0,27,62.333333333333336
2025-06,2025,20–75 kW,SMA,154.9,4,38.725
2025-06,2025,20–75 kW,SUNWAYS,122.88,2,61.44
2025-06,2025,20–75 kW,Sineng,50.0,1,50.0
2025-06,2025,20–75 kW,Sofar Solar,6330.13,143,44.26664335664336
2025-06,2025,20–75 kW,SolarEdge,1172.85,26,45.10961538461538
2025-06,2025,20–75 kW,Solax Power,50.0,2,25.0
2025-06,2025,20–75 kW,Solis (Ginlong),36094.98,743,48.58005383580081
2025-06,2025,20–75 kW,Solplanet,11417.06,281,40.630106761565834
2025-06,2025,20–75 kW,Sungrow,12701.45,251,50.60338645418327
2025-06,2025,20–75 kW,TSUNESS,486.0,11,44.18181818181818
2025-06,2025,20–75 kW,Tsun,321.0,10,32.1
2025-06,2025,20–75 kW,WEG,17671.34,364,48.54763736263736
2025-06,2025,20–75 kW,WEG (Huawei),132.0,4,33.0
2025-06,2025,75–300 kW,ABB/FIMER,100.0,1,100.0
2025-06,2025,75–300 kW,Bel Energy,100.0,1,100.0
2025-06,2025,75–300 kW,Canadian Solar,150.0,1,150.0
2025-06,2025,75–300 kW,Deye,598.0,3,199.33333333333334
2025-06,2025,75–300 kW,Goodwe,105.0,1,105.0
2025-06,2025,75–300 kW,Growatt,1690.0,10,169.0
2025-06,2025,75–300 kW,Hopewind,200.0,1,200.0
2025-06,2025,75–300 kW,Huawei,1197.8,8,149.725
2025-06,2025,75–300 kW,Kehua,150.0,1,150.0
2025-06,2025,75–300 kW,Outros,2612.05,16,163.253125
2025-06,2025,75–300 kW,PHB,887.0,5,177.4
2025-06,2025,75–300 kW,Renovigi,435.0,2,217.5
2025-06,2025,75–300 kW,SAJ,150.0,1,150.0
2025-06,2025,75–300 kW,Sofar Solar,550.0,3,183.33333333333334
2025-06,2025,75–300 kW,SolarEdge,1033.35,5,206.67
2025-06,2025,75–300 kW,Solis (Ginlong),2667.8,13,205.21538461538464
2025-06,2025,75–300 kW,Sungrow,2435.0,12,202.91666666666666
2025-06,2025,75–300 kW,TSUNESS,80.0,1,80.0
2025-06,2025,75–300 kW,WEG,1800.0,10,180.0
2025-06,2025,300 kW–1 MW,Deye,975.0,1,975.0
2025-06,2025,300 kW–1 MW,Goodwe,450.0,1,450.0
2025-06,2025,300 kW–1 MW,Growatt,1341.0,3,447.0
2025-06,2025,300 kW–1 MW,Huawei,34500.0,39,884.6153846153846
2025-06,2025,300 kW–1 MW,Outros,6280.0,8,785.0
2025-06,2025,300 kW–1 MW,SMA,1000.0,1,1000.0
2025-06,2025,300 kW–1 MW,Sineng,1000.0,1,1000.0
2025-06,2025,300 kW–1 MW,Solis (Ginlong),1740.0,3,580.0
2025-06,2025,300 kW–1 MW,Sungrow,18780.989999999998,23,816.5647826086955
2025-06,2025,300 kW–1 MW,TBEA,1000.0,1,1000.0
2025-06,2025,300 kW–1 MW,WEG,890.0,2,445.0
2025-06,2025,1–5 MW,Goodwe,7242.62,3,2414.2066666666665
2025-06,2025,1–5 MW,Huawei,14000.0,7,2000.0
2025-06,2025,1–5 MW,Outros,3000.0,1,3000.0
2025-06,2025,1–5 MW,PHB,4305.0,1,4305.0
2025-06,2025,1–5 MW,Sungrow,18875.0,8,2359.375
2025-06,2025,1–5 MW,TBEA,2500.0,1,2500.0
2025-07,2025,≤10 kW,ABB/FIMER,102.14,18,5.674444444444444
2025-07,2025,≤10 kW,APsystems,1183.8799999999999,249,4.754538152610441
2025-07,2025,≤10 kW,Auxsol,5419.54,891,6.0825364758698095
2025-07,2025,≤10 kW,B&B POWER,1.65,1,1.65
2025-07,2025,≤10 kW,BYD,788.1,134,5.88134328358209
2025-07,2025,≤10 kW,Bedin Solar,1906.1,317,6.0129337539432175
2025-07,2025,≤10 kW,Bel Energy,814.62,223,3.6530044843049327
2025-07,2025,≤10 kW,Canadian Solar,1416.07,244,5.803565573770491
2025-07,2025,≤10 kW,Chint,5021.56,831,6.0427918170878465
2025-07,2025,≤10 kW,Deye,35826.59,6176,5.8009375
2025-07,2025,≤10 kW,Each Energy,1205.95,194,6.216237113402062
2025-07,2025,≤10 kW,Ecosolys,39.49,7,5.6414285714285715
2025-07,2025,≤10 kW,Elgin,1922.18,310,6.20058064516129
2025-07,2025,≤10 kW,Emerson,27.35,4,6.8375
2025-07,2025,≤10 kW,Empalux,104.65,18,5.813888888888889
2025-07,2025,≤10 kW,Enphase,533.63,143,3.731678321678322
2025-07,2025,≤10 kW,Foxess,5117.59,914,5.599113785557987
2025-07,2025,≤10 kW,Fronius,425.71999999999997,74,5.752972972972972
2025-07,2025,≤10 kW,GE,7.02,1,7.02
2025-07,2025,≤10 kW,Goodwe,13016.77,2306,5.644739809193409
2025-07,2025,≤10 kW,Growatt,33187.85,5628,5.896917199715707
2025-07,2025,≤10 kW,Hopewind,591.03,94,6.287553191489361
2025-07,2025,≤10 kW,Hoymiles,8447.7,1730,4.883063583815029
2025-07,2025,≤10 kW,Huawei,17183.99,2919,5.886944158958548
2025-07,2025,≤10 kW,Hypontech,479.96,92,5.21695652173913
2025-07,2025,≤10 kW,Ingeteam,18.47,4,4.6175
2025-07,2025,≤10 kW,Intelbras,7988.6,1359,5.878292862398823
2025-07,2025,≤10 kW,Kehua,702.95,122,5.76188524590164
2025-07,2025,≤10 kW,Komeco,126.17,24,5.257083333333333
2025-07,2025,≤10 kW,Kstar,138.09,32,4.3153125
2025-07,2025,≤10 kW,Livoltek,2548.64,467,5.457473233404711
2025-07,2025,≤10 kW,NEP,3022.2,602,5.020265780730897
2025-07,2025,≤10 kW,Nansen,1952.6299999999999,313,6.238434504792332
2025-07,2025,≤10 kW,Nexen,387.77,64,6.05890625
2025-07,2025,≤10 kW,Não informado,3562.53,593,6.007639123102867
2025-07,2025,≤10 kW,Outros,18937.88,3300,5.738751515151516
2025-07,2025,≤10 kW,PHB,4396.14,774,5.679767441860466
2025-07,2025,≤10 kW,Refusol,60.61,12,5.050833333333333
2025-07,2025,≤10 kW,Renac,2569.84,445,5.774921348314607
2025-07,2025,≤10 kW,Renovigi,1024.32,181,5.659226519337016
2025-07,2025,≤10 kW,SAJ,47991.94,8235,5.827800850030359
2025-07,2025,≤10 kW,SHENZHEN,432.63,66,6.555
2025-07,2025,≤10 kW,SMA,25.5,4,6.375
2025-07,2025,≤10 kW,SUNWAYS,123.12,21,5.862857142857143
2025-07,2025,≤10 kW,Sineng,26.0,3,8.666666666666666
2025-07,2025,≤10 kW,Sofar Solar,18508.25,3142,5.890595162316996
2025-07,2025,≤10 kW,SolarEdge,419.54999999999995,63,6.659523809523809
2025-07,2025,≤10 kW,Solax Power,537.96,100,5.3796
2025-07,2025,≤10 kW,Solis (Ginlong),36005.38,6003,5.997897717807763
2025-07,2025,≤10 kW,Solplanet,32780.3,5536,5.92129696531792
2025-07,2025,≤10 kW,Sungrow,18567.15,3011,6.1664397210229165
2025-07,2025,≤10 kW,TSUNESS,1494.04,278,5.374244604316547
2025-07,2025,≤10 kW,Tsun,1427.33,319,4.474388714733542
2025-07,2025,≤10 kW,WEG,25379.83,4913,5.1658518216975375
2025-07,2025,≤10 kW,WEG (Huawei),971.14,126,7.707460317460318
2025-07,2025,10–20 kW,ABB/FIMER,86.5,5,17.3
2025-07,2025,10–20 kW,APsystems,396.05,28,14.144642857142857
2025-07,2025,10–20 kW,Auxsol,884.48,64,13.82
2025-07,2025,10–20 kW,BYD,272.01,18,15.111666666666666
2025-07,2025,10–20 kW,Bedin Solar,560.62,36,15.572777777777778
2025-07,2025,10–20 kW,Bel Energy,125.8,8,15.725
2025-07,2025,10–20 kW,Canadian Solar,811.94,52,15.61423076923077
2025-07,2025,10–20 kW,Chint,1146.78,74,15.497027027027027
2025-07,2025,10–20 kW,Deye,10674.58,731,14.602708618331054
2025-07,2025,10–20 kW,Each Energy,356.19,22,16.190454545454546
2025-07,2025,10–20 kW,Ecosolys,10.48,1,10.48
2025-07,2025,10–20 kW,Elgin,570.1899999999999,38,15.004999999999999
2025-07,2025,10–20 kW,Emerson,15.0,1,15.0
2025-07,2025,10–20 kW,Empalux,146.85,9,16.316666666666666
2025-07,2025,10–20 kW,Enphase,145.99,11,13.271818181818183
2025-07,2025,10–20 kW,Foxess,1426.88,100,14.2688
2025-07,2025,10–20 kW,Fronius,433.88,29,14.961379310344828
2025-07,2025,10–20 kW,GE,30.0,2,15.0
2025-07,2025,10–20 kW,Goodwe,3907.0,256,15.26171875
2025-07,2025,10–20 kW,Growatt,8832.33,567,15.577301587301587
2025-07,2025,10–20 kW,Hopewind,192.41,12,16.034166666666668
2025-07,2025,10–20 kW,Hoymiles,2198.82,157,14.005222929936307
2025-07,2025,10–20 kW,Huawei,3725.89,243,15.332880658436213
2025-07,2025,10–20 kW,Hypontech,186.57999999999998,13,14.352307692307692
2025-07,2025,10–20 kW,Intelbras,2202.47,150,14.683133333333332
2025-07,2025,10–20 kW,Kehua,220.18,14,15.727142857142857
2025-07,2025,10–20 kW,Komeco,76.0,5,15.2
2025-07,2025,10–20 kW,Kstar,18.0,1,18.0
2025-07,2025,10–20 kW,Livoltek,138.47,11,12.588181818181818
2025-07,2025,10–20 kW,NEP,975.3,71,13.736619718309859
2025-07,2025,10–20 kW,Nansen,355.47,24,14.811250000000001
2025-07,2025,10–20 kW,Nexen,100.0,7,14.285714285714286
2025-07,2025,10–20 kW,Não informado,1554.38,101,15.389900990099012
2025-07,2025,10–20 kW,Outros,4775.42,316,15.112088607594936
2025-07,2025,10–20 kW,PHB,1284.19,90,14.268777777777778
2025-07,2025,10–20 kW,Refusol,25.0,2,12.5
2025-07,2025,10–20 kW,Renac,1000.52,76,13.164736842105263
2025-07,2025,10–20 kW,Renovigi,467.88,30,15.596
2025-07,2025,10–20 kW,SAJ,14179.07,904,15.684811946902654
2025-07,2025,10–20 kW,SHENZHEN,167.89,10,16.788999999999998
2025-07,2025,10–20 kW,SMA,15.0,1,15.0
2025-07,2025,10–20 kW,SUNWAYS,12.0,1,12.0
2025-07,2025,10–20 kW,Sineng,44.0,3,14.666666666666666
2025-07,2025,10–20 kW,Sofar Solar,4145.7,269,15.411524163568773
2025-07,2025,10–20 kW,SolarEdge,130.76999999999998,8,16.346249999999998
2025-07,2025,10–20 kW,Solax Power,60.6,4,15.15
2025-07,2025,10–20 kW,Solis (Ginlong),12275.81,780,15.738217948717947
2025-07,2025,10–20 kW,Solplanet,10216.29,650,15.717369230769233
2025-07,2025,10–20 kW,Sungrow,5263.8,333,15.807207207207208
2025-07,2025,10–20 kW,TSUNESS,436.32,34,12.832941176470587
2025-07,2025,10–20 kW,Tsun,357.34000000000003,27,13.234814814814817
2025-07,2025,10–20 kW,WEG,6173.08,453,13.62710816777042
2025-07,2025,10–20 kW,WEG (Huawei),349.5,25,13.98
2025-07,2025,20–75 kW,ABB/FIMER,24.0,1,24.0
2025-07,2025,20–75 kW,APsystems,367.65,10,36.765
2025-07,2025,20–75 kW,Auxsol,1065.0,16,66.5625
2025-07,2025,20–75 kW,BYD,966.36,21,46.01714285714286
2025-07,2025,20–75 kW,Bedin Solar,2559.59,46,55.64326086956522
2025-07,2025,20–75 kW,Bel Energy,252.51999999999998,7,36.074285714285715
2025-07,2025,20–75 kW,Canadian Solar,2027.45,42,48.272619047619045
2025-07,2025,20–75 kW,Chint,4217.16,83,50.809156626506024
2025-07,2025,20–75 kW,Deye,11547.21,296,39.010844594594595
2025-07,2025,20–75 kW,Each Energy,100.0,2,50.0
2025-07,2025,20–75 kW,Elgin,1353.82,35,38.680571428571426
2025-07,2025,20–75 kW,Empalux,277.5,6,46.25
2025-07,2025,20–75 kW,Enphase,165.94,5,33.188
2025-07,2025,20–75 kW,Foxess,1486.96,38,39.130526315789474
2025-07,2025,20–75 kW,Fronius,735.8,20,36.79
2025-07,2025,20–75 kW,GE,301.9,7,43.128571428571426
2025-07,2025,20–75 kW,Goodwe,5812.5,139,41.81654676258993
2025-07,2025,20–75 kW,Growatt,19572.58,429,45.62372960372961
2025-07,2025,20–75 kW,Hopewind,654.95,13,50.38076923076923
2025-07,2025,20–75 kW,Hoymiles,1702.67,51,33.38568627450981
2025-07,2025,20–75 kW,Huawei,5719.73,125,45.757839999999995
2025-07,2025,20–75 kW,Hypontech,496.39,15,33.092666666666666
2025-07,2025,20–75 kW,Intelbras,3361.5,82,40.99390243902439
2025-07,2025,20–75 kW,Kehua,369.4,8,46.175
2025-07,2025,20–75 kW,Komeco,101.0,2,50.5
2025-07,2025,20–75 kW,Kstar,21.0,1,21.0
2025-07,2025,20–75 kW,Livoltek,256.0,6,42.666666666666664
2025-07,2025,20–75 kW,NEP,835.09,29,28.796206896551727
2025-07,2025,20–75 kW,Nansen,502.0,11,45.63636363636363
2025-07,2025,20–75 kW,Nexen,31.5,1,31.5
2025-07,2025,20–75 kW,Não informado,2204.67,59,37.36728813559322
2025-07,2025,20–75 kW,Outros,9212.42,207,44.504444444444445
2025-07,2025,20–75 kW,PHB,1815.67,48,37.826458333333335
2025-07,2025,20–75 kW,Renac,1397.68,30,46.589333333333336
2025-07,2025,20–75 kW,Renovigi,710.33,19,37.38578947368421
2025-07,2025,20–75 kW,SAJ,23089.38,561,41.15754010695187
2025-07,2025,20–75 kW,SHENZHEN,1887.2,29,65.07586206896552
2025-07,2025,20–75 kW,SMA,210.0,4,52.5
2025-07,2025,20–75 kW,Sineng,52.620000000000005,2,26.310000000000002
2025-07,2025,20–75 kW,Sofar Solar,7430.85,167,44.49610778443114
2025-07,2025,20–75 kW,SolarEdge,2056.56,44,46.74
2025-07,2025,20–75 kW,Solax Power,24.0,1,24.0
2025-07,2025,20–75 kW,Solis (Ginlong),37199.25,779,47.752567394094996
2025-07,2025,20–75 kW,Solplanet,12087.42,309,39.1178640776699
2025-07,2025,20–75 kW,Sungrow,13508.84,290,46.582206896551725
2025-07,2025,20–75 kW,TSUNESS,499.45,15,33.29666666666667
2025-07,2025,20–75 kW,Tsun,172.25,5,34.45
2025-07,2025,20–75 kW,WEG,18625.15,403,46.216253101736974
2025-07,2025,20–75 kW,WEG (Huawei),307.0,9,34.111111111111114
2025-07,2025,75–300 kW,BYD,150.0,1,150.0
2025-07,2025,75–300 kW,Canadian Solar,560.0,4,140.0
2025-07,2025,75–300 kW,Foxess,100.0,1,100.0
2025-07,2025,75–300 kW,Fronius,295.0,1,295.0
2025-07,2025,75–300 kW,Goodwe,90.0,1,90.0
2025-07,2025,75–300 kW,Growatt,3062.0,14,218.71428571428572
2025-07,2025,75–300 kW,Hopewind,445.0,2,222.5
2025-07,2025,75–300 kW,Hoymiles,100.8,1,100.8
2025-07,2025,75–300 kW,Huawei,1470.0,7,210.0
2025-07,2025,75–300 kW,Intelbras,300.0,1,300.0
2025-07,2025,75–300 kW,Outros,2040.2,12,170.01666666666668
2025-07,2025,75–300 kW,PHB,350.0,2,175.0
2025-07,2025,75–300 kW,Renac,110.0,1,110.0
2025-07,2025,75–300 kW,Renovigi,125.0,1,125.0
2025-07,2025,75–300 kW,SAJ,495.0,4,123.75
2025-07,2025,75–300 kW,Sofar Solar,991.77,5,198.35399999999998
2025-07,2025,75–300 kW,SolarEdge,300.0,1,300.0
2025-07,2025,75–300 kW,Solis (Ginlong),2135.5,11,194.13636363636363
2025-07,2025,75–300 kW,Solplanet,840.0,7,120.0
2025-07,2025,75–300 kW,Sungrow,3219.0,13,247.6153846153846
2025-07,2025,75–300 kW,WEG,2458.0,13,189.07692307692307
2025-07,2025,300 kW–1 MW,Deye,575.0,1,575.0
2025-07,2025,300 kW–1 MW,Growatt,1145.0,2,572.5
2025-07,2025,300 kW–1 MW,Huawei,15500.0,21,738.0952380952381
2025-07,2025,300 kW–1 MW,Outros,2412.0,3,804.0
2025-07,2025,300 kW–1 MW,PHB,500.0,1,500.0
2025-07,2025,300 kW–1 MW,SAJ,375.0,1,375.0
2025-07,2025,300 kW–1 MW,Sineng,2000.0,2,1000.0
2025-07,2025,300 kW–1 MW,SolarEdge,857.7,1,857.7
2025-07,2025,300 kW–1 MW,Solis (Ginlong),4650.0,5,930.0
2025-07,2025,300 kW–1 MW,Sungrow,27598.0,34,811.7058823529412
2025-07,2025,300 kW–1 MW,TBEA,4000.0,4,1000.0
2025-07,2025,300 kW–1 MW,WEG,1900.0,2,950.0
2025-07,2025,1–5 MW,Canadian Solar,5000.0,2,2500.0
2025-07,2025,1–5 MW,Deye,10390.0,3,3463.3333333333335
2025-07,2025,1–5 MW,Growatt,2500.0,1,2500.0
2025-07,2025,1–5 MW,Huawei,30755.0,14,2196.785714285714
2025-07,2025,1–5 MW,Outros,4850.0,2,2425.0
2025-07,2025,1–5 MW,Sineng,2500.0,1,2500.0
2025-07,2025,1–5 MW,Solis (Ginlong),2500.0,1,2500.0
2025-07,2025,1–5 MW,Sungrow,18200.0,8,2275.0
2025-07,2025,1–5 MW,WEG,2500.0,1,2500.0
2025-08,2025,≤10 kW,ABB/FIMER,421.09,64,6.57953125
2025-08,2025,≤10 kW,APsystems,1084.63,223,4.863811659192826
2025-08,2025,≤10 kW,Auxsol,4410.37,705,6.255843971631205
2025-08,2025,≤10 kW,BYD,646.78,109,5.933761467889908
2025-08,2025,≤10 kW,Bedin Solar,2141.91,382,5.607094240837696
2025-08,2025,≤10 kW,Bel Energy,467.32,125,3.73856
2025-08,2025,≤10 kW,Canadian Solar,1177.43,204,5.7717156862745105
2025-08,2025,≤10 kW,Chint,5103.89,869,5.873291139240506
2025-08,2025,≤10 kW,Deye,30403.45,5440,5.588869485294118
2025-08,2025,≤10 kW,Each Energy,1016.37,170,5.97864705882353
2025-08,2025,≤10 kW,Ecosolys,53.910000000000004,10,5.391
2025-08,2025,≤10 kW,Elgin,2068.7599999999998,354,5.843954802259886
2025-08,2025,≤10 kW,Emerson,152.0,24,6.333333333333333
2025-08,2025,≤10 kW,Empalux,88.78,13,6.82923076923077
2025-08,2025,≤10 kW,Enphase,505.1,207,2.440096618357488
2025-08,2025,≤10 kW,Foxess,6078.97,1064,5.713317669172932
2025-08,2025,≤10 kW,Fronius,263.18,47,5.599574468085106
2025-08,2025,≤10 kW,GE,44.480000000000004,5,8.896
2025-08,2025,≤10 kW,Goodwe,13237.73,2397,5.522624113475177
2025-08,2025,≤10 kW,Growatt,25833.68,4382,5.895408489274304
2025-08,2025,≤10 kW,Hopewind,456.39,71,6.428028169014084
2025-08,2025,≤10 kW,Hoymiles,8503.28,1714,4.961073512252042
2025-08,2025,≤10 kW,Huawei,18098.15,3103,5.832468578794716
2025-08,2025,≤10 kW,Hypontech,505.05,102,4.951470588235294
2025-08,2025,≤10 kW,Intelbras,6658.6,1148,5.800174216027875
2025-08,2025,≤10 kW,Kehua,337.5,62,5.443548387096774
2025-08,2025,≤10 kW,Komeco,34.68,8,4.335
2025-08,2025,≤10 kW,Kstar,124.75,28,4.455357142857143
2025-08,2025,≤10 kW,Livoltek,2421.12,407,5.948697788697788
2025-08,2025,≤10 kW,NEP,2245.85,439,5.115831435079726
2025-08,2025,≤10 kW,Nansen,2257.13,354,6.376073446327684
2025-08,2025,≤10 kW,Nexen,360.92,59,6.1172881355932205
2025-08,2025,≤10 kW,Não informado,2288.14,369,6.200921409214092
2025-08,2025,≤10 kW,Outros,14831.56,2607,5.689129267357115
2025-08,2025,≤10 kW,PHB,3994.29,696,5.738922413793103
2025-08,2025,≤10 kW,Refusol,86.45,17,5.085294117647059
2025-08,2025,≤10 kW,Renac,2695.94,459,5.873507625272331
2025-08,2025,≤10 kW,Renovigi,1169.86,212,5.518207547169811
2025-08,2025,≤10 kW,SAJ,43705.909999999996,7378,5.923815397126592
2025-08,2025,≤10 kW,SHENZHEN,249.48,37,6.742702702702703
2025-08,2025,≤10 kW,SMA,15.5,5,3.1
2025-08,2025,≤10 kW,SUNWAYS,112.17,19,5.903684210526316
2025-08,2025,≤10 kW,Sineng,17.200000000000003,3,5.733333333333334
2025-08,2025,≤10 kW,Sofar Solar,16093.01,2753,5.845626589175445
2025-08,2025,≤10 kW,SolarEdge,218.42,36,6.067222222222222
2025-08,2025,≤10 kW,Solax Power,553.89,95,5.8304210526315785
2025-08,2025,≤10 kW,Solis (Ginlong),32726.79,5499,5.951407528641571
2025-08,2025,≤10 kW,Solplanet,25723.88,4362,5.897267308574049
2025-08,2025,≤10 kW,Sungrow,15331.17,2463,6.224591961023142
2025-08,2025,≤10 kW,TSUNESS,1127.69,218,5.172889908256881
2025-08,2025,≤10 kW,Tsun,1196.73,223,5.366502242152467
2025-08,2025,≤10 kW,WEG,20818.64,4048,5.142944664031621
2025-08,2025,≤10 kW,WEG (Huawei),1094.19,141,7.760212765957447
2025-08,2025,10–20 kW,ABB/FIMER,92.2,7,13.171428571428573
2025-08,2025,10–20 kW,APsystems,524.2,36,14.561111111111112
2025-08,2025,10–20 kW,Auxsol,493.16,35,14.090285714285715
2025-08,2025,10–20 kW,BYD,293.42,19,15.443157894736842
2025-08,2025,10–20 kW,Bedin Solar,231.28,15,15.418666666666667
2025-08,2025,10–20 kW,Bel Energy,69.0,4,17.25
2025-08,2025,10–20 kW,Canadian Solar,533.97,35,15.256285714285715
2025-08,2025,10–20 kW,Chint,1196.26,75,15.950133333333333
2025-08,2025,10–20 kW,Deye,8091.29,551,14.684736842105263
2025-08,2025,10–20 kW,Each Energy,339.0,22,15.409090909090908
2025-08,2025,10–20 kW,Ecosolys,17.7,1,17.7
2025-08,2025,10–20 kW,Elgin,468.73,32,14.6478125
2025-08,2025,10–20 kW,Emerson,31.25,2,15.625
2025-08,2025,10–20 kW,Enphase,171.48000000000002,13,13.190769230769233
2025-08,2025,10–20 kW,Foxess,1727.02,113,15.283362831858406
2025-08,2025,10–20 kW,Fronius,284.18,20,14.209
2025-08,2025,10–20 kW,GE,11.0,1,11.0
2025-08,2025,10–20 kW,Goodwe,3019.18,206,14.656213592233009
2025-08,2025,10–20 kW,Growatt,6068.39,386,15.721217616580311
2025-08,2025,10–20 kW,Hopewind,132.25,9,14.694444444444445
2025-08,2025,10–20 kW,Hoymiles,1630.39,112,14.557053571428572
2025-08,2025,10–20 kW,Huawei,2806.54,187,15.008235294117647
2025-08,2025,10–20 kW,Hypontech,228.5,17,13.441176470588236
2025-08,2025,10–20 kW,Intelbras,1707.36,110,15.521454545454544
2025-08,2025,10–20 kW,Kehua,150.92,10,15.091999999999999
2025-08,2025,10–20 kW,Komeco,40.0,2,20.0
2025-08,2025,10–20 kW,Kstar,20.0,1,20.0
2025-08,2025,10–20 kW,Livoltek,206.88,13,15.913846153846153
2025-08,2025,10–20 kW,NEP,648.72,48,13.515
2025-08,2025,10–20 kW,Nansen,562.52,37,15.203243243243243
2025-08,2025,10–20 kW,Nexen,46.5,4,11.625
2025-08,2025,10–20 kW,Não informado,1164.92,73,15.957808219178084
2025-08,2025,10–20 kW,Outros,3846.89,257,14.968443579766536
2025-08,2025,10–20 kW,PHB,1331.91,91,14.636373626373627
2025-08,2025,10–20 kW,Renac,541.71,43,12.597906976744186
2025-08,2025,10–20 kW,Renovigi,290.8,19,15.305263157894737
2025-08,2025,10–20 kW,SAJ,12329.32,793,15.547692307692307
2025-08,2025,10–20 kW,SHENZHEN,62.12,4,15.53
2025-08,2025,10–20 kW,SMA,28.0,2,14.0
2025-08,2025,10–20 kW,Sineng,44.85,3,14.950000000000001
2025-08,2025,10–20 kW,Sofar Solar,3367.91,216,15.592175925925925
2025-08,2025,10–20 kW,SolarEdge,223.01,15,14.867333333333333
2025-08,2025,10–20 kW,Solax Power,47.0,3,15.666666666666666
2025-08,2025,10–20 kW,Solis (Ginlong),10410.68,667,15.608215892053973
2025-08,2025,10–20 kW,Solplanet,8458.74,541,15.635378927911274
2025-08,2025,10–20 kW,Sungrow,4093.0,259,15.803088803088803
2025-08,2025,10–20 kW,TSUNESS,366.15,28,13.076785714285714
2025-08,2025,10–20 kW,Tsun,187.65,14,13.403571428571428
2025-08,2025,10–20 kW,WEG,5836.58,422,13.830758293838862
2025-08,2025,10–20 kW,WEG (Huawei),222.1,16,13.88125
2025-08,2025,20–75 kW,ABB/FIMER,317.0,9,35.22222222222222
2025-08,2025,20–75 kW,APsystems,503.51,14,35.964999999999996
2025-08,2025,20–75 kW,Auxsol,576.38,11,52.39818181818182
2025-08,2025,20–75 kW,BYD,527.24,11,47.93090909090909
2025-08,2025,20–75 kW,Bedin Solar,2041.34,34,60.03941176470588
2025-08,2025,20–75 kW,Bel Energy,319.0,10,31.9
2025-08,2025,20–75 kW,Canadian Solar,1447.28,34,42.56705882352941
2025-08,2025,20–75 kW,Chint,2436.29,48,50.75604166666667
2025-08,2025,20–75 kW,Deye,12783.15,307,41.63892508143322
2025-08,2025,20–75 kW,Each Energy,365.0,8,45.625
2025-08,2025,20–75 kW,Ecosolys,30.0,1,30.0
2025-08,2025,20–75 kW,Elgin,1399.89,35,39.996857142857145
2025-08,2025,20–75 kW,Emerson,150.0,2,75.0
2025-08,2025,20–75 kW,Empalux,190.51999999999998,4,47.629999999999995
2025-08,2025,20–75 kW,Enphase,184.4,6,30.733333333333334
2025-08,2025,20–75 kW,Foxess,1528.66,40,38.2165
2025-08,2025,20–75 kW,Fronius,735.36,17,43.256470588235295
2025-08,2025,20–75 kW,GE,190.0,3,63.333333333333336
2025-08,2025,20–75 kW,Goodwe,3562.53,97,36.72711340206186
2025-08,2025,20–75 kW,Growatt,18898.21,410,46.09319512195122
2025-08,2025,20–75 kW,Hopewind,441.6,9,49.06666666666667
2025-08,2025,20–75 kW,Hoymiles,1823.8,47,38.804255319148936
2025-08,2025,20–75 kW,Huawei,5889.33,125,47.11464
2025-08,2025,20–75 kW,Hypontech,150.0,3,50.0
2025-08,2025,20–75 kW,Intelbras,2190.15,48,45.628125000000004
2025-08,2025,20–75 kW,Kehua,200.53,4,50.1325
2025-08,2025,20–75 kW,Komeco,94.0,3,31.333333333333332
2025-08,2025,20–75 kW,Livoltek,268.52,6,44.75333333333333
2025-08,2025,20–75 kW,NEP,762.05,25,30.482
2025-08,2025,20–75 kW,Nansen,504.77,12,42.064166666666665
2025-08,2025,20–75 kW,Nexen,21.0,1,21.0
2025-08,2025,20–75 kW,Não informado,932.22,26,35.854615384615386
2025-08,2025,20–75 kW,Outros,6930.51,167,41.50005988023952
2025-08,2025,20–75 kW,PHB,2234.76,56,39.90642857142858
2025-08,2025,20–75 kW,Renac,318.3,9,35.36666666666667
2025-08,2025,20–75 kW,Renovigi,478.08,12,39.839999999999996
2025-08,2025,20–75 kW,SAJ,22450.75,561,40.01916221033868
2025-08,2025,20–75 kW,SHENZHEN,1222.6,23,53.15652173913043
2025-08,2025,20–75 kW,SMA,199.02,4,49.755
2025-08,2025,20–75 kW,SUNWAYS,25.0,1,25.0
2025-08,2025,20–75 kW,Sineng,80.0,2,40.0
2025-08,2025,20–75 kW,Sofar Solar,6165.53,141,43.727163120567376
2025-08,2025,20–75 kW,SolarEdge,1466.59,33,44.44212121212121
2025-08,2025,20–75 kW,Solax Power,46.0,2,23.0
2025-08,2025,20–75 kW,Solis (Ginlong),30167.35,629,47.960810810810806
2025-08,2025,20–75 kW,Solplanet,9877.04,249,39.66682730923695
2025-08,2025,20–75 kW,Sungrow,10915.27,233,46.84665236051502
2025-08,2025,20–75 kW,TSUNESS,48.5,2,24.25
2025-08,2025,20–75 kW,Tsun,219.3,6,36.550000000000004
2025-08,2025,20–75 kW,WEG,14622.67,314,46.5690127388535
2025-08,2025,20–75 kW,WEG (Huawei),101.0,3,33.666666666666664
2025-08,2025,75–300 kW,ABB/FIMER,200.0,1,200.0
2025-08,2025,75–300 kW,Auxsol,300.0,1,300.0
2025-08,2025,75–300 kW,Canadian Solar,575.0,2,287.5
2025-08,2025,75–300 kW,Deye,420.0,2,210.0
2025-08,2025,75–300 kW,Each Energy,210.0,1,210.0
2025-08,2025,75–300 kW,Elgin,150.0,1,150.0
2025-08,2025,75–300 kW,Emerson,110.0,1,110.0
2025-08,2025,75–300 kW,Foxess,202.5,2,101.25
2025-08,2025,75–300 kW,Goodwe,385.0,2,192.5
2025-08,2025,75–300 kW,Growatt,420.0,3,140.0
2025-08,2025,75–300 kW,Hopewind,150.0,1,150.0
2025-08,2025,75–300 kW,Hoymiles,100.8,1,100.8
2025-08,2025,75–300 kW,Huawei,1000.0,4,250.0
2025-08,2025,75–300 kW,NEP,112.5,1,112.5
2025-08,2025,75–300 kW,Outros,845.0,5,169.0
2025-08,2025,75–300 kW,PHB,170.0,1,170.0
2025-08,2025,75–300 kW,Renac,110.0,1,110.0
2025-08,2025,75–300 kW,SAJ,769.1800000000001,5,153.836
2025-08,2025,75–300 kW,Sofar Solar,1100.0,5,220.0
2025-08,2025,75–300 kW,SolarEdge,133.75,1,133.75
2025-08,2025,75–300 kW,Solis (Ginlong),2887.7200000000003,13,222.1323076923077
2025-08,2025,75–300 kW,Solplanet,180.0,2,90.0
2025-08,2025,75–300 kW,Sungrow,1690.0,8,211.25
2025-08,2025,75–300 kW,WEG,2462.4,14,175.8857142857143
2025-08,2025,75–300 kW,WEG (Huawei),200.0,1,200.0
2025-08,2025,300 kW–1 MW,Canadian Solar,1000.0,1,1000.0
2025-08,2025,300 kW–1 MW,Goodwe,2000.0,2,1000.0
2025-08,2025,300 kW–1 MW,Growatt,350.02,1,350.02
2025-08,2025,300 kW–1 MW,Hopewind,375.0,1,375.0
2025-08,2025,300 kW–1 MW,Hoymiles,1000.0,1,1000.0
2025-08,2025,300 kW–1 MW,Huawei,48829.32,56,871.9521428571428
2025-08,2025,300 kW–1 MW,Kstar,1000.0,1,1000.0
2025-08,2025,300 kW–1 MW,Outros,2600.0,3,866.6666666666666
2025-08,2025,300 kW–1 MW,SAJ,700.0,1,700.0
2025-08,2025,300 kW–1 MW,Sineng,2500.0,3,833.3333333333334
2025-08,2025,300 kW–1 MW,Sofar Solar,1500.0,2,750.0
2025-08,2025,300 kW–1 MW,Solis (Ginlong),2723.24,5,544.6479999999999
2025-08,2025,300 kW–1 MW,Sungrow,15308.0,19,805.6842105263158
2025-08,2025,300 kW–1 MW,WEG,400.0,1,400.0
2025-08,2025,1–5 MW,Canadian Solar,3000.0,1,3000.0
2025-08,2025,1–5 MW,Huawei,30700.0,16,1918.75
2025-08,2025,1–5 MW,Ingeteam,3096.0,1,3096.0
2025-08,2025,1–5 MW,Solis (Ginlong),2250.0,1,2250.0
2025-08,2025,1–5 MW,Sungrow,14000.0,6,2333.3333333333335
2025-09,2025,≤10 kW,ABB/FIMER,2356.59,384,6.136953125000001
2025-09,2025,≤10 kW,APsystems,1186.48,227,5.226784140969163
2025-09,2025,≤10 kW,Auxsol,6079.86,1012,6.007766798418972
2025-09,2025,≤10 kW,B&B POWER,4.25,1,4.25
2025-09,2025,≤10 kW,BYD,464.55,74,6.277702702702703
2025-09,2025,≤10 kW,Bedin Solar,2267.64,408,5.557941176470588
2025-09,2025,≤10 kW,Bel Energy,348.68,88,3.9622727272727274
2025-09,2025,≤10 kW,Canadian Solar,1418.52,248,5.719838709677419
2025-09,2025,≤10 kW,Chint,4274.87,741,5.769055330634278
2025-09,2025,≤10 kW,Deye,29921.21,5280,5.666895833333333
2025-09,2025,≤10 kW,Each Energy,697.14,110,6.3376363636363635
2025-09,2025,≤10 kW,Ecosolys,40.8,13,3.1384615384615384
2025-09,2025,≤10 kW,Elgin,1398.63,255,5.4848235294117655
2025-09,2025,≤10 kW,Emerson,844.59,136,6.210220588235295
2025-09,2025,≤10 kW,Empalux,81.33,13,6.256153846153846
2025-09,2025,≤10 kW,Enphase,596.38,136,4.385147058823529
2025-09,2025,≤10 kW,Foxess,6401.54,1126,5.685204262877442
2025-09,2025,≤10 kW,Fronius,362.32,56,6.47
2025-09,2025,≤10 kW,GE,89.15,15,5.943333333333333
2025-09,2025,≤10 kW,Goodwe,11575.55,2062,5.613748787584869
2025-09,2025,≤10 kW,Growatt,24975.88,4315,5.788152954808806
2025-09,2025,≤10 kW,Hopewind,454.22,66,6.882121212121213
2025-09,2025,≤10 kW,Hoymiles,8572.77,1763,4.862603516732842
2025-09,2025,≤10 kW,Huawei,22540.08,3833,5.880532220193061
2025-09,2025,≤10 kW,Hypontech,601.87,143,4.208881118881119
2025-09,2025,≤10 kW,Ingeteam,40.1,5,8.02
2025-09,2025,≤10 kW,Intelbras,5912.13,1063,5.5617403574788336
2025-09,2025,≤10 kW,Kehua,292.71999999999997,52,5.629230769230769
2025-09,2025,≤10 kW,Komeco,43.95,7,6.278571428571429
2025-09,2025,≤10 kW,Kstar,65.83,15,4.3886666666666665
2025-09,2025,≤10 kW,Livoltek,1992.08,323,6.167430340557275
2025-09,2025,≤10 kW,NEP,1483.41,299,4.96123745819398
2025-09,2025,≤10 kW,Nansen,1611.26,262,6.149847328244275
2025-09,2025,≤10 kW,Nexen,161.37,26,6.206538461538462
2025-09,2025,≤10 kW,Não informado,17193.17,3122,5.507101217168481
2025-09,2025,≤10 kW,Outros,11998.56,2161,5.552318371124479
2025-09,2025,≤10 kW,PHB,3886.52,678,5.732330383480826
2025-09,2025,≤10 kW,Refusol,809.76,140,5.784
2025-09,2025,≤10 kW,Renac,2478.84,435,5.69848275862069
2025-09,2025,≤10 kW,Renovigi,893.67,159,5.620566037735848
2025-09,2025,≤10 kW,SAJ,41182.15,7046,5.844755889866591
2025-09,2025,≤10 kW,SHENZHEN,214.0,38,5.631578947368421
2025-09,2025,≤10 kW,SMA,10.8,3,3.6
2025-09,2025,≤10 kW,SUNWAYS,82.03,16,5.126875
2025-09,2025,≤10 kW,Sofar Solar,19315.02,3387,5.702692648361382
2025-09,2025,≤10 kW,SolarEdge,365.24,62,5.8909677419354844
2025-09,2025,≤10 kW,Solax Power,638.8199999999999,122,5.236229508196721
2025-09,2025,≤10 kW,Solis (Ginlong),29434.06,4847,6.0726346193521765
2025-09,2025,≤10 kW,Solplanet,19715.95,3356,5.874836114421931
2025-09,2025,≤10 kW,Sungrow,12967.03,2118,6.122299338999056
2025-09,2025,≤10 kW,TSUNESS,1086.74,215,5.054604651162791
2025-09,2025,≤10 kW,Tsun,942.38,191,4.93392670157068
2025-09,2025,≤10 kW,WEG,20677.7,4026,5.136040735221063
2025-09,2025,≤10 kW,WEG (Huawei),683.42,93,7.3486021505376335
2025-09,2025,10–20 kW,ABB/FIMER,944.87,61,15.489672131147541
2025-09,2025,10–20 kW,APsystems,271.17,19,14.272105263157895
2025-09,2025,10–20 kW,Auxsol,865.71,59,14.673050847457628
2025-09,2025,10–20 kW,BYD,248.62,17,14.624705882352941
2025-09,2025,10–20 kW,Bedin Solar,425.0,26,16.346153846153847
2025-09,2025,10–20 kW,Bel Energy,143.0,9,15.88888888888889
2025-09,2025,10–20 kW,Canadian Solar,621.76,39,15.942564102564102
2025-09,2025,10–20 kW,Chint,795.8,50,15.915999999999999
2025-09,2025,10–20 kW,Deye,7232.89,494,14.641477732793524
2025-09,2025,10–20 kW,Each Energy,284.7,19,14.984210526315788
2025-09,2025,10–20 kW,Elgin,313.3,21,14.91904761904762
2025-09,2025,10–20 kW,Emerson,136.0,9,15.11111111111111
2025-09,2025,10–20 kW,Empalux,29.0,2,14.5
2025-09,2025,10–20 kW,Enphase,169.12,12,14.093333333333334
2025-09,2025,10–20 kW,Foxess,1737.15,119,14.597899159663866
2025-09,2025,10–20 kW,Fronius,285.7,19,15.036842105263156
2025-09,2025,10–20 kW,GE,32.0,2,16.0
2025-09,2025,10–20 kW,Goodwe,3478.98,231,15.060519480519481
2025-09,2025,10–20 kW,Growatt,7056.49,446,15.821726457399103
2025-09,2025,10–20 kW,Hopewind,116.9,8,14.6125
2025-09,2025,10–20 kW,Hoymiles,1722.46,121,14.235206611570248
2025-09,2025,10–20 kW,Huawei,3451.26,232,14.876120689655174
2025-09,2025,10–20 kW,Hypontech,280.2,20,14.01
2025-09,2025,10–20 kW,Intelbras,1162.78,76,15.299736842105263
2025-09,2025,10–20 kW,Kehua,35.67,3,11.89
2025-09,2025,10–20 kW,Livoltek,240.98,16,15.06125
2025-09,2025,10–20 kW,NEP,408.19,31,13.16741935483871
2025-09,2025,10–20 kW,Nansen,309.27,20,15.4635
2025-09,2025,10–20 kW,Nexen,103.26,8,12.9075
2025-09,2025,10–20 kW,Não informado,4575.54,300,15.2518
2025-09,2025,10–20 kW,Outros,3432.87,225,15.2572
2025-09,2025,10–20 kW,PHB,1012.1800000000001,70,14.459714285714286
2025-09,2025,10–20 kW,Refusol,109.6,7,15.657142857142857
2025-09,2025,10–20 kW,Renac,532.79,43,12.390465116279069
2025-09,2025,10–20 kW,Renovigi,326.01,19,17.158421052631578
2025-09,2025,10–20 kW,SAJ,11050.56,722,15.305484764542935
2025-09,2025,10–20 kW,SHENZHEN,145.0,9,16.11111111111111
2025-09,2025,10–20 kW,Sofar Solar,3730.42,243,15.351522633744857
2025-09,2025,10–20 kW,SolarEdge,111.75999999999999,7,15.965714285714284
2025-09,2025,10–20 kW,Solax Power,84.0,6,14.0
2025-09,2025,10–20 kW,Solis (Ginlong),8967.26,573,15.649668411867365
2025-09,2025,10–20 kW,Solplanet,6884.13,446,15.435269058295964
2025-09,2025,10–20 kW,Sungrow,3551.48,225,15.784355555555555
2025-09,2025,10–20 kW,TSUNESS,316.7,24,13.195833333333333
2025-09,2025,10–20 kW,Tsun,400.02,32,12.500625
2025-09,2025,10–20 kW,WEG,5388.9,384,14.03359375
2025-09,2025,10–20 kW,WEG (Huawei),181.89,12,15.157499999999999
2025-09,2025,20–75 kW,ABB/FIMER,1712.18,49,34.94244897959184
2025-09,2025,20–75 kW,APsystems,383.85,14,27.417857142857144
2025-09,2025,20–75 kW,Auxsol,561.64,15,37.44266666666667
2025-09,2025,20–75 kW,BYD,165.0,4,41.25
2025-09,2025,20–75 kW,Bedin Solar,1620.1,28,57.86071428571428
2025-09,2025,20–75 kW,Bel Energy,261.61,7,37.37285714285714
2025-09,2025,20–75 kW,Canadian Solar,1840.66,43,42.80604651162791
2025-09,2025,20–75 kW,Chint,3285.01,64,51.32828125
2025-09,2025,20–75 kW,Deye,9159.92,234,39.14495726495726
2025-09,2025,20–75 kW,Each Energy,470.0,11,42.72727272727273
2025-09,2025,20–75 kW,Elgin,507.4,12,42.28333333333333
2025-09,2025,20–75 kW,Emerson,57.0,2,28.5
2025-09,2025,20–75 kW,Empalux,115.0,2,57.5
2025-09,2025,20–75 kW,Enphase,353.69,8,44.21125
2025-09,2025,20–75 kW,Foxess,1108.86,30,36.961999999999996
2025-09,2025,20–75 kW,Fronius,467.87,13,35.99
2025-09,2025,20–75 kW,GE,686.29,15,45.75266666666666
2025-09,2025,20–75 kW,Goodwe,3928.12,100,39.2812
2025-09,2025,20–75 kW,Growatt,14843.78,329,45.117872340425535
2025-09,2025,20–75 kW,Hopewind,384.36,9,42.70666666666667
2025-09,2025,20–75 kW,Hoymiles,1095.0,35,31.285714285714285
2025-09,2025,20–75 kW,Huawei,5763.29,133,43.33300751879699
2025-09,2025,20–75 kW,Hypontech,277.3,6,46.21666666666667
2025-09,2025,20–75 kW,Intelbras,1746.24,45,38.80533333333334
2025-09,2025,20–75 kW,Kehua,167.92000000000002,3,55.973333333333336
2025-09,2025,20–75 kW,Komeco,32.0,1,32.0
2025-09,2025,20–75 kW,Kstar,135.0,2,67.5
2025-09,2025,20–75 kW,Livoltek,500.79,13,38.52230769230769
2025-09,2025,20–75 kW,NEP,478.75,14,34.19642857142857
2025-09,2025,20–75 kW,Nansen,534.0,9,59.333333333333336
2025-09,2025,20–75 kW,Nexen,21.0,1,21.0
2025-09,2025,20–75 kW,Não informado,6811.26,173,39.3714450867052
2025-09,2025,20–75 kW,Outros,4988.39,121,41.22636363636364
2025-09,2025,20–75 kW,PHB,1729.1,44,39.29772727272727
2025-09,2025,20–75 kW,Renac,426.5,12,35.541666666666664
2025-09,2025,20–75 kW,Renovigi,538.6,11,48.96363636363637
2025-09,2025,20–75 kW,SAJ,17039.76,421,40.47448931116389
2025-09,2025,20–75 kW,SHENZHEN,772.73,14,55.195
2025-09,2025,20–75 kW,SMA,123.6,2,61.8
2025-09,2025,20–75 kW,SUNWAYS,92.14,2,46.07
2025-09,2025,20–75 kW,Sineng,30.0,1,30.0
2025-09,2025,20–75 kW,Sofar Solar,7259.27,169,42.95426035502959
2025-09,2025,20–75 kW,SolarEdge,1074.98,21,51.18952380952381
2025-09,2025,20–75 kW,Solax Power,48.0,2,24.0
2025-09,2025,20–75 kW,Solis (Ginlong),30335.49,620,48.92820967741936
2025-09,2025,20–75 kW,Solplanet,9230.9,224,41.209375
2025-09,2025,20–75 kW,Sungrow,8984.82,193,46.553471502590675
2025-09,2025,20–75 kW,TSUNESS,206.25,7,29.464285714285715
2025-09,2025,20–75 kW,Tsun,295.92,8,36.99
2025-09,2025,20–75 kW,WEG,15989.26,321,49.81077881619938
2025-09,2025,20–75 kW,WEG (Huawei),73.56,2,36.78
2025-09,2025,75–300 kW,ABB/FIMER,300.0,1,300.0
2025-09,2025,75–300 kW,APsystems,94.0,1,94.0
2025-09,2025,75–300 kW,Auxsol,110.0,1,110.0
2025-09,2025,75–300 kW,Bel Energy,100.0,1,100.0
2025-09,2025,75–300 kW,Canadian Solar,125.0,1,125.0
2025-09,2025,75–300 kW,Deye,1140.0,5,228.0
2025-09,2025,75–300 kW,Elgin,300.0,1,300.0
2025-09,2025,75–300 kW,Goodwe,550.0,2,275.0
2025-09,2025,75–300 kW,Growatt,1066.0,7,152.28571428571428
2025-09,2025,75–300 kW,Hopewind,410.0,2,205.0
2025-09,2025,75–300 kW,Hoymiles,151.2,1,151.2
2025-09,2025,75–300 kW,Huawei,900.0,5,180.0
2025-09,2025,75–300 kW,Não informado,460.0,3,153.33333333333334
2025-09,2025,75–300 kW,Outros,1445.0,8,180.625
2025-09,2025,75–300 kW,Renac,110.0,1,110.0
2025-09,2025,75–300 kW,SAJ,874.2,6,145.70000000000002
2025-09,2025,75–300 kW,SolarEdge,150.0,1,150.0
2025-09,2025,75–300 kW,Solis (Ginlong),2296.0,14,164.0
2025-09,2025,75–300 kW,Solplanet,340.0,3,113.33333333333333
2025-09,2025,75–300 kW,Sungrow,930.0,6,155.0
2025-09,2025,75–300 kW,WEG,1994.0,11,181.27272727272728
2025-09,2025,300 kW–1 MW,Canadian Solar,8000.0,8,1000.0
2025-09,2025,300 kW–1 MW,Deye,1425.0,2,712.5
2025-09,2025,300 kW–1 MW,Growatt,500.0,1,500.0
2025-09,2025,300 kW–1 MW,Huawei,13030.0,16,814.375
2025-09,2025,300 kW–1 MW,SAJ,1700.0,3,566.6666666666666
2025-09,2025,300 kW–1 MW,Solis (Ginlong),3635.0,6,605.8333333333334
2025-09,2025,300 kW–1 MW,Sungrow,13980.0,15,932.0
2025-09,2025,300 kW–1 MW,WEG,2500.0,3,833.3333333333334
2025-09,2025,1–5 MW,Deye,1575.0,1,1575.0
2025-09,2025,1–5 MW,Goodwe,2925.0,1,2925.0
2025-09,2025,1–5 MW,Growatt,1040.0,1,1040.0
2025-09,2025,1–5 MW,Huawei,9900.0,4,2475.0
2025-09,2025,1–5 MW,Renac,1675.0,1,1675.0
2025-09,2025,1–5 MW,SAJ,2500.0,1,2500.0
2025-09,2025,1–5 MW,Solis (Ginlong),2500.0,1,2500.0
2025-09,2025,1–5 MW,Sungrow,14300.0,5,2860.0
2025-10,2025,≤10 kW,ABB/FIMER,11572.57,1840,6.289440217391304
2025-10,2025,≤10 kW,APsystems,1105.29,216,5.117083333333333
2025-10,2025,≤10 kW,Auxsol,7185.4,1238,5.8040387722132465
2025-10,2025,≤10 kW,BYD,341.86,54,6.330740740740741
2025-10,2025,≤10 kW,Bedin Solar,2833.44,495,5.724121212121212
2025-10,2025,≤10 kW,Bel Energy,304.4,70,4.348571428571428
2025-10,2025,≤10 kW,Canadian Solar,2882.55,471,6.120063694267516
2025-10,2025,≤10 kW,Chint,3645.65,635,5.741181102362205
2025-10,2025,≤10 kW,Deye,29019.04,5186,5.595649826455843
2025-10,2025,≤10 kW,Each Energy,478.93,83,5.7702409638554215
2025-10,2025,≤10 kW,Ecosolys,111.59,22,5.072272727272727
2025-10,2025,≤10 kW,Elgin,635.88,112,5.6775
2025-10,2025,≤10 kW,Emerson,1221.75,200,6.10875
2025-10,2025,≤10 kW,Empalux,36.239999999999995,7,5.177142857142856
2025-10,2025,≤10 kW,Enphase,532.65,116,4.591810344827586
2025-10,2025,≤10 kW,Foxess,6650.83,1137,5.8494547053649955
2025-10,2025,≤10 kW,Fronius,1129.77,157,7.195987261146497
2025-10,2025,≤10 kW,GE,104.50999999999999,16,6.531874999999999
2025-10,2025,≤10 kW,Goodwe,8699.22,1568,5.54797193877551
2025-10,2025,≤10 kW,Growatt,24949.07,4400,5.670243181818182
2025-10,2025,≤10 kW,Hopewind,206.75,31,6.669354838709677
2025-10,2025,≤10 kW,Hoymiles,8301.68,1695,4.897746312684366
2025-10,2025,≤10 kW,Huawei,23866.8,4159,5.7385910074537145
2025-10,2025,≤10 kW,Hypontech,436.15,112,3.8941964285714286
2025-10,2025,≤10 kW,Ingeteam,29.0,4,7.25
2025-10,2025,≤10 kW,Intelbras,5902.36,1053,5.605280151946818
2025-10,2025,≤10 kW,Kehua,290.40999999999997,54,5.377962962962962
2025-10,2025,≤10 kW,Komeco,57.2,10,5.720000000000001
2025-10,2025,≤10 kW,Kstar,64.9,14,4.635714285714286
2025-10,2025,≤10 kW,Livoltek,1527.96,243,6.287901234567902
2025-10,2025,≤10 kW,NEP,2240.47,431,5.198306264501159
2025-10,2025,≤10 kW,Nansen,1677.17,283,5.926395759717315
2025-10,2025,≤10 kW,Nexen,172.64,27,6.394074074074074
2025-10,2025,≤10 kW,Não informado,23065.68,4068,5.670029498525074
2025-10,2025,≤10 kW,Outros,7548.31,1366,5.525849194729137
2025-10,2025,≤10 kW,PHB,3845.92,658,5.8448632218844985
2025-10,2025,≤10 kW,Refusol,1121.97,202,5.55430693069307
2025-10,2025,≤10 kW,Renac,2613.92,453,5.770242825607064
2025-10,2025,≤10 kW,Renovigi,907.49,166,5.466807228915663
2025-10,2025,≤10 kW,SAJ,41855.41,7267,5.759654602999863
2025-10,2025,≤10 kW,SHENZHEN,379.68,58,6.546206896551724
2025-10,2025,≤10 kW,SMA,58.41,12,4.8675
2025-10,2025,≤10 kW,SUNWAYS,192.48,34,5.661176470588235
2025-10,2025,≤10 kW,Sineng,6.0,1,6.0
2025-10,2025,≤10 kW,Sofar Solar,22897.26,4002,5.721454272863568
2025-10,2025,≤10 kW,SolarEdge,197.75,30,6.591666666666667
2025-10,2025,≤10 kW,Solax Power,580.36,124,4.680322580645162
2025-10,2025,≤10 kW,Solis (Ginlong),27028.6,4421,6.11368468672246
2025-10,2025,≤10 kW,Solplanet,20330.04,3371,6.030863245327796
2025-10,2025,≤10 kW,Sungrow,14533.0,2480,5.860080645161291
2025-10,2025,≤10 kW,TSUNESS,1249.7,250,4.9988
2025-10,2025,≤10 kW,Tsun,1272.88,258,4.933643410852714
2025-10,2025,≤10 kW,WEG,17452.88,3360,5.194309523809524
2025-10,2025,10–20 kW,ABB/FIMER,3350.79,223,15.025964125560538
2025-10,2025,10–20 kW,APsystems,395.64,27,14.653333333333332
2025-10,2025,10–20 kW,Auxsol,1262.36,83,15.209156626506022
2025-10,2025,10–20 kW,BYD,83.6,6,13.933333333333332
2025-10,2025,10–20 kW,Bedin Solar,473.55,30,15.785
2025-10,2025,10–20 kW,Bel Energy,41.0,3,13.666666666666666
2025-10,2025,10–20 kW,Canadian Solar,806.44,53,15.215849056603775
2025-10,2025,10–20 kW,Chint,661.71,40,16.54275
2025-10,2025,10–20 kW,Deye,6484.76,452,14.346814159292036
2025-10,2025,10–20 kW,Each Energy,115.0,7,16.428571428571427
2025-10,2025,10–20 kW,Ecosolys,48.0,3,16.0
2025-10,2025,10–20 kW,Elgin,394.61,25,15.7844
2025-10,2025,10–20 kW,Emerson,232.25,15,15.483333333333333
2025-10,2025,10–20 kW,Enphase,165.52,13,12.732307692307693
2025-10,2025,10–20 kW,Foxess,1589.04,113,14.062300884955752
2025-10,2025,10–20 kW,Fronius,386.69,27,14.321851851851852
2025-10,2025,10–20 kW,GE,36.72,2,18.36
2025-10,2025,10–20 kW,Goodwe,2215.34,151,14.67112582781457
2025-10,2025,10–20 kW,Growatt,6319.92,405,15.604740740740741
2025-10,2025,10–20 kW,Hopewind,131.3,9,14.58888888888889
2025-10,2025,10–20 kW,Hoymiles,1741.74,121,14.394545454545455
2025-10,2025,10–20 kW,Huawei,4002.23,265,15.102754716981131
2025-10,2025,10–20 kW,Hypontech,123.61,9,13.734444444444444
2025-10,2025,10–20 kW,Ingeteam,15.0,1,15.0
2025-10,2025,10–20 kW,Intelbras,1364.37,90,15.159666666666665
2025-10,2025,10–20 kW,Kehua,194.82,12,16.235
2025-10,2025,10–20 kW,Komeco,16.0,1,16.0
2025-10,2025,10–20 kW,Kstar,15.0,1,15.0
2025-10,2025,10–20 kW,Livoltek,150.91,11,13.719090909090909
2025-10,2025,10–20 kW,NEP,540.25,41,13.176829268292684
2025-10,2025,10–20 kW,Nansen,239.11,16,14.944375
2025-10,2025,10–20 kW,Nexen,106.9,7,15.271428571428572
2025-10,2025,10–20 kW,Não informado,5721.05,376,15.215558510638298
2025-10,2025,10–20 kW,Outros,1438.48,98,14.678367346938776
2025-10,2025,10–20 kW,PHB,1041.29,67,15.541641791044775
2025-10,2025,10–20 kW,Refusol,415.71,27,15.396666666666667
2025-10,2025,10–20 kW,Renac,490.56,40,12.264
2025-10,2025,10–20 kW,Renovigi,216.2,14,15.442857142857141
2025-10,2025,10–20 kW,SAJ,11281.38,730,15.453945205479451
2025-10,2025,10–20 kW,SHENZHEN,154.0,10,15.4
2025-10,2025,10–20 kW,SMA,31.0,2,15.5
2025-10,2025,10–20 kW,SUNWAYS,12.0,1,12.0
2025-10,2025,10–20 kW,Sineng,17.85,1,17.85
2025-10,2025,10–20 kW,Sofar Solar,3423.47,222,15.421036036036035
2025-10,2025,10–20 kW,SolarEdge,119.03999999999999,8,14.879999999999999
2025-10,2025,10–20 kW,Solax Power,122.4,10,12.24
2025-10,2025,10–20 kW,Solis (Ginlong),7744.19,488,15.869241803278687
2025-10,2025,10–20 kW,Solplanet,6763.23,433,15.6194688221709
2025-10,2025,10–20 kW,Sungrow,3629.64,235,15.44527659574468
2025-10,2025,10–20 kW,TSUNESS,199.73,15,13.315333333333333
2025-10,2025,10–20 kW,Tsun,328.64,23,14.288695652173912
2025-10,2025,10–20 kW,WEG,4634.1,333,13.916216216216217
2025-10,2025,20–75 kW,ABB/FIMER,4310.29,116,37.1576724137931
2025-10,2025,20–75 kW,APsystems,678.58,16,42.41125
2025-10,2025,20–75 kW,Auxsol,1010.96,30,33.69866666666667
2025-10,2025,20–75 kW,BYD,105.0,2,52.5
2025-10,2025,20–75 kW,Bedin Solar,1590.0,29,54.827586206896555
2025-10,2025,20–75 kW,Bel Energy,50.0,2,25.0
2025-10,2025,20–75 kW,Canadian Solar,2280.8,40,57.02
2025-10,2025,20–75 kW,Chint,2505.5,51,49.127450980392155
2025-10,2025,20–75 kW,Deye,7906.5,198,39.93181818181818
2025-10,2025,20–75 kW,Each Energy,160.0,4,40.0
2025-10,2025,20–75 kW,Elgin,806.5,16,50.40625
2025-10,2025,20–75 kW,Emerson,386.0,10,38.6
2025-10,2025,20–75 kW,Empalux,162.12,3,54.04
2025-10,2025,20–75 kW,Enphase,635.3,12,52.94166666666666
2025-10,2025,20–75 kW,Foxess,1124.3,35,32.12285714285714
2025-10,2025,20–75 kW,Fronius,1868.78,36,51.910555555555554
2025-10,2025,20–75 kW,GE,309.05,7,44.15
2025-10,2025,20–75 kW,Goodwe,3266.91,86,37.987325581395346
2025-10,2025,20–75 kW,Growatt,14239.65,323,44.08560371517028
2025-10,2025,20–75 kW,Hopewind,326.4,8,40.8
2025-10,2025,20–75 kW,Hoymiles,1007.44,27,37.312592592592594
2025-10,2025,20–75 kW,Huawei,7421.22,154,48.18974025974026
2025-10,2025,20–75 kW,Hypontech,666.0,15,44.4
2025-10,2025,20–75 kW,Ingeteam,24.0,1,24.0
2025-10,2025,20–75 kW,Intelbras,1168.1,26,44.926923076923075
2025-10,2025,20–75 kW,Kehua,214.0,7,30.571428571428573
2025-10,2025,20–75 kW,Komeco,44.0,1,44.0
2025-10,2025,20–75 kW,Kstar,131.0,3,43.666666666666664
2025-10,2025,20–75 kW,Livoltek,515.0,13,39.61538461538461
2025-10,2025,20–75 kW,NEP,970.8,27,35.955555555555556
2025-10,2025,20–75 kW,Nansen,256.0,8,32.0
2025-10,2025,20–75 kW,Nexen,65.0,2,32.5
2025-10,2025,20–75 kW,Não informado,8896.43,223,39.89430493273543
2025-10,2025,20–75 kW,Outros,6295.01,114,55.219385964912284
2025-10,2025,20–75 kW,PHB,2252.4,57,39.515789473684215
2025-10,2025,20–75 kW,Refusol,89.6,3,29.866666666666664
2025-10,2025,20–75 kW,Renac,574.4,14,41.028571428571425
2025-10,2025,20–75 kW,Renovigi,341.97,7,48.85285714285715
2025-10,2025,20–75 kW,SAJ,18134.51,451,40.20955654101995
2025-10,2025,20–75 kW,SHENZHEN,1691.0,28,60.392857142857146
2025-10,2025,20–75 kW,SMA,160.0,3,53.333333333333336
2025-10,2025,20–75 kW,SUNWAYS,96.82,2,48.41
2025-10,2025,20–75 kW,Sofar Solar,8570.61,179,47.880502793296095
2025-10,2025,20–75 kW,SolarEdge,752.17,18,41.78722222222222
2025-10,2025,20–75 kW,Solis (Ginlong),23560.99,482,48.88172199170125
2025-10,2025,20–75 kW,Solplanet,10659.5,257,41.476653696498055
2025-10,2025,20–75 kW,Sungrow,9215.43,202,45.620940594059405
2025-10,2025,20–75 kW,TSUNESS,235.25,7,33.607142857142854
2025-10,2025,20–75 kW,Tsun,220.25,6,36.708333333333336
2025-10,2025,20–75 kW,WEG,13053.37,277,47.12407942238267
2025-10,2025,75–300 kW,ABB/FIMER,680.0,6,113.33333333333333
2025-10,2025,75–300 kW,APsystems,96.0,1,96.0
2025-10,2025,75–300 kW,Auxsol,300.0,1,300.0
2025-10,2025,75–300 kW,Bedin Solar,300.0,1,300.0
2025-10,2025,75–300 kW,Bel Energy,500.0,2,250.0
2025-10,2025,75–300 kW,Canadian Solar,4193.0,39,107.51282051282051
2025-10,2025,75–300 kW,Chint,300.0,1,300.0
2025-10,2025,75–300 kW,Deye,250.0,1,250.0
2025-10,2025,75–300 kW,Ecosolys,98.0,1,98.0
2025-10,2025,75–300 kW,Empalux,420.0,2,210.0
2025-10,2025,75–300 kW,Fronius,483.0,4,120.75
2025-10,2025,75–300 kW,Goodwe,205.0,2,102.5
2025-10,2025,75–300 kW,Growatt,1246.51,7,178.07285714285715
2025-10,2025,75–300 kW,Huawei,632.0,5,126.4
2025-10,2025,75–300 kW,Não informado,1018.5,6,169.75
2025-10,2025,75–300 kW,Outros,1305.0,12,108.75
2025-10,2025,75–300 kW,PHB,173.0,2,86.5
2025-10,2025,75–300 kW,SAJ,2180.0,12,181.66666666666666
2025-10,2025,75–300 kW,Sofar Solar,424.9,4,106.225
2025-10,2025,75–300 kW,SolarEdge,300.0,1,300.0
2025-10,2025,75–300 kW,Solis (Ginlong),2401.0,13,184.69230769230768
2025-10,2025,75–300 kW,Solplanet,918.3,5,183.66
2025-10,2025,75–300 kW,Sungrow,2369.0,12,197.41666666666666
2025-10,2025,75–300 kW,WEG,2438.0,15,162.53333333333333
2025-10,2025,300 kW–1 MW,ABB/FIMER,4499.0,5,899.8
2025-10,2025,300 kW–1 MW,APsystems,1337.0,2,668.5
2025-10,2025,300 kW–1 MW,Canadian Solar,11005.0,13,846.5384615384615
2025-10,2025,300 kW–1 MW,Deye,1425.0,2,712.5
2025-10,2025,300 kW–1 MW,Ecosolys,915.0,1,915.0
2025-10,2025,300 kW–1 MW,Foxess,1265.0,2,632.5
2025-10,2025,300 kW–1 MW,Fronius,1266.0,2,633.0
2025-10,2025,300 kW–1 MW,Goodwe,5928.0,6,988.0
2025-10,2025,300 kW–1 MW,Growatt,1827.0,3,609.0
2025-10,2025,300 kW–1 MW,Huawei,31098.25,36,863.8402777777778
2025-10,2025,300 kW–1 MW,NEP,936.0,1,936.0
2025-10,2025,300 kW–1 MW,Não informado,3270.0,4,817.5
2025-10,2025,300 kW–1 MW,Outros,6449.0,11,586.2727272727273
2025-10,2025,300 kW–1 MW,PHB,1580.0,2,790.0
2025-10,2025,300 kW–1 MW,SAJ,8687.0,13,668.2307692307693
2025-10,2025,300 kW–1 MW,SHENZHEN,777.0,1,777.0
2025-10,2025,300 kW–1 MW,Sofar Solar,6055.0,8,756.875
2025-10,2025,300 kW–1 MW,Solis (Ginlong),6399.38,9,711.0422222222222
2025-10,2025,300 kW–1 MW,Solplanet,488.0,1,488.0
2025-10,2025,300 kW–1 MW,Sungrow,20371.0,23,885.695652173913
2025-10,2025,300 kW–1 MW,WEG,1300.0,2,650.0
2025-10,2025,300 kW–1 MW,WEG (Huawei),900.0,1,900.0
2025-10,2025,1–5 MW,Canadian Solar,2775.0,1,2775.0
2025-10,2025,1–5 MW,Deye,2875.0,1,2875.0
2025-10,2025,1–5 MW,Foxess,4240.0,1,4240.0
2025-10,2025,1–5 MW,Fronius,1112.0,1,1112.0
2025-10,2025,1–5 MW,Huawei,12650.0,5,2530.0
2025-10,2025,1–5 MW,NEP,1170.0,1,1170.0
2025-10,2025,1–5 MW,Outros,4025.0,1,4025.0
2025-10,2025,1–5 MW,PHB,1807.0,1,1807.0
2025-10,2025,1–5 MW,Renovigi,1675.0,1,1675.0
2025-10,2025,1–5 MW,SAJ,11105.0,3,3701.6666666666665
2025-10,2025,1–5 MW,Solplanet,4800.0,1,4800.0
2025-10,2025,1–5 MW,Sungrow,4500.0,2,2250.0
2025-10,2025,1–5 MW,TSUNESS,1260.0,1,1260.0
2025-10,2025,1–5 MW,WEG,2320.0,1,2320.0
2025-11,2025,≤10 kW,ABB/FIMER,427.67,77,5.5541558441558445
2025-11,2025,≤10 kW,APsystems,1220.77,280,4.3598928571428575
2025-11,2025,≤10 kW,Auxsol,11243.19,2000,5.621595
2025-11,2025,≤10 kW,B&B POWER,4.35,1,4.35
2025-11,2025,≤10 kW,BYD,276.56,40,6.914
2025-11,2025,≤10 kW,Bedin Solar,2457.15,426,5.767957746478873
2025-11,2025,≤10 kW,Bel Energy,309.26,65,4.757846153846153
2025-11,2025,≤10 kW,Canadian Solar,1833.78,328,5.590792682926829
2025-11,2025,≤10 kW,Chint,3175.42,544,5.837169117647059
2025-11,2025,≤10 kW,Deye,30392.39,5412,5.615740946045824
2025-11,2025,≤10 kW,Each Energy,761.07,129,5.899767441860465
2025-11,2025,≤10 kW,Ecosolys,25.7,5,5.14
2025-11,2025,≤10 kW,Elgin,472.13,83,5.688313253012048
2025-11,2025,≤10 kW,Emerson,691.0,109,6.339449541284404
2025-11,2025,≤10 kW,Empalux,44.97,6,7.495
2025-11,2025,≤10 kW,Enphase,384.03000000000003,100,3.8403000000000005
2025-11,2025,≤10 kW,Foxess,6395.04,1102,5.8031215970961885
2025-11,2025,≤10 kW,Fronius,315.09,53,5.945094339622641
2025-11,2025,≤10 kW,GE,97.76,13,7.5200000000000005
2025-11,2025,≤10 kW,Goodwe,11928.89,2155,5.535447795823665
2025-11,2025,≤10 kW,Growatt,25233.9,4459,5.659093967257233
2025-11,2025,≤10 kW,Hopewind,284.38,41,6.936097560975609
2025-11,2025,≤10 kW,Hoymiles,8528.76,1631,5.229160024524831
2025-11,2025,≤10 kW,Huawei,24844.82,4286,5.7967382174521696
2025-11,2025,≤10 kW,Hypontech,440.18,85,5.178588235294118
2025-11,2025,≤10 kW,Ingeteam,26.6,5,5.32
2025-11,2025,≤10 kW,Intelbras,5929.93,1077,5.5059702878365835
2025-11,2025,≤10 kW,Kehua,357.21,63,5.67
2025-11,2025,≤10 kW,Komeco,33.6,6,5.6000000000000005
2025-11,2025,≤10 kW,Kstar,22.0,5,4.4
2025-11,2025,≤10 kW,Livoltek,1554.84,249,6.24433734939759
2025-11,2025,≤10 kW,NEP,2509.43,490,5.1212857142857136
2025-11,2025,≤10 kW,Nansen,2229.03,372,5.992016129032258
2025-11,2025,≤10 kW,Nexen,433.24,74,5.8545945945945945
2025-11,2025,≤10 kW,Não informado,18984.149999999998,3369,5.634951024042742
2025-11,2025,≤10 kW,Outros,5986.67,1118,5.3548032200357785
2025-11,2025,≤10 kW,PHB,4550.69,797,5.709774153074027
2025-11,2025,≤10 kW,Refusol,113.06,23,4.915652173913044
2025-11,2025,≤10 kW,Renac,2982.19,505,5.9053267326732675
2025-11,2025,≤10 kW,Renovigi,749.44,147,5.098231292517007
2025-11,2025,≤10 kW,SAJ,52081.14,8886,5.86103308575287
2025-11,2025,≤10 kW,SHENZHEN,99.68,13,7.667692307692308
2025-11,2025,≤10 kW,SMA,35.75,6,5.958333333333333
2025-11,2025,≤10 kW,SUNWAYS,159.6,31,5.148387096774194
2025-11,2025,≤10 kW,Sineng,5.0,1,5.0
2025-11,2025,≤10 kW,Sofar Solar,25125.74,4404,5.705208900999092
2025-11,2025,≤10 kW,SolarEdge,183.31,32,5.7284375
2025-11,2025,≤10 kW,Solax Power,546.13,109,5.0103669724770645
2025-11,2025,≤10 kW,Solis (Ginlong),28050.76,4624,6.0663408304498265
2025-11,2025,≤10 kW,Solplanet,21591.59,3605,5.989345353675451
2025-11,2025,≤10 kW,Sungrow,16565.53,2859,5.794169289961524
2025-11,2025,≤10 kW,TSUNESS,1320.75,261,5.060344827586207
2025-11,2025,≤10 kW,Tsun,1680.53,334,5.0315269461077845
2025-11,2025,≤10 kW,WEG,21170.89,4101,5.162372592050719
2025-11,2025,≤10 kW,WEG (Huawei),1744.1399999999999,238,7.328319327731092
2025-11,2025,10–20 kW,ABB/FIMER,58.019999999999996,4,14.504999999999999
2025-11,2025,10–20 kW,APsystems,265.95,20,13.2975
2025-11,2025,10–20 kW,Auxsol,1590.6,105,15.148571428571428
2025-11,2025,10–20 kW,BYD,136.44,9,15.16
2025-11,2025,10–20 kW,Bedin Solar,301.7,19,15.878947368421052
2025-11,2025,10–20 kW,Bel Energy,44.6,3,14.866666666666667
2025-11,2025,10–20 kW,Canadian Solar,222.5,14,15.892857142857142
2025-11,2025,10–20 kW,Chint,602.19,39,15.440769230769233
2025-11,2025,10–20 kW,Deye,6799.55,486,13.990843621399177
2025-11,2025,10–20 kW,Each Energy,280.0,17,16.470588235294116
2025-11,2025,10–20 kW,Elgin,76.75,6,12.791666666666666
2025-11,2025,10–20 kW,Emerson,160.0,10,16.0
2025-11,2025,10–20 kW,Empalux,70.5,4,17.625
2025-11,2025,10–20 kW,Enphase,145.55,11,13.231818181818182
2025-11,2025,10–20 kW,Foxess,1601.81,111,14.43072072072072
2025-11,2025,10–20 kW,Fronius,235.23,15,15.681999999999999
2025-11,2025,10–20 kW,GE,58.839999999999996,4,14.709999999999999
2025-11,2025,10–20 kW,Goodwe,3135.2,214,14.650467289719625
2025-11,2025,10–20 kW,Growatt,6615.94,422,15.677582938388625
2025-11,2025,10–20 kW,Hopewind,98.0,6,16.333333333333332
2025-11,2025,10–20 kW,Hoymiles,2052.39,144,14.252708333333333
2025-11,2025,10–20 kW,Huawei,3562.74,241,14.783153526970953
2025-11,2025,10–20 kW,Hypontech,117.37,8,14.67125
2025-11,2025,10–20 kW,Intelbras,931.71,63,14.78904761904762
2025-11,2025,10–20 kW,Kehua,106.0,7,15.142857142857142
2025-11,2025,10–20 kW,Komeco,25.0,2,12.5
2025-11,2025,10–20 kW,Livoltek,371.74,26,14.297692307692309
2025-11,2025,10–20 kW,NEP,612.56,45,13.612444444444444
2025-11,2025,10–20 kW,Nansen,287.82,18,15.99
2025-11,2025,10–20 kW,Nexen,113.36,8,14.17
2025-11,2025,10–20 kW,Não informado,4714.61,308,15.307175324675324
2025-11,2025,10–20 kW,Outros,1044.92,72,14.512777777777778
2025-11,2025,10–20 kW,PHB,1201.84,79,15.213164556962024
2025-11,2025,10–20 kW,Refusol,47.0,3,15.666666666666666
2025-11,2025,10–20 kW,Renac,560.96,45,12.46577777777778
2025-11,2025,10–20 kW,Renovigi,287.32,18,15.962222222222222
2025-11,2025,10–20 kW,SAJ,11719.39,774,15.141330749354005
2025-11,2025,10–20 kW,SHENZHEN,206.0,13,15.846153846153847
2025-11,2025,10–20 kW,Sofar Solar,3458.12,222,15.577117117117117
2025-11,2025,10–20 kW,SolarEdge,190.62,12,15.885
2025-11,2025,10–20 kW,Solax Power,126.49000000000001,9,14.054444444444446
2025-11,2025,10–20 kW,Solis (Ginlong),7823.67,498,15.710180722891566
2025-11,2025,10–20 kW,Solplanet,6484.97,407,15.933587223587224
2025-11,2025,10–20 kW,Sungrow,3557.34,230,15.466695652173915
2025-11,2025,10–20 kW,TSUNESS,305.75,23,13.293478260869565
2025-11,2025,10–20 kW,Tsun,404.14,29,13.935862068965516
2025-11,2025,10–20 kW,WEG,4991.97,348,14.344741379310346
2025-11,2025,10–20 kW,WEG (Huawei),291.87,19,15.361578947368422
2025-11,2025,20–75 kW,ABB/FIMER,129.0,4,32.25
2025-11,2025,20–75 kW,APsystems,402.4,12,33.53333333333333
2025-11,2025,20–75 kW,Auxsol,1168.33,30,38.94433333333333
2025-11,2025,20–75 kW,BYD,293.64,8,36.705
2025-11,2025,20–75 kW,Bedin Solar,987.0,22,44.86363636363637
2025-11,2025,20–75 kW,Bel Energy,97.30000000000001,3,32.43333333333334
2025-11,2025,20–75 kW,Canadian Solar,1225.48,27,45.38814814814815
2025-11,2025,20–75 kW,Chint,2191.03,47,46.61765957446809
2025-11,2025,20–75 kW,Deye,4726.48,137,34.49985401459854
2025-11,2025,20–75 kW,Each Energy,172.0,5,34.4
2025-11,2025,20–75 kW,Elgin,697.0,15,46.46666666666667
2025-11,2025,20–75 kW,Emerson,277.0,8,34.625
2025-11,2025,20–75 kW,Enphase,323.6,7,46.228571428571435
2025-11,2025,20–75 kW,Foxess,1100.86,29,37.96068965517241
2025-11,2025,20–75 kW,Fronius,796.27,19,41.90894736842105
2025-11,2025,20–75 kW,GE,257.76,7,36.82285714285714
2025-11,2025,20–75 kW,Goodwe,3960.49,96,41.25510416666666
2025-11,2025,20–75 kW,Growatt,13991.35,310,45.13338709677419
2025-11,2025,20–75 kW,Hopewind,246.0,5,49.2
2025-11,2025,20–75 kW,Hoymiles,1343.44,49,27.41714285714286
2025-11,2025,20–75 kW,Huawei,4482.93,99,45.28212121212122
2025-11,2025,20–75 kW,Hypontech,492.81,13,37.90846153846154
2025-11,2025,20–75 kW,Ingeteam,53.0,1,53.0
2025-11,2025,20–75 kW,Intelbras,1464.21,33,44.370000000000005
2025-11,2025,20–75 kW,Kehua,153.0,3,51.0
2025-11,2025,20–75 kW,Komeco,74.0,1,74.0
2025-11,2025,20–75 kW,Livoltek,478.54,12,39.87833333333334
2025-11,2025,20–75 kW,NEP,486.97,16,30.435625
2025-11,2025,20–75 kW,Nansen,661.83,18,36.76833333333334
2025-11,2025,20–75 kW,Nexen,23.4,1,23.4
2025-11,2025,20–75 kW,Não informado,5430.47,144,37.711597222222224
2025-11,2025,20–75 kW,Outros,2258.42,54,41.82259259259259
2025-11,2025,20–75 kW,PHB,2068.52,51,40.55921568627451
2025-11,2025,20–75 kW,Refusol,37.0,1,37.0
2025-11,2025,20–75 kW,Renac,398.0,9,44.22222222222222
2025-11,2025,20–75 kW,Renovigi,120.0,3,40.0
2025-11,2025,20–75 kW,SAJ,17311.1,427,40.54121779859484
2025-11,2025,20–75 kW,SHENZHEN,1446.0,26,55.61538461538461
2025-11,2025,20–75 kW,SMA,23.0,1,23.0
2025-11,2025,20–75 kW,SUNWAYS,30.0,1,30.0
2025-11,2025,20–75 kW,Sineng,23.31,1,23.31
2025-11,2025,20–75 kW,Sofar Solar,6723.41,153,43.943856209150326
2025-11,2025,20–75 kW,SolarEdge,496.73,12,41.39416666666667
2025-11,2025,20–75 kW,Solax Power,101.94,2,50.97
2025-11,2025,20–75 kW,Solis (Ginlong),23923.73,500,47.84746
2025-11,2025,20–75 kW,Solplanet,7160.43,186,38.49693548387097
2025-11,2025,20–75 kW,Sungrow,10376.45,216,48.03912037037038
2025-11,2025,20–75 kW,TSUNESS,148.75,4,37.1875
2025-11,2025,20–75 kW,Tsun,403.75,13,31.057692307692307
2025-11,2025,20–75 kW,WEG,11060.95,249,44.4214859437751
2025-11,2025,20–75 kW,WEG (Huawei),47.5,2,23.75
2025-11,2025,75–300 kW,Canadian Solar,690.4,4,172.6
2025-11,2025,75–300 kW,Chint,160.0,1,160.0
2025-11,2025,75–300 kW,Deye,785.0,4,196.25
2025-11,2025,75–300 kW,Foxess,80.0,1,80.0
2025-11,2025,75–300 kW,Fronius,147.0,1,147.0
2025-11,2025,75–300 kW,Goodwe,120.0,1,120.0
2025-11,2025,75–300 kW,Growatt,1060.0,5,212.0
2025-11,2025,75–300 kW,Hopewind,300.0,3,100.0
2025-11,2025,75–300 kW,Huawei,201.91,2,100.955
2025-11,2025,75–300 kW,Intelbras,412.5,3,137.5
2025-11,2025,75–300 kW,Livoltek,180.0,1,180.0
2025-11,2025,75–300 kW,Não informado,90.0,1,90.0
2025-11,2025,75–300 kW,Outros,100.0,1,100.0
2025-11,2025,75–300 kW,SAJ,436.0,3,145.33333333333334
2025-11,2025,75–300 kW,Sofar Solar,100.0,1,100.0
2025-11,2025,75–300 kW,Solis (Ginlong),2540.2,12,211.6833333333333
2025-11,2025,75–300 kW,Sungrow,4290.0,17,252.35294117647058
2025-11,2025,75–300 kW,TSUNESS,250.0,1,250.0
2025-11,2025,75–300 kW,WEG,2285.0,13,175.76923076923077
2025-11,2025,300 kW–1 MW,Bedin Solar,488.0,1,488.0
2025-11,2025,300 kW–1 MW,Canadian Solar,4000.0,4,1000.0
2025-11,2025,300 kW–1 MW,Growatt,1000.0,1,1000.0
2025-11,2025,300 kW–1 MW,Huawei,29845.0,35,852.7142857142857
2025-11,2025,300 kW–1 MW,Kehua,600.0,1,600.0
2025-11,2025,300 kW–1 MW,Nexen,708.0,1,708.0
2025-11,2025,300 kW–1 MW,SAJ,999.98,2,499.99
2025-11,2025,300 kW–1 MW,Solis (Ginlong),1460.0,2,730.0
2025-11,2025,300 kW–1 MW,Sungrow,17226.38,19,906.6515789473684
2025-11,2025,300 kW–1 MW,WEG,2001.0,3,667.0
2025-11,2025,1–5 MW,Canadian Solar,3000.0,1,3000.0
2025-11,2025,1–5 MW,Foxess,5000.0,1,5000.0
2025-11,2025,1–5 MW,Hoymiles,5425.0,2,2712.5
2025-11,2025,1–5 MW,Huawei,15000.0,4,3750.0
2025-11,2025,1–5 MW,Nansen,10000.0,2,5000.0
2025-11,2025,1–5 MW,SAJ,4095.0,1,4095.0
2025-11,2025,1–5 MW,SMA,2400.0,1,2400.0
2025-11,2025,1–5 MW,Sungrow,7375.0,3,2458.3333333333335
2025-11,2025,1–5 MW,WEG,1700.0,1,1700.0
2025-12,2025,≤10 kW,ABB/FIMER,88.56,20,4.428
2025-12,2025,≤10 kW,APsystems,1396.93,269,5.1930483271375465
2025-12,2025,≤10 kW,Auxsol,16154.960000000001,2724,5.930602055800294
2025-12,2025,≤10 kW,BYD,244.45,36,6.790277777777778
2025-12,2025,≤10 kW,Bedin Solar,2523.7,426,5.924178403755868
2025-12,2025,≤10 kW,Bel Energy,393.58,80,4.91975
2025-12,2025,≤10 kW,Canadian Solar,1548.22,267,5.7985767790262175
2025-12,2025,≤10 kW,Chint,3533.15,604,5.849586092715232
2025-12,2025,≤10 kW,Deye,29750.16,5379,5.53079754601227
2025-12,2025,≤10 kW,Each Energy,705.13,111,6.352522522522523
2025-12,2025,≤10 kW,Ecosolys,92.3,16,5.76875
2025-12,2025,≤10 kW,Elgin,507.77,87,5.836436781609195
2025-12,2025,≤10 kW,Emerson,349.0,54,6.462962962962963
2025-12,2025,≤10 kW,Empalux,86.14,14,6.152857142857143
2025-12,2025,≤10 kW,Enphase,200.97,48,4.186875
2025-12,2025,≤10 kW,Foxess,6058.51,1095,5.532885844748859
2025-12,2025,≤10 kW,Fronius,362.7,56,6.476785714285714
2025-12,2025,≤10 kW,GE,101.61,14,7.257857142857143
2025-12,2025,≤10 kW,Goodwe,13788.84,2508,5.4979425837320575
2025-12,2025,≤10 kW,Growatt,27392.25,4764,5.749842569269521
2025-12,2025,≤10 kW,Hopewind,327.93,51,6.43
2025-12,2025,≤10 kW,Hoymiles,8771.07,1723,5.0905803830528145
2025-12,2025,≤10 kW,Huawei,27509.81,4718,5.830820262823231
2025-12,2025,≤10 kW,Hypontech,747.87,213,3.5111267605633802
2025-12,2025,≤10 kW,Ingeteam,50.2,12,4.183333333333334
2025-12,2025,≤10 kW,Intelbras,6102.44,1124,5.429217081850534
2025-12,2025,≤10 kW,Kehua,880.04,142,6.197464788732394
2025-12,2025,≤10 kW,Komeco,74.95,14,5.353571428571429
2025-12,2025,≤10 kW,Kstar,62.6,15,4.173333333333334
2025-12,2025,≤10 kW,Livoltek,2219.21,386,5.749248704663213
2025-12,2025,≤10 kW,NEP,2721.98,532,5.116503759398496
2025-12,2025,≤10 kW,Nansen,2243.63,388,5.782551546391753
2025-12,2025,≤10 kW,Nexen,304.69,52,5.859423076923077
2025-12,2025,≤10 kW,Não informado,25373.15,4681,5.420455030976288
2025-12,2025,≤10 kW,Outros,7599.85,1385,5.487256317689531
2025-12,2025,≤10 kW,PHB,4571.34,775,5.898503225806452
2025-12,2025,≤10 kW,Refusol,61.77,13,4.751538461538462
2025-12,2025,≤10 kW,Renac,3991.78,674,5.922522255192878
2025-12,2025,≤10 kW,Renovigi,1093.68,190,5.7562105263157894
2025-12,2025,≤10 kW,SAJ,60177.39,10308,5.837930733410943
2025-12,2025,≤10 kW,SHENZHEN,68.77,10,6.877
2025-12,2025,≤10 kW,SMA,88.34,16,5.52125
2025-12,2025,≤10 kW,SUNWAYS,143.93,27,5.330740740740741
2025-12,2025,≤10 kW,Sineng,19.0,3,6.333333333333333
2025-12,2025,≤10 kW,Sofar Solar,26486.64,4654,5.691155994843146
2025-12,2025,≤10 kW,SolarEdge,198.92,34,5.850588235294118
2025-12,2025,≤10 kW,Solax Power,766.27,149,5.142751677852349
2025-12,2025,≤10 kW,Solis (Ginlong),26579.09,4483,5.928862368949364
2025-12,2025,≤10 kW,Solplanet,34160.91,5695,5.998403863037753
2025-12,2025,≤10 kW,Sungrow,19056.09,3316,5.746709891435464
2025-12,2025,≤10 kW,TSUNESS,436.95,82,5.328658536585365
2025-12,2025,≤10 kW,Tsun,2964.32,575,5.155339130434783
2025-12,2025,≤10 kW,WEG,22260.32,4176,5.330536398467433
2025-12,2025,≤10 kW,WEG (Huawei),224.64999999999998,31,7.2467741935483865
2025-12,2025,10–20 kW,ABB/FIMER,46.42,3,15.473333333333334
2025-12,2025,10–20 kW,APsystems,399.0,29,13.758620689655173
2025-12,2025,10–20 kW,Auxsol,2372.74,157,15.112993630573246
2025-12,2025,10–20 kW,BYD,124.8,7,17.82857142857143
2025-12,2025,10–20 kW,Bedin Solar,343.01,22,15.591363636363637
2025-12,2025,10–20 kW,Bel Energy,108.7,8,13.5875
2025-12,2025,10–20 kW,Canadian Solar,458.82,32,14.338125
2025-12,2025,10–20 kW,Chint,807.09,50,16.1418
2025-12,2025,10–20 kW,Deye,7749.45,570,13.595526315789474
2025-12,2025,10–20 kW,Each Energy,48.42,3,16.14
2025-12,2025,10–20 kW,Ecosolys,11.0,1,11.0
2025-12,2025,10–20 kW,Elgin,298.2,19,15.694736842105263
2025-12,2025,10–20 kW,Emerson,59.0,4,14.75
2025-12,2025,10–20 kW,Empalux,31.5,2,15.75
2025-12,2025,10–20 kW,Enphase,500.89,41,12.216829268292683
2025-12,2025,10–20 kW,Foxess,1915.1,148,12.939864864864864
2025-12,2025,10–20 kW,Fronius,430.95,32,13.4671875
2025-12,2025,10–20 kW,GE,96.0,6,16.0
2025-12,2025,10–20 kW,Goodwe,2893.55,194,14.915206185567012
2025-12,2025,10–20 kW,Growatt,7029.68,475,14.799326315789473
2025-12,2025,10–20 kW,Hopewind,15.0,1,15.0
2025-12,2025,10–20 kW,Hoymiles,2121.45,161,13.17670807453416
2025-12,2025,10–20 kW,Huawei,4666.19,309,15.10093851132686
2025-12,2025,10–20 kW,Hypontech,194.0,14,13.857142857142858
2025-12,2025,10–20 kW,Intelbras,1518.45,112,13.557589285714286
2025-12,2025,10–20 kW,Kehua,165.46,12,13.788333333333334
2025-12,2025,10–20 kW,Komeco,50.0,3,16.666666666666668
2025-12,2025,10–20 kW,Kstar,14.7,1,14.7
2025-12,2025,10–20 kW,Livoltek,282.71,19,14.879473684210526
2025-12,2025,10–20 kW,NEP,949.57,76,12.494342105263158
2025-12,2025,10–20 kW,Nansen,451.24,29,15.56
2025-12,2025,10–20 kW,Nexen,138.3,10,13.830000000000002
2025-12,2025,10–20 kW,Não informado,5576.76,373,14.951099195710457
2025-12,2025,10–20 kW,Outros,1572.16,107,14.693084112149533
2025-12,2025,10–20 kW,PHB,1254.49,83,15.11433734939759
2025-12,2025,10–20 kW,Refusol,32.6,3,10.866666666666667
2025-12,2025,10–20 kW,Renac,732.51,58,12.62948275862069
2025-12,2025,10–20 kW,Renovigi,198.7,13,15.284615384615384
2025-12,2025,10–20 kW,SAJ,13606.93,918,14.822363834422658
2025-12,2025,10–20 kW,SHENZHEN,129.0,8,16.125
2025-12,2025,10–20 kW,SMA,44.5,3,14.833333333333334
2025-12,2025,10–20 kW,SUNWAYS,24.0,2,12.0
2025-12,2025,10–20 kW,Sofar Solar,3640.37,243,14.980946502057613
2025-12,2025,10–20 kW,SolarEdge,114.66,8,14.3325
2025-12,2025,10–20 kW,Solax Power,239.9,19,12.626315789473685
2025-12,2025,10–20 kW,Solis (Ginlong),7988.45,511,15.632974559686888
2025-12,2025,10–20 kW,Solplanet,9508.23,622,15.286543408360128
2025-12,2025,10–20 kW,Sungrow,3421.56,228,15.006842105263157
2025-12,2025,10–20 kW,TSUNESS,148.5,11,13.5
2025-12,2025,10–20 kW,Tsun,743.91,56,13.284107142857142
2025-12,2025,10–20 kW,WEG,6519.26,473,13.78279069767442
2025-12,2025,10–20 kW,WEG (Huawei),35.0,2,17.5
2025-12,2025,20–75 kW,ABB/FIMER,177.2,3,59.06666666666666
2025-12,2025,20–75 kW,APsystems,449.7,11,40.88181818181818
2025-12,2025,20–75 kW,Auxsol,1576.77,46,34.27760869565218
2025-12,2025,20–75 kW,BYD,289.03999999999996,7,41.29142857142857
2025-12,2025,20–75 kW,Bedin Solar,1780.52,31,57.436129032258066
2025-12,2025,20–75 kW,Bel Energy,151.94,6,25.323333333333334
2025-12,2025,20–75 kW,Canadian Solar,1314.08,33,39.82060606060606
2025-12,2025,20–75 kW,Chint,2091.84,39,53.63692307692308
2025-12,2025,20–75 kW,Deye,7973.9,205,38.89707317073171
2025-12,2025,20–75 kW,Each Energy,60.0,2,30.0
2025-12,2025,20–75 kW,Elgin,397.9,7,56.84285714285714
2025-12,2025,20–75 kW,Emerson,255.0,4,63.75
2025-12,2025,20–75 kW,Enphase,244.57,8,30.57125
2025-12,2025,20–75 kW,Foxess,1214.8,41,29.629268292682926
2025-12,2025,20–75 kW,Fronius,431.5,11,39.22727272727273
2025-12,2025,20–75 kW,GE,385.4,8,48.175
2025-12,2025,20–75 kW,Goodwe,3953.23,103,38.38087378640777
2025-12,2025,20–75 kW,Growatt,14625.72,339,43.14371681415929
2025-12,2025,20–75 kW,Hopewind,406.0,8,50.75
2025-12,2025,20–75 kW,Hoymiles,2131.64,56,38.065
2025-12,2025,20–75 kW,Huawei,5409.37,130,41.61053846153846
2025-12,2025,20–75 kW,Hypontech,343.14,11,31.19454545454545
2025-12,2025,20–75 kW,Intelbras,1428.28,36,39.67444444444445
2025-12,2025,20–75 kW,Kehua,148.66,4,37.165
2025-12,2025,20–75 kW,Kstar,30.0,1,30.0
2025-12,2025,20–75 kW,Livoltek,436.0,10,43.6
2025-12,2025,20–75 kW,NEP,326.15,11,29.65
2025-12,2025,20–75 kW,Nansen,672.1,15,44.806666666666665
2025-12,2025,20–75 kW,Nexen,22.5,1,22.5
2025-12,2025,20–75 kW,Não informado,7800.67,190,41.05615789473684
2025-12,2025,20–75 kW,Outros,1769.78,46,38.47347826086956
2025-12,2025,20–75 kW,PHB,2387.82,59,40.471525423728814
2025-12,2025,20–75 kW,Refusol,95.0,2,47.5
2025-12,2025,20–75 kW,Renac,451.14,14,32.22428571428571
2025-12,2025,20–75 kW,Renovigi,328.13,7,46.87571428571429
2025-12,2025,20–75 kW,SAJ,20200.45,528,38.25842803030303
2025-12,2025,20–75 kW,SHENZHEN,1236.9,23,53.77826086956522
2025-12,2025,20–75 kW,SMA,150.0,2,75.0
2025-12,2025,20–75 kW,Sineng,50.0,1,50.0
2025-12,2025,20–75 kW,Sofar Solar,5205.4,129,40.35193798449612
2025-12,2025,20–75 kW,SolarEdge,943.05,22,42.86590909090909
2025-12,2025,20–75 kW,Solax Power,77.7,3,25.900000000000002
2025-12,2025,20–75 kW,Solis (Ginlong),22482.170000000002,466,48.245000000000005
2025-12,2025,20–75 kW,Solplanet,8463.39,225,37.615066666666664
2025-12,2025,20–75 kW,Sungrow,7750.43,173,44.800173410404625
2025-12,2025,20–75 kW,TSUNESS,244.5,6,40.75
2025-12,2025,20–75 kW,Tsun,501.69,13,38.59153846153846
2025-12,2025,20–75 kW,WEG,12335.84,275,44.8576
2025-12,2025,20–75 kW,WEG (Huawei),75.0,1,75.0
2025-12,2025,75–300 kW,APsystems,80.0,1,80.0
2025-12,2025,75–300 kW,Auxsol,200.0,1,200.0
2025-12,2025,75–300 kW,Bel Energy,100.0,1,100.0
2025-12,2025,75–300 kW,Canadian Solar,718.84,5,143.768
2025-12,2025,75–300 kW,Chint,365.0,2,182.5
2025-12,2025,75–300 kW,Deye,2576.6,18,143.14444444444445
2025-12,2025,75–300 kW,Elgin,525.0,2,262.5
2025-12,2025,75–300 kW,Enphase,400.0,2,200.0
2025-12,2025,75–300 kW,Foxess,783.1,7,111.87142857142858
2025-12,2025,75–300 kW,GE,126.85,1,126.85
2025-12,2025,75–300 kW,Goodwe,825.85,4,206.4625
2025-12,2025,75–300 kW,Growatt,2619.4,11,238.12727272727273
2025-12,2025,75–300 kW,Hoymiles,1809.8,14,129.27142857142857
2025-12,2025,75–300 kW,Huawei,990.0,5,198.0
2025-12,2025,75–300 kW,Hypontech,133.3,1,133.3
2025-12,2025,75–300 kW,Intelbras,450.0,4,112.5
2025-12,2025,75–300 kW,Kstar,120.0,1,120.0
2025-12,2025,75–300 kW,NEP,930.0,8,116.25
2025-12,2025,75–300 kW,Não informado,1270.6100000000001,10,127.061
2025-12,2025,75–300 kW,Outros,660.0,3,220.0
2025-12,2025,75–300 kW,PHB,380.52,2,190.26
2025-12,2025,75–300 kW,SAJ,1150.0,10,115.0
2025-12,2025,75–300 kW,Sofar Solar,866.0,4,216.5
2025-12,2025,75–300 kW,SolarEdge,314.8,2,157.4
2025-12,2025,75–300 kW,Solis (Ginlong),3629.7,18,201.64999999999998
2025-12,2025,75–300 kW,Solplanet,595.0,4,148.75
2025-12,2025,75–300 kW,Sungrow,2735.0,16,170.9375
2025-12,2025,75–300 kW,WEG,1707.58,10,170.75799999999998
2025-12,2025,300 kW–1 MW,Canadian Solar,1000.0,1,1000.0
2025-12,2025,300 kW–1 MW,Deye,1934.2,3,644.7333333333333
2025-12,2025,300 kW–1 MW,Goodwe,870.0,1,870.0
2025-12,2025,300 kW–1 MW,Growatt,1328.0,2,664.0
2025-12,2025,300 kW–1 MW,Huawei,10860.0,12,905.0
2025-12,2025,300 kW–1 MW,Renac,380.0,1,380.0
2025-12,2025,300 kW–1 MW,Sofar Solar,379.0,1,379.0
2025-12,2025,300 kW–1 MW,Solis (Ginlong),3770.0,5,754.0
2025-12,2025,300 kW–1 MW,Solplanet,1110.0,2,555.0
2025-12,2025,300 kW–1 MW,Sungrow,9743.0,13,749.4615384615385
2025-12,2025,300 kW–1 MW,WEG,1475.0,3,491.6666666666667
2025-12,2025,1–5 MW,Deye,2000.0,1,2000.0
2025-12,2025,1–5 MW,Enphase,2330.0,1,2330.0
2025-12,2025,1–5 MW,Huawei,17255.0,7,2465.0
2025-12,2025,1–5 MW,Solis (Ginlong),4705.0,3,1568.3333333333333
2025-12,2025,1–5 MW,Solplanet,1300.0,1,1300.0
2025-12,2025,1–5 MW,Sungrow,9500.0,3,3166.6666666666665
2025-12,2025,1–5 MW,WEG,5000.0,1,5000.0
2026-01,2026,≤10 kW,ABB/FIMER,211.69,39,5.427948717948718
2026-01,2026,≤10 kW,APsystems,848.5,183,4.636612021857924
2026-01,2026,≤10 kW,Auxsol,14555.99,2446,5.950936222403925
2026-01,2026,≤10 kW,BYD,140.24,23,6.097391304347826
2026-01,2026,≤10 kW,Bedin Solar,2382.0,410,5.809756097560975
2026-01,2026,≤10 kW,Bel Energy,321.83,60,5.363833333333333
2026-01,2026,≤10 kW,Canadian Solar,1730.02,305,5.672196721311475
2026-01,2026,≤10 kW,Chint,4365.17,746,5.851434316353887
2026-01,2026,≤10 kW,Deye,28835.52,5237,5.506114187511934
2026-01,2026,≤10 kW,Each Energy,536.0,86,6.232558139534884
2026-01,2026,≤10 kW,Ecosolys,115.85,21,5.516666666666667
2026-01,2026,≤10 kW,Elgin,260.33,39,6.675128205128205
2026-01,2026,≤10 kW,Emerson,1815.4,347,5.231700288184438
2026-01,2026,≤10 kW,Empalux,49.03,8,6.12875
2026-01,2026,≤10 kW,Enphase,263.8,84,3.1404761904761904
2026-01,2026,≤10 kW,Foxess,6174.14,1077,5.73272051996286
2026-01,2026,≤10 kW,Fronius,378.04,63,6.000634920634921
2026-01,2026,≤10 kW,GE,20270.04,3521,5.756898608349901
2026-01,2026,≤10 kW,Goodwe,10843.23,1958,5.53791113381001
2026-01,2026,≤10 kW,Growatt,22753.92,4089,5.5646661775495225
2026-01,2026,≤10 kW,Hopewind,232.11,38,6.108157894736842
2026-01,2026,≤10 kW,Hoymiles,8337.31,1646,5.0651944106925875
2026-01,2026,≤10 kW,Huawei,24061.57,4147,5.802163009404389
2026-01,2026,≤10 kW,Hypontech,660.74,154,4.290519480519481
2026-01,2026,≤10 kW,Ingeteam,36.91,7,5.272857142857142
2026-01,2026,≤10 kW,Intelbras,5271.3099999999995,967,5.451199586349534
2026-01,2026,≤10 kW,Kehua,582.6899999999999,96,6.0696875
2026-01,2026,≤10 kW,Komeco,55.75,9,6.194444444444445
2026-01,2026,≤10 kW,Kstar,111.09,24,4.62875
2026-01,2026,≤10 kW,Livoltek,1919.15,342,5.6115497076023395
2026-01,2026,≤10 kW,NEP,2784.46,546,5.09974358974359
2026-01,2026,≤10 kW,Nansen,2111.02,355,5.946535211267606
2026-01,2026,≤10 kW,Nexen,397.1,68,5.839705882352941
2026-01,2026,≤10 kW,Não informado,22686.74,4076,5.565932286555447
2026-01,2026,≤10 kW,Outros,5319.5,1004,5.298306772908367
2026-01,2026,≤10 kW,PHB,4394.0,764,5.7513089005235605
2026-01,2026,≤10 kW,Refusol,178.6,30,5.953333333333333
2026-01,2026,≤10 kW,Renac,3122.04,534,5.8465168539325845
2026-01,2026,≤10 kW,Renovigi,985.54,181,5.444972375690607
2026-01,2026,≤10 kW,SAJ,52097.01,8968,5.809211641391615
2026-01,2026,≤10 kW,SHENZHEN,43.44,7,6.2057142857142855
2026-01,2026,≤10 kW,SMA,428.23,76,5.634605263157895
2026-01,2026,≤10 kW,SUNWAYS,111.75,19,5.881578947368421
2026-01,2026,≤10 kW,Sineng,11.0,2,5.5
2026-01,2026,≤10 kW,Sofar Solar,22009.82,3982,5.527327975891512
2026-01,2026,≤10 kW,SolarEdge,90.25,14,6.446428571428571
2026-01,2026,≤10 kW,Solax Power,968.85,191,5.072513089005236
2026-01,2026,≤10 kW,Solis (Ginlong),22266.09,3742,5.950318011758418
2026-01,2026,≤10 kW,Solplanet,32999.52,5451,6.053847000550357
2026-01,2026,≤10 kW,Sungrow,17369.66,3087,5.62671201814059
2026-01,2026,≤10 kW,TSUNESS,918.02,189,4.857248677248677
2026-01,2026,≤10 kW,Tsun,2314.26,448,5.165758928571429
2026-01,2026,≤10 kW,WEG,20622.55,3942,5.231494165398275
2026-01,2026,10–20 kW,ABB/FIMER,79.18,6,13.196666666666667
2026-01,2026,10–20 kW,APsystems,149.35,12,12.445833333333333
2026-01,2026,10–20 kW,Auxsol,1843.24,124,14.86483870967742
2026-01,2026,10–20 kW,BYD,77.16,5,15.431999999999999
2026-01,2026,10–20 kW,Bedin Solar,363.12,22,16.505454545454544
2026-01,2026,10–20 kW,Bel Energy,86.4,6,14.4
2026-01,2026,10–20 kW,Canadian Solar,468.71,30,15.623666666666667
2026-01,2026,10–20 kW,Chint,834.1,50,16.682000000000002
2026-01,2026,10–20 kW,Deye,6136.77,436,14.075160550458717
2026-01,2026,10–20 kW,Each Energy,182.26,11,16.569090909090907
2026-01,2026,10–20 kW,Elgin,144.41,9,16.045555555555556
2026-01,2026,10–20 kW,Emerson,344.0,22,15.636363636363637
2026-01,2026,10–20 kW,Empalux,18.63,1,18.63
2026-01,2026,10–20 kW,Enphase,116.37,9,12.93
2026-01,2026,10–20 kW,Foxess,1292.68,89,14.524494382022473
2026-01,2026,10–20 kW,Fronius,206.78,14,14.77
2026-01,2026,10–20 kW,GE,5933.68,423,14.027612293144209
2026-01,2026,10–20 kW,Goodwe,2657.05,177,15.011581920903955
2026-01,2026,10–20 kW,Growatt,4978.25,324,15.364969135802468
2026-01,2026,10–20 kW,Hopewind,80.8,6,13.466666666666667
2026-01,2026,10–20 kW,Hoymiles,1551.86,113,13.733274336283184
2026-01,2026,10–20 kW,Huawei,3316.51,227,14.610176211453746
2026-01,2026,10–20 kW,Hypontech,77.3,6,12.883333333333333
2026-01,2026,10–20 kW,Intelbras,1269.46,83,15.294698795180723
2026-01,2026,10–20 kW,Kehua,262.66,18,14.592222222222224
2026-01,2026,10–20 kW,Kstar,81.78999999999999,5,16.357999999999997
2026-01,2026,10–20 kW,Livoltek,262.5,16,16.40625
2026-01,2026,10–20 kW,NEP,728.23,54,13.485740740740741
2026-01,2026,10–20 kW,Nansen,406.74,27,15.064444444444446
2026-01,2026,10–20 kW,Nexen,51.66,4,12.915
2026-01,2026,10–20 kW,Não informado,5067.85,329,15.403799392097266
2026-01,2026,10–20 kW,Outros,1057.55,76,13.915131578947367
2026-01,2026,10–20 kW,PHB,1070.98,74,14.472702702702703
2026-01,2026,10–20 kW,Refusol,100.39,6,16.731666666666666
2026-01,2026,10–20 kW,Renac,639.1,54,11.835185185185185
2026-01,2026,10–20 kW,Renovigi,276.27,17,16.251176470588234
2026-01,2026,10–20 kW,SAJ,13277.92,888,14.952612612612613
2026-01,2026,10–20 kW,SHENZHEN,172.26,11,15.659999999999998
2026-01,2026,10–20 kW,SMA,266.9,17,15.7
2026-01,2026,10–20 kW,Sofar Solar,2598.82,173,15.022080924855493
2026-01,2026,10–20 kW,SolarEdge,71.6,4,17.9
2026-01,2026,10–20 kW,Solax Power,81.0,6,13.5
2026-01,2026,10–20 kW,Solis (Ginlong),5673.99,361,15.71742382271468
2026-01,2026,10–20 kW,Solplanet,9224.2,591,15.607783417935703
2026-01,2026,10–20 kW,Sungrow,2628.24,170,15.460235294117647
2026-01,2026,10–20 kW,TSUNESS,126.75,10,12.675
2026-01,2026,10–20 kW,Tsun,746.55,56,13.331249999999999
2026-01,2026,10–20 kW,WEG,4924.43,350,14.0698
2026-01,2026,20–75 kW,ABB/FIMER,134.75,5,26.95
2026-01,2026,20–75 kW,APsystems,166.5,7,23.785714285714285
2026-01,2026,20–75 kW,Auxsol,2023.35,48,42.153124999999996
2026-01,2026,20–75 kW,BYD,235.0,4,58.75
2026-01,2026,20–75 kW,Bedin Solar,1170.3,24,48.762499999999996
2026-01,2026,20–75 kW,Bel Energy,139.0,3,46.333333333333336
2026-01,2026,20–75 kW,Canadian Solar,1433.9,33,43.45151515151515
2026-01,2026,20–75 kW,Chint,2717.0,50,54.34
2026-01,2026,20–75 kW,Deye,6267.28,172,36.43767441860465
2026-01,2026,20–75 kW,Each Energy,175.0,5,35.0
2026-01,2026,20–75 kW,Elgin,213.0,6,35.5
2026-01,2026,20–75 kW,Emerson,583.5,14,41.67857142857143
2026-01,2026,20–75 kW,Empalux,50.0,1,50.0
2026-01,2026,20–75 kW,Enphase,190.02,5,38.004000000000005
2026-01,2026,20–75 kW,Foxess,978.34,32,30.573125
2026-01,2026,20–75 kW,Fronius,549.72,14,39.26571428571429
2026-01,2026,20–75 kW,GE,9594.7,228,42.08201754385965
2026-01,2026,20–75 kW,Goodwe,3303.23,77,42.89909090909091
2026-01,2026,20–75 kW,Growatt,10034.22,226,44.399203539823006
2026-01,2026,20–75 kW,Hopewind,325.5,6,54.25
2026-01,2026,20–75 kW,Hoymiles,733.0,23,31.869565217391305
2026-01,2026,20–75 kW,Huawei,3589.34,84,42.7302380952381
2026-01,2026,20–75 kW,Hypontech,175.5,6,29.25
2026-01,2026,20–75 kW,Intelbras,1192.08,30,39.736
2026-01,2026,20–75 kW,Kehua,532.97,12,44.41416666666667
2026-01,2026,20–75 kW,Komeco,114.0,2,57.0
2026-01,2026,20–75 kW,Kstar,60.0,2,30.0
2026-01,2026,20–75 kW,Livoltek,863.8,19,45.46315789473684
2026-01,2026,20–75 kW,NEP,536.0,15,35.733333333333334
2026-01,2026,20–75 kW,Nansen,612.37,14,43.74071428571428
2026-01,2026,20–75 kW,Não informado,6803.78,181,37.58994475138121
2026-01,2026,20–75 kW,Outros,1333.28,34,39.21411764705882
2026-01,2026,20–75 kW,PHB,1723.25,42,41.029761904761905
2026-01,2026,20–75 kW,Refusol,130.68,4,32.67
2026-01,2026,20–75 kW,Renac,166.0,4,41.5
2026-01,2026,20–75 kW,Renovigi,382.0,8,47.75
2026-01,2026,20–75 kW,SAJ,17714.0,459,38.592592592592595
2026-01,2026,20–75 kW,SHENZHEN,956.06,17,56.23882352941176
2026-01,2026,20–75 kW,SMA,321.5,9,35.72222222222222
2026-01,2026,20–75 kW,SUNWAYS,32.0,1,32.0
2026-01,2026,20–75 kW,Sofar Solar,4651.08,118,39.41593220338983
2026-01,2026,20–75 kW,SolarEdge,752.7,15,50.18
2026-01,2026,20–75 kW,Solis (Ginlong),15839.6,345,45.911884057971015
2026-01,2026,20–75 kW,Solplanet,10069.85,256,39.3353515625
2026-01,2026,20–75 kW,Sungrow,7403.47,157,47.155859872611465
2026-01,2026,20–75 kW,TSUNESS,132.0,3,44.0
2026-01,2026,20–75 kW,Tsun,167.25,5,33.45
2026-01,2026,20–75 kW,WEG,10214.24,223,45.803766816143494
2026-01,2026,75–300 kW,APsystems,82.0,1,82.0
2026-01,2026,75–300 kW,Canadian Solar,295.0,2,147.5
2026-01,2026,75–300 kW,Deye,300.0,1,300.0
2026-01,2026,75–300 kW,Each Energy,300.0,1,300.0
2026-01,2026,75–300 kW,Elgin,100.0,1,100.0
2026-01,2026,75–300 kW,GE,1064.0,10,106.4
2026-01,2026,75–300 kW,Goodwe,421.8,3,140.6
2026-01,2026,75–300 kW,Growatt,1127.3,7,161.04285714285714
2026-01,2026,75–300 kW,Hoymiles,80.0,1,80.0
2026-01,2026,75–300 kW,Huawei,2990.0,28,106.78571428571429
2026-01,2026,75–300 kW,Não informado,125.0,1,125.0
2026-01,2026,75–300 kW,Outros,600.0,2,300.0
2026-01,2026,75–300 kW,PHB,92.46,1,92.46
2026-01,2026,75–300 kW,SAJ,249.0,2,124.5
2026-01,2026,75–300 kW,Sofar Solar,300.0,1,300.0
2026-01,2026,75–300 kW,SolarEdge,150.0,1,150.0
2026-01,2026,75–300 kW,Solis (Ginlong),2275.0,11,206.8181818181818
2026-01,2026,75–300 kW,Solplanet,177.5,2,88.75
2026-01,2026,75–300 kW,Sungrow,785.0,4,196.25
2026-01,2026,75–300 kW,WEG,312.0,3,104.0
2026-01,2026,300 kW–1 MW,Canadian Solar,11000.0,11,1000.0
2026-01,2026,300 kW–1 MW,Deye,336.96,1,336.96
2026-01,2026,300 kW–1 MW,GE,585.0,1,585.0
2026-01,2026,300 kW–1 MW,Growatt,960.0,1,960.0
2026-01,2026,300 kW–1 MW,Hopewind,1000.0,2,500.0
2026-01,2026,300 kW–1 MW,Huawei,27600.0,31,890.3225806451613
2026-01,2026,300 kW–1 MW,Livoltek,600.0,1,600.0
2026-01,2026,300 kW–1 MW,Outros,1000.0,1,1000.0
2026-01,2026,300 kW–1 MW,SAJ,500.0,1,500.0
2026-01,2026,300 kW–1 MW,SolarEdge,450.0,1,450.0
2026-01,2026,300 kW–1 MW,Solis (Ginlong),490.0,1,490.0
2026-01,2026,300 kW–1 MW,Sungrow,14655.5,18,814.1944444444445
2026-01,2026,300 kW–1 MW,Tsun,1000.0,1,1000.0
2026-01,2026,1–5 MW,APsystems,3600.0,1,3600.0
2026-01,2026,1–5 MW,Deye,8315.0,2,4157.5
2026-01,2026,1–5 MW,Hopewind,1500.0,1,1500.0
2026-01,2026,1–5 MW,Hoymiles,3600.0,1,3600.0
2026-01,2026,1–5 MW,Huawei,12500.0,4,3125.0
2026-01,2026,1–5 MW,PHB,2300.0,1,2300.0
2026-01,2026,1–5 MW,Sofar Solar,2925.0,1,2925.0
2026-01,2026,1–5 MW,Sungrow,26110.0,12,2175.8333333333335
2026-02,2026,≤10 kW,ABB/FIMER,2640.15,468,5.641346153846154
2026-02,2026,≤10 kW,APsystems,1022.06,230,4.443739130434782
2026-02,2026,≤10 kW,Auxsol,17104.88,2889,5.920692281066113
2026-02,2026,≤10 kW,BYD,182.1,27,6.7444444444444445
2026-02,2026,≤10 kW,Bedin Solar,3144.37,569,5.526133567662566
2026-02,2026,≤10 kW,Bel Energy,205.17,41,5.004146341463414
2026-02,2026,≤10 kW,Canadian Solar,1957.37,357,5.482829131652661
2026-02,2026,≤10 kW,Chint,3891.46,681,5.714331864904552
2026-02,2026,≤10 kW,Deye,32309.71,5914,5.463258369969564
2026-02,2026,≤10 kW,Each Energy,308.08,54,5.705185185185185
2026-02,2026,≤10 kW,Ecosolys,87.5,15,5.833333333333333
2026-02,2026,≤10 kW,Elgin,203.3,35,5.808571428571429
2026-02,2026,≤10 kW,Emerson,2653.5,470,5.645744680851064
2026-02,2026,≤10 kW,Empalux,66.03,10,6.603
2026-02,2026,≤10 kW,Enphase,352.15,83,4.242771084337349
2026-02,2026,≤10 kW,Foxess,7118.51,1303,5.463169608595549
2026-02,2026,≤10 kW,Fronius,450.79,73,6.175205479452055
2026-02,2026,≤10 kW,GE,134.6,23,5.852173913043478
2026-02,2026,≤10 kW,Goodwe,12103.119999999999,2179,5.554437815511702
2026-02,2026,≤10 kW,Growatt,26442.42,4777,5.535361105296211
2026-02,2026,≤10 kW,Hopewind,443.07,67,6.612985074626866
2026-02,2026,≤10 kW,Hoymiles,9633.54,1920,5.017468750000001
2026-02,2026,≤10 kW,Huawei,27930.87,4836,5.7756141439205955
2026-02,2026,≤10 kW,Hypontech,626.63,120,5.221916666666667
2026-02,2026,≤10 kW,Ingeteam,29.19,5,5.838
2026-02,2026,≤10 kW,Intelbras,6163.12,1152,5.349930555555556
2026-02,2026,≤10 kW,Kehua,528.46,88,6.005227272727273
2026-02,2026,≤10 kW,Komeco,20.1,4,5.025
2026-02,2026,≤10 kW,Kstar,126.24000000000001,25,5.049600000000001
2026-02,2026,≤10 kW,Livoltek,1577.0,282,5.592198581560283
2026-02,2026,≤10 kW,NEP,3079.5,616,4.999188311688312
2026-02,2026,≤10 kW,Nansen,1946.72,326,5.971533742331289
2026-02,2026,≤10 kW,Nexen,373.72,64,5.839375
2026-02,2026,≤10 kW,Não informado,23262.48,4162,5.58925516578568
2026-02,2026,≤10 kW,Outros,6665.58,1231,5.41476848090983
2026-02,2026,≤10 kW,PHB,4371.67,802,5.450960099750623
2026-02,2026,≤10 kW,Refusol,157.18,29,5.42
2026-02,2026,≤10 kW,Renac,3700.2400000000002,635,5.827149606299213
2026-02,2026,≤10 kW,Renovigi,974.91,182,5.356648351648351
2026-02,2026,≤10 kW,SAJ,48371.46,8550,5.657480701754386
2026-02,2026,≤10 kW,SHENZHEN,50.8,8,6.35
2026-02,2026,≤10 kW,SMA,537.63,84,6.400357142857143
2026-02,2026,≤10 kW,SUNWAYS,183.96,34,5.410588235294118
2026-02,2026,≤10 kW,Sineng,5.0,1,5.0
2026-02,2026,≤10 kW,Sofar Solar,26431.579999999998,4832,5.470111754966887
2026-02,2026,≤10 kW,SolarEdge,90.6,16,5.6625
2026-02,2026,≤10 kW,Solax Power,1323.91,277,4.779458483754513
2026-02,2026,≤10 kW,Solis (Ginlong),23458.26,4037,5.810814961605152
2026-02,2026,≤10 kW,Solplanet,29401.55,5025,5.851054726368159
2026-02,2026,≤10 kW,Sungrow,18919.59,3316,5.70554583835947
2026-02,2026,≤10 kW,TSUNESS,1061.99,209,5.0812918660287085
2026-02,2026,≤10 kW,Tsun,2449.31,469,5.2224093816631125
2026-02,2026,≤10 kW,WEG,20154.93,3893,5.177223221166196
2026-02,2026,10–20 kW,ABB/FIMER,403.0,28,14.392857142857142
2026-02,2026,10–20 kW,APsystems,157.1,11,14.281818181818181
2026-02,2026,10–20 kW,Auxsol,2593.66,170,15.256823529411763
2026-02,2026,10–20 kW,BYD,15.0,1,15.0
2026-02,2026,10–20 kW,Bedin Solar,291.15999999999997,20,14.557999999999998
2026-02,2026,10–20 kW,Bel Energy,42.68,3,14.226666666666667
2026-02,2026,10–20 kW,Canadian Solar,403.34000000000003,26,15.513076923076925
2026-02,2026,10–20 kW,Chint,655.89,42,15.616428571428571
2026-02,2026,10–20 kW,Deye,5157.73,374,13.790721925133688
2026-02,2026,10–20 kW,Each Energy,80.25,6,13.375
2026-02,2026,10–20 kW,Ecosolys,20.0,1,20.0
2026-02,2026,10–20 kW,Elgin,98.2,6,16.366666666666667
2026-02,2026,10–20 kW,Emerson,887.5,66,13.446969696969697
2026-02,2026,10–20 kW,Empalux,26.25,2,13.125
2026-02,2026,10–20 kW,Enphase,78.82000000000001,6,13.136666666666668
2026-02,2026,10–20 kW,Foxess,822.34,57,14.42701754385965
2026-02,2026,10–20 kW,Fronius,234.26,16,14.64125
2026-02,2026,10–20 kW,GE,77.4,5,15.48
2026-02,2026,10–20 kW,Goodwe,2155.9,143,15.076223776223777
2026-02,2026,10–20 kW,Growatt,5483.47,365,15.023205479452056
2026-02,2026,10–20 kW,Hopewind,72.4,5,14.48
2026-02,2026,10–20 kW,Hoymiles,1616.71,113,14.307168141592921
2026-02,2026,10–20 kW,Huawei,4471.61,307,14.565504885993484
2026-02,2026,10–20 kW,Hypontech,121.67,9,13.518888888888888
2026-02,2026,10–20 kW,Ingeteam,11.0,1,11.0
2026-02,2026,10–20 kW,Intelbras,1029.39,68,15.13808823529412
2026-02,2026,10–20 kW,Kehua,102.5,7,14.642857142857142
2026-02,2026,10–20 kW,Komeco,12.0,1,12.0
2026-02,2026,10–20 kW,Kstar,15.0,1,15.0
2026-02,2026,10–20 kW,Livoltek,259.64,15,17.30933333333333
2026-02,2026,10–20 kW,NEP,775.67,57,13.608245614035088
2026-02,2026,10–20 kW,Nansen,283.96,20,14.197999999999999
2026-02,2026,10–20 kW,Nexen,42.0,3,14.0
2026-02,2026,10–20 kW,Não informado,4396.03,278,15.813057553956833
2026-02,2026,10–20 kW,Outros,1185.72,80,14.8215
2026-02,2026,10–20 kW,PHB,875.03,61,14.344754098360655
2026-02,2026,10–20 kW,Refusol,34.0,2,17.0
2026-02,2026,10–20 kW,Renac,615.65,51,12.07156862745098
2026-02,2026,10–20 kW,Renovigi,137.94,9,15.326666666666666
2026-02,2026,10–20 kW,SAJ,10329.24,704,14.672215909090909
2026-02,2026,10–20 kW,SHENZHEN,87.38,6,14.563333333333333
2026-02,2026,10–20 kW,SMA,85.0,5,17.0
2026-02,2026,10–20 kW,SUNWAYS,72.45,5,14.49
2026-02,2026,10–20 kW,Sofar Solar,2573.11,167,15.407844311377247
2026-02,2026,10–20 kW,SolarEdge,54.8,3,18.266666666666666
2026-02,2026,10–20 kW,Solax Power,233.7,17,13.74705882352941
2026-02,2026,10–20 kW,Solis (Ginlong),5156.83,331,15.579546827794562
2026-02,2026,10–20 kW,Solplanet,7844.83,506,15.503616600790513
2026-02,2026,10–20 kW,Sungrow,3233.23,212,15.251084905660377
2026-02,2026,10–20 kW,TSUNESS,183.1,13,14.084615384615384
2026-02,2026,10–20 kW,Tsun,552.15,40,13.803749999999999
2026-02,2026,10–20 kW,WEG,3880.38,285,13.615368421052631
2026-02,2026,20–75 kW,ABB/FIMER,722.81,19,38.042631578947365
2026-02,2026,20–75 kW,APsystems,160.4,5,32.08
2026-02,2026,20–75 kW,Auxsol,1976.35,54,36.599074074074075
2026-02,2026,20–75 kW,BYD,424.8,9,47.2
2026-02,2026,20–75 kW,Bedin Solar,985.74,16,61.60875
2026-02,2026,20–75 kW,Bel Energy,98.84,3,32.946666666666665
2026-02,2026,20–75 kW,Canadian Solar,1407.12,32,43.9725
2026-02,2026,20–75 kW,Chint,1358.29,26,52.24192307692307
2026-02,2026,20–75 kW,Deye,4955.98,137,36.17503649635036
2026-02,2026,20–75 kW,Each Energy,153.0,3,51.0
2026-02,2026,20–75 kW,Elgin,134.4,2,67.2
2026-02,2026,20–75 kW,Emerson,1306.8,32,40.8375
2026-02,2026,20–75 kW,Empalux,155.0,3,51.666666666666664
2026-02,2026,20–75 kW,Enphase,141.67000000000002,5,28.334000000000003
2026-02,2026,20–75 kW,Foxess,651.63,22,29.619545454545456
2026-02,2026,20–75 kW,Fronius,292.6,7,41.800000000000004
2026-02,2026,20–75 kW,GE,429.40000000000003,12,35.78333333333334
2026-02,2026,20–75 kW,Goodwe,2856.43,71,40.23140845070422
2026-02,2026,20–75 kW,Growatt,10715.59,231,46.387835497835496
2026-02,2026,20–75 kW,Hopewind,249.0,8,31.125
2026-02,2026,20–75 kW,Hoymiles,1478.1,46,32.13260869565217
2026-02,2026,20–75 kW,Huawei,6353.38,148,42.928243243243244
2026-02,2026,20–75 kW,Hypontech,208.0,5,41.6
2026-02,2026,20–75 kW,Intelbras,1189.79,31,38.380322580645164
2026-02,2026,20–75 kW,Kehua,149.0,4,37.25
2026-02,2026,20–75 kW,Kstar,30.0,1,30.0
2026-02,2026,20–75 kW,Livoltek,410.0,10,41.0
2026-02,2026,20–75 kW,NEP,727.75,19,38.30263157894737
2026-02,2026,20–75 kW,Nansen,314.0,8,39.25
2026-02,2026,20–75 kW,Nexen,23.0,1,23.0
2026-02,2026,20–75 kW,Não informado,6481.44,157,41.28305732484076
2026-02,2026,20–75 kW,Outros,1559.28,36,43.31333333333333
2026-02,2026,20–75 kW,PHB,1643.28,44,37.347272727272724
2026-02,2026,20–75 kW,Renac,482.0,12,40.166666666666664
2026-02,2026,20–75 kW,Renovigi,344.0,7,49.142857142857146
2026-02,2026,20–75 kW,SAJ,17723.2,424,41.800000000000004
2026-02,2026,20–75 kW,SHENZHEN,406.0,7,58.0
2026-02,2026,20–75 kW,SMA,222.5,7,31.785714285714285
2026-02,2026,20–75 kW,SUNWAYS,25.0,1,25.0
2026-02,2026,20–75 kW,Sineng,75.0,1,75.0
2026-02,2026,20–75 kW,Sofar Solar,3915.95,92,42.56467391304348
2026-02,2026,20–75 kW,SolarEdge,575.75,10,57.575
2026-02,2026,20–75 kW,Solax Power,104.0,3,34.666666666666664
2026-02,2026,20–75 kW,Solis (Ginlong),18763.31,407,46.101498771498775
2026-02,2026,20–75 kW,Solplanet,9593.43,240,39.972625
2026-02,2026,20–75 kW,Sungrow,7219.84,154,46.882077922077926
2026-02,2026,20–75 kW,TSUNESS,70.0,2,35.0
2026-02,2026,20–75 kW,Tsun,137.5,5,27.5
2026-02,2026,20–75 kW,WEG,9243.08,203,45.53241379310345
2026-02,2026,75–300 kW,BYD,300.0,1,300.0
2026-02,2026,75–300 kW,Canadian Solar,335.0,2,167.5
2026-02,2026,75–300 kW,Deye,220.0,2,110.0
2026-02,2026,75–300 kW,Emerson,239.0,3,79.66666666666667
2026-02,2026,75–300 kW,GE,431.5,3,143.83333333333334
2026-02,2026,75–300 kW,Growatt,712.65,5,142.53
2026-02,2026,75–300 kW,Huawei,1113.0,7,159.0
2026-02,2026,75–300 kW,Livoltek,336.0,2,168.0
2026-02,2026,75–300 kW,Não informado,808.6,6,134.76666666666668
2026-02,2026,75–300 kW,Renovigi,261.96,1,261.96
2026-02,2026,75–300 kW,SAJ,150.0,1,150.0
2026-02,2026,75–300 kW,Sofar Solar,840.54,3,280.18
2026-02,2026,75–300 kW,SolarEdge,300.0,1,300.0
2026-02,2026,75–300 kW,Solax Power,90.0,1,90.0
2026-02,2026,75–300 kW,Solis (Ginlong),3129.7,17,184.1
2026-02,2026,75–300 kW,Solplanet,225.0,1,225.0
2026-02,2026,75–300 kW,Sungrow,2580.0,11,234.54545454545453
2026-02,2026,75–300 kW,WEG,2020.0,9,224.44444444444446
2026-02,2026,300 kW–1 MW,Canadian Solar,2000.0,2,1000.0
2026-02,2026,300 kW–1 MW,Chint,1000.0,1,1000.0
2026-02,2026,300 kW–1 MW,Deye,975.0,1,975.0
2026-02,2026,300 kW–1 MW,Elgin,400.0,1,400.0
2026-02,2026,300 kW–1 MW,Growatt,500.0,1,500.0
2026-02,2026,300 kW–1 MW,Huawei,14500.0,18,805.5555555555555
2026-02,2026,300 kW–1 MW,Não informado,330.0,1,330.0
2026-02,2026,300 kW–1 MW,Sofar Solar,375.0,1,375.0
2026-02,2026,300 kW–1 MW,Solis (Ginlong),1335.0,3,445.0
2026-02,2026,300 kW–1 MW,Sungrow,14900.0,16,931.25
2026-02,2026,300 kW–1 MW,TBEA,1000.0,1,1000.0
2026-02,2026,300 kW–1 MW,WEG,2500.0,3,833.3333333333334
2026-02,2026,1–5 MW,Auxsol,4095.0,1,4095.0
2026-02,2026,1–5 MW,Canadian Solar,1200.0,1,1200.0
2026-02,2026,1–5 MW,Chint,2500.0,1,2500.0
2026-02,2026,1–5 MW,Foxess,2250.0,1,2250.0
2026-02,2026,1–5 MW,Huawei,16000.0,7,2285.714285714286
2026-02,2026,1–5 MW,PHB,4375.0,2,2187.5
2026-02,2026,1–5 MW,WEG,1800.0,1,1800.0
2026-03,2026,≤10 kW,ABB/FIMER,496.37,74,6.7077027027027025
2026-03,2026,≤10 kW,APsystems,988.0600000000001,188,5.25563829787234
2026-03,2026,≤10 kW,Auxsol,13902.38,2368,5.870937499999999
2026-03,2026,≤10 kW,B&B POWER,7.32,1,7.32
2026-03,2026,≤10 kW,BYD,255.05,39,6.53974358974359
2026-03,2026,≤10 kW,Bedin Solar,3253.8,557,5.84165170556553
2026-03,2026,≤10 kW,Bel Energy,248.95,47,5.296808510638297
2026-03,2026,≤10 kW,Canadian Solar,1579.09,282,5.599609929078014
2026-03,2026,≤10 kW,Chint,3403.86,598,5.692073578595318
2026-03,2026,≤10 kW,Deye,34827.44,6169,5.645556816339764
2026-03,2026,≤10 kW,Each Energy,220.88,39,5.6635897435897435
2026-03,2026,≤10 kW,Ecosolys,133.5,18,7.416666666666667
2026-03,2026,≤10 kW,Elgin,155.81,29,5.372758620689655
2026-03,2026,≤10 kW,Emerson,11941.44,1967,6.070889679715303
2026-03,2026,≤10 kW,Empalux,48.43,7,6.918571428571428
2026-03,2026,≤10 kW,Enphase,342.56,91,3.7643956043956046
2026-03,2026,≤10 kW,Foxess,7654.7,1356,5.645058997050147
2026-03,2026,≤10 kW,Fronius,475.98,80,5.94975
2026-03,2026,≤10 kW,GE,80.5,13,6.1923076923076925
2026-03,2026,≤10 kW,Goodwe,13799.34,2611,5.285078513979318
2026-03,2026,≤10 kW,Growatt,29321.16,5265,5.569071225071225
2026-03,2026,≤10 kW,Hopewind,314.94,45,6.998666666666667
2026-03,2026,≤10 kW,Hoymiles,9850.12,1882,5.233857598299681
2026-03,2026,≤10 kW,Huawei,23450.73,4119,5.693306627822287
2026-03,2026,≤10 kW,Hypontech,400.41,78,5.133461538461539
2026-03,2026,≤10 kW,Intelbras,6227.17,1153,5.4008412836079795
2026-03,2026,≤10 kW,Kehua,480.21999999999997,82,5.856341463414633
2026-03,2026,≤10 kW,Komeco,25.35,5,5.07
2026-03,2026,≤10 kW,Kstar,70.6,17,4.152941176470588
2026-03,2026,≤10 kW,Livoltek,1526.57,268,5.69615671641791
2026-03,2026,≤10 kW,NEP,1864.44,347,5.373025936599424
2026-03,2026,≤10 kW,Nansen,2453.8,423,5.800945626477541
2026-03,2026,≤10 kW,Nexen,557.59,94,5.931808510638298
2026-03,2026,≤10 kW,Não informado,29071.18,5227,5.561733307824756
2026-03,2026,≤10 kW,Outros,6709.23,1237,5.423791430881164
2026-03,2026,≤10 kW,PHB,5025.31,886,5.671907449209932
2026-03,2026,≤10 kW,Refusol,101.8,17,5.988235294117647
2026-03,2026,≤10 kW,Renac,3367.93,580,5.806775862068966
2026-03,2026,≤10 kW,Renovigi,892.92,169,5.283550295857988
2026-03,2026,≤10 kW,SAJ,49716.18,8773,5.66695315171549
2026-03,2026,≤10 kW,SHENZHEN,113.33,19,5.964736842105263
2026-03,2026,≤10 kW,SMA,22.3,6,3.716666666666667
2026-03,2026,≤10 kW,SUNWAYS,132.89,24,5.5370833333333325
2026-03,2026,≤10 kW,Sofar Solar,29973.67,5519,5.4309965573473455
2026-03,2026,≤10 kW,SolarEdge,112.47,17,6.615882352941177
2026-03,2026,≤10 kW,Solax Power,1239.1200000000001,233,5.318111587982833
2026-03,2026,≤10 kW,Solis (Ginlong),22279.92,3816,5.838553459119496
2026-03,2026,≤10 kW,Solplanet,28933.05,4880,5.92890368852459
2026-03,2026,≤10 kW,Sungrow,22457.17,3822,5.875763997906855
2026-03,2026,≤10 kW,TSUNESS,651.5,122,5.340163934426229
2026-03,2026,≤10 kW,Tsun,2147.98,401,5.356558603491272
2026-03,2026,≤10 kW,WEG,21577.13,4149,5.200561581103881
2026-03,2026,≤10 kW,WEG (Huawei),11.0,2,5.5
2026-03,2026,10–20 kW,ABB/FIMER,798.13,55,14.511454545454546
2026-03,2026,10–20 kW,APsystems,98.18,7,14.025714285714287
2026-03,2026,10–20 kW,Auxsol,2024.94,132,15.340454545454547
2026-03,2026,10–20 kW,BYD,35.0,2,17.5
2026-03,2026,10–20 kW,Bedin Solar,379.93,24,15.830416666666666
2026-03,2026,10–20 kW,Bel Energy,91.0,6,15.166666666666666
2026-03,2026,10–20 kW,Canadian Solar,288.72,19,15.195789473684211
2026-03,2026,10–20 kW,Chint,348.78,23,15.164347826086955
2026-03,2026,10–20 kW,Deye,7719.13,533,14.482420262664165
2026-03,2026,10–20 kW,Each Energy,95.0,5,19.0
2026-03,2026,10–20 kW,Ecosolys,32.0,2,16.0
2026-03,2026,10–20 kW,Elgin,87.84,5,17.568
2026-03,2026,10–20 kW,Emerson,2667.9,185,14.421081081081082
2026-03,2026,10–20 kW,Empalux,16.0,1,16.0
2026-03,2026,10–20 kW,Enphase,110.03999999999999,7,15.719999999999999
2026-03,2026,10–20 kW,Foxess,907.0,64,14.171875
2026-03,2026,10–20 kW,Fronius,281.32,18,15.628888888888888
2026-03,2026,10–20 kW,GE,147.14000000000001,10,14.714000000000002
2026-03,2026,10–20 kW,Goodwe,2527.2,166,15.224096385542168
2026-03,2026,10–20 kW,Growatt,5148.64,338,15.232662721893492
2026-03,2026,10–20 kW,Hopewind,55.0,4,13.75
2026-03,2026,10–20 kW,Hoymiles,1458.47,101,14.44029702970297
2026-03,2026,10–20 kW,Huawei,3317.79,220,15.080863636363636
2026-03,2026,10–20 kW,Hypontech,78.0,5,15.6
2026-03,2026,10–20 kW,Intelbras,1337.25,88,15.196022727272727
2026-03,2026,10–20 kW,Kehua,145.97,10,14.597
2026-03,2026,10–20 kW,Komeco,61.5,5,12.3
2026-03,2026,10–20 kW,Livoltek,336.35,22,15.288636363636364
2026-03,2026,10–20 kW,NEP,457.05,33,13.85
2026-03,2026,10–20 kW,Nansen,355.79,24,14.824583333333335
2026-03,2026,10–20 kW,Nexen,196.09,14,14.006428571428572
2026-03,2026,10–20 kW,Não informado,5868.64,378,15.525502645502646
2026-03,2026,10–20 kW,Outros,1782.84,122,14.613442622950819
2026-03,2026,10–20 kW,PHB,1293.38,87,14.866436781609197
2026-03,2026,10–20 kW,Refusol,12.5,1,12.5
2026-03,2026,10–20 kW,Renac,686.56,54,12.714074074074073
2026-03,2026,10–20 kW,Renovigi,80.25,6,13.375
2026-03,2026,10–20 kW,SAJ,12165.09,823,14.781397326852977
2026-03,2026,10–20 kW,SHENZHEN,131.24,9,14.582222222222223
2026-03,2026,10–20 kW,SMA,28.2,2,14.1
2026-03,2026,10–20 kW,SUNWAYS,16.0,1,16.0
2026-03,2026,10–20 kW,Sineng,17.98,1,17.98
2026-03,2026,10–20 kW,Sofar Solar,2663.19,174,15.305689655172413
2026-03,2026,10–20 kW,SolarEdge,51.29,3,17.096666666666668
2026-03,2026,10–20 kW,Solax Power,116.3,8,14.5375
2026-03,2026,10–20 kW,Solis (Ginlong),4515.06,287,15.731916376306621
2026-03,2026,10–20 kW,Solplanet,8143.55,526,15.48203422053232
2026-03,2026,10–20 kW,Sungrow,4009.8,262,15.304580152671756
2026-03,2026,10–20 kW,TSUNESS,174.75,12,14.5625
2026-03,2026,10–20 kW,Tsun,503.28,37,13.602162162162161
2026-03,2026,10–20 kW,WEG,4541.69,330,13.762696969696968
2026-03,2026,20–75 kW,ABB/FIMER,182.10999999999999,6,30.351666666666663
2026-03,2026,20–75 kW,APsystems,479.85,11,43.622727272727275
2026-03,2026,20–75 kW,Auxsol,1965.5,50,39.31
2026-03,2026,20–75 kW,Bedin Solar,1144.18,23,49.746956521739136
2026-03,2026,20–75 kW,Bel Energy,130.0,3,43.333333333333336
2026-03,2026,20–75 kW,Canadian Solar,657.13,14,46.93785714285714
2026-03,2026,20–75 kW,Chint,1143.68,20,57.184000000000005
2026-03,2026,20–75 kW,Deye,8422.42,224,37.60008928571428
2026-03,2026,20–75 kW,Each Energy,100.0,2,50.0
2026-03,2026,20–75 kW,Ecosolys,90.0,2,45.0
2026-03,2026,20–75 kW,Elgin,363.47,9,40.385555555555555
2026-03,2026,20–75 kW,Emerson,4704.35,120,39.20291666666667
2026-03,2026,20–75 kW,Empalux,31.5,1,31.5
2026-03,2026,20–75 kW,Enphase,363.58000000000004,8,45.447500000000005
2026-03,2026,20–75 kW,Foxess,982.2,28,35.07857142857143
2026-03,2026,20–75 kW,Fronius,417.65999999999997,13,32.12769230769231
2026-03,2026,20–75 kW,GE,363.1,8,45.3875
2026-03,2026,20–75 kW,Goodwe,3161.94,80,39.52425
2026-03,2026,20–75 kW,Growatt,9409.74,214,43.9707476635514
2026-03,2026,20–75 kW,Hopewind,185.0,4,46.25
2026-03,2026,20–75 kW,Hoymiles,1087.31,31,35.074516129032254
2026-03,2026,20–75 kW,Huawei,5606.88,126,44.49904761904762
2026-03,2026,20–75 kW,Hypontech,192.0,5,38.4
2026-03,2026,20–75 kW,Intelbras,1483.3,32,46.353125
2026-03,2026,20–75 kW,Kehua,190.0,6,31.666666666666668
2026-03,2026,20–75 kW,Komeco,20.5,1,20.5
2026-03,2026,20–75 kW,Livoltek,437.5,11,39.77272727272727
2026-03,2026,20–75 kW,NEP,456.25,14,32.589285714285715
2026-03,2026,20–75 kW,Nansen,1067.49,21,50.832857142857144
2026-03,2026,20–75 kW,Nexen,48.0,2,24.0
2026-03,2026,20–75 kW,Não informado,7364.88,184,40.02652173913044
2026-03,2026,20–75 kW,Outros,2411.13,56,43.05589285714286
2026-03,2026,20–75 kW,PHB,1538.72,40,38.468
2026-03,2026,20–75 kW,Renac,390.55,12,32.545833333333334
2026-03,2026,20–75 kW,Renovigi,162.0,4,40.5
2026-03,2026,20–75 kW,SAJ,19630.32,498,39.418313253012045
2026-03,2026,20–75 kW,SHENZHEN,754.14,15,50.275999999999996
2026-03,2026,20–75 kW,SMA,105.0,2,52.5
2026-03,2026,20–75 kW,Sineng,90.0,2,45.0
2026-03,2026,20–75 kW,Sofar Solar,5324.6,122,43.64426229508197
2026-03,2026,20–75 kW,SolarEdge,615.3,15,41.019999999999996
2026-03,2026,20–75 kW,Solax Power,181.0,4,45.25
2026-03,2026,20–75 kW,Solis (Ginlong),15833.1,347,45.628530259365995
2026-03,2026,20–75 kW,Solplanet,12763.64,307,41.575374592833874
2026-03,2026,20–75 kW,Sungrow,8425.42,191,44.112146596858636
2026-03,2026,20–75 kW,TSUNESS,101.75,4,25.4375
2026-03,2026,20–75 kW,Tsun,246.75,7,35.25
2026-03,2026,20–75 kW,WEG,9692.58,212,45.71971698113207
2026-03,2026,75–300 kW,ABB/FIMER,87.2,1,87.2
2026-03,2026,75–300 kW,Chint,110.0,1,110.0
2026-03,2026,75–300 kW,Deye,768.0,4,192.0
2026-03,2026,75–300 kW,Emerson,265.0,3,88.33333333333333
2026-03,2026,75–300 kW,Fronius,81.0,1,81.0
2026-03,2026,75–300 kW,GE,165.45,1,165.45
2026-03,2026,75–300 kW,Goodwe,424.0,2,212.0
2026-03,2026,75–300 kW,Growatt,3580.36,15,238.6906666666667
2026-03,2026,75–300 kW,Hoymiles,80.0,1,80.0
2026-03,2026,75–300 kW,Huawei,700.0,4,175.0
2026-03,2026,75–300 kW,Livoltek,100.0,1,100.0
2026-03,2026,75–300 kW,Não informado,608.0,4,152.0
2026-03,2026,75–300 kW,Outros,507.61,4,126.9025
2026-03,2026,75–300 kW,PHB,112.5,1,112.5
2026-03,2026,75–300 kW,SAJ,1208.65,7,172.66428571428574
2026-03,2026,75–300 kW,Sofar Solar,177.0,2,88.5
2026-03,2026,75–300 kW,Solis (Ginlong),2406.35,14,171.88214285714284
2026-03,2026,75–300 kW,Solplanet,456.0,4,114.0
2026-03,2026,75–300 kW,Sungrow,620.0,3,206.66666666666666
2026-03,2026,75–300 kW,WEG,829.0,3,276.3333333333333
2026-03,2026,300 kW–1 MW,Auxsol,1050.0,2,525.0
2026-03,2026,300 kW–1 MW,Canadian Solar,500.0,1,500.0
2026-03,2026,300 kW–1 MW,Deye,6725.0,7,960.7142857142857
2026-03,2026,300 kW–1 MW,Growatt,5000.0,5,1000.0
2026-03,2026,300 kW–1 MW,Huawei,3850.0,5,770.0
2026-03,2026,300 kW–1 MW,Não informado,2500.0,3,833.3333333333334
2026-03,2026,300 kW–1 MW,SAJ,898.0,2,449.0
2026-03,2026,300 kW–1 MW,Sofar Solar,372.0,1,372.0
2026-03,2026,300 kW–1 MW,Solis (Ginlong),770.0,2,385.0
2026-03,2026,300 kW–1 MW,Solplanet,1105.0,2,552.5
2026-03,2026,300 kW–1 MW,Sungrow,5085.0,7,726.4285714285714
2026-03,2026,300 kW–1 MW,TSUNESS,441.0,1,441.0
2026-03,2026,300 kW–1 MW,WEG,1560.0,2,780.0
2026-03,2026,1–5 MW,Huawei,4811.0,3,1603.6666666666667
2026-03,2026,1–5 MW,Não informado,1200.0,1,1200.0
2026-03,2026,1–5 MW,PHB,2500.0,1,2500.0
2026-03,2026,1–5 MW,Sofar Solar,3000.0,1,3000.0
2026-03,2026,1–5 MW,Solis (Ginlong),1100.0,1,1100.0
2026-03,2026,1–5 MW,Solplanet,3815.0,1,3815.0
2026-03,2026,1–5 MW,Sungrow,5105.68,3,1701.8933333333334
2026-04,2026,≤10 kW,ABB/FIMER,2003.7,331,6.053474320241692
2026-04,2026,≤10 kW,APsystems,1103.19,221,4.991809954751131
2026-04,2026,≤10 kW,Auxsol,15468.13,2617,5.910634314100115
2026-04,2026,≤10 kW,B&B POWER,3.0,1,3.0
2026-04,2026,≤10 kW,BYD,130.64,19,6.87578947368421
2026-04,2026,≤10 kW,Bedin Solar,3281.91,563,5.829325044404973
2026-04,2026,≤10 kW,Bel Energy,292.35,51,5.732352941176471
2026-04,2026,≤10 kW,Canadian Solar,1500.01,262,5.725229007633588
2026-04,2026,≤10 kW,Chint,3381.72,590,5.731728813559322
2026-04,2026,≤10 kW,Deye,48399.03,8369,5.78313179591349
2026-04,2026,≤10 kW,Each Energy,156.52,26,6.0200000000000005
2026-04,2026,≤10 kW,Ecosolys,142.45,20,7.1225
2026-04,2026,≤10 kW,Elgin,147.19,26,5.661153846153846
2026-04,2026,≤10 kW,Emerson,26996.14,4648,5.808119621342513
2026-04,2026,≤10 kW,Empalux,27.259999999999998,4,6.8149999999999995
2026-04,2026,≤10 kW,Enphase,421.63,96,4.391979166666666
2026-04,2026,≤10 kW,Foxess,8586.09,1552,5.5322744845360825
2026-04,2026,≤10 kW,Fronius,259.21999999999997,38,6.82157894736842
2026-04,2026,≤10 kW,GE,437.14,68,6.428529411764706
2026-04,2026,≤10 kW,Goodwe,12548.76,2338,5.367305389221557
2026-04,2026,≤10 kW,Growatt,28417.8,5120,5.5503515624999995
2026-04,2026,≤10 kW,Hopewind,233.24,36,6.478888888888889
2026-04,2026,≤10 kW,Hoymiles,11170.7,2181,5.121824850985787
2026-04,2026,≤10 kW,Huawei,20501.49,3678,5.5740864600326265
2026-04,2026,≤10 kW,Hypontech,563.54,204,2.7624509803921566
2026-04,2026,≤10 kW,Intelbras,5861.67,1072,5.467975746268657
2026-04,2026,≤10 kW,Kehua,580.43,101,5.746831683168316
2026-04,2026,≤10 kW,Komeco,34.84,6,5.8066666666666675
2026-04,2026,≤10 kW,Kstar,22.0,6,3.6666666666666665
2026-04,2026,≤10 kW,Livoltek,1425.99,249,5.726867469879518
2026-04,2026,≤10 kW,NEP,2762.67,545,5.069119266055046
2026-04,2026,≤10 kW,Nansen,2133.14,346,6.16514450867052
2026-04,2026,≤10 kW,Nexen,1213.98,170,7.141058823529412
2026-04,2026,≤10 kW,Não informado,16489.72,3082,5.350330953926022
2026-04,2026,≤10 kW,Outros,5943.44,1109,5.359278629395852
2026-04,2026,≤10 kW,PHB,3707.81,705,5.259304964539007
2026-04,2026,≤10 kW,Refusol,58.8,12,4.8999999999999995
2026-04,2026,≤10 kW,Renac,3733.33,620,6.0215
2026-04,2026,≤10 kW,Renovigi,1064.3799999999999,204,5.2175490196078425
2026-04,2026,≤10 kW,SAJ,41878.52,7518,5.570433625964352
2026-04,2026,≤10 kW,SHENZHEN,64.88,10,6.4879999999999995
2026-04,2026,≤10 kW,SMA,22.060000000000002,5,4.412000000000001
2026-04,2026,≤10 kW,SUNWAYS,65.12,10,6.5120000000000005
2026-04,2026,≤10 kW,Sofar Solar,27057.22,5024,5.385593152866242
2026-04,2026,≤10 kW,SolarEdge,244.67,37,6.612702702702703
2026-04,2026,≤10 kW,Solax Power,2025.57,377,5.372864721485411
2026-04,2026,≤10 kW,Solis (Ginlong),21210.75,3656,5.801627461706784
2026-04,2026,≤10 kW,Solplanet,21890.49,3661,5.979374487844852
2026-04,2026,≤10 kW,Sungrow,21818.23,3588,6.080889074693422
2026-04,2026,≤10 kW,TSUNESS,1531.3,293,5.226279863481229
2026-04,2026,≤10 kW,Tsun,3033.38,562,5.397473309608541
2026-04,2026,≤10 kW,WEG,21879.84,4264,5.131294559099437
2026-04,2026,≤10 kW,WEG (Huawei),85.5,12,7.125
2026-04,2026,10–20 kW,ABB/FIMER,306.0,19,16.105263157894736
2026-04,2026,10–20 kW,APsystems,248.45,17,14.61470588235294
2026-04,2026,10–20 kW,Auxsol,2176.96,141,15.439432624113476
2026-04,2026,10–20 kW,BYD,108.68,7,15.525714285714287
2026-04,2026,10–20 kW,Bedin Solar,349.6,23,15.200000000000001
2026-04,2026,10–20 kW,Bel Energy,110.2,7,15.742857142857144
2026-04,2026,10–20 kW,Canadian Solar,270.76,17,15.92705882352941
2026-04,2026,10–20 kW,Chint,412.88,26,15.879999999999999
2026-04,2026,10–20 kW,Deye,9460.3,663,14.26892911010558
2026-04,2026,10–20 kW,Each Energy,32.0,2,16.0
2026-04,2026,10–20 kW,Ecosolys,12.95,1,12.95
2026-04,2026,10–20 kW,Elgin,20.0,1,20.0
2026-04,2026,10–20 kW,Emerson,7369.35,516,14.281686046511629
2026-04,2026,10–20 kW,Empalux,64.0,4,16.0
2026-04,2026,10–20 kW,Enphase,174.89,13,13.453076923076923
2026-04,2026,10–20 kW,Foxess,1623.53,112,14.49580357142857
2026-04,2026,10–20 kW,Fronius,198.95,13,15.303846153846154
2026-04,2026,10–20 kW,GE,484.71,33,14.688181818181818
2026-04,2026,10–20 kW,Goodwe,2290.63,158,14.497658227848103
2026-04,2026,10–20 kW,Growatt,4909.64,320,15.342625000000002
2026-04,2026,10–20 kW,Hopewind,47.14,3,15.713333333333333
2026-04,2026,10–20 kW,Hoymiles,2055.14,147,13.980544217687074
2026-04,2026,10–20 kW,Huawei,2830.96,185,15.302486486486487
2026-04,2026,10–20 kW,Hypontech,129.52,9,14.391111111111112
2026-04,2026,10–20 kW,Intelbras,1300.33,84,15.480119047619047
2026-04,2026,10–20 kW,Kehua,119.78,9,13.30888888888889
2026-04,2026,10–20 kW,Komeco,46.25,3,15.416666666666666
2026-04,2026,10–20 kW,Livoltek,545.47,34,16.043235294117647
2026-04,2026,10–20 kW,NEP,642.46,48,13.384583333333333
2026-04,2026,10–20 kW,Nansen,331.92,22,15.087272727272728
2026-04,2026,10–20 kW,Nexen,144.12,10,14.412
2026-04,2026,10–20 kW,Não informado,2705.97,177,15.287966101694915
2026-04,2026,10–20 kW,Outros,1116.85,79,14.137341772151897
2026-04,2026,10–20 kW,PHB,783.12,51,15.355294117647059
2026-04,2026,10–20 kW,Refusol,33.25,2,16.625
2026-04,2026,10–20 kW,Renac,820.74,67,12.249850746268656
2026-04,2026,10–20 kW,Renovigi,138.72,9,15.413333333333334
2026-04,2026,10–20 kW,SAJ,11307.54,770,14.685116883116883
2026-04,2026,10–20 kW,SUNWAYS,45.0,3,15.0
2026-04,2026,10–20 kW,Sofar Solar,2522.39,166,15.19512048192771
2026-04,2026,10–20 kW,SolarEdge,349.08,23,15.177391304347825
2026-04,2026,10–20 kW,Solax Power,264.61,21,12.600476190476192
2026-04,2026,10–20 kW,Solis (Ginlong),4533.47,282,16.07613475177305
2026-04,2026,10–20 kW,Solplanet,8069.66,527,15.312447817836812
2026-04,2026,10–20 kW,Sungrow,3575.5,232,15.411637931034482
2026-04,2026,10–20 kW,TSUNESS,356.75,27,13.212962962962964
2026-04,2026,10–20 kW,Tsun,611.4,42,14.557142857142857
2026-04,2026,10–20 kW,WEG,4541.61,325,13.974184615384614
2026-04,2026,10–20 kW,WEG (Huawei),59.37,4,14.8425
2026-04,2026,20–75 kW,ABB/FIMER,576.5,15,38.43333333333333
2026-04,2026,20–75 kW,APsystems,268.8,7,38.4
2026-04,2026,20–75 kW,Auxsol,1469.85,38,38.680263157894736
2026-04,2026,20–75 kW,BYD,50.0,1,50.0
2026-04,2026,20–75 kW,Bedin Solar,1628.0,32,50.875
2026-04,2026,20–75 kW,Bel Energy,203.0,4,50.75
2026-04,2026,20–75 kW,Canadian Solar,945.0,20,47.25
2026-04,2026,20–75 kW,Chint,1491.52,30,49.717333333333336
2026-04,2026,20–75 kW,Deye,11262.67,283,39.797420494699644
2026-04,2026,20–75 kW,Elgin,226.0,5,45.2
2026-04,2026,20–75 kW,Emerson,15662.75,387,40.47222222222222
2026-04,2026,20–75 kW,Empalux,50.0,1,50.0
2026-04,2026,20–75 kW,Enphase,361.49,8,45.18625
2026-04,2026,20–75 kW,Foxess,1294.69,37,34.991621621621626
2026-04,2026,20–75 kW,Fronius,204.0,5,40.8
2026-04,2026,20–75 kW,GE,513.02,13,39.46307692307692
2026-04,2026,20–75 kW,Goodwe,2790.18,75,37.2024
2026-04,2026,20–75 kW,Growatt,9004.25,217,41.494239631336406
2026-04,2026,20–75 kW,Hopewind,179.0,5,35.8
2026-04,2026,20–75 kW,Hoymiles,844.05,24,35.168749999999996
2026-04,2026,20–75 kW,Huawei,4293.5,97,44.26288659793814
2026-04,2026,20–75 kW,Hypontech,86.86,3,28.953333333333333
2026-04,2026,20–75 kW,Ingeteam,27.0,1,27.0
2026-04,2026,20–75 kW,Intelbras,1514.43,39,38.831538461538464
2026-04,2026,20–75 kW,Kehua,101.0,3,33.666666666666664
2026-04,2026,20–75 kW,Komeco,64.0,2,32.0
2026-04,2026,20–75 kW,Livoltek,490.9,17,28.876470588235293
2026-04,2026,20–75 kW,NEP,605.7,16,37.85625
2026-04,2026,20–75 kW,Nansen,387.65,9,43.07222222222222
2026-04,2026,20–75 kW,Nexen,136.5,5,27.3
2026-04,2026,20–75 kW,Não informado,6173.77,147,41.998435374149665
2026-04,2026,20–75 kW,Outros,1011.12,27,37.44888888888889
2026-04,2026,20–75 kW,PHB,1128.27,29,38.90586206896552
2026-04,2026,20–75 kW,Renac,401.44,14,28.674285714285713
2026-04,2026,20–75 kW,Renovigi,399.77,9,44.41888888888889
2026-04,2026,20–75 kW,SAJ,20926.36,526,39.783954372623576
2026-04,2026,20–75 kW,SMA,65.0,1,65.0
2026-04,2026,20–75 kW,SUNWAYS,45.0,1,45.0
2026-04,2026,20–75 kW,Sofar Solar,4617.22,99,46.63858585858586
2026-04,2026,20–75 kW,SolarEdge,944.51,22,42.932272727272725
2026-04,2026,20–75 kW,Solax Power,163.81,5,32.762
2026-04,2026,20–75 kW,Solis (Ginlong),15224.35,310,49.1108064516129
2026-04,2026,20–75 kW,Solplanet,10515.55,271,38.80276752767527
2026-04,2026,20–75 kW,Sungrow,7980.83,166,48.077289156626506
2026-04,2026,20–75 kW,TSUNESS,280.5,7,40.07142857142857
2026-04,2026,20–75 kW,Tsun,1266.68,32,39.58375
2026-04,2026,20–75 kW,WEG,10473.15,209,50.110765550239236
2026-04,2026,20–75 kW,WEG (Huawei),65.0,2,32.5
2026-04,2026,75–300 kW,Canadian Solar,390.0,2,195.0
2026-04,2026,75–300 kW,Chint,110.0,1,110.0
2026-04,2026,75–300 kW,Deye,396.0,2,198.0
2026-04,2026,75–300 kW,Elgin,121.1,1,121.1
2026-04,2026,75–300 kW,Emerson,1030.0,12,85.83333333333333
2026-04,2026,75–300 kW,Fronius,87.0,1,87.0
2026-04,2026,75–300 kW,GE,383.2,2,191.6
2026-04,2026,75–300 kW,Goodwe,325.08000000000004,2,162.54000000000002
2026-04,2026,75–300 kW,Growatt,1066.0,6,177.66666666666666
2026-04,2026,75–300 kW,Huawei,850.0,4,212.5
2026-04,2026,75–300 kW,Livoltek,240.0,1,240.0
2026-04,2026,75–300 kW,Não informado,302.5,3,100.83333333333333
2026-04,2026,75–300 kW,Outros,300.0,2,150.0
2026-04,2026,75–300 kW,PHB,300.0,1,300.0
2026-04,2026,75–300 kW,Renovigi,150.0,1,150.0
2026-04,2026,75–300 kW,Sofar Solar,625.0,3,208.33333333333334
2026-04,2026,75–300 kW,SolarEdge,400.0,2,200.0
2026-04,2026,75–300 kW,Solis (Ginlong),1302.5,7,186.07142857142858
2026-04,2026,75–300 kW,Solplanet,910.0,5,182.0
2026-04,2026,75–300 kW,Sungrow,2205.0,11,200.45454545454547
2026-04,2026,75–300 kW,WEG,740.0,4,185.0
2026-04,2026,300 kW–1 MW,BYD,856.0,2,428.0
2026-04,2026,300 kW–1 MW,Canadian Solar,1480.0,2,740.0
2026-04,2026,300 kW–1 MW,Deye,12990.0,13,999.2307692307693
2026-04,2026,300 kW–1 MW,Elgin,495.0,1,495.0
2026-04,2026,300 kW–1 MW,Emerson,700.0,1,700.0
2026-04,2026,300 kW–1 MW,Growatt,1050.0,2,525.0
2026-04,2026,300 kW–1 MW,Hopewind,1000.0,1,1000.0
2026-04,2026,300 kW–1 MW,Huawei,23300.0,26,896.1538461538462
2026-04,2026,300 kW–1 MW,Não informado,2000.0,2,1000.0
2026-04,2026,300 kW–1 MW,Outros,750.0,1,750.0
2026-04,2026,300 kW–1 MW,PHB,340.0,1,340.0
2026-04,2026,300 kW–1 MW,Renovigi,351.0,1,351.0
2026-04,2026,300 kW–1 MW,Solis (Ginlong),490.0,1,490.0
2026-04,2026,300 kW–1 MW,Sungrow,11730.0,15,782.0
2026-04,2026,300 kW–1 MW,WEG,8000.0,9,888.8888888888889
2026-04,2026,1–5 MW,Emerson,8000.0,2,4000.0
2026-04,2026,1–5 MW,GE,2500.0,1,2500.0
2026-04,2026,1–5 MW,Growatt,3975.0,2,1987.5
2026-04,2026,1–5 MW,Huawei,2400.0,1,2400.0
2026-04,2026,1–5 MW,PHB,4375.0,1,4375.0
2026-04,2026,1–5 MW,SAJ,2675.0,1,2675.0
2026-04,2026,1–5 MW,Sungrow,2500.0,1,2500.0
2026-05,2026,≤10 kW,ABB/FIMER,49.1,9,5.455555555555556
2026-05,2026,≤10 kW,APsystems,735.21,156,4.712884615384616
2026-05,2026,≤10 kW,Auxsol,13117.98,2144,6.118460820895522
2026-05,2026,≤10 kW,BYD,65.1,10,6.51
2026-05,2026,≤10 kW,Bedin Solar,159.22,34,4.682941176470588
2026-05,2026,≤10 kW,Bel Energy,196.22,34,5.771176470588236
2026-05,2026,≤10 kW,Canadian Solar,1339.13,225,5.9516888888888895
2026-05,2026,≤10 kW,Chint,688.39,125,5.50712
2026-05,2026,≤10 kW,Deye,26430.65,4583,5.767106698668995
2026-05,2026,≤10 kW,Each Energy,70.86,12,5.905
2026-05,2026,≤10 kW,Ecosolys,308.65,45,6.858888888888888
2026-05,2026,≤10 kW,Elgin,121.43,21,5.782380952380953
2026-05,2026,≤10 kW,Emerson,18422.5,3165,5.820695102685624
2026-05,2026,≤10 kW,Empalux,464.9,78,5.96025641025641
2026-05,2026,≤10 kW,Enphase,221.06,37,5.974594594594595
2026-05,2026,≤10 kW,Foxess,6898.27,1249,5.523034427542034
2026-05,2026,≤10 kW,Fronius,256.7,39,6.582051282051282
2026-05,2026,≤10 kW,GE,658.06,101,6.515445544554455
2026-05,2026,≤10 kW,Goodwe,10470.34,1908,5.487599580712788
2026-05,2026,≤10 kW,Growatt,16995.05,3007,5.651829065513801
2026-05,2026,≤10 kW,Hopewind,105.15,18,5.841666666666667
2026-05,2026,≤10 kW,Hoymiles,7439.61,1412,5.268845609065155
2026-05,2026,≤10 kW,Huawei,14705.77,2620,5.612889312977099
2026-05,2026,≤10 kW,Hypontech,557.27,211,2.641090047393365
2026-05,2026,≤10 kW,Ingeteam,11.0,2,5.5
2026-05,2026,≤10 kW,Intelbras,4083.55,733,5.571009549795361
2026-05,2026,≤10 kW,Kehua,166.35,28,5.941071428571428
2026-05,2026,≤10 kW,Komeco,24.54,4,6.135
2026-05,2026,≤10 kW,Kstar,50.989999999999995,12,4.2491666666666665
2026-05,2026,≤10 kW,Livoltek,1177.8,196,6.009183673469387
2026-05,2026,≤10 kW,NEP,889.55,171,5.202046783625731
2026-05,2026,≤10 kW,Nansen,1158.11,181,6.398397790055248
2026-05,2026,≤10 kW,Nexen,1218.75,171,7.12719298245614
2026-05,2026,≤10 kW,Não informado,4383.4,800,5.4792499999999995
2026-05,2026,≤10 kW,Outros,5325.13,971,5.484170957775489
2026-05,2026,≤10 kW,PHB,2503.65,461,5.430911062906724
2026-05,2026,≤10 kW,Refusol,28.45,5,5.6899999999999995
2026-05,2026,≤10 kW,Renac,3870.04,618,6.262200647249191
2026-05,2026,≤10 kW,Renovigi,732.3,143,5.1209790209790205
2026-05,2026,≤10 kW,SAJ,20556.28,3650,5.631857534246575
2026-05,2026,≤10 kW,SHENZHEN,20.0,2,10.0
2026-05,2026,≤10 kW,Sofar Solar,18233.38,3383,5.389707360331068
2026-05,2026,≤10 kW,SolarEdge,135.29999999999998,20,6.764999999999999
2026-05,2026,≤10 kW,Solax Power,887.47,164,5.41140243902439
2026-05,2026,≤10 kW,Solis (Ginlong),11285.71,1889,5.974436209634727
2026-05,2026,≤10 kW,Solplanet,16650.02,2677,6.219656331714606
2026-05,2026,≤10 kW,Sungrow,13775.13,2202,6.255735694822888
2026-05,2026,≤10 kW,TSUNESS,425.43,75,5.6724
2026-05,2026,≤10 kW,Tsun,2317.42,420,5.517666666666667
2026-05,2026,≤10 kW,WEG,13008.97,2610,4.98427969348659
2026-05,2026,≤10 kW,WEG (Huawei),60.0,8,7.5
2026-05,2026,10–20 kW,ABB/FIMER,28.5,2,14.25
2026-05,2026,10–20 kW,APsystems,148.5,11,13.5
2026-05,2026,10–20 kW,Auxsol,1651.09,106,15.57632075471698
2026-05,2026,10–20 kW,Bel Energy,73.0,5,14.6
2026-05,2026,10–20 kW,Canadian Solar,244.42000000000002,15,16.294666666666668
2026-05,2026,10–20 kW,Chint,67.7,4,16.925
2026-05,2026,10–20 kW,Deye,4902.53,345,14.21023188405797
2026-05,2026,10–20 kW,Ecosolys,56.0,3,18.666666666666668
2026-05,2026,10–20 kW,Elgin,30.0,2,15.0
2026-05,2026,10–20 kW,Emerson,5818.01,423,13.754160756501182
2026-05,2026,10–20 kW,Empalux,207.0,16,12.9375
2026-05,2026,10–20 kW,Enphase,17.0,1,17.0
2026-05,2026,10–20 kW,Foxess,1435.46,98,14.647551020408164
2026-05,2026,10–20 kW,Fronius,224.09,16,14.005625
2026-05,2026,10–20 kW,GE,609.0699999999999,41,14.855365853658535
2026-05,2026,10–20 kW,Goodwe,2092.0,138,15.159420289855072
2026-05,2026,10–20 kW,Growatt,3152.38,210,15.011333333333333
2026-05,2026,10–20 kW,Hopewind,136.4,9,15.155555555555557
2026-05,2026,10–20 kW,Hoymiles,1236.59,90,13.739888888888888
2026-05,2026,10–20 kW,Huawei,2323.77,156,14.895961538461538
2026-05,2026,10–20 kW,Hypontech,122.57,9,13.618888888888888
2026-05,2026,10–20 kW,Intelbras,824.33,55,14.987818181818183
2026-05,2026,10–20 kW,Kehua,30.0,2,15.0
2026-05,2026,10–20 kW,Komeco,11.5,1,11.5
2026-05,2026,10–20 kW,Kstar,11.56,1,11.56
2026-05,2026,10–20 kW,Livoltek,250.91,17,14.759411764705883
2026-05,2026,10–20 kW,NEP,221.34,16,13.83375
2026-05,2026,10–20 kW,Nansen,249.79,15,16.652666666666665
2026-05,2026,10–20 kW,Nexen,295.43,21,14.068095238095239
2026-05,2026,10–20 kW,Não informado,484.13,31,15.617096774193548
2026-05,2026,10–20 kW,Outros,1657.85,117,14.169658119658118
2026-05,2026,10–20 kW,PHB,691.49,45,15.366444444444445
2026-05,2026,10–20 kW,Refusol,23.5,2,11.75
2026-05,2026,10–20 kW,Renac,603.73,47,12.84531914893617
2026-05,2026,10–20 kW,Renovigi,117.98,8,14.7475
2026-05,2026,10–20 kW,SAJ,5678.68,384,14.788229166666667
2026-05,2026,10–20 kW,SMA,17.2,1,17.2
2026-05,2026,10–20 kW,Sofar Solar,2068.87,131,15.792900763358778
2026-05,2026,10–20 kW,SolarEdge,454.15000000000003,29,15.660344827586208
2026-05,2026,10–20 kW,Solax Power,172.78,12,14.398333333333333
2026-05,2026,10–20 kW,Solis (Ginlong),2267.55,148,15.321283783783786
2026-05,2026,10–20 kW,Solplanet,6367.31,414,15.379975845410629
2026-05,2026,10–20 kW,Sungrow,2638.13,171,15.42766081871345
2026-05,2026,10–20 kW,TSUNESS,188.0,14,13.428571428571429
2026-05,2026,10–20 kW,Tsun,496.28999999999996,36,13.785833333333333
2026-05,2026,10–20 kW,WEG,2264.61,168,13.47982142857143
2026-05,2026,10–20 kW,WEG (Huawei),30.0,2,15.0
2026-05,2026,20–75 kW,APsystems,284.4,8,35.55
2026-05,2026,20–75 kW,Auxsol,698.54,22,31.75181818181818
2026-05,2026,20–75 kW,Bedin Solar,35.0,1,35.0
2026-05,2026,20–75 kW,Bel Energy,27.5,1,27.5
2026-05,2026,20–75 kW,Canadian Solar,424.0,8,53.0
2026-05,2026,20–75 kW,Chint,137.5,3,45.833333333333336
2026-05,2026,20–75 kW,Deye,4615.99,137,33.693357664233574
2026-05,2026,20–75 kW,Each Energy,30.0,1,30.0
2026-05,2026,20–75 kW,Elgin,75.0,1,75.0
2026-05,2026,20–75 kW,Emerson,8290.5,233,35.581545064377686
2026-05,2026,20–75 kW,Empalux,273.5,8,34.1875
2026-05,2026,20–75 kW,Enphase,83.25,2,41.625
2026-05,2026,20–75 kW,Foxess,898.48,25,35.9392
2026-05,2026,20–75 kW,Fronius,380.6,9,42.28888888888889
2026-05,2026,20–75 kW,GE,275.22,9,30.580000000000002
2026-05,2026,20–75 kW,Goodwe,2708.67,80,33.858375
2026-05,2026,20–75 kW,Growatt,6036.13,146,41.343356164383565
2026-05,2026,20–75 kW,Hopewind,242.0,6,40.333333333333336
2026-05,2026,20–75 kW,Hoymiles,691.3,22,31.422727272727272
2026-05,2026,20–75 kW,Huawei,2651.08,64,41.423125
2026-05,2026,20–75 kW,Hypontech,142.5,5,28.5
2026-05,2026,20–75 kW,Intelbras,1409.5,30,46.983333333333334
2026-05,2026,20–75 kW,Kehua,95.0,3,31.666666666666668
2026-05,2026,20–75 kW,Komeco,32.0,1,32.0
2026-05,2026,20–75 kW,Livoltek,195.0,6,32.5
2026-05,2026,20–75 kW,NEP,131.66,5,26.332
2026-05,2026,20–75 kW,Nansen,196.2,7,28.02857142857143
2026-05,2026,20–75 kW,Nexen,103.5,4,25.875
2026-05,2026,20–75 kW,Não informado,406.0,13,31.23076923076923
2026-05,2026,20–75 kW,Outros,639.41,18,35.522777777777776
2026-05,2026,20–75 kW,PHB,1331.84,33,40.35878787878788
2026-05,2026,20–75 kW,Refusol,25.0,1,25.0
2026-05,2026,20–75 kW,Renac,497.0,13,38.23076923076923
2026-05,2026,20–75 kW,Renovigi,177.0,4,44.25
2026-05,2026,20–75 kW,SAJ,11310.55,305,37.08377049180328
2026-05,2026,20–75 kW,SMA,37.0,1,37.0
2026-05,2026,20–75 kW,Sofar Solar,2633.2,64,41.14375
2026-05,2026,20–75 kW,SolarEdge,683.47,23,29.71608695652174
2026-05,2026,20–75 kW,Solax Power,40.2,2,20.1
2026-05,2026,20–75 kW,Solis (Ginlong),6634.72,145,45.756689655172416
2026-05,2026,20–75 kW,Solplanet,7984.44,208,38.386730769230766
2026-05,2026,20–75 kW,Sungrow,5695.38,131,43.476183206106874
2026-05,2026,20–75 kW,TSUNESS,97.0,2,48.5
2026-05,2026,20–75 kW,Tsun,433.94,12,36.16166666666667
2026-05,2026,20–75 kW,WEG,4599.31,101,45.537722772277235
2026-05,2026,20–75 kW,WEG (Huawei),46.0,2,23.0
2026-05,2026,75–300 kW,Deye,192.0,2,96.0
2026-05,2026,75–300 kW,Emerson,1024.2,9,113.80000000000001
2026-05,2026,75–300 kW,Goodwe,83.0,1,83.0
2026-05,2026,75–300 kW,Growatt,652.3199999999999,4,163.07999999999998
2026-05,2026,75–300 kW,Huawei,510.0,4,127.5
2026-05,2026,75–300 kW,Nexen,200.0,1,200.0
2026-05,2026,75–300 kW,SAJ,698.0,4,174.5
2026-05,2026,75–300 kW,SolarEdge,147.2,1,147.2
2026-05,2026,75–300 kW,Solis (Ginlong),490.2,5,98.03999999999999
2026-05,2026,75–300 kW,Solplanet,331.0,3,110.33333333333333
2026-05,2026,75–300 kW,Sungrow,1535.0,7,219.28571428571428
2026-05,2026,75–300 kW,Tsun,180.0,1,180.0
2026-05,2026,75–300 kW,WEG,411.0,3,137.0
2026-05,2026,300 kW–1 MW,Canadian Solar,5000.0,5,1000.0
2026-05,2026,300 kW–1 MW,Deye,975.0,1,975.0
2026-05,2026,300 kW–1 MW,GE,2000.0,2,1000.0
2026-05,2026,300 kW–1 MW,Huawei,4500.0,5,900.0
2026-05,2026,300 kW–1 MW,Nexen,400.0,1,400.0
2026-05,2026,300 kW–1 MW,Sofar Solar,1000.0,1,1000.0
2026-05,2026,300 kW–1 MW,Sungrow,1000.0,1,1000.0
2026-05,2026,1–5 MW,Huawei,7500.0,3,2500.0
2026-05,2026,1–5 MW,Intelbras,4500.0,1,4500.0
2026-05,2026,1–5 MW,NEP,4500.0,1,4500.0
2026-05,2026,1–5 MW,Solplanet,4905.0,1,4905.0
2026-05,2026,1–5 MW,Tsun,1755.0,1,1755.0
2026-06,2026,≤10 kW,ABB/FIMER,38.05,7,5.435714285714285
2026-06,2026,≤10 kW,APsystems,1215.44,230,5.284521739130435
2026-06,2026,≤10 kW,Auxsol,20182.12,3456,5.839733796296296
2026-06,2026,≤10 kW,BYD,73.07,12,6.089166666666666
2026-06,2026,≤10 kW,Bedin Solar,78.22,16,4.88875
2026-06,2026,≤10 kW,Bel Energy,270.85,54,5.015740740740741
2026-06,2026,≤10 kW,Canadian Solar,1981.74,317,6.251545741324922
2026-06,2026,≤10 kW,Chint,643.73,120,5.364416666666667
2026-06,2026,≤10 kW,Deye,26220.26,4735,5.537541710665258
2026-06,2026,≤10 kW,Each Energy,22.1,3,7.366666666666667
2026-06,2026,≤10 kW,Ecosolys,103.0,17,6.0588235294117645
2026-06,2026,≤10 kW,Elgin,84.03,17,4.942941176470589
2026-06,2026,≤10 kW,Emerson,13.5,2,6.75
2026-06,2026,≤10 kW,Empalux,130.75,24,5.447916666666667
2026-06,2026,≤10 kW,Enphase,155.9,35,4.454285714285715
2026-06,2026,≤10 kW,Foxess,7778.57,1381,5.632563359884141
2026-06,2026,≤10 kW,Fronius,233.67000000000002,40,5.84175
2026-06,2026,≤10 kW,GE,386.74,66,5.859696969696969
2026-06,2026,≤10 kW,Goodwe,10265.83,1871,5.4868145376803845
2026-06,2026,≤10 kW,Growatt,15304.74,2781,5.503322545846817
2026-06,2026,≤10 kW,Hopewind,140.2,21,6.676190476190476
2026-06,2026,≤10 kW,Hoymiles,9226.92,1788,5.160469798657719
2026-06,2026,≤10 kW,Huawei,14984.63,2809,5.334506941972232
2026-06,2026,≤10 kW,Hypontech,551.71,139,3.969136690647482
2026-06,2026,≤10 kW,Ingeteam,29.45,6,4.908333333333333
2026-06,2026,≤10 kW,Intelbras,3865.33,725,5.331489655172414
2026-06,2026,≤10 kW,Kehua,72.6,13,5.584615384615384
2026-06,2026,≤10 kW,Komeco,4.88,1,4.88
2026-06,2026,≤10 kW,Kstar,52.34,11,4.758181818181819
2026-06,2026,≤10 kW,Livoltek,959.52,163,5.886625766871165
2026-06,2026,≤10 kW,NEP,1453.2,288,5.045833333333333
2026-06,2026,≤10 kW,Nansen,760.06,121,6.281487603305784
2026-06,2026,≤10 kW,Nexen,33.89,7,4.841428571428572
2026-06,2026,≤10 kW,Não informado,4340.98,816,5.319828431372549
2026-06,2026,≤10 kW,Outros,4590.14,864,5.312662037037037
2026-06,2026,≤10 kW,PHB,2400.78,455,5.276439560439561
2026-06,2026,≤10 kW,Refusol,28.68,5,5.736
2026-06,2026,≤10 kW,Renac,1380.21,244,5.656598360655738
2026-06,2026,≤10 kW,Renovigi,588.27,119,4.94344537815126
2026-06,2026,≤10 kW,SAJ,14921.14,2702,5.5222575869726125
2026-06,2026,≤10 kW,SMA,9.0,2,4.5
2026-06,2026,≤10 kW,SUNWAYS,35.099999999999994,7,5.014285714285713
2026-06,2026,≤10 kW,Sineng,14.0,2,7.0
2026-06,2026,≤10 kW,Sofar Solar,16301.42,3048,5.348234908136483
2026-06,2026,≤10 kW,SolarEdge,367.40999999999997,50,7.348199999999999
2026-06,2026,≤10 kW,Solax Power,1929.87,381,5.065275590551181
2026-06,2026,≤10 kW,Solis (Ginlong),12792.39,2141,5.974960298925735
2026-06,2026,≤10 kW,Solplanet,9663.05,1600,6.03940625
2026-06,2026,≤10 kW,Sungrow,11270.16,1782,6.3244444444444445
2026-06,2026,≤10 kW,TSUNESS,1005.55,197,5.104314720812183
2026-06,2026,≤10 kW,Tsun,1973.48,394,5.008832487309645
2026-06,2026,≤10 kW,WEG,12454.07,2479,5.023828156514724
2026-06,2026,10–20 kW,ABB/FIMER,15.0,1,15.0
2026-06,2026,10–20 kW,APsystems,340.65,26,13.101923076923075
2026-06,2026,10–20 kW,Auxsol,2704.04,182,14.857362637362638
2026-06,2026,10–20 kW,Bel Energy,26.240000000000002,2,13.120000000000001
2026-06,2026,10–20 kW,Canadian Solar,91.82,6,15.303333333333333
2026-06,2026,10–20 kW,Chint,11.6,1,11.6
2026-06,2026,10–20 kW,Deye,4110.91,291,14.126838487972508
2026-06,2026,10–20 kW,Ecosolys,42.0,3,14.0
2026-06,2026,10–20 kW,Elgin,28.2,2,14.1
2026-06,2026,10–20 kW,Empalux,22.5,2,11.25
2026-06,2026,10–20 kW,Enphase,35.42,2,17.71
2026-06,2026,10–20 kW,Foxess,949.35,65,14.605384615384615
2026-06,2026,10–20 kW,Fronius,191.42,13,14.724615384615383
2026-06,2026,10–20 kW,GE,97.8,6,16.3
2026-06,2026,10–20 kW,Goodwe,1867.94,124,15.064032258064517
2026-06,2026,10–20 kW,Growatt,2790.5,186,15.00268817204301
2026-06,2026,10–20 kW,Hopewind,115.8,7,16.54285714285714
2026-06,2026,10–20 kW,Hoymiles,1146.46,85,13.487764705882354
2026-06,2026,10–20 kW,Huawei,1693.87,121,13.99892561983471
2026-06,2026,10–20 kW,Hypontech,37.04,2,18.52
2026-06,2026,10–20 kW,Intelbras,717.26,49,14.63795918367347
2026-06,2026,10–20 kW,Livoltek,101.0,6,16.833333333333332
2026-06,2026,10–20 kW,NEP,292.76,22,13.307272727272727
2026-06,2026,10–20 kW,Nansen,73.75,5,14.75
2026-06,2026,10–20 kW,Nexen,10.5,1,10.5
2026-06,2026,10–20 kW,Não informado,617.35,41,15.057317073170733
2026-06,2026,10–20 kW,Outros,614.87,44,13.974318181818182
2026-06,2026,10–20 kW,PHB,474.58,31,15.309032258064516
2026-06,2026,10–20 kW,Refusol,12.0,1,12.0
2026-06,2026,10–20 kW,Renac,97.56,8,12.195
2026-06,2026,10–20 kW,Renovigi,47.3,3,15.766666666666666
2026-06,2026,10–20 kW,SAJ,3430.55,232,14.786853448275863
2026-06,2026,10–20 kW,SMA,15.0,1,15.0
2026-06,2026,10–20 kW,Sofar Solar,1663.75,109,15.263761467889909
2026-06,2026,10–20 kW,SolarEdge,40.0,2,20.0
2026-06,2026,10–20 kW,Solax Power,218.89000000000001,17,12.875882352941177
2026-06,2026,10–20 kW,Solis (Ginlong),2386.8,149,16.018791946308728
2026-06,2026,10–20 kW,Solplanet,3048.0,197,15.472081218274111
2026-06,2026,10–20 kW,Sungrow,2167.95,133,16.300375939849623
2026-06,2026,10–20 kW,TSUNESS,212.75,16,13.296875
2026-06,2026,10–20 kW,Tsun,304.12,23,13.222608695652173
2026-06,2026,10–20 kW,WEG,2042.89,145,14.088896551724138
2026-06,2026,20–75 kW,APsystems,219.9,7,31.414285714285715
2026-06,2026,20–75 kW,Auxsol,2931.41,72,40.71402777777777
2026-06,2026,20–75 kW,BYD,30.0,1,30.0
2026-06,2026,20–75 kW,Bedin Solar,181.0,3,60.333333333333336
2026-06,2026,20–75 kW,Bel Energy,21.0,1,21.0
2026-06,2026,20–75 kW,Canadian Solar,198.25,8,24.78125
2026-06,2026,20–75 kW,Chint,25.0,1,25.0
2026-06,2026,20–75 kW,Deye,3980.8,112,35.542857142857144
2026-06,2026,20–75 kW,Elgin,30.0,1,30.0
2026-06,2026,20–75 kW,Emerson,60.0,1,60.0
2026-06,2026,20–75 kW,Empalux,24.0,1,24.0
2026-06,2026,20–75 kW,Enphase,24.7,1,24.7
2026-06,2026,20–75 kW,Foxess,678.3,20,33.915
2026-06,2026,20–75 kW,Fronius,99.0,2,49.5
2026-06,2026,20–75 kW,GE,81.0,3,27.0
2026-06,2026,20–75 kW,Goodwe,1957.92,57,34.34947368421053
2026-06,2026,20–75 kW,Growatt,4121.74,111,37.13279279279279
2026-06,2026,20–75 kW,Hopewind,179.1,4,44.775
2026-06,2026,20–75 kW,Hoymiles,754.91,24,31.454583333333332
2026-06,2026,20–75 kW,Huawei,2339.82,57,41.04947368421053
2026-06,2026,20–75 kW,Hypontech,125.6,4,31.4
2026-06,2026,20–75 kW,Intelbras,454.26,15,30.284
2026-06,2026,20–75 kW,Kehua,75.0,1,75.0
2026-06,2026,20–75 kW,Livoltek,240.0,5,48.0
2026-06,2026,20–75 kW,NEP,110.25,4,27.5625
2026-06,2026,20–75 kW,Nansen,150.0,3,50.0
2026-06,2026,20–75 kW,Não informado,858.0,21,40.857142857142854
2026-06,2026,20–75 kW,Outros,1199.53,27,44.42703703703704
2026-06,2026,20–75 kW,PHB,731.84,18,40.65777777777778
2026-06,2026,20–75 kW,Refusol,24.08,1,24.08
2026-06,2026,20–75 kW,Renac,131.46,4,32.865
2026-06,2026,20–75 kW,Renovigi,105.0,2,52.5
2026-06,2026,20–75 kW,SAJ,7081.58,179,39.561899441340785
2026-06,2026,20–75 kW,Sineng,75.0,1,75.0
2026-06,2026,20–75 kW,Sofar Solar,2228.15,53,42.04056603773585
2026-06,2026,20–75 kW,SolarEdge,494.55,12,41.2125
2026-06,2026,20–75 kW,Solax Power,159.25,4,39.8125
2026-06,2026,20–75 kW,Solis (Ginlong),8139.26,182,44.721208791208795
2026-06,2026,20–75 kW,Solplanet,4447.0,115,38.6695652173913
2026-06,2026,20–75 kW,Sungrow,4522.56,110,41.11418181818182
2026-06,2026,20–75 kW,TSUNESS,152.0,5,30.4
2026-06,2026,20–75 kW,Tsun,25.0,1,25.0
2026-06,2026,20–75 kW,WEG,3812.07,96,39.7090625
2026-06,2026,75–300 kW,Auxsol,2417.0,11,219.72727272727272
2026-06,2026,75–300 kW,Deye,86.0,1,86.0
2026-06,2026,75–300 kW,Foxess,190.0,2,95.0
2026-06,2026,75–300 kW,Goodwe,673.0,3,224.33333333333334
2026-06,2026,75–300 kW,Growatt,135.0,1,135.0
2026-06,2026,75–300 kW,Huawei,300.0,2,150.0
2026-06,2026,75–300 kW,Intelbras,235.0,2,117.5
2026-06,2026,75–300 kW,Nansen,100.0,1,100.0
2026-06,2026,75–300 kW,Não informado,127.0,1,127.0
2026-06,2026,75–300 kW,SAJ,388.0,2,194.0
2026-06,2026,75–300 kW,Sofar Solar,420.0,2,210.0
2026-06,2026,75–300 kW,Solis (Ginlong),300.0,2,150.0
2026-06,2026,75–300 kW,Solplanet,300.0,1,300.0
2026-06,2026,75–300 kW,Sungrow,1450.0,7,207.14285714285714
2026-06,2026,75–300 kW,TSUNESS,137.25,1,137.25
2026-06,2026,75–300 kW,WEG,500.0,3,166.66666666666666
2026-06,2026,300 kW–1 MW,Auxsol,500.0,1,500.0
2026-06,2026,300 kW–1 MW,Canadian Solar,4000.0,4,1000.0
2026-06,2026,300 kW–1 MW,Deye,975.0,1,975.0
2026-06,2026,300 kW–1 MW,Growatt,1000.0,1,1000.0
2026-06,2026,300 kW–1 MW,Huawei,13000.0,14,928.5714285714286
2026-06,2026,300 kW–1 MW,SolarEdge,500.0,1,500.0
2026-06,2026,300 kW–1 MW,Solis (Ginlong),600.0,1,600.0
2026-06,2026,300 kW–1 MW,Sungrow,5865.0,7,837.8571428571429
2026-06,2026,300 kW–1 MW,TBEA,5000.0,5,1000.0
2026-06,2026,300 kW–1 MW,WEG,2360.0,3,786.6666666666666
2026-06,2026,1–5 MW,Auxsol,2000.0,1,2000.0
2026-06,2026,1–5 MW,Deye,2250.0,1,2250.0
2026-06,2026,1–5 MW,Huawei,16950.0,8,2118.75
2026-06,2026,1–5 MW,Sofar Solar,2000.0,1,2000.0
2026-06,2026,1–5 MW,Tsun,4500.0,1,4500.0
2026-07,2026,≤10 kW,ABB/FIMER,6.3,1,6.3
2026-07,2026,≤10 kW,APsystems,306.04,53,5.77433962264151
2026-07,2026,≤10 kW,Auxsol,6676.2,1120,5.9608928571428565
2026-07,2026,≤10 kW,BYD,18.86,3,6.286666666666666
2026-07,2026,≤10 kW,Bedin Solar,152.33,34,4.480294117647059
2026-07,2026,≤10 kW,Bel Energy,120.9,22,5.495454545454546
2026-07,2026,≤10 kW,Canadian Solar,591.19,99,5.971616161616162
2026-07,2026,≤10 kW,Chint,902.36,159,5.675220125786163
2026-07,2026,≤10 kW,Deye,10023.86,1785,5.615607843137255
2026-07,2026,≤10 kW,Each Energy,25.42,4,6.355
2026-07,2026,≤10 kW,Ecosolys,9.91,1,9.91
2026-07,2026,≤10 kW,Elgin,88.36,18,4.908888888888889
2026-07,2026,≤10 kW,Empalux,8.0,1,8.0
2026-07,2026,≤10 kW,Enphase,95.96,21,4.569523809523809
2026-07,2026,≤10 kW,Foxess,3319.45,557,5.959515260323159
2026-07,2026,≤10 kW,Fronius,42.5,6,7.083333333333333
2026-07,2026,≤10 kW,GE,89.7,15,5.98
2026-07,2026,≤10 kW,Goodwe,3041.3,552,5.509601449275363
2026-07,2026,≤10 kW,Growatt,7274.35,1280,5.6830859375000005
2026-07,2026,≤10 kW,Hopewind,37.0,5,7.4
2026-07,2026,≤10 kW,Hoymiles,4551.97,820,5.551182926829268
2026-07,2026,≤10 kW,Huawei,4685.28,838,5.591026252983293
2026-07,2026,≤10 kW,Hypontech,244.62,56,4.368214285714286
2026-07,2026,≤10 kW,Ingeteam,5.0,1,5.0
2026-07,2026,≤10 kW,Intelbras,1138.96,204,5.583137254901961
2026-07,2026,≤10 kW,Kehua,56.54,10,5.654
2026-07,2026,≤10 kW,Komeco,26.79,4,6.6975
2026-07,2026,≤10 kW,Kstar,48.68,11,4.425454545454546
2026-07,2026,≤10 kW,Livoltek,618.98,102,6.0684313725490195
2026-07,2026,≤10 kW,NEP,291.21999999999997,52,5.600384615384614
2026-07,2026,≤10 kW,Nansen,278.84,52,5.3623076923076916
2026-07,2026,≤10 kW,Nexen,20.6,5,4.12
2026-07,2026,≤10 kW,Não informado,18.25,3,6.083333333333333
2026-07,2026,≤10 kW,Outros,3840.53,715,5.37137062937063
2026-07,2026,≤10 kW,PHB,1017.36,181,5.620773480662984
2026-07,2026,≤10 kW,Refusol,27.57,5,5.514
2026-07,2026,≤10 kW,Renac,448.1,79,5.672151898734177
2026-07,2026,≤10 kW,Renovigi,207.75,38,5.467105263157895
2026-07,2026,≤10 kW,SAJ,5897.14,1074,5.490819366852887
2026-07,2026,≤10 kW,SHENZHEN,7.5,1,7.5
2026-07,2026,≤10 kW,SMA,25.5,4,6.375
2026-07,2026,≤10 kW,SUNWAYS,28.81,5,5.762
2026-07,2026,≤10 kW,Sineng,6.11,1,6.11
2026-07,2026,≤10 kW,Sofar Solar,7472.72,1377,5.426811909949165
2026-07,2026,≤10 kW,SolarEdge,26.2,4,6.55
2026-07,2026,≤10 kW,Solax Power,903.66,165,5.476727272727272
2026-07,2026,≤10 kW,Solis (Ginlong),4894.46,825,5.932678787878788
2026-07,2026,≤10 kW,Solplanet,5041.11,860,5.861755813953488
2026-07,2026,≤10 kW,Sungrow,3573.47,547,6.532851919561243
2026-07,2026,≤10 kW,TSUNESS,396.25,77,5.146103896103896
2026-07,2026,≤10 kW,Tsun,607.47,117,5.192051282051282
2026-07,2026,≤10 kW,WEG,7503.86,1482,5.0633333333333335
2026-07,2026,10–20 kW,APsystems,85.03999999999999,6,14.173333333333332
2026-07,2026,10–20 kW,Auxsol,925.19,61,15.16704918032787
2026-07,2026,10–20 kW,BYD,18.0,1,18.0
2026-07,2026,10–20 kW,Bedin Solar,20.0,1,20.0
2026-07,2026,10–20 kW,Bel Energy,39.8,2,19.9
2026-07,2026,10–20 kW,Canadian Solar,41.0,3,13.666666666666666
2026-07,2026,10–20 kW,Chint,118.75,8,14.84375
2026-07,2026,10–20 kW,Deye,2171.59,155,14.01025806451613
2026-07,2026,10–20 kW,Enphase,10.45,1,10.45
2026-07,2026,10–20 kW,Foxess,763.29,53,14.401698113207546
2026-07,2026,10–20 kW,Fronius,69.58,5,13.916
2026-07,2026,10–20 kW,Goodwe,480.66,33,14.565454545454546
2026-07,2026,10–20 kW,Growatt,1912.3600000000001,129,14.82449612403101
2026-07,2026,10–20 kW,Hopewind,27.0,2,13.5
2026-07,2026,10–20 kW,Hoymiles,773.9,56,13.819642857142856
2026-07,2026,10–20 kW,Huawei,494.53,35,14.129428571428571
2026-07,2026,10–20 kW,Hypontech,35.0,2,17.5
2026-07,2026,10–20 kW,Intelbras,205.32999999999998,14,14.66642857142857
2026-07,2026,10–20 kW,Livoltek,69.0,5,13.8
2026-07,2026,10–20 kW,NEP,51.75,4,12.9375
2026-07,2026,10–20 kW,Nansen,38.3,3,12.766666666666666
2026-07,2026,10–20 kW,Nexen,20.0,1,20.0
2026-07,2026,10–20 kW,Não informado,10.75,1,10.75
2026-07,2026,10–20 kW,Outros,952.34,61,15.612131147540984
2026-07,2026,10–20 kW,PHB,250.78,17,14.751764705882353
2026-07,2026,10–20 kW,Renac,35.84,3,11.946666666666667
2026-07,2026,10–20 kW,Renovigi,113.95,8,14.24375
2026-07,2026,10–20 kW,SAJ,1610.26,104,15.483269230769231
2026-07,2026,10–20 kW,SUNWAYS,20.0,1,20.0
2026-07,2026,10–20 kW,Sineng,11.4,1,11.4
2026-07,2026,10–20 kW,Sofar Solar,713.87,48,14.872291666666667
2026-07,2026,10–20 kW,SolarEdge,16.74,1,16.74
2026-07,2026,10–20 kW,Solax Power,108.03999999999999,7,15.434285714285712
2026-07,2026,10–20 kW,Solis (Ginlong),1156.28,76,15.214210526315789
2026-07,2026,10–20 kW,Solplanet,1966.1299999999999,131,15.008625954198472
2026-07,2026,10–20 kW,Sungrow,853.44,57,14.97263157894737
2026-07,2026,10–20 kW,TSUNESS,147.6,11,13.418181818181818
2026-07,2026,10–20 kW,Tsun,40.9,3,13.633333333333333
2026-07,2026,10–20 kW,WEG,1315.98,95,13.852421052631579
2026-07,2026,20–75 kW,ABB/FIMER,97.5,2,48.75
2026-07,2026,20–75 kW,APsystems,173.0,5,34.6
2026-07,2026,20–75 kW,Auxsol,586.74,18,32.596666666666664
2026-07,2026,20–75 kW,Bedin Solar,150.0,2,75.0
2026-07,2026,20–75 kW,Canadian Solar,362.0,6,60.333333333333336
2026-07,2026,20–75 kW,Chint,105.0,3,35.0
2026-07,2026,20–75 kW,Deye,1838.03,53,34.679811320754716
2026-07,2026,20–75 kW,Foxess,335.8,9,37.31111111111111
2026-07,2026,20–75 kW,GE,33.3,1,33.3
2026-07,2026,20–75 kW,Goodwe,745.0,17,43.8235294117647
2026-07,2026,20–75 kW,Growatt,2416.88,60,40.281333333333336
2026-07,2026,20–75 kW,Hoymiles,479.23,16,29.951875
2026-07,2026,20–75 kW,Huawei,475.8,14,33.98571428571429
2026-07,2026,20–75 kW,Hypontech,30.0,1,30.0
2026-07,2026,20–75 kW,Intelbras,72.8,3,24.266666666666666
2026-07,2026,20–75 kW,Livoltek,30.0,1,30.0
2026-07,2026,20–75 kW,NEP,60.89,1,60.89
2026-07,2026,20–75 kW,Nansen,22.5,1,22.5
2026-07,2026,20–75 kW,Outros,336.89,12,28.074166666666667
2026-07,2026,20–75 kW,PHB,336.7,8,42.0875
2026-07,2026,20–75 kW,Renovigi,63.0,2,31.5
2026-07,2026,20–75 kW,SAJ,4330.89,94,46.073297872340426
2026-07,2026,20–75 kW,SMA,65.0,1,65.0
2026-07,2026,20–75 kW,SUNWAYS,35.0,1,35.0
2026-07,2026,20–75 kW,Sofar Solar,1111.47,26,42.74884615384615
2026-07,2026,20–75 kW,SolarEdge,131.3,4,32.825
2026-07,2026,20–75 kW,Solax Power,123.36,3,41.12
2026-07,2026,20–75 kW,Solis (Ginlong),2936.23,61,48.134918032786885
2026-07,2026,20–75 kW,Solplanet,3055.12,70,43.644571428571425
2026-07,2026,20–75 kW,Sungrow,1357.76,33,41.14424242424242
2026-07,2026,20–75 kW,TSUNESS,41.67,2,20.835
2026-07,2026,20–75 kW,WEG,2721.15,64,42.51796875
2026-07,2026,75–300 kW,Foxess,182.25,1,182.25
2026-07,2026,75–300 kW,Goodwe,150.0,1,150.0
2026-07,2026,75–300 kW,Growatt,125.0,1,125.0
2026-07,2026,75–300 kW,SMA,175.0,1,175.0
2026-07,2026,75–300 kW,SolarEdge,99.1,1,99.1
2026-07,2026,75–300 kW,WEG,495.0,3,165.0
2026-08,2026,≤10 kW,Growatt,6.35,1,6.35
2026-08,2026,≤10 kW,Hoymiles,6.75,1,6.75
2026-08,2026,≤10 kW,Outros,4.4,1,4.4
2026-08,2026,≤10 kW,Sofar Solar,5.0,1,5.0
