raw_normalized,exemplo_bruto,qtd_instalacoes,soma_kw,pct_do_total_kw,correcao_marca
DAH SOLAR,DAH SOLAR,3751,31578.31,0.06271088009465392,
RENOVIGI B B POWER SOLIS,RENOVIGI/B&B POWER. SOLIS,810,24048.49,0.04775752637957776,
RISEN,RISEN,1172,23083.2,0.04584057181657016,
INVERSOR,INVERSOR,454,22994.39,0.04566420540363652,
ELSYS,155 - ELSYS,3504,20931.61,0.04156776233110826,
DAH,DAH,2226,19260.52,0.038249170404644324,
LEVEROS,185 - LEVEROS,2207,19178.55,0.03808638744249851,
JINKO,JINKO,2574,18716.56,0.03716892860778161,
NINGBO GINLONG,Ningbo Ginlong,572,18359.95,0.03646074229412028,
TECH POWER,TECH POWER,2671,15963.25,0.03170117262991542,
SMA SOLAR,SMA SOLAR,312,15797.83,0.031372667596388994,
POWER ONE,Power-One,1787,15007.66,0.029803481147703408,
FREESUN,Freesun ,285,13867.76,0.02753977127152903,
HYXIPOWER,Hyxipower,2305,13653.1,0.027113481279407273,
EDGE,EDGE,461,13328.6,0.0264690617208332,
AUXISOL,AUXISOL,2185,12666.87,0.025154942292496627,
TRINA SOLAR,TRINA SOLAR,761,12334.039999999999,0.024493980315053756,
JA SOLAR,JA SOLAR,888,11717.37,0.023269344847608852,
EAST,EAST,1441,11618.48,0.02307296071772475,
OMNIK,OMNIK,1290,11416.12,0.02267109710640565,
AFORE,AFORE,973,11399.82,0.02263872718713059,
GENERAL ELETRIC,GENERAL ELETRIC,307,10744.42,0.021337178408426593,
JINKO SOLAR,JINKO SOLAR,1113,10650.35,0.021150366242401745,
SMA SOLAR TECHNOLOGY,7 - SMA SOLAR TECHNOLOGY,397,10041.74,0.019941737004978737,
OSDA,OSDA,1380,10004.39,0.01986756421449263,
INVT,INVT,439,9813.29,0.01948806166397336,
TRINA,TRINA,799,9551.14,0.01896746201133794,
WDC,WDC,1602,9412.73,0.01869259572134645,
NAO IDENTIFICADO,Não_Identificado,1473,9313.07,0.018494682460306416,
CPS,CPS|,187,9049.26,0.01797078623920495,
PROJETOS PARTICULARES,119 - PROJETOS PARTICULARES,1440,8648.55,0.017175022413885327,
RENO,RENO,870,8641.72,0.01716145882194369,
ERA SOLAR,ERA SOLAR,1002,8342.6,0.01656744101497705,
CPS SCH250 275KTL DO EU,1649 - CPS SCH250/275KTL-DO/EU,3,8000.0,0.01588707694481533,
BELENERGY PLUS,BELENERGY PLUS,1067,7845.02,0.015579304546701898,
SOLAR,SOLAR,472,7712.93,0.015316989047496815,
NAO INF,NÃO INF,8,7430.98,0.014757068879422977,
FAB INVERSOR,fab inversor,951,7364.99,0.014626020353474434,
B B,B&B,836,7304.92,0.014506728264465052,
ELETROSUN,ELETROSUN,570,7221.5,0.01434106576962299,
SUNNY HIGHPOWER,Sunny Highpower,74,7125.0,0.014149427903976155,
BELENERGY ENERGIA SOLAR,BELENERGY ENERGIA SOLAR,938,7037.77,0.013976199188739125,
SCHNEIDER ELECTRIC,Schneider Electric ,607,7027.87,0.013956538931019915,
SHENZHEN SOFARSOLAR CO,Shenzhen SOFARSOLAR Co +,303,6726.16,0.013357377682892387,
SOLAR ENERGY,Solar Energy,313,6582.66,0.013072403240194761,
SERRANA,SERRANA,691,6488.99,0.012886385428017153,
SUNOVA,SUNOVA,799,6213.75,0.012339790545730785,
SENERGY,SENERGY,621,6183.77,0.012280253724880088,
REFU ELEKTRONIK GMBH,REFU Elektronik GmbH,210,6057.92,0.01203033014569196,
SUNNY,SUNNY,150,6024.75,0.011964458352909522,
GENERAL ELECTRIC,GENERAL ELECTRIC,257,5688.46,0.011296625214688027,
AE SOLAR,AE SOLAR,649,5602.27,0.011125461819453824,
WEQ,WEQ,376,5416.04,0.010755630527024702,
TAURO ECO 100 P,1305 - TAURO ECO 100-P,4,5400.0,0.010723776937750349,
CANDIAN SOLAR,CANDIAN SOLAR,159,5371.16,0.010666504025364289,
INVERSOR SOLAR,INVERSOR SOLAR,347,5231.23,0.010388619190753288,
GE SOLAR,214 - GE SOLAR,440,5153.85,0.010234951439004563,
HUAWEII HUAWEII,"HUAWEII,HUAWEII",2,5061.0,0.010050562052213798,
SHENZHEN SOFARSOLAR CO LTD,"Shenzhen SOFARSOLAR Co, Ltd",6,5042.6,0.010014021775240724,
HUAWER,HUAWER,5,5039.01,0.010006892449461739,
VERIFICAR,Verificar,3,5000.0,0.009929423090509582,
STI,STI,1,5000.0,0.009929423090509582,
SOLIS RENOVIGI,SOLIS RENOVIGI,261,4963.91,0.009857752514642283,
MOSO,MOSO,444,4865.19,0.009661705985143262,
REFU ELEKTRONIK,REFU Elektronik,237,4802.76,0.00953772720843516,
AUSENTE,AUSENTE,294,4788.66,0.009509726235319923,
HCC,HCC,675,4754.92,0.009442722488305164,
STRING,STRING,260,4749.76,0.009432475323675759,
BONFIGLIOLI,Bonfiglioli ,86,4620.0,0.009174786935630855,
R5 6K S2 15,R5-6K-S2-15,761,4586.78,0.009108815848617507,
GROWATT DEYE,GROWATT / DEYE,302,4546.58,0.009028983286969812,
INVERSOR HAUWEI MICROINVERSOR,Inversor: HAUWEI; Microinversor:,3,4500.0,0.008936480781458624,
KACO NEW ENERGY,Kaco New Energy ,146,4490.53,0.008917674454125198,
CHINTPOWER,CHINTPOWER,233,4480.24,0.00889723970140493,
HUAWAI,HUAWAI,67,4480.05,0.008896862383327491,
REFUONE,REFUONE,643,4413.32,0.008764344302761549,
INVERSOR MICRO INVERSOR,Inversor: ; Micro Inversor:,511,4407.71,0.008753203490053998,
RENOVIGI SOLIS,RENOVIGI  SOLIS,222,4375.94,0.008690111935736898,
SOFARSOLAR CO LTD,"SOFARSOLAR Co., Ltd.",654,4375.78,0.008689794194198002,
LEDVANCE,217 - LEDVANCE,579,4362.43,0.008663282634546344,
SOL PLANET,SOL PLANET,473,4295.2,0.008529771611671351,
EACH,EACH,458,4279.91,0.008499407435860574,
SOLAR MAXX TECH,SOLAR MAXX TECH,724,4237.33,0.008414848468821793,
OMNIKSOL,20 - OMNIKSOL,301,4226.72,0.008393778233023733,
SUNNY TRIPOWER,Sunny Tripower,63,4123.41,0.008188616493127623,
HONOR SOLAR,HONOR SOLAR,609,4120.83,0.008183492910812919,
HOPESUN,165 - HOPESUN,206,4115.66,0.008173225887337333,
ALDO SOLAR,ALDO SOLAR,441,4103.65,0.00814937541307393,
LONGI,LONGI,413,4076.55,0.008095557939923368,
8000MTL S,8000MTL-S,482,3938.86,0.007822121486856915,
SIW500H,SIW500H,14,3904.6000000000004,0.007754085079840744,
RENOVIG,RENOVIG,396,3902.4900000000002,0.007749894863296548,
FRONIUS GROWATT,FRONIUS GROWATT,145,3892.71,0.007730472911731511,
HAWEI,HAWEI,45,3865.4500000000003,0.0076763376970420535,
FILMER,FILMER,4,3840.0,0.007625796933511358,
DAYE,DAYE/,518,3828.7599999999998,0.0076034755904038935,
JSL COMERCIO DE CORREIAS LTDA ME,14 - JSL COMÉRCIO DE CORREIAS LTDA ME,487,3721.76,0.007390985936266989,
VERTYS,VERTYS |,434,3702.77,0.007353273987369233,
K STAR,K STAR,125,3667.4700000000003,0.007283172260350236,
HONOR,HONOR,518,3641.69,0.007231976154895568,
GINLONG TECHNOLOGIES,GINLONG TECHNOLOGIES,150,3619.14,0.00718719445675737,
SUNGROW FRONIUS,"SUNGROW, FRONIUS|",58,3495.98,0.006942612907191938,
FRONIUS SUNGROW,FRONIUS/SUNGROW,48,3485.21,0.00692122492985498,
UNDEFINED,undefined,27,3470.12,0.006891257930967822,
FOX,FOX,472,3466.34,0.006883751287111398,
IMPERIUM,IMPERIUM,294,3399.05,0.006750121111159319,
NAO ENCONTRADO,não encontrado,199,3299.67,0.00655276389781235,
MAX 75KTL3 XL2,MAX 75KTL3-XL2,43,3251.4,0.006456905247296571,
1XGROWATT,1XGROWATT//,123,3219.68,0.0063939129872103775,
LEAPTON,LEAPTON,420,3195.99,0.006346867380607544,
R5 5K S2 15,R5-5K-S2-15,642,3136.14,0.006228012186214144,
SHENZEN,shenzen,168,3129.71,0.006215242948119749,
INGECON,INGECON,38,3126.61,0.0062090867058036325,
AMERISOLAR,AMERISOLAR,326,3109.71,0.00617552525575771,
CENTRAL SOLAR,CENTRAL SOLAR,363,3031.05,0.006019315571697814,
SHENZHEN SOFARSOLAR,Shenzhen SOFARSOLAR,115,3027.0,0.006011272738994501,
PAINEL NAO IDENTIFICADO,PAINEL NAO IDENTIFICADO,390,3019.81,0.005996994228590348,
SOLIS SOLPLANET,SOLIS|SOLPLANET,22,3008.91,0.005975348086253037,
R6 10K S3,R6-10K-S3,286,3005.26,0.005968099607396965,
PHBSOLAR,PHBSOLAR,286,2988.26,0.005934339568889234,
SOLIS DEYE,SOLIS|DEYE|,164,2956.75,0.005871764344572841,
BALFAR,BALFAR,122,2945.49,0.005849403283773013,
HUWAEI,HUWAEI,196,2926.9,0.005812485688722499,
RISEN SOLAR,Risen Solar,288,2920.45,0.005799676732935742,
SCHNEIDER,SCHNEIDER,78,2919.9300000000003,0.00579864407293433,
DEYE SOLIS,DEYE / SOLIS,100,2877.0,0.005713390046279214,
ENGIN,ENGIN,134,2862.98,0.0056855479439334245,
ECO SOLYS,ECO SOLYS,372,2838.64,0.005637211512328824,
JNG,JNG,289,2675.49,0.005313214436885496,
ASTRONERGY,ASTRONERGY,300,2623.51,0.0052099881544365595,
GROWATT SOLIS,GROWATT / SOLIS,92,2622.32,0.005207624951741018,
SUNNY BOY SMA SOLAR,247 - SUNNY BOY SMA SOLAR,19,2589.1,0.005141653864727672,
INVERSOR GROWAT MICRO INVERSOR,Inversor: GROWAT; Micro Inversor:,352,2543.97,0.005052030891912732,
SUN2000 250KTL H1,1304 - SUN2000-250KTL-H1,3,2500.0,0.004964711545254791,
SUN2000 100KTL H,SUN2000-100KTL-H,1,2500.0,0.004964711545254791,
HAUWEI HAUWEI SUN2000 200KTL H2 SUN2000 100KTL H1,HAUWEI | HAUWEI - SUN2000-200KTL-H2 | SUN2000-100KTL-H1,1,2500.0,0.004964711545254791,
SUN2000 215KTL H1 SIW500H ST100 HV,SUN2000-215KTL-H1/SIW500H ST100 HV,1,2500.0,0.004964711545254791,
SG250HX 1500V 1150 SG333HX,371 - SG250HX 1500V;1150 - SG333HX,1,2498.0,0.0049607397760185875,
SANTERNO,Santerno ,109,2486.5499999999997,0.00493800139714132,
GROWATTGROWATT,GROWATTGROWATT,217,2458.48,0.004882257615911199,
SICES SOLAR,SICES SOLAR,142,2452.17,0.004869726683970977,
GOODWEE,GOODWEE,221,2448.7,0.0048628356643461625,
SOLPANET,SOLPANET|,245,2446.07,0.0048576127878005556,
BALFAR SOLAR,BALFAR SOLAR,107,2427.2,0.004820139145056972,
KEHUATECH,KEHUATECH,92,2418.14,0.004802147030416968,
DEYE GROWATT,DEYE  GROWATT,119,2410.41,0.0047867961423190405,
ECORI,ECORI,63,2406.48,0.0047789916157699,
BEDINSOLAR BEDINSOLAR,BEDINSOLAR; BEDINSOLAR,142,2403.79,0.004773649586147205,
ASW,ASW,133,2390.7,0.004747654356496251,
SG125HV,SG125HV	,4,2375.0,0.0047164759679920515,
LONGI SOLAR,LONGI SOLAR,201,2367.15,0.004700886773739951,
HANERSUN,HANERSUN,373,2362.27,0.004691195656803614,
HUAWEI SUN2000 60KTL MO WEG SIW500H ST060,HUAWEI / SUN2000-60KTL-MO (WEG SIW500H ST060) +,11,2359.96,0.004686608263335799,
SOLIS GROWATT,SOLIS / GROWATT,75,2355.52,0.004677790935631426,
M2 2 25K S4,M2-2.25K-S4,299,2353.17,0.004673124106778887,
R5 8K S2 15,R5-8K-S2-15,282,2351.93,0.00467066160985244,
AFORE NEW ENERGY TECHNOLOGY,Afore New Energy Technology,5,2332.0,0.004631082929413669,
SUN M225G4 EU Q0,SUN-M225G4-EU-Q0,314,2305.55,0.0045785562812648735,
INVERSOR FOX ESS MICRO INVERSOR,Inversor: FOX ESS; Micro Inversor:,334,2273.1,0.004514114325407466,
KACO,KACO,17,2270.27,0.004508494271938238,
HELIUS,HELIUS,293,2253.03,0.004474257621122161,
B BPOWER,B&BPOWER,376,2240.43,0.004449235474934077,
GOODWE WEG,GOODWE WEG,138,2215.86,0.0044004422898673125,
2146826246,-2146826246,1,2146.82,0.0042633368158335565,
AUSTA,AUSTA,294,2104.09,0.004178479966102061,
SUN2000 75KTL M1,1432 - SUN2000-75KTL-M1,16,2100.0,0.004170357698014025,
LEAPTON SOLAR,LEAPTON SOLAR,341,2093.95,0.004158343096074508,
SMA SUNNY,SMA SUNNY,90,2085.4,0.004141363782589736,
GOOD WE,GOOD WE,55,2073.38,0.004117493449480152,
WDC SOLAR,WDC SOLAR,221,2039.54,0.004050291114003582,
WEG E HUAWEI,WEG e HUAWEI,25,2036.37,0.0040439958597642,
SG75CX,773 - SG75CX,17,2025.0,0.004021416351656381,
5KTLM G3,5KTLM-G3,414,2011.96,0.003995520416236332,
HELTE,HELTE,246,2011.91,0.0039954211220054265,
LR5 72HPH 540M,LR5-72HPH-540M,2,2000.0,0.0039717692362038325,
SG333HX,1150 - SG333HX,2,1998.0,0.003967797466967629,
HYPON TECH,HYPON TECH,227,1951.31,0.0038750765141484507,
DEYESUN,DEYESUN,117,1946.51,0.003865544267981561,
HUAWEII,Huaweii,73,1926.58,0.0038259655875427898,
TECHPOWER,195 - TECHPOWER,359,1887.98,0.0037493104412840567,
HYPONTEC,HYPONTEC,224,1886.03,0.0037454379662787574,
BS 6K,1762 - BS-6K,302,1877.53,0.003728557947024891,
QSOLAR,QSOLAR,144,1863.1299999999999,0.0036999612085242234,
OSDA SOLAR,OSDA Solar,243,1859.85,0.0036934475069768493,
SUNOVA SOLAR,SUNOVA SOLAR,268,1845.54,0.0036650294980918106,
SMA TECHNOLOGIE,SMA TECHNOLOGIE,138,1828.37,0.003630931859199001,
OUROLUX,Ourolux,210,1811.77,0.003597966174538509,
OUTROS,190 - OUTROS,94,1809.82,0.0035940936995332105,
GUANGZHOU SANJING X000D,Guangzhou Sanjing_x000D_,40,1809.11,0.003592683721454358,
ECO,ECO,26,1807.6,0.0035896850356810237,
GENERICO,GENÉRICO,29,1804.23,0.003582992604518021,
SOLAR ENERGY DO BRASIL,SOLAR ENERGY DO BRASIL,195,1803.17,0.003580887566822832,
SOFAR SOLIS,SOFAR|SOLIS,51,1799.66,0.0035739171118132954,
1XFRONIUS,1XFRONIUS//,98,1796.64,0.003567919740266627,
APSYSTENS,APSYSTENS,303,1794.49,0.003563650088337708,
JA SOLAR HOLDINGS CO LTD,"JA Solar Holdings Co., Ltd.",256,1782.13,0.0035391045544579686,
GOOD WEE,Good Wee,4,1778.0,0.0035309028509852075,
SG110CX,292 - SG110CX,11,1753.0,0.0034812557355326595,
GW250K HT,1098 - GW250K-HT,4,1750.0,0.003475298081678354,
MONO,MONO,236,1728.93,0.0034334554927749465,
UNITECH PROJETOS PESQUISAS E DESOLVIMENTO,"27 - UNITECH PROJETOS, PESQUISAS E DESOLVIMENTO",111,1728.27,0.0034321448089269994,
FRONIUS SOLIS,FRONIUS|SOLIS,55,1720.81,0.0034173301096759585,
INVERSOR SOLARES,INVERSOR SOLARES,145,1710.02,0.003395902414646639,
INVERSOR BELENERGY MICRO INVERSOR,Inversor: BELENERGY; Micro Inversor:,230,1710.0,0.003395862696954277,
SOLIS SUNGROW,SOLIS| SUNGROW,22,1709.78,0.003395425802338295,
ORIZON,ORIZON,190,1703.6,0.003383153035398425,
DEYER,DEYER,207,1702.25,0.003380472091163987,
MAGNETEK,Magnetek ,114,1690.3700000000001,0.0033568797819009365,
AP SYSTEM,AP SYSTEM,286,1679.38,0.003335054909947997,
GEP,GEP,135,1677.94,0.00333219523609793,
ABB GROWATT,ABB/ GROWATT,30,1673.51,0.0033233977672397384,
ZNSHINE,ZNSHINE,202,1665.49,0.0033074709726025604,
ARESWATT,ARESWATT,274,1657.23,0.0032910675656570385,
GPTECH,GPTech ,94,1643.48,0.003263761652158138,
BELENERGY POWER,BELENERGY POWER,161,1639.67,0.0032561954317631694,
HIPONTECH,HIPONTECH,251,1633.05,0.0032430488755913344,
DELTA,DELTA,24,1609.7,0.003196678469758655,
INTISOL,INTISOL,3044,1609.02,0.0031953280682183454,
MIN 5000TL X,MIN 5000TL-X,317,1601.86,0.0031811091343527356,
ENSOLAR,ENSOLAR,217,1561.6,0.0031011574196279524,
SOFAR SOLAR GOODWE,SOFAR SOLAR GOODWE,9,1552.55,0.00308318516383413,
APSYSEMS,APSYSEMS,240,1548.55,0.0030752416253617227,
LUXEN,LUXEN,182,1546.66,0.0030714883034335103,
LR4 72HPH,LR4-72HPH,6,1546.02,0.0030702173372779244,
SOLIS SOFAR,SOLIS SOFAR,30,1542.6,0.003063425611884016,
BELNERGY,belnergy,60,1539.3100000000002,0.0030568920514904615,
SOFAR GOODWE,SOFAR | GOODWE,6,1538.6399999999999,0.0030555615087963324,
1XSOLIS,1XSOLIS,59,1533.71,0.00304577109762909,
HUAWEI TECHNOLOGIES CO LTD WEG,HUAWEI Technologies Co. Ltd. (WEG)	,43,1526.8,0.003032048634918006,
SUNGROW GROWATT,SUNGROW|GROWATT,57,1519.93,0.003018405607591646,
CPS SCA5KTL PSM1 EU,1950 - CPS SCA5KTL-PSM1/EU,307,1507.56,0.002993840214865725,
SUN,SUN,136,1507.35,0.0029934231790959233,
SMA BRASIL TECNOLOGIA FERROVIARIA E,22 - SMA BRASIL TECNOLOGIA FERROVIARIA E,59,1483.24,0.0029455435009534867,
1XRENOVIGI,1XRENOVIGI,51,1475.18,0.002929537270931585,
KSG 32K LV,KSG-32K-LV,1,1464.0,0.0029073350809012055,
GROVATT,GROVATT,159,1449.95,0.0028794334020168736,
TSM,TSM,19,1441.54,0.0028627321123786366,
SUNGROWSUNGROW,SUNGROWSUNGROW,81,1438.79,0.0028572709296788563,
SMA SUNNY HIGHPOWER,SMA Sunny Highpower,8,1435.33,0.0028503997689002234,
GROWATT SUNGROW,"GROWATT, SUNGROW",47,1435.13,0.0028500025919766035,
ABB SUNGROW SUNGROW,ABB / SUNGROW / SUNGROW,2,1425.26,0.0028304019107959376,
SUNGROW SOLIS,SUNGROW |SOLIS,27,1419.92,0.0028197972869352735,
FRIEM,Friem ,30,1418.79,0.002817553237316818,
ELSYS SOLAR,ELSYS SOLAR,222,1400.72,0.0027816683022677162,
REFU ELEKTRONIC,REFU ELEKTRONIC,66,1388.8,0.0027579965576199415,
MINASOL,MINASOL,231,1386.26,0.002752952410689963,
CIASOLAR,CiaSolar,143,1376.57,0.002733709188740555,
BELENERGY BELENERGY,BELENERGY | BELENERGY,71,1350.53,0.002681996753285181,
PROVISORIO,Provisório,4,1350.0,0.002680944234437587,
C6 75K T12 LV 40,1680 - C6-75K-T12-LV-40,18,1350.0,0.002680944234437587,
S5 GR1P10K,S5-GR1P10K,115,1346.59,0.0026741723678898595,
RENOGIVI,RENOGIVI,165,1342.74,0.002666526712110167,
NTELBRAS,NTELBRAS,147,1334.58,0.0026503218936264556,
MIN 6000TL X,MIN 6000TL-X,218,1333.42,0.0026480182674694574,
GROWATT SAJ,GROWATT|SAJ,77,1322.34,0.002626014665900888,
FRONIUS DEYE,FRONIUS /DEYE,81,1321.32,0.002623989063590424,
PHONO SOLAR,PHONO SOLAR,171,1307.77,0.002597080327015143,
HOYMAILES,HOYMAILES|,136,1306.67,0.0025948958539352314,
1XHUWAEI,1XHUWAEI,51,1300.1299999999999,0.0025819081685328443,
BS 5K,1735 - BS-5K,260,1299.96,0.002581570568147767,
RENESOLA,RENESOLA,172,1296.99,0.0025756724908320046,
INVERSOR STRING,Inversor String,52,1289.78,0.0025613542627354897,
WEB,WEB,45,1284.28,0.0025504318973359292,
R5 6K S2,R5-6K-S2,219,1283.64,0.002549160931180344,
CS3U 355P,CS3U-355P,7,1281.74,0.00254538775040595,
S6 GR1P6K S,S6-GR1P6K-S,208,1280.96,0.0025438387604038307,
HUEWAI,HUEWAI,14,1276.94,0.002535855504239061,
WEG FOXESS,WEG - FOXESS,119,1270.59,0.0025232451369141136,
NEOSOLAR,NEOSOLAR,59,1263.1399999999999,0.0025084502965092544,
XXXXXXXXXXXXXXXXXXXXXX,xxxxxxxxxxxxxxxxxxxxxx,17,1257.0,0.002496256964954109,
SUN 5K G,SUN-5K-G,254,1250.05,0.0024824550668583007,
SONGROW,SONGROW,22,1232.74,0.0024480794041189563,
S6 GR1P6K,S6-GR1P6K,199,1232.66,0.0024479205333495084,
WEG SOLIS,WEG SOLIS,27,1230.8600000000001,0.002444345941036925,
NHS,NHS,200,1215.24,0.0024133264233021728,
DMEGC,DMEGC,169,1206.65,0.0023962676744326773,
AAAA,AAAA,156,1200.51,0.002384074342877532,
R6 15K T2 32 LV,R6-15K-T2-32-LV,73,1197.93,0.0023789507605628288,
CANIDIAN,CANIDIAN,8,1195.7,0.0023745222378644616,
SUN2000 6KTL L1,SUN2000-6KTL-L1,190,1194.31,0.0023717618582453,
3XFRONIUS,3XFRONIUS,17,1187.32,0.0023578805247647674,
NHS SOLAR,33 - NHS SOLAR,175,1181.88,0.0023470773124422933,
APSYSTEM S,APSYSTEM S,224,1176.14,0.002335678334734388,
SUNGROWN,SUNGROWN,73,1174.67,0.0023327590843457784,
RESUN,RESUN |,150,1170.31,0.0023241006274108537,
BEL,BEL,179,1170.1,0.002323683591641052,
1XHUWAEI SUN2000,1XHUWAEI SUN2000-,43,1167.14,0.0023178053731714708,
SMA SOLAR TECHNOLOGY AG,SMA SOLAR TECHNOLOGY AG,95,1166.76,0.002317050737016592,
SMA SUNNY TRIPOWER,SMA SUNNY TRIPOWER,17,1149.52,0.002282814086200515,
SUNGORW,SUNGORW,85,1149.37,0.0022825162035077996,
SCHNEIDER ELETRIC,Schneider Eletric,9,1122.15,0.0022284604242030657,
SOLAR EDGER,SOLAR EDGER,10,1122.1399999999999,0.0022284405653568845,
AUXOL,AUXOL,176,1121.15,0.0022264745395849635,
SUNGROW ABB,SUNGROW/ABB,9,1120.24,0.002224667384582491,
DEYE SAJ,DEYE-SAJ,68,1113.98,0.002212235746873173,
GODWEE,GODWEE,111,1111.27,0.0022068539995581163,
SUN 8K G,SUN-8K-G,137,1103.3799999999999,0.0021911853699212924,
6KTLM G3,946 - 6KTLM-G3,185,1101.1,0.00218665755299202,
IMARS,iMARS,58,1095.22,0.002174980551437581,
SUN 6 6K G05 P1 EU AM2,SUN-6.6K-G05 P1-EU-AM2,163,1093.87,0.002172299607203143,
CPS SCA6KTL PSM1 EU,CPS SCA6KTL-PSM1/EU,183,1091.58,0.0021677519314276896,
GUANGZHOU SANJING,GUANGZHOU SANJING,46,1084.41,0.002153513138715899,
GROWATT FRONIUS,GROWATT | FRONIUS,37,1075.0,0.0021348259644595603,
JAM72S30 550 MR,JAM72S30-550/MR,66,1073.65,0.0021321450202251226,
BEL ENERGY PLUS,BEL ENERGY PLUS,142,1071.66,0.0021281931098351,
SUNGROW WEG,SUNGROW / WEG,20,1066.59,0.002118124674821323,
INVERSOR RENO,INVERSOR / RENO,73,1066.49,0.002117926086359513,
CIA SOLAR,CIA SOLAR,146,1064.7,0.0021143713528931104,
GUANGZHOU SANJING ELECTRIC,GUANGZHOU SANJING ELECTRIC,38,1064.33,0.0021136365755844125,
PULLING ENERGY,PULLING ENERGY,138,1051.72,0.0020885945705501475,
RENOVIGI B B POWER SOLIS SOLIS 75K 5G,RENOVIGI/B&B Power/SOLIS Solis-75K-5G,14,1050.0,0.0020851788490070123,
ENERMAC,ENERMAC,14,1050.0,0.0020851788490070123,
SUN 10K G,SUN-10K-G,98,1047.89,0.002080988632462817,
SOLIS WEG,SOLIS |WEG,12,1046.48,0.0020781885351512934,
37,37,112,1045.8,0.002076838133610984,
HYPPONTECH,HYPPONTECH,151,1045.39,0.0020760239209175625,
R6 30K T4 32 LV,1030 - R6-30K-T4-32-LV,34,1033.54,0.0020524911881930545,
SOLIS HOYMILES,"SOLIS, HOYMILES",60,1032.6100000000001,0.0020506443154982203,
HMS 2000 4T,HMS-2000-4T,115,1027.93,0.002041350375485503,
LIVOLTEC,LIVOLTEC,158,1014.7,0.0020150771219880144,
SAJ DEYE,SAJ DEYE,73,1009.17,0.0020040951800499108,
SKY SOLLARIS,SKY SOLLARIS,30,1006.95,0.001999686516197725,
SUNUNO,Sununo,135,1006.94,0.001999666657351544,
GOWATT NEW ENERGY,Gowatt New Energy,98,1003.89,0.001993609709266333,
SIW200G M050 W1,SIW200G M050 W1,205,1003.1800000000001,0.0019921997311874804,
R6 10K S3 18,R6-10K-S3-18,95,1002.99,0.0019918224131100413,
SOLFAR,SOLFAR,133,1000.76,0.0019873938904116737,
ONMINIK,ONMINIK,1,1000.0,0.0019858846181019163,
CS3U 355PSUNGROW,CS3U-355PSungrow,1,1000.0,0.0019858846181019163,
SUN2000 215KTL H3,SUN2000- 215KTL-H3,1,1000.0,0.0019858846181019163,
RSM110 8 545BMDG BIFACIALV,RSM110-8-545BMDG BIFACIALV,1,1000.0,0.0019858846181019163,
SUNGROW DE 60KW HUAWEI WEG DE 100KW,Sungrow de 60kW Huawei/WEG de 100kW,1,1000.0,0.0019858846181019163,
545W STC,545W (STC),1,1000.0,0.0019858846181019163,
SIW500H ST100 HV,1307 - SIW500H ST100 HV,1,1000.0,0.0019858846181019163,
SG250HX 1500V,371 - SG250HX 1500V,1,1000.0,0.0019858846181019163,
250K EHV 5G,1302 - 250K-EHV-5G,1,1000.0,0.0019858846181019163,
GROWATT KSTAR DEYE KSTAR,GROWATT/KSTAR/DEYE/KSTAR,1,998.0,0.0019819128488657127,
SUNTRIO,SUNTRIO,34,996.04,0.0019780205150142327,
PHONO,PHONO,136,995.63,0.0019772063023208108,
HUAWEI GOODWE,HUAWEI / GOODWE,20,992.88,0.001971745119621031,
REFULOG,REFUlog,130,990.35,0.001966720831537233,
RENONIVI,RENONIVI,1,990.0,0.001966025771920897,
INGECON SUL,INGECON SUL,1,990.0,0.001966025771920897,
HELIA,HELIA,90,986.9,0.0019598695296047814,
SHINEFAR,SHINEFAR,117,986.04,0.0019581616688332136,
SANGROW,SANGROW,107,984.59,0.001955282136136966,
WEG 11 GROWATT,WEG / 11 - GROWATT,2,983.0,0.001952124579594184,
WEG E 29 HUAWEI,17 - WEG E 29 - HUAWEI,4,970.0,0.001926308079558859,
REFU,REFU,58,965.88,0.001918126234932279,
SUNNY HIGHPOWER PEAK,278 - SUNNY HIGHPOWER PEAK,13,964.3199999999999,0.0019150282549280399,
SOLPLANT,SOLPLANT /,89,957.68,0.001901841981063843,
BS 10K,951 - BS-10K,88,956.59,0.001899677366830112,
GRAWATT,GRAWATT,102,954.86,0.0018962417864407958,
INVERSOR WDC MICRO INVERSOR,Inversor: WDC; Micro Inversor:,179,951.42,0.0018894103433545254,
STT 50 KTL M 1195 STT 100 KTL,1194 - STT-50-KTL-M;1195 - STT-100-KTL,1,950.0,0.0018865903871968205,
HMS 2000DW 4T,HMS-2000DW-4T,133,948.26,0.001883134947961323,
WEG SUNGROW,WEG / SUNGROW,27,944.9,0.001876462375644501,
R5 5K S2,R5 5K-S2,197,939.74,0.001866215211015095,
S6 GR1P5K S,S6-GR1P5K-S,188,938.12,0.00186299807793377,
POWER ELECTRONICS,Power Electronics ,89,930.62,0.0018481039432980055,
SOPLANET,SOPLANET,86,928.69,0.001844271185985069,
SE75K,SE75K,12,928.3199999999999,0.001843536408676371,
DEYE WEG,DEYE / WEG,37,925.88,0.0018386908502082023,
SE100K,SE100K,2,921.8,0.0018305884409663463,
SOLPLANETSOLPLANET,SOLPLANETSOLPLANET,108,920.18,0.0018273713078850212,
GROWALT,GROWALT,61,915.54,0.0018181568032570284,
SUNERGY,SUNERGY,128,911.83,0.0018107891713238704,
ABS,ABS,2,909.75,0.0018066585313182186,
DEYE HOYMILES,DEYE|HOYMILES,101,901.53,0.0017903345597574207,
APSYTEMS,APSYTEMS,137,900.3100000000001,0.0017879117805233366,
SCA75K T SA,1686 - SCA75K-T-SA,12,900.0,0.0017872961562917246,
S6 GR1P5K,S6-GR1P5K,182,899.38,0.0017860649078285016,
MIN 6000TL X2,MIN 6000TL-X2,148,897.27,0.0017818746912843066,
SOLINTEG,SOLINTEG,167,892.44,0.0017722828685788742,
MIN10000TL X,MIN10000TL-X,85,890.8,0.0017690260178051872,
INVERSOR GINLONG MICRO INVERSOR,Inversor: Ginlong; Micro Inversor:,23,890.56,0.0017685494054968426,
SIRIUS,SIRIUS |,48,885.84,0.0017591760300994016,
TRAMONTINA,TRAMONTINA,155,883.08,0.0017536949885534406,
CSI 110K T400GL02 E,1308 - CSI-110K-T400GL02-E,1,880.0,0.0017475784639296866,
SG110CX P2,2072 - SG110CX-P2,1,880.0,0.0017475784639296866,
DEYE SOFAR,DEYE / SOFAR,32,879.48,0.0017465458039282735,
SINOSOLA,SINOSOLA,77,876.75,0.001741124338920855,
CNADIAN,CNADIAN,250,872.31,0.0017323070112164826,
SAJ SUNGROW,SAJ / SUNGROW,14,871.15,0.0017300033850594844,
BELENUS DO BRASIL LTDA,302 - BELENUS DO BRASIL LTDA.,128,870.97,0.001729645925828226,
BAMBOZZI,Bambozzi,1,868.0,0.0017237478485124635,
RISEN ENERGY,Risen Energy,108,867.74,0.001723231518511757,
SOLIS E DEYE,SOLIS E DEYE,31,865.61,0.0017190015842752,
SAJ GROWATT,SAJ  GROWATT,43,863.29,0.0017143943319612035,
SOLPLANETE,SOLPLANETE,87,863.15,0.001714116308114669,
GENERAL ELECTRIC COMPANY,378 - GENERAL ELECTRIC COMPANY,5,855.0,0.0016979313484771386,
ABB DEYE,ABB//DEYE,20,849.36,0.0016867309592310436,
KOMEKO,KOMEKO,60,848.81,0.0016856387226910875,
BELENERGY BEL 5K G,BELENERGY |BEL-5K-G,180,846.75,0.001681547800377798,
SOLIS SAJ,SOLIS / SAJ,45,844.82,0.0016777150430648611,
SOLAREDG E,SOLAREDG E,19,842.39,0.0016728893434428734,
MIN8000TL X E,MIN8000TL-X(E),93,839.29,0.0016667331011267575,
BELLENERGY,BELLENERGY,99,838.65,0.001665462134971172,
DEYEDEYE,DEYEDEYE,115,837.62,0.0016634166738145274,
1XSOFAR,1XSOFAR//,32,833.1,0.0016544404753407065,
WEG GROWATT,WEG / GROWATT,38,826.6,0.0016415322253230443,
AP SYSTENS,AP SYSTENS,132,826.12,0.001640579000706355,
RENOVIGI E GROWATT,RENOVIGI e GROWATT,4,825.04,0.001638434245318805,
SUNGROUW,Sungrouw,20,822.55,0.0016334893926197313,
CPS SCA8KTL PSM EU,1482 - CPS SCA8KTL-PSM/EU,101,821.26,0.0016309276014623798,
LIVOTEK,LIVOTEK,133,819.08,0.0016265983729949179,
2XGROWATT,2xGROWATT,28,815.37,0.0016192307410617594,
INVERSOR SOFARSOLAR CO LTD MICRO INVERSOR,"Inversor: SOFARSOLAR Co., Ltd.; Micro Inversor:",99,812.45,0.0016134319579769023,
R6 20K T3 32 LV,1388 - R6-20K-T3-32-LV,39,808.97,0.0016065210795059074,
ROWATT,ROWATT,99,806.8100000000001,0.0016022315687308072,
NEO SOLAR,NEO SOLAR,41,801.86,0.0015924014398712028,
RECON 2 30,Recon 2.30,1,800.0,0.0015887076944815332,
SOFAR DEYE,SOFAR DEYE,48,798.41,0.0015855501379387512,
SOLARMAXX,SOLARMAXX,135,793.73,0.0015762561979260341,
JKM460M 60HL4 V,JKM460M-60HL4-V,43,793.28,0.0015753625498478882,
ERA,ERA,84,792.8,0.0015744093252311993,
GLOBO BRASIL,GLOBO BRASIL,32,786.3199999999999,0.0015615407929058986,
ASW6000 S G2,ASW6000-S-G2,130,782.64,0.0015542327375112838,
DEY,DEY,81,781.39,0.0015517503817386563,
GROWATT SOLPLANET,GROWATT|SOLPLANET,40,779.42,0.0015478381890409957,
ASW5000 S G2,ASW5000-S-G2,158,777.63,0.0015442834555745933,
GOWATT,GOWATT,117,776.89,0.001542813900957198,
SUN 75K G,595 - SUN-75K-G,12,774.0,0.0015370746944108832,
GROODWE GW80K MT,GROODWE GW80K-MT,1,770.0,0.0015291311559384757,
HELIOS SYSTEMS,Helios Systems ,54,764.87,0.0015189435678476127,
ALDO,ALDO,79,761.37,0.001511992971684256,
INVERSOR FOX MICRO INVERSOR,Inversor: FOX ; Micro Inversor:,115,755.29,0.0014999187932061963,
HOYMILES DEYE,HOYMILES/DEYE,82,751.39,0.001492173843195599,
MAX125KTL3 LV,994 - MAX125KTL3 LV),1,750.0,0.0014894134635764374,
R5 3K S1 15,R5-3K-S1-15,250,741.39,0.0014723149970145798,
KOPP,KOPP,79,738.13,0.0014658410131595675,
FOXES,FOXES,115,737.7,0.0014649870827737838,
JFY,JFY,36,737.03,0.0014636565400796553,
WEG HUAWEI WEG,WEG (HUAWEI) - WEG,19,731.48,0.0014526348804491899,
HOME WAVE,HOME WAVE,131,730.87,0.0014514234908321478,
PHB INGECON SMA ABB E FRONIUS,"PHB, INGECON, SMA, ABB e FRONIUS",1,730.2,0.0014500929481380193,
HOPWIND,hopwind,79,728.08,0.0014458828727476434,
SOPRANO,Soprano,76,725.73,0.0014412160438951039,
HOMYLES,HOMYLES,120,724.88,0.001439528041969717,
T SUN,T-SUN,100,724.48,0.0014387336881224765,
INGETEAN,Ingetean,23,723.8100000000001,0.001437403145428348,
APYSTEMS,APYSTEMS,133,720.49,0.0014308100084962497,
ON GRID,ON-GRID,39,716.78,0.0014234423765630915,
ULICA SOLAR,Ulica Solar,77,713.61,0.0014171471223237086,
S5 GC37 5K LV,"1232 - S5-GC37,5K-LV",13,712.5,0.0014149427903976154,
SOLPLANE,SOLPLANE,82,707.92,0.0014058474388467085,
SUMGROW,SUMGROW,44,707.91,0.0014058275800005275,
GROWATT GOODWE,GROWATT-GOODWE /,28,707.58,0.0014051722380765542,
R1 6K,R1-6K,125,706.71,0.0014034445184588054,
BENY,BENY,187,701.73,0.0013935548130606578,
FORNIUS,FORNIUS,59,701.16,0.0013924228588283398,
NAO INFORMOU,Não informou,1,700.0,0.0013901192326713414,
LTI REENERGY GMBH,LTi REEnergy GmbH,1,700.0,0.0013901192326713414,
SUNGROW E SOLIS,SUNGROW E SOLIS,10,696.0,0.0013821756941989338,
FRONIUS SOFAR,FRONIUS / SOFAR,24,695.56,0.001381301904966969,
1XSUNGROW,1XSUNGROW,26,690.0,0.0013702603864903223,
ECO 25 0 3 S,1170 - ECO 25.0.3-S,13,688.78,0.001367837607256238,
ABB FRONIUS,ABB/FRONIUS,22,685.94,0.0013621976949408287,
NEO 2000M X,NEO 2000M-X,101,685.59,0.001361502635324493,
ABB SUNGROW,ABB | SUNGROW,11,684.41,0.0013591592914751326,
GROWTT,GROWTT,71,684.08,0.0013585039495511591,
SUN2000 5KTL L1,SUN2000-5KTL-L1,137,681.47,0.001353320790697913,
11XHUAWEI,11xHUAWEI,1,680.0,0.0013504015403093031,
SUNGROW E GROWATT,SUNGROW E GROWATT,6,679.43,0.001349269586076985,
HYXI POWER,HYXI POWER,118,677.6,0.0013456354172258587,
SYNERGY,140 - SYNERGY,2,675.0,0.0013404721172187936,
BS 75K G03,1061 - BS-75K-G03,9,675.0,0.0013404721172187936,
FRONIUS SAJ,FRONIUS / SAJ,28,673.03,0.0013365599245211328,
CHNT POWER,CHNT POWER,72,672.17,0.001334852063749565,
SIW INVERSORES STRING,siw - inversores string,17,672.0,0.0013345144633644878,
HELIUS ENERGY,HELIUS ENERGY,93,668.17,0.0013269085252771574,
SOLPLANET SOLIS,SOLPLANET|SOLIS,19,668.11,0.0013267893722000714,
SUN2000,SUN2000,38,666.81,0.0013242077221965387,
GOODWE DEYE,GOODWE DEYE,58,666.13,0.0013228573206562296,
SUNDROW,sundrow,47,665.94,0.0013224800025787903,
AEG,AEG ,54,665.94,0.0013224800025787903,
INVERSOR EACH ENERGY MICRO INVERSOR,Inversor: EACH ENERGY; Micro Inversor:,97,665.65,0.0013219040960395407,
S6 GR1P8K2,S6-GR1P8K2,74,664.2,0.001319024563343293,
TALESUN,TALESUN,83,662.84,0.0013163237602626743,
CPS SCA10KTL PSM EU,1504 - CPS SCA10KTL-PSM/EU,67,660.83,0.0013123321321802895,
BELENER GY,BELENER GY,99,660.04,0.0013107632833319887,
HUAWEI SUNGROW,HUAWEI |SUNGROW,7,660.0,0.0013106838479472647,
FRONIUS WEG,FRONIUS + WEG;,28,652.02,0.0012948364886948116,
L8 ENERGY,L8 ENERGY,14,650.5,0.0012918179440752967,
SEN,SEN,37,649.6800000000001,0.0012901895186884533,
2XSUNGROW,2xSUNGROW,12,646.73,0.0012843311590650525,
GROWAAT,GROWAAT,77,638.79,0.001268563235197323,
2XFRONIUS,2xFRONIUS,18,638.43,0.0012678483167348064,
ECOSOLIS,ECOSOLIS,107,635.59,0.0012622084044193972,
RENOVIGGI,RENOVIGGI,4,635.0,0.001261036732494717,
SMA BRASIL,SMA BRASIL,39,634.67,0.0012603813905707434,
SUN 10K G02P1 EU AM2,SUN-10K-G02P1-EU-AM2,64,634.35,0.0012597459074929506,
HYPON,HYPON,72,630.41,0.001251921522097629,
GROWAT T,GROWAT T,80,629.53,0.0012501739436336994,
SOLAR MAXX,SOLAR MAXX,111,627.69,0.001246519915936392,
QUALITY SOLAR,QUALITY SOLAR,54,626.84,0.0012448319140110054,
SUNGROW E FRONIUS,SUNGROW E FRONIUS,9,623.19,0.0012375834351549336,
1XGOODWE,1XGOODWE,20,617.09,0.0012254695389845116,
MID 15KTL3 X E MAX 75KTL3 LV,MID 15KTL3-X e MAX 75KTL3 LV,1,615.0,0.0012213190401326787,
MIN 10000TL X,MIN 10000TL-X,59,606.82,0.001205074503956605,
SUN2000G3 US 220,SUN2000G3-US-220,99,606.05,0.0012035453728006663,
ASN 7 5SL,ASN-7.5SL,78,604.85,0.0012011623112589442,
SG6 0RS L,SG6.0RS-L,102,604.34,0.0012001495101037123,
WEGW0,WEGW0,71,604.02,0.0011995140270259195,
UNGROW,UNGROW,47,603.92,0.0011993154385641091,
SG10RS,SG10RS,47,601.84,0.0011951847985584574,
SAJ SOLIS,SAJ|SOLIS,25,600.2,0.0011919279477847703,
R5 8K S2,R5-8K-S2	,75,600.06,0.001191649923938236,
SG75CX P2,1710 - SG75CX-P2,5,600.0,0.00119153077086115,
GW100K HT,916 - GW100K-HT,1,600.0,0.00119153077086115,
SOFAR E 60 GOODWE,34 - SOFAR E 60 - GOODWE,1,600.0,0.00119153077086115,
SG110CX 449 SG40CX,292 - SG110CX;449 - SG40CX,4,600.0,0.00119153077086115,
ASW37 5K UT G3,1572 - ASW37.5K-UT-G3,9,600.0,0.00119153077086115,
HOYMILE,HOYMILE,104,594.54,0.0011806878408463133,
AUXSOL NANSEN,AUXSOL/NANSEN,100,593.5,0.0011786225208434873,
ON GRID ENERGY,271 - ON-GRID ENERGY,45,592.71,0.0011770536719951869,
AEG POWER SOLUTIONS GMBH,AEG Power Solutions GmbH -,33,592.3,0.001176239459301765,
MIN 10000TL X2,MIN 10000TL-X2,57,590.38,0.0011724265608350094,
SUGROW,SUGROW,75,588.36,0.0011684150739064436,
SIW400G T075 W0,1465 - SIW400G T075 W0,8,587.04,0.0011657937062105488,
SUNGROW DEYE,"SUNGROW, DEYE",37,587.03,0.0011657738473643678,
R6 25K T4 32 LV,1935 - R6-25K-T4-32-LV,18,586.35,0.0011644234458240586,
GW75K MT,GW75K-MT,8,583.56,0.0011588828277395544,
COHEART,COHEART,30,581.0600000000001,0.0011539181161942997,
SUN GROW,Sun Grow,17,579.34,0.0011505023946511643,
GOODWE SOLIS,GOODWE | SOLIS,15,578.6700000000001,0.0011491718519570362,
BELENERGY BEL 4K G,:BELENERGY BEL-4K-G,147,576.9,0.0011456568361829956,
MIC 3000TL X,MIC 3000TL-X,186,575.05,0.001141982949639507,
PVS,PVS,4,573.7,0.0011393020054050696,
SOLYS,SOLYS,50,573.04,0.0011379913215571222,
SG6K D,SG6K-D,91,571.78,0.0011354891069383138,
NAC6K DS,NAC6K-DS,103,571.28,0.0011344961646292627,
SAJ SOLPLANET,SAJ/ SOLPLANET,12,571.25,0.0011344365880907197,
SOLISSOLIS,SOLISSOLIS,61,569.91,0.001131775502702463,
FRINUS PRIMO SOLAR,245 - FRINUS PRIMO SOLAR,57,568.25,0.001128478934236414,
SIW200G M060 W1,SIW200G M060 W1,89,565.85,0.0011237128111529695,
ASW8000 S,ASW8000-S,70,564.75,0.0011215283380730573,
BS 3K,1801 - BS-3K,180,564.57,0.0011211708788417991,
GOODWE GROWATT,GOODWE|GROWATT,16,563.89,0.0011198204773014897,
SG33CX,SG33CX,14,563.2,0.0011184502169149994,
ENVERTECH,ENVERTECH,102,562.89,0.0011178345926833877,
INVERSOR STRING SOLAR,INVERSOR STRING SOLAR,14,562.36,0.0011167820738357938,
GROWATT HOYMILES,GROWATT / HOYMILES,47,561.13,0.0011143394357555282,
SIW400 ST075,SIW400 - ST075,8,560.6,0.0011132869169079344,
GINLONG GINLONG,Ginlong//Ginlong,7,559.12,0.0011103478076731435,
SOLAREDGETECHNOLOGIES,SolarEdgeTechnologies,9,557.01,0.0011061575911289485,
FRONIUS ABB,FRONIUS/ABB,18,556.21,0.001104568883434467,
JAM72D30 540MB,JAM72D30 540MB,3,555.7,0.001103556082279235,
ABB E FRONIUS,ABB E FRONIUS,9,553.4,0.0010989885476576004,
SUN 5K G05P1 EU AM2,SUN-5K-G05P1-EU-AM2,114,551.78,0.0010957714145762754,
SOFAR SAJ,SOFAR / SAJ,30,549.61,0.0010914620449549942,
B B POWER MOSO,B&B POWER - MOSO,55,549.42,0.0010910847268775549,
WEG DEYE,WEG / DEYE,42,548.69,0.0010896350311063406,
BB POWER,BB Power,86,548.33,0.001088920112643824,
BELL ENERGY,BELL ENERGY,58,548.31,0.0010888803949514617,
SUN2000 10K LCO,SUN2000-10K-LCO,45,548.16,0.0010885825122587465,
WEGWEG,WEGWEG,50,546.9,0.0010860802976399382,
FONIUS,FONIUS,45,546.73,0.0010857426972548608,
ABB GOODWE,ABB GOODWE,10,546.65,0.0010855838264854124,
PBH,PBH,63,543.67,0.0010796658903234686,
OMINIKSOL,OMINIKSOL,14,542.91,0.0010781566180137114,
GINLONG TECHNOLOGIES CO LTD,"GINLONG TECHNOLOGIES CO., LTD.",41,541.98,0.0010763097453188766,
SUNGROW ABB LTDA SUNGROW FRONIUS INTERNATIONAL SUNGROW,SUNGROW/ABB LTDA/SUNGROW/FRONIUS INTERNATIONAL/SUNGROW,1,541.0,0.0010743635783931368,
WAAREE,WAAREE ,44,540.53,0.001073430212622629,
SOLAR EDGE SOLAR EDGE,Solar Edge//Solar Edge,9,540.25,0.0010728741649295602,
10000TL3 S,10000TL3-S,58,540.01,0.0010723975526212158,
BS 8K,1753 - BS-8K,68,539.28,0.0010709478568500014,
DEYS,DEYS,124,538.5,0.0010693988668478822,
ASN 6SL PLUS,ASN-6SL-PLUS,89,535.82,0.001064076696071369,
SAJ SOFAR,SAJ/SOFAR,25,534.2,0.0010608595629900438,
GROWATTS,GROWATTS,45,534.09,0.0010606411156820527,
SG50CX,SG50CX,9,534.05,0.0010605616802973285,
WEG HUAWEI WEG HUAWEI,WEG / Huawei//WEG / Huawei,15,532.49,0.0010574637002930894,
SUNGROW GOODWE,SUNGROW / GOODWE,7,531.4,0.0010552990860593584,
LEADSOLAR,LEADSOLAR,30,528.0600000000001,0.0010486662314348981,
S5 GC30K LV,1237 - S5-GC30K-LV,17,526.75,0.0010460647225851846,
PRIMO,PRIMO,75,525.9,0.0010443767206597978,
HOYMALES,HOYMALES,95,525.59,0.0010437610964281862,
SIW420G K075 W00,1761 - SIW420G K075 W00,7,525.0,0.0010425894245035061,
K STAR SOLAR,K STAR SOLAR,5,523.97,0.0010405439633468612,
GROWATT WEG,GROWATT / WEG,38,523.37,0.001039352432576,
SHINEFAR SOLAR,SHINEFAR SOLAR,79,522.43,0.001037485701034984,
BDM2000,1517 - BDM2000,62,520.0,0.0010326600014129966,
SUNGROW E 11 ABB LTDA,14 - SUNGROW e 11 - ABB LTDA,2,520.0,0.0010326600014129966,
JA,JÁ,38,519.93,0.0010325209894897294,
SOLSIST SOLUVSSV ES ENG E SISTEMAS ENERGIA SOLAR ME,SOLSIST Soluvßvµes Eng. e sistemas Energia Solar ME,8,519.0,0.0010306741167948946,
WEG RENOVIGI,WEG + RENOVIGI,6,512.72,0.0010182027613932145,
S6 GR1P10K03 NV ND,S6-GR1P10K03-NV-ND,47,512.13,0.0010170310894685344,
FRONUIS,FRONUIS,40,511.32,0.0010154225229278718,
SG40CX,SG40CX,14,511.28,0.0010153430875431478,
REFULSOL,REFULSOL,50,509.61,0.0010120266602309178,
500,500,3,507.97,0.0010087698094572305,
FRONUS,FRONUS,34,507.84000000000003,0.0010085116444568773,
RENOVIGI DEYE,RENOVIGI / DEYE,46,504.94,0.0010027525790643815,
SOLARMAXX TECH,SOLARMAXX TECH,76,503.8,0.0010004886705997456,
SG6 0RS,SG6.0RS,87,502.96,0.0009988205275205397,
SAJSAJ,SAJSAJ,44,502.04,0.0009969935136718861,
LR5 72HPH 540,LR5-72HPH-540,1,500.0,0.0009929423090509581,
STC,(STC),1,500.0,0.0009929423090509581,
CHP400,CHP400,1,500.0,0.0009929423090509581,
SG250HV,1155 - SG250HV,1,500.0,0.0009929423090509581,
GROWATT SOFAR,GROWATT/ SOFAR,23,500.0,0.0009929423090509581,
ABB FRONIUS INTER GROWATT NEW ENERGY CANADIAN SOLAR RENAC GOODWE,ABB/FRONIUS INTER./GROWATT NEW ENERGY/CANADIAN SOLAR/RENAC/GOODWE,1,500.0,0.0009929423090509581,
SIW500H ST060 1316 SIW500H ST040 M3,217 - SIW500H ST060;1316 - SIW500H ST040-M3,1,500.0,0.0009929423090509581,
INER,INER,1,500.0,0.0009929423090509581,
SUNGTOW,SUNGTOW,1,500.0,0.0009929423090509581,
HUAHEI,HUAHEI,2,500.0,0.0009929423090509581,
DS3D,DS3D,69,496.49,0.0009859718540414205,
SYMO,SYMO,26,495.63,0.0009842639932698528,
SUNGOW,SUNGOW,91,495.14,0.000983290909806983,
HCCHCC,HCCHCC,47,494.9,0.0009828142974986384,
ECORI ENERGIA SOLAR,Ecori Energia Solar,43,494.25,0.0009815234724968721,
WEG NHS SOLAR GOODWE,WEG; NHS SOLAR; GOODWE,1,493.5,0.0009800340590332957,
TSOL,TSOL,75,488.96999999999997,0.000971038001713294,
PHD,PHD,54,488.96,0.000971018142867113,
INVERSOR MONOFASICO RENO,INVERSOR MONOFÁSICO RENO,53,484.51,0.0009621809563165596,
EGT,EGT,67,484.45,0.0009620618032394735,
BS 6K G,937 - BS-6K-G,80,484.15,0.0009614660378540427,
1,1,97,482.74,0.0009586659405425192,
INTEBRAS,INTEBRAS,53,482.1,0.000957394974386934,
FRONIOS,FRONIOS,39,480.98,0.0009551707836146598,
SMA E SOLAR EDGE,SMA e Solar Edge,1,480.4,0.0009540189705361607,
HUAWVEI,HUAWvEI,1,480.0,0.0009532246166889198,
SERRANA ENERGIA,SERRANA ENERGIA,52,477.88,0.0009490145412985437,
ZHEJIANG BENYI NEW ENERGY CO LTD,"ZHEJIANG BENYI NEW ENERGY CO., LTD",706,477.46999999999997,0.000948200328605122,
SOLI,Soli,47,473.87,0.0009410511439799552,
DEYE FRONIUS,"DEYE, FRONIUS",25,472.48,0.0009382907643607935,
ZNSHINE SOLAR,ZNSHINE SOLAR,69,471.76,0.00093686092743576,
RENOVOGI,RENOVOGI,35,468.87,0.0009311217208894455,
EMPHASE,EMPHASE,61,468.65,0.0009306848262734632,
INTELBR AS,INTELBR AS,82,466.77,0.0009269513631914314,
INGECON SUN,INGECON SUN,17,465.38,0.0009241909835722699,
WEG WEG HUAWEI,"WEG, WEG(HUAWEI)",9,464.15999999999997,0.0009217682043381855,
RENACK,RENACK,90,464.09000000000003,0.0009216291924149184,
APSISTEMS,APSISTEMS,75,462.74,0.0009189482481804809,
BELENERGY BEL 3K G,BELENERGY BEL 3K-G,148,462.39,0.0009182531885641452,
INGETEM,INGETEM,4,462.0,0.0009174786935630854,
HUAWEI DEYE,HUAWEI/DEYE,31,461.28,0.000916048856638052,
BELENERGY BEL 8K G,BELENERGY BEL-8K-G,64,460.4,0.0009143012781741224,
BEB POWER,BeB POWER,82,459.74,0.0009129905943261751,
HUAWEI DEYE HUAWEI DEYE,HUAWEI / DEYE / HUAWEI / DEYE,1,458.0,0.0009095351550906777,
SOLPLANET GROWATT,SOLPLANET GROWATT,23,456.82,0.0009071918112413174,
GROWATTT,GROWATTT,56,456.82,0.0009071918112413174,
MID 20KTL3 XL,MID 20KTL3-XL,23,456.49,0.0009065364693173439,
SUNGRO,SUNGRO,26,456.32,0.0009061988689322664,
ODEX,ODEX,111,455.42,0.0009044115727759747,
4 UNID DEYE 3 UNID DEYE 2 UNID DEYE 1 UNID GOODWE 4 UNID NHS SOLAR 2 UNID NHS SOLAR,4 unid. DEYE / 3 unid. DEYE / 2 unid. DEYE / 1 unid. GOODWE / 4 unid. NHS SOLAR / 2 unid. NHS SOLAR,1,455.0,0.0009035775012363719,
SOLIS HUAWEI,SOLIS HUAWEI,15,455.0,0.0009035775012363719,
EACH ENERGY EACH ENERGY,EACH ENERGY EACH ENERGY,28,454.0,0.0009015916166182701,
GOODWE HUAWEI,GOODWE | HUAWEI,13,453.11,0.0008998241793081594,
1XWEG,1XWEG,17,453.11,0.0008998241793081594,
C6 50K T6 LV,1604 - C6-50K-T6-LV,6,450.0,0.0008936480781458623,
GROWALTT,GROWALTT,36,449.92,0.0008934892073764143,
SG5K D,SG5K-D,93,449.16,0.0008919799350666568,
SUN 20K G02 LV,655 - SUN-20K-G02-LV,20,449.12,0.0008919004996819328,
SG8 0RS,SG8.0RS,55,448.68,0.0008910267104499679,
FOXEES,FOXEES,57,446.52,0.0008867371996748676,
SG4K D,SG4K-D,113,446.43,0.0008865584700592386,
SOLAR EDGE SE75K,SOLAR EDGE SE75K,6,445.47,0.0008846520208258607,
JOBE SOLAR,Jobe Solar,22,443.55,0.0008808391223591051,
AAB,AAB,9,442.75,0.0008792504146646235,
2XSOFAR,2XSOFAR,11,442.12,0.0008779993073552193,
EGT 3600 PRO,EGT 3600 PRO,114,441.66,0.0008770858004308924,
CANANDIAN SOLAR,Canandian Solar,32,439.45,0.0008726969954248871,
MAX 75KTL3 LV,364 - MAX 75KTL3 LV,6,438.54,0.0008708898404224145,
INVERSOR TRIFASICO,Inversor Trifásico,15,438.07,0.0008699564746519065,
DEYE E SOLIS,DEYE E SOLIS,14,436.95,0.0008677322838796323,
SG8 0RS L,SG8.0RS-L,50,435.51,0.0008648726100295655,
SOLPLANET HOYMILES,SOLPLANET HOYMILES,24,435.46,0.0008647733157986605,
SIW,SIW,33,434.66,0.000863184608104179,
ASW10000 S,ASW10000-S,43,434.56,0.0008629860196423688,
EGT 8000 PRO,EGT 8000 PRO,54,433.54,0.0008609604173319048,
SG5 0RS L,SG5.0RS-L,87,433.12,0.000860126345792302,
CHINTPOWER SYSTEMS,CHINTPOWER SYSTEMS,10,432.8,0.0008594908627145095,
SIW500H ST036 M3,SIW500H ST036 M3,11,432.0,0.000857902155020028,
SUNHARD,SUNHARD,11,432.0,0.000857902155020028,
SUN 8K G02P1 EU AM2,SUN-8K-G02P1-EU-AM2,54,431.84,0.0008575844134811315,
HPS,HPS,57,431.43,0.0008567702007877098,
SOLIS FRONIUS,SOLIS | FRONIUS,18,431.19,0.0008562935884793653,
KAPLAN,Kaplan,1,430.0,0.0008539303857838241,
1XPHB,1XPHB,14,429.84000000000003,0.0008536126442449278,
SOLAR JINKO,SOLAR JINKO,42,429.78,0.0008534934911678415,
GODWE,GODWE,57,429.7,0.0008533346203983934,
SOFA,SOFA,40,429.17,0.0008522821015507996,
MOSO B B POWER,MOSO B&B POWER,48,428.84,0.0008516267596268258,
C6 50K T6 LV 40,1750 - C6-50K-T6-LV-40,8,427.52,0.0008490053919309313,
MIN 5000TL X2,MIN 5000TL-X2,86,427.5,0.0008489656742385693,
SOFAR 301 KEHUA TECH,SOFAR / 301 - KEHUA TECH,1,425.0,0.0008440009626933145,
S6 GR1P7 5K2,S6-GR1P7.5K2,53,423.99,0.0008419952192290315,
HYPOTENCH,HYPOTENCH,38,423.92,0.0008418562073057644,
1XDEYE,1XDEYE,12,423.5,0.0008410221357661615,
HOMILES,HOMILES,93,423.25,0.0008405256646116362,
DEYE HUAWEI,DEYE / HUAWEI,18,422.33000000000004,0.0008386986507629825,
SOLPALNET,SOLPALNET,49,422.15,0.000838341191531724,
HUWEI,HUWEI,26,421.49,0.0008370305076837767,
SOLLIS,SOLLIS,42,421.46,0.0008369709311452336,
MAC 25KTL3 XL,751 - MAC 25KTL3-XL,14,421.1,0.000836256012682717,
MBTECH INDUSTRIA E COMERCIO DE SISTEMAS,15 - MBTECH INDUSTRIA E COMÉRCIO DE SISTEMAS,48,418.87,0.0008318274899843497,
GROWATT E FRONIUS,Growatt e Fronius,9,417.75,0.0008296032992120755,
RENOVIGE,RENOVIGE,47,417.43,0.000828967816134283,
HUAWEI SOFAR,HUAWEI / SOFAR,9,417.0,0.0008281138857484992,
MAC 36KTL3 XL,760 - MAC 36KTL3-XL,13,415.96,0.0008260485657456732,
ULICA,ULICA,37,413.96,0.0008220767965094692,
FRONIUS RENOVIGI,FRONIUS / RENOVIGI,18,412.23,0.000818641216120153,
OMINKSOL,OminkSol,74,411.84,0.0008178667211190931,
1XABB,1XABB,14,410.0,0.0008142126934217857,
RENIVIGI,RENIVIGI|,32,408.87,0.0008119686438033305,
KOFV,kofv,12,406.82,0.0008078975803362216,
S5 GC20K LV,952 - S5-GC20K-LV,21,406.47,0.000807202520719886,
BRASIL SOLAIR,Brasil Solair,20,405.09999999999997,0.0008044818587930864,
DEYE SUNGROW,DEYE / SUNGROW,19,404.62,0.0008035286341763975,
SG36KTL M,SG36KTL-M,10,404.2,0.0008026945626367946,
1XREFUSOL,1XREFUSOL,13,403.67,0.0008016420437892007,
INVERSOR SOLAR STRING NEO SOLAR,INVERSOR SOLAR STRING-NEO SOLAR,11,400.95,0.0007962404376279634,
S6 GR1P3K M,S6-GR1P3K-M,134,400.72,0.0007957836841658,
SIW 400G T100 W0,1396 - SIW 400G T100 W0,1,400.0,0.0007943538472407666,
SG110CX SG75CX,"SG110CX, SG75CX",2,400.0,0.0007943538472407666,
S5 GC 25K LV,971 - S5-GC-25K-LV,13,400.0,0.0007943538472407666,
GROAWATT,GROAWATT,51,398.49,0.0007913551614674326,
WEG FRONIUS,WEG|FRONIUS,14,397.75,0.0007898856068500372,
LIVOLTECK,LIVOLTECK,69,396.5,0.0007874032510774098,
HUAWEI SOLIS,HUAWEI|SOLIS,24,394.65,0.0007837293645339213,
INTELBRAS RENOVIGI,INTELBRAS RENOVIGI,4,393.0,0.0007804526549140532,
SG5 0RS,SG5.0RS,82,392.73,0.0007799164660671656,
GUANGZHOUSANJING,GuangzhouSanjing,14,392.32,0.0007791022533737438,
1XPHB SOLAR,1XPHB SOLAR/,9,392.3,0.0007790625356813818,
RENOVIGI GOODWE,"RENOVIGI,GOODWE",8,391.37,0.0007772156629865471,
GOODWE SAJ,GOODWE/SAJ,10,391.0,0.0007764808856778493,
SHENZEN SOLAR,SHENZEN SOLAR,63,390.96,0.0007764014502931253,
SOLARX POWER,SOLARX POWER,67,390.93,0.0007763418737545823,
CANADINA SOLAR CANADINA SOLAR,Canadina Solar//Canadina Solar,1,390.0,0.0007744950010597474,
SOFARSOFAR,SOFARSOFAR,53,389.2,0.0007729062933652659,
FRONIUS HOYMILES,FRONIUS / HOYMILES,38,388.92,0.0007723502456721973,
GROODWE,GROODWE,21,387.52,0.0007695700072068546,
KSG,KSG,22,386.59000000000003,0.0007677231345120199,
DHM 72X10 550W,DHM-72X10 550W,10,386.05,0.0007666507568182448,
EDGE EDGE,EDGE | EDGE,6,384.8,0.0007641684010456174,
MICRO BELENERGY PLUS,MICRO BELENERGY PLUS,63,383.75,0.0007620832221966105,
SOFAR GROWATT,SOFAR / GROWATT,29,382.71,0.0007600179021937844,
GROWATT HUAWEI,GROWATT HUAWEI,18,382.47,0.0007595412898854401,
MOSO B B,MOSO B&B,31,381.9,0.0007584093356531219,
HOYMILES SOLPLANET,HOYMILES|SOLPLANET,21,380.92,0.000756463168727382,
SUN 3K G,SUN-3K-G,129,379.21,0.0007530673060304277,
GROWAT MIN8000TL X E,GROWAT MIN8000TL-X(E),48,377.99,0.0007506445267963434,
INVERSOR SOLAR SF 5KTN,Inversor Solar Sf 5ktn,32,377.1,0.0007488770894862327,
1XGROWATT NEW ENERGY,1XGROWATT NEW ENERGY,12,376.08,0.0007468514871757687,
OMNIK NEW ENERGY,Omnik New Energy,78,375.88,0.0007464543102521483,
75K 5G,75K-5G,5,375.0,0.0007447067317882187,
MAX 125KTL3 X LV,1068 - MAX 125KTL3-X LV,1,375.0,0.0007447067317882187,
S6 GC75K LV,1923 - S6-GC75K-LV,5,372.8,0.0007403377856283945,
HUAWEI GROWATT,HUAWEI | GROWATT,13,371.46000000000004,0.0007376767002401379,
GENYX SOLAR POWER,Genyx Solar Power,49,371.39,0.0007375376883168706,
RESUSOL,RESUSOL,65,370.97,0.0007367036167772679,
NARI,Nari ,30,368.11,0.0007310239867694965,
GORWATT,GORWATT,51,367.5,0.0007298125971524543,
HUAEWI,HUAEWI,25,367.13,0.0007290778198437565,
SINE ENERGY,SINE ENERGY,59,365.5,0.0007258408279162505,
SIRGAS2000,SIRGAS2000,21,365.0,0.0007248478856071995,
APS,APS,352,363.89,0.0007226435536811063,
ASN 10SL,ASN-10SL,37,363.06,0.0007209952694480818,
HUAWEI SUN2000 33KTL A WEG SIW500H ST030 E HUAWEI,HUAWEI / SUN2000-33KTL-A (WEG SIW500H ST030) e HUAWEI /,7,362.54,0.0007199626094466689,
POWER ONE AURORA,Power One Aurora,1,361.64,0.000718175313290377,
EMPALUX RENAC,EMPALUX (RENAC),15,360.68,0.0007162688640569993,
LUXEN SOLAR,Luxen Solar,17,360.67,0.0007162490052108183,
MAX 60KTL3 XL2,1165 - MAX 60KTL3-XL2,6,359.4,0.0007137269317458287,
HAWUEI,HAWUEI,36,358.67,0.0007122772359746144,
HOYMILES SOLIS,"HOYMILES, SOLIS",19,358.06,0.0007110658463575721,
APSYSTEMS DEYE,APSYSTEMS/DEYE,42,357.47,0.0007098941744328922,
RS3 455MB E3,RS3-455MB-E3,20,355.15999999999997,0.0007053067809650766,
SUNGROW HOYMILES,SUNGROW |HOYMILES,30,354.94,0.0007048698863490942,
OLAREDGE,olarEdge,7,354.09999999999997,0.0007032017432698885,
MBTECH ECOSOLIS,MBTech (ecoSolis),18,353.93,0.0007028641428848113,
HUAWEI WEG SUN2000 60KTL M0 SIW500H ST060,HUAWEI/WEG SUN2000-60KTL-M0 /SIW500H ST060,6,353.74,0.0007024868248073719,
DEYE GOODWE,DEYE|GOODWE,22,353.27,0.000701553459036864,
TRINASOLAR,TrinaSolar,33,353.24,0.0007014938824983209,
SHENZHEN SOLAR,SHENZHEN SOLAR,6,353.05,0.0007011165644208816,
INVERSORES STRING NEOSOLAR,Inversores String - NeoSolar,8,352.2,0.0006994285624954949,
GROWATT AMPLIACAO E GOODWE NHS EXISTENTE,"GROWATT (ampliação) e GOODWE, NHS (existente)",1,351.0,0.0006970455009537726,
GINLOG,Ginlog,9,350.24,0.0006955362286440153,
QUALITY,QUALITY,21,348.82,0.0006927162724863104,
SAJ HOYMILES,SAJ|HOYMILES,25,347.92,0.0006909289763300188,
FRONIUS E SUNGROW,FRONIUS E SUNGROW,11,347.65999999999997,0.0006904126463293122,
GCL,GCL,35,346.69,0.0006884863382497534,
HYPONTCH,HYPONTCH,40,346.39,0.0006878905728643228,
CINT POWER,CINT POWER,3,345.6,0.0006863217240160223,
QS1,QS1,61,345.34,0.0006858053940153158,
RSM156 6 440M,RSM156-6-440M,16,345.05,0.0006852294874760663,
FRONIS,Fronis,27,343.41,0.0006819726367023792,
GUANGZHOU SANJING ELECTRIC CO LTD,"Guangzhou Sanjing Electric Co.,Ltd.",22,341.76,0.0006786959270825109,
CPS SCA30KTL T SA,1409 - CPS SCA30KTL-T/SA,11,341.54,0.0006782590324665286,
INVT IMARS,INVT iMars,15,340.35,0.0006758958297709873,
SERRANA EAST,SERRANA / EAST,24,338.88,0.0006729765793823774,
NINGBO AUSTA SOALR TECH CO LTD,"NINGBO AUSTA SOALR TECH CO.,LTD",49,338.77,0.0006727581320743861,
REFU ELETRONIK,REFU ELETRONIK,20,337.88,0.0006709906947642755,
ASN 5SL PLUS,ASN-5SL-PLUS,69,337.13,0.0006695012813006991,
HOPE WIND,HOPE WIND,20,336.99,0.0006692232574541649,
WEG SAJ,"WEG, SAJ",14,336.73,0.0006687069274534584,
SOFAR SUNGROW,SOFAR | SUNGROW,9,336.7,0.0006686473509149153,
GINGLONG,GINGLONG,15,336.64,0.0006685281978378292,
2XHUWAEI,2XHUWAEI,6,336.0,0.0006672572316822439,
BELERNERGY,Belernergy,27,335.82,0.0006668997724509855,
1XHUWAEI SUN2000 60KTL,1XHUWAEI SUN2000-60KTL-,6,335.65,0.0006665621720659082,
STRING NEOSOLAR,String - NeoSolar,8,335.0,0.000665271347064142,
GROWATT GROWATT GROWATT GROWATT GROWATT GROWATT WEG WEG WEG WEG WEG WEG WEG,GROWATT | GROWATT | GROWATT | GROWATT | GROWATT | GROWATT | WEG | WEG | WEG | WEG | WEG | WEG | WEG,1,334.0,0.0006632854624460401,
DAHSOLAR,DAHSOLAR,42,331.59,0.0006584994805164144,
WED,WED,5,330.14,0.0006556199478201666,
SOLAR HUWEI,SOLAR HUWEI,2,330.0,0.0006553419239736323,
NANSEM,NANSEM,36,328.53000000000003,0.0006524226735850227,
GROWATT E DEYE,GROWATT E DEYE,19,328.51,0.0006523829558926606,
SUNKET,SUNKET,46,328.1,0.0006515687431992389,
JASOLAR,JASOLAR,30,325.66,0.0006467231847310702,
MAX,MAX,4,324.6,0.0006446181470358821,
ECO 27 0 3 S,95 - ECO 27.0-3-S,10,324.0,0.0006434266162650209,
DEY SUN,DEY SUN,5,322.95,0.0006413414374160138,
HOYMILES E DEYE,HOYMILES E DEYE,18,322.07,0.0006395938589520842,
OMINIK,OMINIK,59,317.98,0.0006314715908640475,
JEMA,Jema ,8,316.9,0.0006293268354764973,
CORDEIRO,CORDEIRO,16,316.86,0.0006292474000917732,
EGT 4600 PRO,EGT 4600 PRO,63,316.78,0.000629088529322325,
SUN2000 10KTL LCO,1896 - SUN2000-10KTL-LCO,29,316.02,0.0006275792570125675,
SUNTRIO PLUS,SUNTRIO PLUS,8,315.85,0.0006272416566274903,
GOODWE FRONIUS,GOODWE / FRONIUS,6,314.77,0.0006250969012399402,
INVERSOR SOLAR RENO,INVERSOR SOLAR RENO,29,313.28,0.0006221379331589683,
SOL,SOL,36,312.90999999999997,0.0006214031558502706,
GW6000 DNS 30,GW6000-DNS-30,53,311.83,0.0006192584004627205,
EYE,EYE,33,311.37,0.0006183448935383937,
DEYE SOLPLANET,DEYE / SOLPLANET,15,311.3,0.0006182058816151265,
GENY SOLAR,Geny Solar,61,308.8,0.0006132411700698718,
FRONIUS APSYSTEMS,FRONIUS APSYSTEMS,18,308.7,0.0006130425816080616,
MFVHO MO 144 550W,MFVHO-MO-144-550W	,10,308.6,0.0006128439931462514,
SOFAR FRONIUS,SOFAR / FRONIUS,10,307.14,0.0006099446016038225,
TSOL MS2000,TSOL-MS2000	,55,306.62,0.0006089119416024096,
GW5000 DNS 30,GW5000-DNS-30	,62,306.62,0.0006089119416024096,
SUN 35K G02 LV,988 - SUN-35K-G02-LV,7,306.37,0.0006084154704478842,
B B MOSO,B&B Moso,35,306.08,0.0006078395639086346,
SMA SMA,SMA | SMA,15,305.6,0.0006068863392919456,
PHB5000D NS,PHB5000D-NS,50,304.51,0.0006047217250582145,
TOP SOLAR,TOP SOLAR,2,304.48,0.0006046621485196716,
GROWATT INTELBRAS,GROWATT + INTELBRAS,14,304.24,0.000604185536211327,
4KTLM G3 4KW,927 - 4KTLM-G3 4KW,75,303.99,0.0006036890650568016,
SOLPLANET SAJ,SOLPLANET / SAJ,15,303.79,0.0006032918881331812,
RONOVIGI,RONOVIGI,42,303.44,0.0006025968285168455,
GROWATT APSYSTEMS,GROWATT / APSYSTEMS,19,302.01,0.0005997570135129598,
GOOGWE,GOOGWE,27,301.96999999999997,0.0005996775781282357,
FRONIUS E GOODWE,Fronius e Goodwe,4,300.03,0.000595824961969118,
SIW400,SIW400,1,300.0,0.000595765385430575,
PVS 100 TL,PVS -100-TL,1,300.0,0.000595765385430575,
ES GT 60K,322 - ES GT-60K,2,300.0,0.000595765385430575,
NHS SOLAR GOODWE DEYE SAJ,NHS SOLAR / GOODWE / DEYE / SAJ,1,300.0,0.000595765385430575,
1 DEYE 3 SOLIS,1 DEYE / 3 SOLIS,1,300.0,0.000595765385430575,
RISEN120 8 590M,1007 - RISEN120-8-590M,1,300.0,0.000595765385430575,
JIANGSU GOODWE SAJ,"JIANGSU GOODWE, SAJ",1,300.0,0.000595765385430575,
ECO 100 3 P,984 - ECO 100-3-P,1,300.0,0.000595765385430575,
AUZSOL,AUZSOL,4,300.0,0.000595765385430575,
HOPEWIN D,HOPEWIN D,4,300.0,0.000595765385430575,
6XABB,6XABB,1,300.0,0.000595765385430575,
DFIG FULL POWER,DFIG & Full Power?,1,300.0,0.000595765385430575,
SIW500H ST030 M3,18 - SIW500H - ST030-M3,10,300.0,0.000595765385430575,
HUAWEI WEG SUN2000 100KTLM1 SIW500H ST100,HUAWEI/WEG SUN2000-100KTLM1/SIW500H ST100,1,300.0,0.000595765385430575,
SIW500H ST040,20 - SIW500H - ST040,6,300.0,0.000595765385430575,
HUAWEI SUN2000 36KTL WEG SIW500H ST036,HUAWEI//SUN2000-36KTL (WEG SIW500H ST036),3,299.5,0.000594772443121524,
SOLAR EDG SOLAR EDG SOLAR EDG SOLAR EDG,SOLAR EDG - SOLAR EDG - SOLAR EDG - SOLAR EDG,1,298.8,0.0005933823238888526,
DEYE SOLIS GROWATT SOLIS,Deye / Solis / Growatt / Solis,1,298.0,0.0005917936161943711,
SOLIA,SOLIA,19,297.4,0.0005906020854235098,
INVERSOR SOLAR STRING,INVERSOR SOLAR STRING,26,296.69,0.0005891921073446576,
CSI SERIES,CSI SERIES,14,295.7,0.0005872260815727366,
SOLAREGDE,SOLAREGDE,9,294.69,0.0005852203381084537,
ABB SOLIS,ABB SOLIS,10,294.42,0.0005846841492615662,
SIW200G M105 W1,1822 - SIW200G M105 W1,23,293.4,0.0005826585469511023,
ASTROENERGY,ASTROENERGY,47,292.86,0.0005815861692573273,
GROWARR,Growarr,16,292.35,0.0005805733681020953,
SG10RS L,SG10RS-L,23,292.17,0.0005802159088708369,
CS3W 410P,CS3W-410P,16,291.58,0.0005790442369461567,
1XKOMECO,1XKOMECO//,11,291.46,0.0005788059307919846,
TSM 330 PE 14A,TSM-330 PE 14A,1,291.0,0.0005778924238676577,
EES5K M1,1598 - EES5K-M1,61,290.54,0.0005769789169433309,
TALESOL,Talesol,361,290.44,0.0005767803284815207,
FRONIUS RENOVIGI B B POWER SOLIS,FRONIUS + RENOVIGI/B&B Power/SOLIS,15,290.29,0.0005764824457888053,
PRIMO 8 2 1,PRIMO 8.2-1,35,290.02,0.0005759462569419178,
GOODWEGOODWE,GOODWEGOODWE,40,289.9,0.0005757079507877456,
MICROINVERSOR,MICROINVERSOR,42,289.82,0.0005755490800182974,
RENOVIGI WEG,RENOVIGI  WEG,22,289.47,0.0005748540204019618,
BELENUS,BELENUS,40,289.27,0.0005744568434783414,
GROWATT E SOLIS,Growatt e Solis,5,289.0,0.0005739206546314539,
SOLIS E GOODWE,SOLIS e GOODWE,2,288.5,0.0005729277123224029,
1XSAJ,1XSAJ//,10,288.37,0.0005726695473220497,
DS3D 2 0KW,"1240 - DS3D-2,0KW",7,287.6,0.0005711404161661112,
FRUNIUS,Frunius,10,287.4,0.0005707432392424908,
ECO 25 0 3,22 - ECO 25.0.3,5,287.2,0.0005703460623188703,
DYE,DYE,53,286.61,0.0005691743903941903,
GENYX SOLAR,Genyx Solar,26,286.03,0.0005680225773156911,
BEYONDSUN,BEYONDSUN,45,285.86,0.0005676849769306139,
TSM DE18M II 510W,TSM-DE18M(II)510W,4,285.72,0.0005674069530840797,
GW60KBF MT 1132 GW75K HT,940 - GW60KBF-MT;1132 - GW75K-HT,1,285.0,0.0005659771161590462,
APSYSTE MS,apsyste ms,54,284.47,0.0005649245973114522,
NINGBO GINLONG TECHNOLOGIES CO LTD,"Ningbo Ginlong Technologies Co.,Ltd.",11,284.25,0.0005644877026954698,
JKM530M 72HL4 TV,JKM530M-72HL4-TV,21,283.88,0.000563752925386772,
HY M10 144H 570W,HY-M10-144H-570W,6,283.75,0.0005634947603864188,
MID 15 KTL3 XL,563 - MID 15 KTL3-XL,16,282.87,0.0005617471819224891,
LUXPOWER,LUXPOWER,37,281.74,0.0005595031323040339,
INVERSOR ASW MICRO INVERSOR,Inversor: ASW; Micro Inversor:,17,281.11,0.0005582520249946297,
ENERGY,Energy,16,280.33,0.0005567030349925102,
WEG INTELBRAS GROWATT,WEG / INTELBRAS / GROWATT,1,280.0,0.0005560476930685366,
SOLAR TRINA,SOLAR TRINA,20,279.88,0.0005558093869143644,
1P3K 4G,1P3K-4G,78,279.44,0.0005549355976823996,
HUAWEI E DEYE,HUAWEI E DEYE,5,279.22,0.0005544987030664171,
SUNGROW SAJ,"SUNGROW, SAJ",16,278.64,0.000553346889987918,
BLUESUN,BLUESUN,16,278.2,0.0005524731007559531,
SOFAR E SOLIS,SOFAR E SOLIS,3,278.0,0.0005520759238323328,
1XSOLAREDGE,1XSOLAREDGE,8,277.4,0.0005508843930614716,
HUAWEI 4X SUN2000 60KTL MO WEG SIW500H ST060 1XSUN2000 17KTL,HUAWEI / 4x SUN2000-60KTL-MO (WEG SIW500H ST060) + 1xSUN2000-17KTL,1,277.0,0.0005500900392142309,
HOLYMILES,HOLYMILES,39,276.9,0.0005498914507524206,
TOURIGA,Touriga,46,276.1,0.0005483027430579391,
SUN2000 8K LC0,1711 - SUN2000-8K-LC0,33,276.09,0.000548282884211758,
SOILS,SOILS,38,275.6,0.0005473098007488883,
SUNGROU,SUNGROU,18,275.31,0.0005467338942096386,
STS 6KTL SE,1917 - STS-6KTL-SE,46,275.12,0.0005463565761321993,
MIN5000TL X,MIN5000TL-X,57,275.04,0.0005461977053627512,
GW75K HT 969 GW50KBF MT,1132 - GW75K-HT;969 - GW50KBF-MT,1,275.0,0.000546118269978027,
HUAWEI TECHNOLOGIES CO LTD GOODWE POWER SUPPLY TECHNOLOGY,HUAWEI TECHNOLOGIES CO. LTD / GOODWE POWER SUPPLY TECHNOLOGY,1,275.0,0.000546118269978027,
GINLONG TECHNOLO GIES,GINLONG TECHNOLO GIES,4,275.0,0.000546118269978027,
KEHUA TECH E 64 DEYE,99 - KEHUA TECH e 64 - DEYE,1,275.0,0.000546118269978027,
INLTELBRAS,INLTELBRAS,32,274.5,0.000545125327668976,
CANDIAN,CANDIAN,22,274.31,0.0005447480095915367,
BS 5K G,576 - BS-5K-G,57,272.36,0.0005408755345862379,
1X HUWAEI,1X HUWAEI,11,271.75,0.0005396641449691959,
INVERSOR NINGBO GINLONG MICRO INVERSOR,Inversor: Ningbo Ginlong ; Micro Inversor:,10,271.55,0.0005392669680455754,
R5 3K S1,688 - R5-3K-S1,88,271.25,0.0005386712026601449,
FRONIOUS,FRONIOUS,33,271.12,0.0005384130376597916,
GOODWE DEYE DEYE,GOODWE / DEYE / DEYE,2,270.72,0.0005376186838125509,
2XSOFAR SOLAR,2xSOFAR SOLAR,11,270.4,0.0005369832007347581,
CSI 5K S22002 E,CSI-5K-S22002-E,59,270.22,0.0005366257415035,
JKM460M 60HL4 V 212 X JKM535M 72HL4 TV,JKM460M-60HL4-V + 212 x JKM535M-72HL4-TV,1,270.0,0.0005361888468875174,
SHENZENSOFAR,SHENZENSOFAR,19,269.95,0.0005360895526566123,
FAB INVERSORES,Fab Inversores,22,269.90999999999997,0.0005360101172718882,
RESUN SOLAR,RESUN SOLAR,49,268.92,0.0005340440914999673,
BELENERGY SOLAR,BELENERGY SOLAR,34,268.71999999999997,0.000533646914576347,
UPSOLAR,UPSOLAR,30,268.67,0.0005335476203454419,
BELENRGY,BELENRGY,38,267.88,0.0005319787714971414,
HYPOTECH,HYPOTECH,47,267.31,0.0005308468172648233,
1X FRONIUS ECO 27 0 3 S 4X HUAWEI,1x Fronius // ECO 27.0-3-S + 4x Huawei,1,267.0,0.0005302311930332116,
GENERAL ELECTRIC GENERAL ELECTRIC,GENERAL ELECTRIC / GENERAL ELECTRIC,9,267.0,0.0005302311930332116,
SG8K3 D,SG8K3-D,33,265.81,0.0005278679903376704,
HYPONETCH,HYPONETCH,51,265.71,0.0005276694018758602,
BVK ENERGIA SOLAR,BVK energia solar,52,265.59,0.0005274310957216879,
1XCANADIAN SOLAR,1XCANADIAN SOLAR,8,264.78,0.0005258225291810253,
MID 15KTL3 XL2,1652 - MID 15KTL3-XL2,17,264.75,0.0005257629526424823,
FOXXES,FOXXES,39,263.56,0.000523399749946941,
WEG HUAWEI HUAWEI,WEG; HUAWEI; HUAWEI,4,263.0,0.0005222876545608041,
335PHK 36,335PHK-36,35,262.4,0.0005210961237899428,
SOFAR SOLPLANET,SOFAR|SOLPLANET,13,262.29,0.0005208776764819517,
PBH SOLAR,PBH SOLAR,18,260.54,0.0005174023784002733,
WEG E WEG HUAWEI,WEG E WEG HUAWEI,1,260.0,0.0005163300007064983,
SG60KTL,SG60KTL,2,260.0,0.0005163300007064983,
PRIMO 5 0 1,29 - PRIMO 5.0-1,38,259.94,0.0005162108476294121,
LEAD SOLAR,LEAD SOLAR,22,259.58,0.0005154959291668954,
S5 GR1P8K,1167 - S5-GR1P8K,29,258.31,0.000512973855701906,
CONERGY,Conergy ,27,257.89,0.0005121397841623031,
CROWATT,CROWATT,30,257.63,0.0005116234541615968,
SUNGROW SOLIS E BEDIN,SUNGROW-Solis e Bedin.,1,257.0,0.0005103723468521925,
GROWATT RENOVIGI,GROWATT / RENOVIGI,12,256.96,0.0005102929114674684,
GW10K MS 30,GW10K-MS-30,25,256.47,0.0005093198280045985,
SOLIS LIVOLTEK,SOLIS / LIVOLTEK,3,256.0,0.0005083864622340906,
SOLAR POWER,SOLAR POWER,30,255.79,0.0005079694264642892,
AS APPLICANT,AS APPLICANT,8,255.55,0.0005074928141559447,
SIW500H ST060,217 - SIW500H ST060,3,255.0,0.0005064005776159886,
TSOL MP3000,TSOL-MP3000,44,254.85,0.0005061026949232734,
PULLING,PULLING,29,254.55,0.0005055069295378428,
SOLAR EDG,SOLAR EDG,3,254.50000000000003,0.0005054076353069377,
R5 3K S2 15,R5-3K-S2-15,85,254.16,0.000504732434536783,
SMA TECHNOLOGIE AG,SMA TECHNOLOGIE AG,19,253.62,0.0005036600568430081,
BELENERY,BELENERY,14,253.07999999999998,0.000502587679149233,
RUNERGY,RUNERGY,31,252.98,0.0005023890906874227,
MIN8000TL X,MIN8000TL-X,31,252.86,0.0005021507845332506,
SUN 4K G05P1 EU AM2,1786 - SUN-4K-G05P1-EU-AM2,64,251.73,0.0004999067349147954,
CR2 MAXX,CR2 MAXX,58,251.24,0.0004989336514519255,
7 5KTLM G3 BR,687 - 7.5KTLM-G3-BR,31,250.86,0.0004981790152970468,
INVT SOLAR,INVT Solar,14,250.84,0.0004981392976046847,
SG20KTL M,SG20KTL-M,13,250.82,0.0004980995799123226,
BEL 100K G BEL 50K G LV,BEL-100K-G / BEL-50K-G-LV,1,250.0,0.0004964711545254791,
MAX 50KTL3 XL2,MAX 50KTL3-XL2,5,250.0,0.0004964711545254791,
GOODW,GOODW,22,249.62,0.0004957165183706003,
DEDA,DEDA,40,249.43,0.000495339200293161,
OMNIK NEW ENERGY CO,OMNIK NEW ENERGY CO.,21,248.4,0.0004932937391365161,
HAUWAI,HAUWAI,24,248.13,0.0004927575502896285,
SUN2000 G3 US 220,SUN2000-G3-US-220,40,248.09,0.0004926781149049045,
GROOWATT,GROOWATT,20,248.0,0.0004924993852892753,
KLNE,KLNE,29,247.63,0.0004917646079805776,
INVERSOR BEL ENERGY MICRO INVERSOR,Inversor: Bel Energy; Micro Inversor:,34,247.56,0.0004916255960573105,
RENOVIGIRENOVIGI,RENOVIGIRENOVIGI,60,247.24,0.0004909901129795178,
SUN 15K G02 LV,SUN-15K-G02-LV,16,247.10999999999999,0.0004907319479791645,
SERRANA SOLAR,Serrana Solar		,17,246.55,0.0004896198525930276,
GOKIN,GOKIN,46,245.98,0.0004884878983607094,
RENO 5K PLUS,RENO 5K PLUS,46,245.01,0.0004865615902811505,
INVERSOR TRIFASICO RENO,Inversor Trifásico RENO,7,245.0,0.0004865417314349695,
WEG HUAWEI SMA ABB,WEG (Huawei) / SMA / ABB,1,245.0,0.0004865417314349695,
FRONIUS E ABB,fronius E ABB,9,244.61,0.0004857672364339098,
GRO,gro,15,244.06,0.00048467499989395376,
RONIUS,RONIUS,21,243.92000000000002,0.00048439697604741943,
CPS SCA36KTL T SA,1026 - CPS SCA36KTL-T/SA,6,243.57,0.00048370191643108375,
HELT,312 - HELT,26,242.96,0.00048249052681404163,
SUN2000 7 5K LC0,SUN2000-7.5K-LC0,31,242.94,0.00048245080912167953,
WEG APSYSTEMS,WEG | APsystems,18,242.5,0.0004815770198897147,
R5 7 5K S2 15,R5-7.5K-S2-15,32,242.17,0.0004809216779657411,
GRWATT,GRWATT,25,240.26,0.0004771286383451664,
QS1A,QS1A,39,240.07,0.00047675132026772703,
CANADAN SOLAR,CANADAN SOLAR,4,240.0,0.0004766123083444599,
ERBR,ERBR,1,240.0,0.0004766123083444599,
SOLPLANET E SOFAR,SOLPLANET E SOFAR,1,240.0,0.0004766123083444599,
1XHUWAEI SUN2000 60KTL MO,1XHUWAEI SUN2000-60KTL-MO,4,240.0,0.0004766123083444599,
TSM 340PE15H,TSM-340PE15H,1,240.0,0.0004766123083444599,
RENOVIGIB B,RenovigiB&B,7,240.0,0.0004766123083444599,
SIW500H ST060 SUN2000 60 KTL M0,SIW500H - ST060 (SUN2000-60-KTLM0),1,240.0,0.0004766123083444599,
SOFAR SOLAR E WEG HUAWEI,SOFAR SOLAR e WEG/HUAWEI,1,240.0,0.0004766123083444599,
HT SAAE,HT-SAAE,23,239.88,0.0004763740021902877,
OLIS,OLIS-,20,239.76,0.0004761356960361155,
COBREMACK,Cobremack,1,239.76,0.0004761356960361155,
HMS,HMS ,24,238.89000000000001,0.0004744079764183668,
1XSOFAR SOLAR,1XSOFAR SOLAR,9,238.09,0.00047281926872388524,
HUAWEIHUAWEI,HUAWEIHUAWEI,20,237.69,0.0004720249148766445,
SOLPLANET DEYE,SOLPLANET  DEYE,19,237.54,0.0004717270321839292,
DAS SOLAR,DAS SOLAR,39,237.26,0.0004711709844908607,
SOFARSOLAR SOFARSOLAR,SOFARSOLAR / SOFARSOLAR,5,237.15,0.0004709525371828695,
S6 GR1P7K2,S6-GR1P7K2,32,236.53,0.00046972128871964627,
ECO AQUECEDORES,ECO AQUECEDORES,7,236.4,0.0004694631237192931,
HOYLIMES,Hoylimes,29,236.13,0.0004689269348724055,
SIW500H ST100HV 19 SIW500H ST036,636 - SIW500H-ST100HV;19 - SIW500H - ST036,1,236.0,0.00046866876987205233,
JINERGY,JINERGY,35,235.76,0.00046819215756370783,
RSM72 6 330P,Rsm72-6-330P,21,235.09,0.00046686161486957957,
GROWATT E SOLPLANET,GROWATT E SOLPLANET,10,235.0,0.00046668288525395033,
1XSMA,1XSMA//,4,235.0,0.00046668288525395033,
INTELBRAS GROWATT NEW ENERGY CSI CANADIAN,INTELBRAS / GROWATT NEW ENERGY / CSI CANADIAN	,1,235.0,0.00046668288525395033,
GROWAIT,GRÔWAÍT|,23,234.64,0.0004659679667914336,
INVERSOR SOLAR ON GRID MONOFASICO,Inversor solar On Grid monofásico,35,233.1,0.00046290970447955673,
UAWEI,UAWEI,9,232.96,0.00046263168063302246,
ELGIM,ELGIM,28,232.55,0.0004618174679396007,
DEYE RENOVIGI,DEYE RENOVIGI,19,232.53,0.0004617777502472386,
JKM440M 60HL4 V,JKM440M-60HL4-V,30,232.38,0.00046147986755452333,
DANFOSS SOLAR INVERTERS USA,DANFOSS SOLAR INVERTERS USA,29,232.21,0.00046114226716944607,
BELENERGY BEL 10K G,BELENERGY BEL-10K-G,22,231.86,0.00046044720755311034,
CANANDIAN,CANANDIAN,24,231.69,0.00046010960716803297,
BEL EBERGY,BEL EBERGY,37,230.01,0.0004567733210096218,
REFUSO,REFUso,33,228.47,0.00045371505869774484,
BS 8K G,598 - BS-8K-G,27,228.38,0.00045353632908211566,
FRONIU,FRONIU,19,228.29,0.0004533575994664865,
SIW200G M105 W0,SIW200G M105 W0,21,228.23,0.00045323844638940034,
GOODWE APSYSTEMS SOLAREDGE,Goodwe ApSystems SolarEdge,1,227.48,0.00045174903292582395,
SHENZEN SHENZEN,SHENZEN; SHENZEN,4,227.1,0.00045099439677094517,
ABB ABB FRONIUS,ABB | ABB | FRONIUS,1,227.0,0.00045079580830913505,
SMA SOLAR TECNOLOGY,SMA Solar Tecnology,4,226.39,0.0004495844186920928,
BELENERG Y,BELENERG Y,38,225.43,0.000447677969458715,
ASN 75TL LV,1811 - ASN-75TL-LV,3,225.0,0.00044682403907293116,
75KTLX G4 LV,1767 - 75KTLX-G4-LV,3,225.0,0.00044682403907293116,
WEG HUAWEI E SUNGROW,WEG / HUAWEI E SUNGROW,1,225.0,0.00044682403907293116,
LEAO ENERGIA,LEAO ENERGIA,3,225.0,0.00044682403907293116,
GW75K HT,1132 - GW75K-HT,1,225.0,0.00044682403907293116,
DSOLAREDGE,DSOLAREDGE,1,225.0,0.00044682403907293116,
SIW400G T075 W01,1880 - SIW400G T075 W01,3,225.0,0.00044682403907293116,
GEU BRASIL,GEU BRASIL,20,224.66,0.00044614883830277653,
PHP,PHP,27,224.54,0.0004459105321486043,
NEO,NEO,25,223.99,0.0004448182956086483,
DMEGC SOLAR,DMEGC SOLAR,24,223.69,0.0004442225302232177,
CPS SCA10KTL SM EU,1224 - CPS SCA10KTL-SM/EU,21,223.56,0.0004439643652228644,
ABB HUAWEI HUAWEI ABB,ABB / Huawei / Huawei / ABB,1,223.5,0.0004438452121457783,
INVERSOR MONOFASICO,Inversor Monofásico,41,223.05,0.0004429515640676325,
INVERSOR STRING NEO SOLAR,INVERSOR STRING-NEO SOLAR,9,223.0,0.0004428522698367273,
5KTLM G2,5KTLM-G2,49,222.69,0.0004422366456051158,
GODDWE,GODDWE,10,222.62,0.00044209763368184866,
OMNIK SOLAR,Omnik Solar,49,222.41,0.0004416805979120472,
PEIMAR,PEIMAR,10,222.22,0.0004413032798346079,
WEG HUAWEI SOLIS,WEG (Huawei)/SOLIS,5,222.0,0.00044086638521862543,
SYMO 20 0 3 M 95 ECO 27 0 3 S,43 - SYMO 20.0-3-M;95 - ECO 27.0-3-S,3,222.0,0.00044086638521862543,
PHBPHB,PHBPHB,25,221.52,0.00043991316060193654,
EDGE SOLAR,EDGE SOLAR,6,221.42000000000002,0.0004397145721401264,
RENOVIGI SAJ,RENOVIGI \ SAJ,16,221.36,0.00043959541906304027,
SUNGROW HUAWEI,SUNGROW / HUAWEI,6,221.12,0.00043911880675469577,
WEG HUAWEI SOLAREDGE,WEG/HUAWEI + SOLAREDGE,4,220.65,0.0004381854409841878,
GROMATT,GROMATT,7,220.28,0.00043745066367549014,
SOLIS GROWATT E FRONIUS,"SOLIS, GROWATT e FRONIUS",1,220.0,0.00043689461598242165,
SUNGROWPOWER,sungrowpower,1,220.0,0.00043689461598242165,
SG110CX JA INSTALADO,SG110CX (Já instalado),1,220.0,0.00043689461598242165,
AXITEC,Axitec,12,219.05,0.0004350080255952248,
GW 73KLV HT,826 - GW-73KLV-HT,3,219.0,0.00043490873136431966,
INVERSOR ONGRID,INVERSOR ONGRID,20,218.96,0.0004348292959795956,
INTERBRAS,INTERBRAS,26,218.59,0.0004340945186708979,
GROWATT ABB,GROWATT|ABB,9,218.56,0.0004340349421323548,
GOODWE SUNGROW,GOODWE/SUNGROW,6,218.23000000000002,0.00043337960020838127,
SOLARX,SOLARX,38,217.89,0.00043270439943822654,
CSI,CSI,21,216.89000000000001,0.00043071851482012465,
KRIPT,Kript,41,216.16,0.00042926881904891025,
HUAWEI WEG SUN2000 36KTL M3 SIW500H ST036 M3,HUAWEI/WEG - SUN2000-36KTL M3/SIW500H ST036 M3,5,216.0,0.000428951077510014,
APSYSTEMS HOYMILES,APSYSTEMS - HOYMILES,31,215.72,0.0004283950298169454,
SUNGROW E ABB,SUNGROW e ABB,3,215.6,0.00042815672366277316,
GROWAATT,GROWAATT,14,215.55,0.00042805742943186813,
EMPALU,EMPALU,32,214.75,0.00042646872173738654,
ASW20K UT G3,1593 - ASW20K-UT-G3,9,214.26,0.0004254956382745166,
ABB WEG,"ABB, WEG",5,213.8,0.00042458213135018974,
PHB5000T DS,PHB5000T-DS,34,213.23,0.0004234501771178716,
MIN 8000TL X2,MIN 8000TL-X2,27,213.17,0.0004233310240407855,
TSOL MP3000 3KW,1928 - TSOL-MP3000 - 3KW,30,213.0,0.00042299342365570815,
MID 20KTL3 XL2,1666 - MID 20KTL3-XL2,10,212.87,0.000422735258655355,
R1 8K,R1-8K,25,212.63,0.0004222586463470105,
Q CELLS,Q CELLS,18,212.44,0.0004218813282695711,
TRIO,TRIO,7,212.1,0.0004212061274994165,
SUNGROW APSYSTEMS,SUNGROW/APSYSTEMS,11,211.3,0.00041961741980493496,
GROWATT NEW ENERGY GINLONG TECHNOLOGIES SOLIS GINLONG TECHNOLOGIES SOLIS GINLONG TECHNOLOGIES,GROWATT NEW ENERGY / GINLONG TECHNOLOGIES SOLIS / GINLONG TECHNOLOGIES SOLIS / GINLONG TECHNOLOGIES,1,210.65,0.00041832659480316864,
HUAWEI WEG PHB GENERAL ELETRIC,HUAWEI/WEG / PHB / GENERAL ELETRIC,1,210.0,0.0004170357698014025,
1 GINLONG 2 GINLONG,1 GINLONG / 2 GINLONG,1,210.0,0.0004170357698014025,
R6 SERIES,R6 SERIES,5,210.0,0.0004170357698014025,
SINGROW,SINGROW,12,209.81,0.0004166584517239631,
HOYMLLES,HOYMLLES,35,209.03,0.0004151094617218436,
SOLAR ON GRID,SOLAR ON GRID,34,208.89,0.00041483143787530925,
CHIN,CHIN,35,208.72,0.000414493837490232,
APASYSTEMS,APASYSTEMS,21,208.3,0.00041365976595062923,
FRONIUS E DEYE,FRONIUS E DEYE,7,208.13,0.00041332216556555187,
S5 GC15K LV,S5-GC15K-LV,13,207.27,0.00041161430479398425,
MAC 30KTL3 XL,MAC 30KTL3-XL,7,207.22,0.0004115150105630791,
APSSYSTEMS,APSSYSTEMS,48,207.22,0.0004115150105630791,
CS3W 450MS,CS3W - 450MS,19,207.1,0.0004112767044089069,
SG12KTL M,SG12KTL-M,15,206.59,0.00041026390325367494,
AISWEI,AISWEI,11,206.34,0.00040976743209914944,
DEYA,DEYA,38,206.25,0.00040958870248352026,
SIW200G M060 WO,854 - SIW200G - M060 WO,24,206.24,0.00040956884363733926,
GROWATT NEW ENERGY GINLONG TECHNOLOGIES SOLIS CANADIAN SOLAR GROWATT NEW ENERGY,GROWATT NEW ENERGY / GINLONG TECHNOLOGIES SOLIS / CANADIAN SOLAR / GROWATT NEW ENERGY,1,206.0,0.0004090922313289948,
2XGOODWE,2XGOODWE,5,205.66,0.0004084170305588402,
SUNFROW,SUNFROW,17,205.65,0.0004083971717126592,
SOLIS E GROWATT,SOLIS e GROWATT,14,205.6,0.000408297877481754,
INTLEBRAS,INTLEBRAS,12,205.6,0.000408297877481754,
STRING WEG SOLAR WITH HUAWEI,String - WEG  Solar with Huawei,12,204.4,0.00040591481594003174,
SUNROW,sunrow,21,204.01,0.00040514032093897197,
HUAWEI WEG HUAWEI,HUAWEI + WEG/HUAWEI,1,204.0,0.000405120462092791,
INVERSOR SUGROW MICRO INVERSOR,Inversor: SUGROW; Micro Inversor:,8,204.0,0.000405120462092791,
KOFV FR 550 MP HC,KOFV FR 550 MP-HC,1,204.0,0.000405120462092791,
SIW100G M010 W00,SIW100G M010 W00,33,204.0,0.000405120462092791,
FROUNIS,FROUNIS,7,203.9,0.00040492187363098074,
SAM,SAM,2,203.0,0.000403134577474689,
ENERPOINT,Enerpoint ,29,202.4,0.00040194304670382785,
Q1 2500 E,Q1-2500-E,29,202.36,0.0004018636113191038,
HMS 1800 4T,HMS-1800-4T,27,202.09,0.0004013274224722163,
SOLIS GOODWE,SOLIS; GOODWE,12,201.79,0.0004007316570867857,
CSI 5K S22003 E,1230 - CSI-5K-S22003-E,42,201.29,0.0003997387147777348,
INVERSOR STRING NEOSOLAR,Inversor String - NeoSolar,9,201.1,0.00039936139670029543,
RENOVIGI GROWATT,RENOVIGI + GROWATT,18,201.01,0.0003991826670846662,
WEG GOODWE SIW400 ST075 GW75K MT,WEG/Goodwe SIW400 ST075/GW75K- MT,3,201.0,0.0003991628082384852,
REFU ELEKTRONIK REFU ELEKTRONIK,REFU Elektronik | REFU Elektronik,4,201.0,0.0003991628082384852,
FRONIUS E GROWATT,FRONIUS E GROWATT,10,200.9,0.00039896421977667496,
SOLIS E SOFAR,SOLIS E SOFAR,6,200.79,0.0003987457724686838,
BELENERGY ENERGIA SOLAR BELENERGY ENERGIA SOLAR,BELENERGY ENERGIA SOLAR BELENERGY ENERGIA SOLAR,10,200.65,0.0003984677486221496,
GRPWATT,GRPWATT,21,200.35,0.00039787198323671893,
GROWWAT GROWWAT,GROWWAT / GROWWAT,1,200.2,0.00039757410054400366,
SMA TECNOLOGIE,SMA TECNOLOGIE,4,200.0,0.0003971769236203833,
NGECON,NGECON,1,200.0,0.0003971769236203833,
STP 50 40,STP 50-40,1,200.0,0.0003971769236203833,
GSI 50KTL GI,GSI-50KTL-GI,1,200.0,0.0003971769236203833,
SG CX SG110CX,SG-CX SG110CX,1,200.0,0.0003971769236203833,
CSI 50K T500GL02 E,CSI-50K-T500GL02-E,1,200.0,0.0003971769236203833,
RENO 50K,RENO 50K,2,200.0,0.0003971769236203833,
RUAWEI,RUAWEI,1,200.0,0.0003971769236203833,
SIW500H ST100 SUN2000 100KTL M1,SIW500H ST100 (SUN2000-100KTL-M1),1,200.0,0.0003971769236203833,
SOLIS JIANGSU GOODWE,SOLIS / Jiangsu Goodwe,1,200.0,0.0003971769236203833,
GROWATT3X,Growatt3x,1,200.0,0.0003971769236203833,
DEYESOLAR,DEYESOLAR,21,199.92,0.00039701805285093507,
SUNGROW SOFAR,"SUNGROW,SOFAR",7,199.1,0.00039538962746409154,
SOU ENERGY,SOU ENERGY,17,199.06,0.00039531019207936745,
SOFAR SOLAR DEYE,SOFAR SOLAR DEYE,16,198.72,0.0003946349913092128,
HUAWEI E WEG,HUAWEI e WEG,8,198.07999999999998,0.00039336402515362755,
SERRANA SISTEMAS DE ENERGIA,Serrana Sistemas de Energia,28,197.23,0.0003916760232282409,
FRONIUS E SOLIS,FRONIUS E SOLIS,7,196.55,0.00039032562168793167,
SOUPLANET,SOUPLANET,25,196.39,0.0003900078801490353,
JKM550M 72HL4 V,JKM550M-72HL4-V,5,195.5,0.00038824044283892464,
SAL,SAL,26,195.43,0.00038810143091565756,
2XCANADIAN SOLAR,2xCANADIAN SOLAR,5,195.2,0.00038764467745349405,
TSUNEES,TSUNEES,33,195.1,0.00038744608899168387,
WEG ST015 SUNGROW SG20KTL M,WEG|ST015 / SUNGROW|SG20KTL-M,1,195.0,0.0003872475005298737,
INTELBRAZ,INTELBRAZ,11,193.64,0.00038454669744925513,
SAJ FRONIUS,SAJ | FRONIUS,7,193.4,0.0003840700851409106,
INTRELBRAS,INTRELBRAS,97,193.05,0.000383375025524575,
SOLAXPOWER,SOLAXPOWER,17,192.6,0.00038248137744642904,
GT1,GT1,28,192.37,0.00038202462398426564,
SOLAR ENERGY DO BRASIL LTDA,Solar Energy do Brasil Ltda,30,192.28,0.0003818458943686365,
SOFA SOLAR,SOFA SOLAR,29,192.23,0.00038174660013773137,
60000TL,60000TL,3,192.0,0.00038128984667556797,
SG33KT SG60KTL,SG33KT/SG60KTL,2,192.0,0.00038128984667556797,
BELEBERGY,BELEBERGY,24,191.81,0.00038091252859812855,
INTISOL OMNIK,INTISOL OMNIK,351,190.85,0.00037900607936475076,
CPS SCA8KTL SM EU,CPS SCA8KTL-SM/EU,24,190.48,0.000378271302056053,
NINGBO SUNWAYS TECHNOLOGIES CO LTD,"361 - NINGBO SUNWAYS TECHNOLOGIES CO., LTD",24,190.23,0.00037777483090152753,
SIW200G M050 W0,#SIW200G M050 W0,39,190.13,0.00037757624243971735,
2XPHB SOLAR,2XPHB SOLAR,3,190.0,0.00037731807743936413,
JKM440M 6TL4 V, JKM440M-6TL4-V,23,189.36,0.0003760471112837789,
SUN2000 20KTL M3,SUN2000-20KTL-M3,8,188.98,0.00037529247512890014,
GAMESA,Gamesa ,32,188.75,0.00037483572166673674,
HUAWEI WEG SIW500H ST040 M3 SUN2000 40KTL M3,HUAWEI/WEG SIW500H-ST040 M3/ SUN2000-40KTL-M3,5,188.32,0.0003739817912809529,
FRONIUS GOODWE,FRONIUS | GOODWE,9,188.26,0.0003738626382038668,
GROWWATT,GROWWATT,25,188.16,0.0003736640497420566,
LIVOLTEX,LIVOLTEX,32,187.64,0.00037263138974064357,
R1 10K5 DS,856 - R1-10K5-DS,16,187.14,0.0003716384474315926,
BELENERG,BELENERG,41,187.03,0.0003714200001236014,
SUN2000 4KTL L1,SUN2000-4KTL-L1,47,186.94,0.0003712412705079722,
MAC,MAC,3,186.7,0.00037076465819962777,
BEDINSAT,BedinSat,23,186.63,0.00037062564627636063,
KEUA TECH,KEUA TECH,19,186.59,0.0003705462108916366,
AXITEC ENERGY GMBH CO KG,AXITEC Energy GmbH & Co. KG,15,186.23,0.00036983129242911986,
GENERAL,GENERAL,13,186.0,0.00036937453896695646,
RENAK,RENAK,23,185.77,0.000368917785504793,
DEYE INTELBRAS,DEYE / INTELBRAS,11,185.28,0.00036794470204192306,
APSYSTEMS WEG,Apsystems / WEG,10,185.26,0.000367904984349561,
JKM565N 72HL4 V,JKM565N-72HL4-V,7,185.14,0.0003676666781953888,
VESA SOLAR,Vesa Solar,4,185.0,0.0003673886543488545,
FOXESS SOLIS,FOXESS & SOLIS,5,184.76,0.00036691204204051,
SUN 4K G,606 - SUN-4K-G,46,184.69,0.00036677303011724293,
BENYI,BENYI,30,184.56,0.0003665148651168897,
SOLARDGE,SOLARDGE,3,184.54000000000002,0.0003664751474245277,
3KTLM G3,3KTLM-G3,62,184.34,0.00036607797050090726,
SUN 75K G05,SUN-75K-G05,3,184.2,0.000365799946654373,
ELTEK,Eltek,41,183.66,0.00036472756896059795,
CS3U,CS3U,6,183.0,0.0003634168851126507,
2XRENOVIGI,2XRENOVIGI,6,182.75,0.00036292041395812524,
AUSTA SOLAR,AUSTA SOLAR,28,182.63,0.000362682107803953,
CANADIANCANADIAN,CANADIANCANADIAN,13,182.32999999999998,0.00036208634241852237,
CANARDIAN SOLAR,CANARDIAN SOLAR,29,182.27,0.00036196718934143634,
MARC INV,MARC INV,4,182.2,0.00036182817741816915,
SOFAR HOYMILES,"SOFAR, HOYMILES",14,182.17000000000002,0.00036176860087962616,
XYXIPOWER,XYXIPOWER,49,182.15,0.00036172888318726406,
SOLPLANET HUAWEI,SOLPLANET / HUAWEI,7,182.0,0.0003614310004945488,
SOLAR SMA,SOLAR SMA,11,182.0,0.0003614310004945488,
JAM72D30 540 MB,JAM72D30-540/MB,13,181.7,0.0003608352351091182,
PHBELETRONICALTDA,PHBEletrônicaLTDA,9,181.34,0.00036012031664660153,
SEI,SEI ,12,181.06,0.000359564268953533,
GOODWE SOLPLANET,GOODWE | SOLPLANET,8,180.89,0.0003592266685684556,
EGT 33000 MAX,EGT 33000 MAX,8,180.87,0.00035918695087609363,
STRING INVERTER,String Inverter,7,180.8,0.0003590479389528265,
GOODWER,GOODWER,25,180.38,0.0003582138674132236,
RENOVIGI B B POWER SOLIS SOLIS 60K 4G,RENOVIGI/B&B Power/SOLIS - Solis-60k-4G,3,180.0,0.00035745923125834496,
INVERSOR GENERAL ELECTRIC MICRO INVERSOR,Inversor: General Electric; Micro Inversor:,5,180.0,0.00035745923125834496,
HUAWEI 3X SUN2000 36KTL A WEG SIW500H ST040 2X HUAWEI SUN2000 36KTL,HUAWEI / 3x SUN2000-36KTL-A (WEG SIW500H ST040) + 2x HUAWEI / SUN2000-36KTL,1,180.0,0.00035745923125834496,
C6 60K T9 LV,1784 - C6-60K-T9-LV,3,180.0,0.00035745923125834496,
S5 GR1P 10KW,1343 - S5 - GR1P 10KW,16,180.0,0.00035745923125834496,
HELTE SOFAR EXISTENTES E SOLIS NOVO,Helte Sofar (existentes) e Solis (novo),1,180.0,0.00035745923125834496,
DEYE SOLIS BELENERGY,DEYE/ SOLIS BELENERGY,1,180.0,0.00035745923125834496,
SIW500H ST040 18 SIW500H ST030 M3,20 - SIW500H - ST040;18 - SIW500H - ST030-M3,2,180.0,0.00035745923125834496,
KINGDON SOLAR,KINGDON SOLAR,1,180.0,0.00035745923125834496,
GOODWE SOFAR,GOODWE | SOFAR,4,179.5,0.000356466288949294,
R1 8K DS,897 - R1-8K-DS,22,178.54,0.0003545598397159161,
BELENERGY BEL2000G3 US 220,BELENERGY | BEL2000G3-US-220,36,178.29,0.00035406336856139066,
GOOODWE,GOOODWE,25,178.09,0.0003536661916377703,
REFUONE 7K 2T,242 - REFUONE 7K- 2T,20,178.04,0.00035356689740686516,
SAG,sag,10,177.78,0.00035305056740615867,
DASSTECH,DASSTECH,40,177.54,0.0003525739550978142,
GUANGZHOU,GUANGZHOU,11,177.4,0.00035229593125128,
GROAWTT,GROAWTT,16,177.25,0.0003519980485585647,
BELENEGY,BELENEGY,30,177.17,0.00035183917778911655,
ASG 6SL ZH 6KW,2050 - ASG-6SL-ZH 6KW,31,177.13,0.00035175974240439246,
HOYMILES FRONIUS,HOYMILES/FRONIUS,11,176.89999999999998,0.00035130298894222895,
SUN 6K G,SUN-6K-G,29,176.71,0.00035092567086478964,
HOY MILES,HOY MILES,33,176.7,0.0003509058120186086,
SOLAR REDGE,SOLAR REDGE,4,175.88,0.00034927738663176507,
R5 3K S2,623 - R5-3K-S2,59,175.86,0.0003492376689394031,
SUN 30K G02 LV,628 - SUN-30K-G02-LV,6,175.3,0.000348125573553266,
1XORIZON,1XORIZON,6,175.11,0.00034774825547582663,
SOLIS WEG DEYE,SOLIS – WEG - DEYE,1,175.0,0.00034752980816783535,
HYNPONTECH,HYNPONTECH,11,175.0,0.00034752980816783535,
PVS175TL,PVS175TL,1,175.0,0.00034752980816783535,
MID 25KTL3 XL2,1890 - MID 25KTL3-XL2,6,175.0,0.00034752980816783535,
FROMIUS,FROMIUS,26,174.79,0.00034711277239803394,
HOIMILES,HOIMILES,32,173.93,0.0003454049116264663,
SEN SOLAR,sen Solar,20,173.73,0.0003450077347028459,
ASW30K UT G3,1640 - ASW30K-UT-G3,6,173.4,0.0003443523927788723,
THINKPOWER,THINKPOWER,10,173.34,0.0003442332397017862,
SE27 6K,"SE27,6K",6,173.33,0.0003442133808556052,
SAJ HUAWEI,SAJ/HUAWEI,7,173.25,0.000344054510086157,
RENOVIGI B BPOWER SOLIS,RENOVIGI/B&BPower/SOLIS,6,172.84,0.00034324029739273525,
FRONIUS E HOYMILES,FRONIUS E HOYMILES,14,172.8,0.00034316086200801116,
B B POWER CO,B&B Power Co,36,172.27,0.00034210834316041717,
SUNWAY,Sunway,26,171.96,0.00034149271892880553,
SUNWAY S,SUNWAY S,11,171.76,0.00034109554200518517,
BELERNEGY,BELERNEGY,27,171.19,0.0003399635877728671,
EGT 6000 MAX,EGT 6000 MAX,27,171.05,0.0003396855639263328,
REFURSOL,REFURSOL,6,171.0,0.00033958626969542773,
GW8000 MS C30,GW8000-MS-C30,20,170.92000000000002,0.0003394273989259796,
SUN2000 8KTL LC0,1812 - SUN2000-8KTL-LC0,19,170.64,0.00033887135123291095,
GENERAL ELETRIC GENERAL ELETRIC,GENERAL ELETRIC / GENERAL ELETRIC,5,170.55,0.0003386926216172819,
SUNGROW GROWATT FRONIUS,SUNGROW + GROWATT / FRONIUS,1,170.0,0.0003376003850773258,
SOFAR RENOVIGI,SOFAR / RENOVIGI,10,169.97,0.00033754080853878274,
50000TL,50000TL,7,169.5,0.00033660744276827484,
SOLARREDGE,SOLARREDGE,5,169.34,0.0003362897012293785,
SIW200G M090 W1,SIW200G M090 W1,17,169.3,0.0003362102658446545,
SAJ WEG,SAJ / WEG,9,167.9,0.0003334300273793118,
OLPLANET,OLPLANET,23,167.7,0.00033303285045569136,
OSOLAR BRASIL,Osolar Brasil,8,167.4,0.00033243708507026083,
OSDA NINGBO OSDA SOLAR CO LTD,"OSDA (Ningbo Osda Solar Co., Ltd.)",26,166.76999999999998,0.00033118597776085655,
SOLIS E FRONIUS,SOLIS E FRONIUS,3,166.4,0.00033045120045215894,
B E L ENERGY,B e l Energy,10,166.35,0.00033035190622125374,
SUNGROW SOFAR SOLAR,SUNGROW/SOFAR SOLAR,4,166.3,0.00033025261199034876,
SSI,SSI,20,166.25,0.00033015331775944356,
TSOL MX2250,TSOL-MX2250,22,166.23,0.00033011360006708157,
SOLPLANET SOFAR,SOLPLANET SOFAR,11,166.2,0.0003300540235285385,
SOLSIST SOLUVSSV ES ENGENHARIA E SISTEMAS ENERGIA SOLAR ME,SOLSIST Soluvßvµes Engenharia e Sistemas Energia Solar Me,14,165.78,0.0003292199519889357,
LIVOLTEK HOYMILES,Livoltek /Hoymiles,13,165.54999999999998,0.0003287631985267722,
SOLSI,SOLSI,16,165.04999999999998,0.00032777025621772126,
FRONIUS INTELBRAS,FRONIUS / INTELBRAS,5,164.9,0.000327472373525006,
G E,G.E,13,164.76,0.0003271943496784717,
FRONIUS SOLPLANET,"FRONIUS, SOLPLANET",6,164.72,0.0003271149142937477,
NPLUS,NPLUS,15,164.69,0.0003270553377552046,
GROWATT E 43 SOLIS,11 - GROWATT E 43 - SOLIS,3,164.0,0.0003256850773687143,
SICES SOLAR SICES SOLAR,SICES Solar / SICES Solar,5,163.92,0.0003255262065992661,
DEYE APSYSTEMS,DEYE//APsystems,15,163.9,0.0003254864889069041,
1P8K 4G 8KW,1P8K-4G - 8KW,21,163.67,0.0003250297354447406,
DEYSE,DEYSE,20,163.61,0.00032491058236765457,
BEL 10K G,BEL-10K-G,14,163.24,0.00032417580505895684,
BDM 2250,BDM - 2250,25,163.17,0.00032403679313568965,
3XGROWATT,3XGROWATT,3,163.0,0.0003236991927506124,
SYMO 15 0 3,SYMO 15.0-3,8,163.0,0.0003236991927506124,
HYONTECH,Hyontech,17,162.5,0.0003227062504415614,
OMINK,OMINK,27,162.22,0.00032215020274849285,
HUAWEI 2XSUN2000 60KTL MO WEG SIW500H ST060 1XSUN2000 33KTL,HUAWEI / 2xSUN2000-60KTL-MO (WEG SIW500H ST060) + 1xSUN2000-33KTL-,1,162.0,0.00032171330813251045,
HOYMILES E SOLIS,HOYMILES E SOLIS,5,161.7,0.00032111754274707986,
EAST EA5KSI,EAST | EA5KSI,24,161.04,0.0003198068588991326,
SOLAEDGE,SOLAEDGE,8,161.02,0.0003197671412067706,
SOFAR E DEYE,SOFAR e DEYE,5,160.5,0.0003187344812053576,
SIW200G,SIW200G,24,160.34,0.0003184167396664613,
WEG GROWATT GROWATT GROWATT GROWATT GROWATT GOODWE,WEG; GROWATT; GROWATT; GROWATT; GROWATT; GROWATT; GOODWE,1,160.02,0.00031778125658866866,
SUNWAYS SUNWAYS,"SUNWAYS,SUNWAYS",5,160.0,0.0003177415388963066,
HUAWEEI,HUAWEEI,4,160.0,0.0003177415388963066,
SOFAR SOLAR SOLIS,SOFAR SOLAR-SOLIS,8,159.9,0.00031754295043449643,
INTELBRASINTELBRAS,INTELBRASINTELBRAS,29,159.84,0.00031742379735741035,
20000TL G2,20000TL-G2,8,159.45,0.0003166493023563505,
SYMO 20 0 3 M,43 - SYMO 20.0-3-M,8,159.43,0.00031660958466398853,
BEL ENERGY POWER,BEL ENERGY POWER,13,158.82999999999998,0.00031541805389312735,
KONECO,koneco,6,158.72,0.0003151996065851362,
GROWAT MIN6000TL X,GROWAT MIN6000TL-X,27,158.41,0.0003145839823535246,
RENOVIGI HOYMILES,"RENOVIGI, HOYMILES",20,158.39,0.0003145442646611625,
RONMA SOLAR,RONMA SOLAR,31,158.32999999999998,0.0003144251115840764,
GROWA,GROWA,20,158.3,0.0003143655350455334,
ABB HOYMILES,ABB / HOYMILES,13,158.01,0.0003137896285062838,
INTELBRA,INTELBRA,22,156.59,0.00031096967234857907,
ASW3000 S G2,ASW3000-S-G2,53,156.27,0.0003103341892707865,
SIW200G M080 W1,SIW200G M080 W1,19,156.1,0.0003099965888857091,
HOYMILES SAJ,HOYMILES |SAJ,18,155.99,0.00030977814157771795,
HOYMILIES,HOYMILIES,38,155.68,0.00030916251734610636,
SUNONO,sunono,8,155.18,0.0003081695750370554,
SOLPLANET GOODWE,"SOLPLANET, GOODWE",7,155.0,0.00030781211580579705,
INMETRO,INMETRO,24,154.92,0.00030765324503634887,
APSYSTEN,APSYSTEN,26,154.28,0.00030638227888076365,
GW10K MS,387 - GW10K-MS,12,154.24,0.0003063028434960396,
INVERSOR MICRO INVERSOR HOYMILLES,Inversor: ; Micro Inversor: HOYMILLES,21,154.23,0.00030628298464985856,
BELENERGYBELENERGY,BELENERGYBELENERGY,23,153.89,0.00030560778387970393,
2X HUWAEI,2X HUWAEI,4,153.66,0.0003051510304175405,
HYPONTECK,HYPONTECK,14,153.57999999999998,0.0003049921596480923,
SOFAR E WEG,Sofar e WEG,2,153.5,0.00030483328887864416,
DEVE,deve,16,153.11,0.00030405879387758445,
GOODEW,GOODEW,11,152.9,0.00030364175810778304,
INVERSOR BELENERGY PLUS MICRO INVERSOR,Inversor: Belenergy Plus; Micro Inversor:,28,152.84,0.0003035226050306969,
TSUNES,TSUNES,29,152.62,0.0003030857104147145,
DEYEGROWATT,DEYEGROWATT,11,152.24,0.0003023310742598358,
SUN2000 36KTL,SUN2000-36KTL,4,152.0,0.0003018544619514913,
GROW,GROW,10,151.5,0.00030086151964244033,
SOLPLANET LIVOLTEK,SOLPLANET LIVOLTEK,12,151.14,0.0003001466011799236,
GOOWE,GOOWE,7,150.94,0.00029974942425630324,
SUNGROE,SUNGROE,9,150.85000000000002,0.0002995706946406741,
DAYSE,DAYSE,15,150.57999999999998,0.0002990345057937865,
SS 550 72MDH,SS-550-72MDH,14,150.55,0.00029897492925524353,
DEYE E GROWATT,DEYE E GROWATT,14,150.49,0.00029885577617815744,
MIN6000TL X,MIN6000TL-X,23,150.43,0.0002987366231010713,
QCELLS,QCELLS,9,150.1,0.00029808128117709767,
SHP75 10,SHP75-10,2,150.0,0.0002978826927152875,
S5 GC60K 449 SG40CX 1443 S5 GC50K,1641 - S5-GC60K;449 - SG40CX;1443 - S5-GC50K,1,150.0,0.0002978826927152875,
2XHUWAEI SUN2000 15KTL MO,2XHUWAEI SUN2000-15KTL-MO,2,150.0,0.0002978826927152875,
75 KTLX G3,75 KTLX-G3,2,150.0,0.0002978826927152875,
SOLAREDE TECHNOLOGIE,SolarEde Technologie,2,150.0,0.0002978826927152875,
SIW400G K025 W00,1959 - SIW400G K025 W00,4,150.0,0.0002978826927152875,
ASW 15K UT G3,1505 - ASW 15K-UT-G3,10,150.0,0.0002978826927152875,
PHB75K MT,491 - PHB75K-MT,2,150.0,0.0002978826927152875,
SUNGROW1110 SG75CX,99 - SUNGROW1110 - SG75CX,1,150.0,0.0002978826927152875,
1X HUAWEI SUN2000 33KTL A WEG SIW500H ST030 2X HUAWEI SUN2000 60KTL MO,1x HUAWEI / SUN2000-33KTL-A (WEG SIW500H ST030) + 2x HUAWEI / SUN2000-60KTL-MO ),1,150.0,0.0002978826927152875,
SMA SHP,SMA SHP,2,150.0,0.0002978826927152875,
PHB75K SMT,2018 - PHB75K-SMT,2,150.0,0.0002978826927152875,
SIW500G T075 W0,1226 - SIW500G T075 W0,2,150.0,0.0002978826927152875,
SHENZHEN SOFAR SUNGROW,SHENZHEN SOFAR / SUNGROW,1,150.0,0.0002978826927152875,
DEYE 11 GROWATT,64 - DEYE - 11 - growatt,1,150.0,0.0002978826927152875,
SG40CX 292 SG110CX,449 - SG40CX;292 - SG110CX,1,150.0,0.0002978826927152875,
SUN HARD,SUN HARD,2,150.0,0.0002978826927152875,
CPS SCA3KTL PS1 EU,CPS SCA3KTL-PS1/EU,50,150.0,0.0002978826927152875,
KSTAR E GROWATT,KSTAR e GROWATT,2,150.0,0.0002978826927152875,
R6 50K T4 32,R6-50K-T4-32,3,150.0,0.0002978826927152875,
SOLIS SOLIS SOLPLANET,SOLIS/ SOLIS/ SOLPLANET,1,150.0,0.0002978826927152875,
NINGBO GINLONG NINGBO GINLONG,"Ningbo Ginlong, Ningbo Ginlong",2,150.0,0.0002978826927152875,
SOLARE EDGE,SOLARE EDGE,2,149.7,0.00029728692732985685,
G O ODWE,G O ODWE,2,149.6,0.00029708833886804667,
GW6KBD NS,818 - GW6KBD-NS,23,149.3,0.00029649257348261614,
IMARS INVT,IMARS INVT,4,149.28,0.0002964528557902541,
CSI 30KTL GI FL,32 - CSI-30KTL-GI-FL,5,149.25,0.00029639327925171105,
APYSYSTEMS,APYSYSTEMS,22,149.05,0.0002959961023280907,
WEG HUAWEI SUN2000 36KTL,WEG/HUAWEI SUN2000-36KTL,3,149.05,0.0002959961023280907,
GE GENERAL ELETRIC,GE GENERAL ELETRIC,11,149.0,0.00029589680809718555,
FRONIUS SOFAR E SOLIS,"FRONIUS, SOFAR E SOLIS.",1,149.0,0.00029589680809718555,
SOFAL SOLAR,SOFAL SOLAR,46,148.98,0.0002958570904048235,
SKY,SKY,7,148.77,0.0002954400546350221,
BEB,BEB,32,148.6,0.00029510245424994473,
S5 GC30K,S5-GC30K,5,148.52,0.00029494358348049665,
INTELBRAS GROWATT,"INTELBRAS, GROWATT",8,148.5,0.0002949038657881346,
TSUNNES,TSUNNES,24,147.75,0.00029341445232455816,
HUAYU,HUAYU,32,147.52,0.0002929576988623947,
RSM156 6 445M,RSM156-6-445M,8,147.19,0.0002923023569384211,
2XHUWAEI SUN2000 60KTL MO,2XHUWAEI SUN2000-60KTL-MO,2,147.0,0.0002919250388609817,
SOFRA,SOFRA,17,146.42000000000002,0.00029077322578248264,
VACON,Vacon ,18,146.17,0.0002902767546279571,
NANSEN SOLAR AUXSOL,"NANSEN, SOLAR AUXSOL",22,146.1,0.00029013774270468995,
SOLSIST,SOLSIST,8,145.99,0.0002899192953966988,
FRONIIUS,FRONIIUS,12,145.6,0.000289144800395639,
HOYMLES,HOYMLES,30,145.58,0.000289105082703277,
SOFAR HUAWEI,"SOFAR, HUAWEI",6,145.5,0.0002889462119338288,
GOODWE E SOLIS,GoodWe e Solis,2,145.0,0.0002879532696247779,
INVERSOR FRONYS PRIMOS,INVERSOR FRONYS PRIMOS,1,145.0,0.0002879532696247779,
SHENZHENSOFARSOLARCO,ShenzhenSOFARSOLARCo,4,144.88,0.00028771496347060566,
SERRANA CABERNET,Serrana | Cabernet,4,144.85,0.00028765538693206256,
INTERLBRAS,Interlbras,25,144.83,0.00028761566923970057,
ASG 6SL ZH,ASG-6SL-ZH,25,144.79,0.0002875362338549765,
SICES,SICES,6,144.5,0.00028696032731572693,
2XHUWAEI SUN2000 36KTL MO,2XHUWAEI SUN2000-36KTL-MO,2,144.0,0.00028596738500667594,
APSYSMTS,APSYSMTS,4,144.0,0.00028596738500667594,
SIW500H ST36,SIW500H-ST36,2,144.0,0.00028596738500667594,
SG 36KTL M 1574 SG36CX P2,144 - SG-36KTL-M;1574 - SG36CX-P2,1,144.0,0.00028596738500667594,
JH SOLAR,JH Solar,22,143.68,0.00028533190192888335,
GROWWAT,GROWWAT,25,143.6,0.00028517303115943517,
NINGBO SUNWAYS,Ningbo Sunways,7,143.6,0.00028517303115943517,
SOLIS E HOYMILES,SOLIS E HOYMILES,8,143.3,0.00028457726577400463,
TSM PE15H 345W,TSM-PE15H 345W,4,143.0,0.00028398150038857405,
SENERGY SE 36KTL QL3,SENERGY SE 36KTL-QL3,2,143.0,0.00028398150038857405,
SWA,SWA,9,142.6,0.0002831871465413333,
ABB SOLPLANET,ABB / SOLPLANET,5,142.52,0.00028302827577188515,
HOYMILES SUNGROW,"Hoymiles, Sungrow",9,142.49,0.0002829686992333421,
SS 555 72MDH,SS-555-72MDH,13,142.47,0.00028292898154098,
SHEZHEN,SHEZHEN,12,142.39000000000001,0.0002827701107715319,
INTELBRAS DEYE,INTELBRAS/DEYE,18,142.37,0.0002827303930791698,
SIW200G M075 W1,1969 - SIW200G M075 W1,16,142.2,0.0002823927926940925,
SOLFAR SOLAR,SOLFAR SOLAR,23,142.17,0.0002823332161555494,
EMSB 535M HC,EMSB 535M HC,7,142.15,0.0002822934984631874,
HYPONTCH HPS 8000T,HYPONTCH HPS-8000T,16,142.0,0.00028199561577047216,
SUN 2000 G3 US,723 - SUN 2000 G3-US,29,141.57,0.0002811416853846883,
MIN 3000TL X,MIN 3000TL-X,37,141.16,0.00028032747269126653,
DEYE ABB,DEYE | ABB,6,141.16,0.00028032747269126653,
HOYMILES GROWATT,HOYMILES|GROWATT,19,141.04,0.00028008916653709425,
SHENZHEN INVT,SHENZHEN-INVT,10,140.63,0.0002792749538436725,
SOLAR N PLUS,SOLAR N PLUS,25,140.62,0.0002792550949974915,
GROWATT 60 GOODWE,GROWATT / 60 - GOODWE,5,140.47,0.00027895721230477617,
HUAWEI 1X SUN2000 20KTL WEG SIW500H ST022,HUAWEI / 1x SUN2000-20KTL (WEG SIW500H ST022) +,1,140.0,0.0002780238465342683,
SCA20K T SA,1765 - SCA20K-T-SA,7,140.0,0.0002780238465342683,
DEYE GROWATT HUAWEI,DEYE / GROWATT / HUAWEI,1,140.0,0.0002780238465342683,
SMA SOLAR TECHONOLOGY,7 - SMA SOLAR TECHONOLOGY,2,140.0,0.0002780238465342683,
20000TL G2 138 50000TL,296 - 20000TL-G2;138 - 50000TL,2,140.0,0.0002780238465342683,
ENERGY BRASIL,ENERGY BRASIL,26,139.99,0.0002780039876880873,
HOYMILESHOYMILES,HOYMILESHOYMILES,24,139.96,0.00027794441114954423,
RENOVIGI B B POWER SOLIS SOLIS 30K 5G,RENOVIGI/B&B Power/SOLIS - SOLIS 30K-5G,5,139.8,0.00027762666961064796,
3XWEG,3XWEG,1,139.72,0.0002774677988411998,
ENFHASE,ENFHASE,23,139.71,0.00027744793999501873,
BEL 5K G,BEL-5K-G,25,139.65,0.00027732878691793264,
RENOVIGI B B POWER SOLIS SOLIS 25K 5G,RENOVIGI/B&B Power/SOLIS - Solis-25K-5G,5,139.54,0.0002771103396099414,
R5 4K S2 15,R5-4K-S2-15,35,139.51,0.00027705076307139837,
WEG HUAWEI WEG DEYE,WEG+HUAWEI / WEG / DEYE,1,139.0,0.0002760379619161664,
INVERSORES ECORI ENERGIA SOLAR,inversores - Ecori Energia Solar,5,138.98,0.00027599824422380433,
MINASOL IMS5000,MINASOL IMS5000,23,138.96,0.00027595852653144234,
1XINTELBRAS,1XINTELBRAS,8,138.43,0.0002749060076838483,
SOLARED GE,SOLARED GE,3,138.41,0.00027486628999148625,
PANEL SOLAR,PANEL SOLAR,3,137.64,0.00027333715883554776,
SAMSUNG SDI CO LTD,"Samsung SDI Co., Ltd.",10,137.45,0.0002729598407581084,
DEYE SOFAR SOLAR,"DEYE, SOFAR SOLAR",11,137.02,0.0002721059103723246,
MICRO,MICRO,15,136.85,0.0002717683099872472,
RENO 60,reno 60,4,136.8,0.0002716690157563422,
GENYX,GENYX,21,136.70000000000002,0.000271470427294532,
SOLPLNET,SOLPLNET,14,136.48,0.00027103353267854955,
IONS,IONS,11,136.44,0.00027095409729382546,
CABERNET,CABERNET,5,136.4,0.0002708746619091014,
S0LIS,S0LIS,16,136.37,0.0002708150853705584,
GOODEWE,GoodeWe,21,136.16,0.0002703980496007569,
DE,DE	,21,136.13,0.00027033847306221387,
ASW5000 S,ASW5000-S,29,136.1,0.00027027889652367083,
SIW500H ST040 M3 217 SIW500H ST060 1010 SIW500H ST036 M3,863 - SIW500H-ST040 - M3;217 - SIW500H ST060;1010 - SIW500H ST036 M3,1,136.0,0.0002700803080618606,
FRINUS ECO ENERGY,253 - FRINUS ECO ENERGY,4,136.0,0.0002700803080618606,
P H B,P H B,12,136.0,0.0002700803080618606,
DHM 72X10 545W,DHM-72X10-545W,4,135.81,0.0002697029899844213,
SOLAR EDGE TECHNOLOGI,SOLAR EDGE TECHNOLOGI,3,135.8,0.0002696831311382403,
DEYE E APSYSTEMS,Deye e APsystems,3,135.5,0.00026908736575280965,
FRONYUS,Fronyus,10,135.4,0.0002688887772909995,
CS3W,CS3W,10,135.3,0.0002686901888291893,
RENOVIGI RENOVIGI B BPOWER SOLIS SOLIS,RENOVIGI | RENOVIGI | B&BPOWER | SOLIS | SOLIS,1,135.0,0.0002680944234437587,
CS3W 455MS,CS3W-455MS,8,134.8,0.00026769724652013835,
GROWATT SOFAR E DEYE,"GROWATT,SOFAR E DEYE",2,134.75,0.0002675979522892332,
WE HUWAEI,WE HUWAEI,3,134.7,0.0002674986580583281,
2XDEYE,2xDEYE,4,134.53,0.0002671610576732508,
GE GENERAL ELETRICS,GE(GENERAL ELETRICS),3,134.52,0.0002671411988270698,
GOODWEI,GOODWEI,5,133.93,0.0002659695269023897,
RENOVIGI SOFAR,RENOVIGI/ SOFAR,8,133.49,0.0002650957376704248,
HUWAI,HUWAI,13,133.19,0.00026449997228499423,
RENOVIGI E SOLIS,RENOVIGI e SOLIS,7,133.0,0.00026412265420755487,
SERRANA CABERNET 33000 27 L,Serrana / Cabernet 33000 27 L.,2,133.0,0.00026412265420755487,
ABB SAJ,ABB/SAJ,5,132.97,0.00026406307766901183,
B B MOSO POWER,B&B Moso Power,10,132.79,0.00026370561843775347,
MICRO BELENERGY,MICRO BELENERGY,20,132.59,0.0002633084415141331,
HUA,HUA,8,132.25,0.0002626332407439784,
SOLAR X,SOLAR X,19,132.01,0.000262156628435634,
2X HUAWEI SUN2000 36KTL A WEG SIW500H ST040 HUAWEI SUN2000 60KTL MO WEG SIW500H ST060,2x HUAWEI // SUN2000-36KTL-A (WEG SIW500H ST040) + HUAWEI // SUN2000-60KTL-MO (WEG SIW500H ST060),1,132.0,0.000262136769589453,
2GROWAT 2SUNGROW,2GROWAT // 2Sungrow,1,132.0,0.000262136769589453,
AUXSOLAR,AUXSOLAR,20,131.97,0.0002620771930509099,
EES8K M1,1595 - EES8K-M1,18,131.84,0.00026181902805055666,
RENOVIGI APSYSTEMS,RENOVIGI / APSYSTEMS,9,131.42,0.00026098495651095385,
DASS,DASS,32,131.27,0.0002606870738182386,
ZNSHINESOLAR,ZNSHINESOLAR,9,131.09,0.0002603296145869803,
INVERSOR SOLAR MONOFASICO,INVERSOR SOLAR MONOFÁSICO,23,130.83,0.0002598132845862738,
SIW300H,SIW300H,34,130.76,0.0002596742726630066,
R5 4K S2,R5 4K S2,33,130.29,0.0002587409068924987,
JETION,JETION,18,130.25,0.00025866147150777465,
LIVOLTK,LIVOLTK,18,130.23,0.00025862175381541255,
GOODWE HOYMILES,GOODWE | HOYMILES,14,130.22,0.00025860189496923155,
SANTERMO,SANTERMO,20,130.21,0.00025858203612305055,
SG2K S,SG2K-S,61,130.0,0.00025816500035324915,
SOLPLANET E SAJ,SOLPLANET E SAJ,2,130.0,0.00025816500035324915,
SOFAR WEG WEG,Sofar / WEG / WEG,1,130.0,0.00025816500035324915,
HOYMIES,HOYMIES,13,129.91,0.00025798627073761996,
SERIES,SERIES,6,129.87,0.00025790683535289587,
JKM400M 72H V,JKM400M-72H-V,15,129.7,0.0002575692349678185,
REFOSUL,REFOSUL,13,129.66,0.00025748979958309447,
SMA SOLAR SMA SOLAR,"SMA SOLAR, SMA SOLAR",3,129.55,0.0002572713522751033,
HANDYTECH,Handytech,16,129.47,0.0002571124815056551,
CSI 5K S22002 ED,CSI-5K-S22002-ED,25,129.44,0.00025705290496711206,
GW5000D NS,GW5000D-NS,28,129.4,0.000256973469582388,
335P6K 36,335P6K-36,5,129.35,0.0002568741753514829,
HPEWIND,HPEWIND,27,129.07,0.00025631812765841434,
1 GOODWE E 27 APSYSTEMS,1 GOODWE E 27 APSYSTEMS,1,129.0,0.0002561791157351472,
10 5KTLM G3,1055 - 10.5KTLM-G3,6,128.94,0.00025605996265806106,
FRONIUS HUAWEI,"Fronius, Huawei",4,128.63,0.0002554443384264495,
BRASSUNNY,BRASSUNNY,7,128.29,0.00025476913765629485,
USINA FOTOVOLTAICA SOL,Usina Fotovoltaica – SOL,7,128.0,0.0002541932311170453,
HOYMILIS,HOYMILIS,29,127.92,0.0002540343603475971,
SOLAR INVERTER,SOLAR INVERTER,5,127.74,0.0002536769011163388,
25000TL G2,25000TL-G2,6,127.5,0.0002532002888079943,
SHENZEN SOFARSOLAR,SHENZEN SOFARSOLAR,7,127.5,0.0002532002888079943,
CANADIN SOLAR,CANADIN SOLAR,26,127.42,0.0002530414180385462,
MID 15KTL3 XL,1348 - MID 15KTL3-XL,9,127.4,0.00025300170034618413,
KSTAR GROWATT,kstar growatt,5,127.25,0.00025270381765346887,
WEG HOYMILES,WEG / HOYMILES,12,127.16,0.0002525250880378397,
NASEN,nasen,16,127.16,0.0002525250880378397,
CS3W 445MS,CS3W-445MS,11,127.14,0.0002524853703454777,
SIW300H M050,186 - SIW300H M050,22,127.0,0.00025220734649894337,
ODERCO,ODERCO,31,126.93,0.00025206833457567623,
FRONIUS WEG HUAWEI,FRONIUS / WEG/HUAWEI,5,126.89,0.0002519888991909522,
SUNNY CORE 1,SUNNY CORE 1,2,126.47999999999999,0.0002511746864975304,
BISTAR TP7F72M 550,BISTAR-TP7F72M-550,5,126.3,0.00025081722726627207,
3300TL G3,3300TL-G3,41,126.11,0.0002504399091888327,
BEL 3K G,BEL-3K-G	,41,126.1,0.00025042005034265166,
HUAWEI SUN2000 36KTL WEG SIW500H ST036 E HUAWEI,HUAWEI / SUN2000-36KTL (WEG SIW500H ST036) e HUAWEI /,2,126.0,0.0002502214618808415,
DEYE E FRONIUS,DEYE E FRONIUS,7,125.89,0.00025000301457285025,
ENOVIGI,ENOVIGI,16,125.35,0.0002489306368790752,
1XSOLAR EDGE,1XSOLAR EDGE,4,125.19999999999999,0.00024863275418635994,
1XHUWAEI SUN2000 20KTL MO,1XHUWAEI//SUN2000-20KTL-MO,6,125.0,0.00024823557726273953,
HUAWEI WEG HUAWEI WEG,HUAWEI (WEG)//HUAWEI (WEG),2,125.0,0.00024823557726273953,
SIW400G T025 WO,922 - SIW400G T025 WO,3,125.0,0.00024823557726273953,
SMASUNNY,SMASUNNY,2,125.0,0.00024823557726273953,
KEHUA TECH SOLIS,KEHUA TECH | SOLIS,1,125.0,0.00024823557726273953,
SIW100 M010 W00,1920 - SIW100 M010 W00,22,125.0,0.00024823557726273953,
SOLARPLANET,SOLARPLANET,9,124.53999999999999,0.0002473220703384127,
RENOVAGI,RENOVAGI,20,124.37,0.00024698446995333537,
RONMA,Ronma,19,124.28,0.0002468057403377062,
LIVOLTEK GROWATT,LIVOLTEK / GROWATT,9,124.17,0.00024658729302971496,
SOFAR SOLAR SUNGROW,SOFAR SOLAR / SUNGROW,3,123.8,0.00024585251572101723,
HCP78X9 400W,HCP78X9-400W,12,123.8,0.00024585251572101723,
REFUONE 5K 2T,refuone 5k-2t,21,123.45,0.0002451574561046816,
FAR SOLAR,FAR SOLAR,17,123.37,0.0002449985853352334,
LP182 182 M 78 MH 590W,LP182*182-M-78-MH-590W,7,123.3,0.0002448595734119663,
F1 SOLIS F2 RENOVIGI,f1: solis -f2: renovigi,1,123.0,0.0002442638080265357,
CANADIAAN SOALAR,CANADIAAN SOALAR,1,123.0,0.0002442638080265357,
AE505HM6L 66,AE505HM6L-66,3,123.0,0.0002442638080265357,
BELENUS LTDA,Belenus ltda,10,122.77,0.00024380705456437227,
FOXESS WEG,FoxESS | WEG,6,122.6,0.00024346945417929493,
GROWATT E SUNGROW,GROWATT e SUNGROW,5,122.5,0.00024327086571748475,
MAXX ENERGIA SOLAR,Maxx Energia solar,9,122.3,0.00024287368879386437,
DEYE E HOYMILES,DEYE E HOYMILES,14,122.16,0.00024259566494733013,
WEG ABB,WEG / ABB,5,122.0,0.0002422779234084338,
INVERSOR ELSYS MICRO INVERSOR,Inversor: ELSYS; Micro Inversor:,21,121.78,0.00024184102879245138,
INVERSOR SOLAR TRIFASICO,Inversor solar trifásico,5,121.62,0.0002415232872535551,
YL335P 35B,YL335P-35b,11,121.46000000000001,0.00024120554571465877,
INVERSOR WDC SOLAR MICRO INVERSOR,Inversor: WDC SOLAR; Micro Inversor:,19,121.44,0.00024116582802229675,
ELENERGY,ELENERGY,13,121.3,0.00024088780417576245,
GROWATT FOXESS,GROWATT / FOXESS,7,121.18,0.00024064949802159025,
SOLAREDGETECHNOLOGIE,SOLAREDGETECHNOLOGIE,2,121.0,0.0002402920387903319,
THECPOWER,THECPOWER,17,120.48,0.00023925937878891893,
GE INVERSORES,GE INVERSORES,12,120.18,0.0002386636134034883,
PRIMO 6 0 1,primo 6.0.1,19,120.17999999999999,0.0002386636134034883,
ABB HUAWEI,ABB / HUAWEI,4,120.15,0.00023860403686494527,
CPS SCA 60KTL T EU,CPS SCA 60KTL-T/EU,1,120.0,0.00023830615417222995,
C6 60K T9 LV 40,1800 - C6-60K-T9-LV-40,2,120.0,0.00023830615417222995,
60K MT,60K-MT,2,120.0,0.00023830615417222995,
RENOVIGI B B POWER SOLIS SOLIS 40K 5G,RENOVIGI/B&B Power/SOLIS - SOLIS 40K-5G,3,120.0,0.00023830615417222995,
1X SUNGROW 1X WEG,1x SUNGROW + 1x WEG,1,120.0,0.00023830615417222995,
HUAWEI TECH WEG,HUAWEI TECH ( WEG),1,120.0,0.00023830615417222995,
SHINEFA SOLAR,SHINEFA SOLAR,1,120.0,0.00023830615417222995,
KSG 60K,KSG-60K,2,120.0,0.00023830615417222995,
HUAWEI WEG SUN2000 30KTL M3 SIW500H ST030 M3,HUAWEI/WEG - SUN2000-30KTL-M3/SIW500H ST030-M3,4,120.0,0.00023830615417222995,
CSI 60KTL GI H,470 - CSI-60KTL-GI-H,1,120.0,0.00023830615417222995,
JAP72S01,jap72s01,2,120.0,0.00023830615417222995,
SG3K D,SG3K-D,40,120.0,0.00023830615417222995,
INVERSOR SOLAR MONOFASICO RENO,inversor solar monofasico reno,2,120.0,0.00023830615417222995,
SIW500H ST60,SIW500H-ST60,2,120.0,0.00023830615417222995,
1XSUNGROW SG60KTL,1XSUNGROW//SG60KTL,2,120.0,0.00023830615417222995,
MAC60KTL3 X LV MAC60KTL3 X LV,MAC60KTL3-X LV | MAC60KTL3-X LV,1,120.0,0.00023830615417222995,
RPI,RPI,2,120.0,0.00023830615417222995,
SIW500H ST030,SIW500H-ST030,3,119.67,0.00023765081224825631,
UL 440M 144,UL-440M-144,10,119.5,0.000237313211863179,
RENOVIGI B B POWER SOLIS SOLIS 3P20K 4G,RENOVIGI/B&B Power/SOLIS - Solis-3P20K-4G,6,119.32,0.00023695575263192066,
6KTLM G2,101 - 6KTLM-G2,21,119.26,0.00023683659955483455,
ASW25K UT G3,ASW25K-UT-G3,4,118.94,0.00023620111647704194,
STS 8KTL,1082 - STS-8KTL,15,118.84,0.00023600252801523174,
SUNGRAW,SUNGRAW,11,118.8,0.00023592309263050767,
TRIAL,TRIAL,14,118.7,0.0002357245041686975,
WUAWEI,WUAWEI,20,118.56,0.0002354464803221632,
LP210 210 M 66 MH,LP210*210-M-66-MH,2,118.5,0.0002353273272450771,
WEGHUAWEI,WEGHUAWEI,7,118.32,0.00023496986801381875,
WEG SIW200 M085 GOODWE GW 8500 MS,WEG SIW200 M085 (GOODWE GW 8500-MS),14,118.0,0.00023433438493602617,
MID,MID,8,117.78999999999999,0.00023391734916622473,
MI 1500,MI-1500,27,117.7,0.00023373861955059555,
SUN 25K G02,SUN-25K-G02,4,117.34,0.00023302370108807888,
CANADIA SOLAR,Canadia Solar,17,117.31,0.0002329641245495358,
FROUNIUS,FROUNIUS,16,117.25999999999999,0.0002328648303186307,
RSM144 7 445M,RSM144-7-445M,8,117.18,0.00023270595954918256,
UNO,UNO,26,117.01,0.00023236835916410524,
HOUMILES,HOUMILES,22,116.97,0.00023228892377938118,
1XGROWATT MAC 60KTL3 X LV,1XGROWATT//MAC 60KTL3-X-LV,2,116.95,0.00023224920608701916,
AUX SOL,AUX SOL,20,116.61,0.00023157400531686448,
15KTLX G3 LV,1398 - 15KTLX-G3-LV,8,116.58,0.0002315144287783214,
TSUM,TSUM,23,116.48,0.00023131584031651123,
SAJ GOODWE,SAJ / GOODWE,9,116.35,0.00023105767531615798,
SOLIS INTELBRAS,SOLIS / INTELBRAS,6,116.34,0.00023103781646997693,
DEYE 1 UNID GROWATT,DEYE- 1 Unid: GROWATT,1,116.0,0.0002303626156998223,
INVERSOR B B POWER,Inversor B&B Power,3,115.75999999999999,0.0002298860033914778,
CS6W 545MS,CS6W-545MS,4,115.73,0.00022982642685293478,
SA,SA,17,115.63,0.00022962783839112455,
GOODWE APSYSTEMS,GoodWe/Apsystems,5,115.5,0.00022936967339077136,
INGECON 100TL,INGECON 100TL,1,115.5,0.00022936967339077136,
MIN7000TL X E,742 - MIN7000TL-X(E),16,115.5,0.00022936967339077136,
RENOVIGI SOLIS B B POWER,RENOVIGI/SOLIS/B&B POWER,2,115.2,0.00022877390800534077,
SAJ E GROWATT,SAJ e GROWATT,4,115.2,0.00022877390800534077,
SG3K S,SG3K-S,29,115.08,0.00022853560185116855,
SOLIS KSTAR,SOLIS / KSTAR,4,115.0,0.00022837673108172036,
STRING WEG HUAWEI,String - WEG - Huawei,6,115.0,0.00022837673108172036,
RENAC E 150 HOPEWIND,98 - RENAC e 150 - HOPEWIND,1,115.0,0.00022837673108172036,
AP,AP,9,114.9,0.00022817814261991018,
7 5KTLM,7.5KTLM,15,114.81,0.00022799941300428103,
MICRO INVERSOR,MICRO INVERSOR |,18,114.51,0.00022740364761885046,
ODEX SOLAR,ODEX SOLAR,29,114.51,0.00022740364761885046,
INVERSOR THINKPOWER MICRO INVERSOR,Inversor: THINKPOWER; Micro Inversor:,52,114.4,0.00022718520031085924,
AP SYSTEMS AP SYSTEMS,AP Systems AP Systems,6,114.36,0.00022710576492613517,
GOOWDE,GOOWDE,9,114.17,0.00022672844684869578,
INVERSOR STRING SIW500,Inversor String SIW500,3,114.0,0.00022639084646361847,
BEL ENERGY BEL 5K G,BEL ENERGY BEL-5K-G,24,113.5,0.00022539790415456752,
OYMILES,OYMILES,9,113.4,0.00022519931569275735,
BS 3K G,582 - BS-3K-G,34,112.76,0.0002239283495371721,
CSI 9K S2203A E,1228 - CSI-9K-S2203A-E,11,112.72999999999999,0.00022386877299862903,
CPS SCA5KTL SM EU,1044 - CPS SCA5KTL-SM/EU,23,112.69,0.00022378933761390497,
SOLAR EDGE APSYSTEM,SOLAR EDGE / APSYSTEM,3,112.60000000000001,0.00022361060799827579,
SUNGROW ABB FRONIUS,SUNGROW / ABB /FRONIUS,1,112.6,0.00022361060799827579,
APP SYSTEMS,APP SYSTEMS,15,112.58,0.00022357089030591377,
DHM72X10 550W,DHM72X10-550W,5,112.5,0.00022341201953646558,
530 MLK 36,530 MLK-36,1,112.5,0.00022341201953646558,
EMSZ 335P DG,EMSZ-335P DG,27,112.34,0.0002230942779975693,
ABB 1 EXISTENTE SUNGROW 2 AMPLIACAO,ABB (1-EXISTENTE) / SUNGROW (2-AMPLIAÇÃO),1,112.05,0.00022251837145831972,
HUAWEI SUN2000 40KTL M3 40 0KW 01 WEG SIW500H ST020 20 0KW 03 WEG SIW500H ST012 12 0KW 01,"HUAWEI SUN2000 40KTL-M3/40,0KW/01 WEG SIW500H ST020/20,0KW/03 WEG SIW500H ST012/12,0KW/01",1,112.0,0.00022241907722741463,
MWM 6 12G,MWM 6.12G -,1,112.0,0.00022241907722741463,
DEYE SOFAR SOFAR,DEYE / SOFAR / SOFAR,2,111.63,0.0002216842999187169,
YOUON,YOUON,4,111.39,0.00022120768761037246,
GEOWATT,GEOWATT,17,111.3,0.00022102895799474328,
SUNUNO PLUS,Sununo Plus,20,111.15,0.000220731075302028,
LIVOLTEK SOLPLANET,"LIVOLTEK, SOLPLANET",12,111.03999999999999,0.00022051262799403678,
RSM156,RSM156-,4,111.0,0.00022043319260931272,
LUX POWER,LUX POWER ,16,110.9,0.00022023460414750254,
EGT 15000 MAX,EGT 15000 MAX,9,110.6,0.00021963883876207195,
N PLUS,N-PLUS,9,110.57000000000001,0.0002195792622235289,
SIW200G M060 W0,SIW200G M060 W0,19,110.52,0.00021947996799262382,
SOLPLANET E HOYMILES,SOLPLANET E HOYMILES,6,110.23,0.00021890406145337425,
SOFAR SOLAR GROWATT,SOFAR SOLAR / GROWATT,10,110.1,0.000218645896453021,
HOPEWIND E 98 RENAC,150 - HOPEWIND e 98 - RENAC,1,110.0,0.00021844730799121083,
HUAWEI FRONIUS,HUAWEI FRONIUS,3,110.0,0.00021844730799121083,
CHSM72M HC 545W,CHSM72M-HC 545W,1,110.0,0.00021844730799121083,
JKM530 72HL4 TV,JKM530-72HL4-TV,1,110.0,0.00021844730799121083,
LP182 182 M 60 MH 460W,LP182*182-M-60-MH 460W,2,110.0,0.00021844730799121083,
INVERSORES TRIFASICOS SUNTRIO PLUS KYOSERVICE,Inversores Trifásicos Suntrio Plus - Kyoservice,1,110.0,0.00021844730799121083,
SIW500H ST030 M3 20 SIW500H ST040,18 - SIW500H - ST030-M3;20 - SIW500H - ST040,1,110.0,0.00021844730799121083,
INVERSOR JINKO MICROINVERSOR,Inversor: JINKO; Microinversor:,1,110.0,0.00021844730799121083,
MID 20KTL3 X 872 MAC 30KTL3 XL,440 - MID 20KTL3-X;872 - MAC 30KTL3-XL,1,110.0,0.00021844730799121083,
HUAWEI SUN2000 60KTL MO WEG SIW500H ST060 SUN2000 20KTL WEG SIW500H ST022,HUAWEI / SUN2000 60KTL-MO (WEG SIW500H ST060) + SUN2000-20KTL (WEG SIW500H ST022),1,110.0,0.00021844730799121083,
ABB E SOFAR,ABB E SOFAR,1,110.0,0.00021844730799121083,
MAX 50KTL3 XL2 796 MAC 30KTL3 XL,1238 - MAX 50KTL3-XL2;796 - MAC 30KTL3-XL.,1,110.0,0.00021844730799121083,
S5 GC15K LV 952 S5 GC20K LV,909 - S5-GC15K-LV;952 - S5-GC20K-LV,2,110.0,0.00021844730799121083,
INOVACARE TECNOLOGIA,INOVACARE TECNOLOGIA,15,109.94,0.0002183281549141247,
SAJ SHENZEN SOFAR,SAJ SHENZEN SOFAR,3,109.8,0.00021805013106759044,
CS6W 550MS,CS6W-550MS,10,109.7,0.0002178515426057802,
D E Y E,D E Y E,24,109.59,0.000217633095297789,
INVERSOR GRAWATT MICRO INVERSOR,Inversor: GRAWATT; Micro Inversor:,24,109.57,0.00021759337760542696,
ELGYN,ELGYN,3,109.44,0.00021733521260507372,
SUN 7 5K G02P1 EU AM2,"SUN-7,5K-G02P1-EU-AM2",14,109.41,0.00021727563606653065,
INVERSOR SUNWAYS MICRO INVERSOR,Inversor: SUNWAYS; Micro Inversor:,9,109.25,0.00021695789452763438,
SOFAR WEG,"SOFAR, WEG",8,109.12,0.00021669972952728113,
FRONIUS FOXESS,FRONIUS + FOXESS,2,109.0,0.00021646142337310888,
2X HUAWEI 1X WEG,2x Huawei 1x WEG,3,109.0,0.00021646142337310888,
RENOVIGI SOFAR SOLAR,RENOVIGI + SOFAR SOLAR,2,109.0,0.00021646142337310888,
SUNGRON,SUNGRON,7,109.0,0.00021646142337310888,
BEDIM SOLAR,BEDIM SOLAR,17,108.98,0.00021642170568074684,
SUN 25K G02 LV,933 - SUN-25K-G02-LV,5,108.8,0.0002160642464494885,
CANADIAM,CANADIAM,9,108.5,0.00021546848106405794,
GW3300 XS 30,GW3300-XS-30,34,108.5,0.00021546848106405794,
EES10K M1,1605 - EES10K-M1,11,108.4,0.00021526989260224776,
SG15KTL M 449 SG40CX 171 SG20KTL M 448 SG33CX,172 - SG15KTL-M;449 - SG40CX;171 - SG20KTL-M;448 - SG33CX,1,108.0,0.000214475538755007,
SIW200G M090 W0,SIW200G M090 W0,6,108.0,0.000214475538755007,
672,672,1,108.0,0.000214475538755007,
HUAWEI SUN2000 36KTL WEG SIW500H ST040 2X SUN2000 36KTL,HUAWEI / SUN2000-36KTL (WEG SIW500H ST040) + 2x SUN2000-36KTL,1,108.0,0.000214475538755007,
1X HUAWEI SUN2000 60KTL MO WEG SIW500H ST060 1X HUAWEI SUN2000 36KTL WEG SIW500H ST036 1,1x HUAWEI / SUN2000-60KTL-MO (WEG SIW500H ST060) + 1x HUAWEI / SUN2000-36KTL (WEG SIW500H ST036) + 1,1,108.0,0.000214475538755007,
CANIDIAN SOLAR,Canidian Solar,3,108.0,0.000214475538755007,
MID 36KTL3 X,942 - MID 36KTL3-X,3,108.0,0.000214475538755007,
JAM72S30 540 MR,JAM72S30-540/MR,9,107.78,0.00021403864413902456,
SOLAR SOLAR,SOLAR SOLAR,23,107.53,0.00021354217298449906,
HOYMILES HUAWEI,"HOYMILES, HUAWEI",8,107.52,0.00021352231413831807,
ASW7300 S,ASW7300-S,14,107.32,0.00021312513721469768,
SUN 2000G,SUN-2000G,20,107.23,0.0002129464075990685,
9KTLM G3,1086 - 9KTLM-G3,12,107.19,0.00021286697221434444,
INTEL,INTEL,17,107.18,0.00021284711336816344,
SOLIS SOLAR SIW SOLAR INVERTER WEG,SOLIS SOLAR / SIW - SOLAR INVERTER WEG,1,107.0,0.00021248965413690505,
7XHOYMILES,7XHOYMILES,4,106.5,0.00021149671182785408,
GOODWE WEG HUAWEI,GOODWE + WEG/HUAWEI,3,106.5,0.00021149671182785408,
RENOVIGI E WEG,RENOVIGI E WEG,1,106.48,0.00021145699413549206,
RSM144 6 340P,RSM144-6-340P,11,106.36,0.00021121868798131986,
KRIPT SOLAR,Kript Solar,31,106.22,0.00021094066413478556,
BEL 8K G,BEL-8K-G,15,106.06,0.00021062292259588924,
CS6U 330P,CS6U-330P,9,105.97,0.00021044419298026006,
FRONIUNS,Froniuns,6,105.78,0.00021006687490282073,
SOLPLANTE,SOLPLANTE,14,105.08,0.00020867675567014937,
SIW400G T015 W0,1234 - SIW400G - T015 - W0,7,105.0,0.00020851788490070124,
ITELBRAS,Itelbras,16,104.86,0.00020823986105416694,
B B POWER CO LTD,B&B POWER CO LTD,9,104.84,0.00020820014336180492,
INVERSOR SOLAR FOTOVOLTAICO,INVERSOR SOLAR FOTOVOLTAICO,15,104.61,0.00020774338989964147,
1P7K 4G,1P7K 4G,16,104.6,0.00020772353105346047,
JKM450M 60HL4 V,JKM450M-60HL4-V,10,104.6,0.00020772353105346047,
RSM144,RSM144,9,104.47,0.00020746536605310723,
SOLIS KEHUA,SOLIS+KEHUA,2,104.36,0.000207246918745116,
GROWATT GROWATT DEYE,"growatt, growatt, Deye",2,104.2,0.00020692917720621968,
G8000,G8000,12,104.16,0.0002068497418214956,
TEC POWER,Tec Power,24,104.03999999999999,0.00020661143566732336,
HUAWEIWEG,HUAWEIWEG,4,104.0,0.0002065320002825993,
AUX SOLAR,AUX SOLAR	,4,104.0,0.0002065320002825993,
TSM PE15H 350W,TSM-PE15H- 350W,5,104.0,0.0002065320002825993,
RENOVIGI HUAWEI,"RENOVIGI, HUAWEI",7,104.0,0.0002065320002825993,
WE SOLAR,WE SOLAR,6,103.98,0.00020649228259023725,
SOLAR PLANET,SOLAR PLANET,7,103.61,0.00020575750528153955,
OFAR SOLAR,OFAR SOLAR,12,103.42,0.00020538018720410022,
ABB WEG HUAWEI,ABB / WEG (HUAWEI),3,103.3,0.00020514188104992797,
INTELBRS,INTELBRS,5,103.2,0.0002049432925881178,
HYXPOWER,HYXPOWER,16,103.2,0.0002049432925881178,
SOLAR INVERTER DATASHEET,Solar Inverter Datasheet,3,103.05,0.00020464540989540247,
GESOLAR,GESOLAR,5,103.0,0.0002045461156644974,
HUAUWEI,HUAUWEI,5,103.0,0.0002045461156644974,
PHB3000N XS,PHB3000N-XS,25,102.99,0.00020452625681831636,
HIXIPOWER,HIXIPOWER,15,102.9,0.00020434752720268723,
DURALUXE,Duraluxe,42,102.88,0.00020430780951032515,
SOLAREDE,SOLAREDE,3,102.8,0.000204148938740877,
GOODYE,GOODYE,5,102.68,0.0002039106325867048,
BENDISOLAR,BENDISOLAR,6,102.67,0.00020389077374052375,
INOVACARE TECNOLOGIA EM ENERGIAS,INOVACARE TECNOLOGIA EM ENERGIAS,18,102.6,0.0002037517618172566,
NORTHERN ELECTRIC,Northern Electric,13,102.6,0.0002037517618172566,
BEL ENERGY BEL ENERGY,BEL ENERGY/BEL ENERGY,5,102.56,0.00020367232643253255,
HOIMYLES,HOIMYLES,18,102.22,0.00020299712566237786,
SUN2000G3 US220,SUN2000G3-US220,20,102.12,0.0002027985372005677,
30000TL G2,30000TL-G2,4,102.05,0.00020265952527730055,
HUAWEI 2X SUN2000 36KTL WEG,HUAWEI / 2x SUN2000-36KTL (WEG) +,1,102.0,0.0002025602310463955,
HUAWEI SUN2000 36KTL WEG SIW500H ST040,HUAWEI / SUN2000-36KTL (WEG SIW500H ST040) +,1,102.0,0.0002025602310463955,
HUAWEI SUN2000 36KTL WEG SIW500H ST036 HUAWEI SUN2000 33KTL A,HUAWEI / SUN2000-36KTL (WEG SIW500H ST036) + HUAWEI / SUN2000-33KTL-A,1,102.0,0.0002025602310463955,
ABB E SUNGROW,ABB E SUNGROW,2,102.0,0.0002025602310463955,
PHB6000D WS,PHB6000D-WS,15,102.0,0.0002025602310463955,
PSYSTEMS,PSYSTEMS,18,102.0,0.0002025602310463955,
SOLAR NPLUS,solar nplus,15,101.92999999999999,0.0002024212191231283,
RENO 4K PLUS,Reno 4k Plus,23,101.92,0.0002024013602769473,
DASS TECH,Dass Tech,20,101.8,0.0002021630541227751,
EGT 20000 MAX 220V,EGT 20000 MAX 220V,8,101.7,0.0002019644656609649,
1XHUWAEI SUN2000 15KTL MO,1XHUWAEI SUN2000-15KTL-MO,3,101.66,0.00020188503027624083,
HUAWEI SUN2000 WEG SIW500H 20KTL ST022,HUAWEI / SUN2000 (WEG SIW500H): 20KTL(ST022),1,101.63,0.00020182545373769774,
DHA,DHA,11,101.63,0.00020182545373769774,
SANTERNO SUNWAY,SANTERNO SUNWAY,12,101.53,0.00020162686527588759,
GOODWIE,GOODWIE,4,101.45,0.00020146799450643943,
ASTROSEMI,AstroSemi,2,101.4,0.00020136870027553434,
NEO 2250M X2,NEO 2250M-X2,10,101.36,0.00020128926489081024,
HUAWEI HOYMILES,"HUAWEI, HOYMILES",11,101.28,0.00020113039412136209,
FEFUSOL,FEFUSOL,8,101.2,0.00020097152335191393,
ERASOLAR,ERASOLAR,8,101.11,0.00020079279373628477,
RENOVIGI SOLPLANET,RENOVIGI / SOLPLANET,7,101.0,0.00020057434642829354,
HIXYPOWER,HIXYPOWER,18,101.0,0.00020057434642829354,
KEHUATECH KEHUATECH,"KEHUATECH, KEHUATECH",2,101.0,0.00020057434642829354,
ODA555 36V MH,ODA555-36V-MH,5,100.97999999999999,0.00020053462873593152,
PHB8500 MS,PHB8500-MS,12,100.96,0.00020049491104356948,
NEPE,NEPE,18,100.96,0.00020049491104356948,
PHB6000D NS,PHB6000D-NS,8,100.68,0.00019993886335050096,
2XSOLAREDGE,2XSOLAREDGE,2,100.5,0.0001995814041192426,
SOLS,SOLS,15,100.41,0.00019940267450361342,
RENAC KOMECO,RENAC/KOMECO,21,100.34,0.00019926366258034628,
APSYSTEMS SOLIS,APSYSTEMS / SOLIS,9,100.24,0.0001990650741185361,
GROWAT GROWAT,GROWAT / GROWAT,3,100.22,0.00019902535642617408,
SIEMENS,Siemens ,7,100.19,0.000198965779887631,
DOMAIN,Domain,1,100.0,0.00019858846181019165,
R5 20K T2,794 - R5-20K-T2,2,100.0,0.00019858846181019165,
BBBB,bbbb,5,100.0,0.00019858846181019165,
INVERSOR SOLAR FOTOVOLTAICO ON GRID SMA,Inversor Solar Fotovoltaico On Grid Sma,1,100.0,0.00019858846181019165,
ASW50K LT G3,ASW50K-LT-G3,2,100.0,0.00019858846181019165,
FOXESS SUNGROW,FOXESS-SUNGROW,1,100.0,0.00019858846181019165,
INJETEAM,injeteam,1,100.0,0.00019858846181019165,
SIW500H ST50,SIW500H-ST50,2,100.0,0.00019858846181019165,
WEG SIW500H ST060 HUAWEI SUN2000 60KTL M0 WEG SIW500H ST040,WEG / SIW500H ST060 (HUAWEI / SUN2000-60KTL-M0) + WEG SIW500H ST040,1,100.0,0.00019858846181019165,
ZCS AZZURRO,ZCS Azzurro,1,100.0,0.00019858846181019165,
FRONIUS ECO WEG,FRONIUS ECO / WEG,1,100.0,0.00019858846181019165,
TSM DE20,TSM-DE20,1,100.0,0.00019858846181019165,
STS 10KTL,1116 - STS-10KTL,9,100.0,0.00019858846181019165,
ASW5000 S G2 1341 ASW10000 S,1338 - ASW5000-S-G2;1341 - ASW10000-S,6,100.0,0.00019858846181019165,
GROWATT E 15 SAJ,11 - GROWATT e 15 - SAJ,2,100.0,0.00019858846181019165,
KIGDOM SOLAR,KIGDOM SOLAR,1,100.0,0.00019858846181019165,
1XSOFAR 50000TL,1XSOFAR//50000TL,2,100.0,0.00019858846181019165,
SUNGROW SOLPLANET,SUNGROW / SOLPLANET,1,100.0,0.00019858846181019165,
SUNNY HIGHPOWER AS SOLAR ES,SUNNY HIGHPOWER / AS Solar ES,1,100.0,0.00019858846181019165,
ECO 100 3 D,1049 - ECO 100-3-D,1,100.0,0.00019858846181019165,
HUAWEI SOLPLANET,"HUAWEI, SOLPLANET",3,100.0,0.00019858846181019165,
MID25KTL3 X,MID25KTL3-X,3,100.0,0.00019858846181019165,
S6 GC50K LV,2034 - S6-GC50K-LV,2,100.0,0.00019858846181019165,
GAMESA ENERTRON,GAMESA ENERTRON,1,100.0,0.00019858846181019165,
20KTX G3 LV,1344 - 20KTX-G3-LV,5,100.0,0.00019858846181019165,
MAX100KTL3 X LV,MAX100KTL3-X LV,1,100.0,0.00019858846181019165,
EGT 50000 MAX,EGT 50000 MAX,2,100.0,0.00019858846181019165,
GUANGZHOU SANJING ELECTRIC SA,GUANGZHOU SANJING ELECTRIC (SA,2,100.0,0.00019858846181019165,
CSI SERIES GRID TIED PV INVERTER,CSI SERIES GRID-TIED PV Inverter,1,100.0,0.00019858846181019165,
A P S Y S T E M S,A P s y s t e m s,22,99.97,0.00019852888527164858,
SU,?SU????,13,99.78,0.00019815156719420922,
SYMO 15 0 3 M,44 - SYMO 15.0-3-M,7,99.72,0.00019803241411712308,
ENPAHSE,Enpahse,10,99.65,0.00019789340219385598,
ECOSOLY,ECOSOLY,20,99.62,0.0001978338256553129,
RENO 10K,RENO -10K,10,99.53,0.00019765509603968372,
APSYTEM,Apsytem,21,99.25,0.0001970990483466152,
APSYSYTEMS,APsysytems,12,99.22,0.00019703947180807214,
ABB SOFAR,ABB / SOFAR,4,99.15,0.00019690045988480503,
DEYE FOXESS,DEYE / FOXESS,5,99.1,0.00019680116565389991,
R6 25K T2 32,1223 - R6-25K-T2-32,4,99.08,0.0001967614479615379,
PRO 33 0 TL OUTD SX 400,PRO-33.0-TL-OUTD-SX-400,1,99.0,0.0001966025771920897,
ASP 33KTLC,ASP-33KTLC,1,99.0,0.0001966025771920897,
RENACRENAC,RENACRENAC,12,99.0,0.0001966025771920897,
KASP80,kasp80,1,99.0,0.0001966025771920897,
KENUA TECH,KENUA TECH,3,99.0,0.0001966025771920897,
GW SOLAR,GW SOLAR,2,99.0,0.0001966025771920897,
AOTAI,AOTAI,2,99.0,0.0001966025771920897,
1P10K 4G,1P10K-4G,7,99.0,0.0001966025771920897,
25000TL3 S,25000TL3-S,4,98.95,0.00019650328296118465,
BELEENERGY,BELEENERGY,16,98.85,0.00019630469449937441,
HYX M2000 SW,1966 - HYX-M2000-SW,13,98.84,0.00019628483565319342,
KSG DM,KSG-DM,7,98.78,0.00019616568257610728,
SMASOLAR,SMASolar,2,98.6,0.00019580822334484894,
KEUA,KEUA,12,98.55,0.00019570892911394385,
SOFRAR,SOFRAR,3,98.44,0.00019549048180595265,
880TL M345 DCA INDOOR,880TL M345 DCA Indoor,17,98.32,0.0001952521756517804,
INVERSOR GOODWEE MICRO INVERSOR,Inversor: GOODWEE; Micro Inversor:,9,98.28,0.00019517274026705633,
STT 100 KTL,1195 - STT-100-KTL,1,98.28,0.00019517274026705633,
SG3 0RS L,SG3.0RS-L,32,98.2,0.0001950138694976082,
SOLIS 13 ABB LTDA 5 FRONIUS DO BRASIL COMERCIO INDUSTRIA E SERVICO LTDA,"29 - SOLIS; 13 - ABB LTDA; 5 - FRONIUS DO BRASIL COMÉRCIO, INDUSTRIA E SERVIÇO LTDA.",1,98.2,0.0001950138694976082,
GROATT,GROATT,14,98.09,0.00019479542218961697,
ELSYS EQUIPAMENTOS ELETRONICOS LTDA,307 - ELSYS EQUIPAMENTOS ELETRÔNICOS LTDA,18,98.00999999999999,0.00019463655142016881,
SUNGROW SOLAX FOXESS,SUNGROW / SOLAX / FOXESS,1,98.0,0.00019461669257398782,
NOE2000M X,1937 - NOE2000M-X,16,98.0,0.00019461669257398782,
MI 1200,MI-1200,24,97.98,0.00019457697488162577,
BELENERGY BEL 12K G,BELENERGY | BEL-12K-G,9,97.81,0.00019423937449654846,
NANSE,NANSE,4,97.59,0.00019380247988056603,
GE ELETRIC,GE eletric,6,97.54,0.00019370318564966094,
2XINTELBRAS,2XINTELBRAS,2,97.53,0.00019368332680347994,
GROWATT 129 SOLPLANET,GROWATT / 129 - SOLPLANET,6,97.5,0.00019362375026493685,
DHM,DHM,5,97.37,0.0001933655852645836,
SUN2000L,SUN2000L,17,97.36,0.00019334572641840258,
CHINT CANADIAN SOLAR,CHINT /  CANADIAN SOLAR	,2,97.0,0.0001926308079558859,
APSYSTEM DS3D 220,APSYSTEM DS3D-220,9,96.95,0.0001925315137249808,
3 3KTL2 G3,1725 - 3.3KTL2-G3,29,96.85,0.00019233292526317058,
MID 25KTL3 X,521 - MID 25KTL3-X,4,96.8,0.00019223363103226552,
ASN,ASN,12,96.71000000000001,0.00019205490141663634,
RENOVIGI FRONIUS,RENOVIGI/FRONIUS,5,96.7,0.0001920350425704553,
WEG HUAWEI INTELBRAS,WEG/HUAWEI + INTELBRAS,2,96.62,0.00019187617180100715,
LEAPTON PANTHER,Leapton Panther,13,96.5,0.0001916378656468349,
B B SOLAR,B&B Solar,19,96.42,0.00019147899487738677,
APSYSTEMNS,APSYSTEMNS,5,96.4,0.00019143927718502475,
SUNTREE,SUNTREE,4,96.38,0.0001913995594926627,
SUNGROW INTELBRAS,SUNGROW / INTELBRAS,4,96.2,0.00019104210026140434,
GROEATT,GROEATT,18,96.11,0.00019086337064577519,
WEG E DEYE,WEG E DEYE,6,96.1,0.00019084351179959414,
IONS 8K M7,IONS-8K M7,10,96.0,0.00019064492333778398,
HUAWEI SUN2000 60KTL MO WEG SIW500H ST060 HUAWEI SUN2000 36KTL A WEG SIW500H ST040,HUAWEI // SUN2000-60KTL-MO (WEG SIW500H ST060) + HUAWEI // SUN2000-36KTL-A (WEG SIW500H ST040),1,96.0,0.00019064492333778398,
SG36KTL M SG60KTL,SG36KTL-M/SG60KTL,1,96.0,0.00019064492333778398,
2X HUAWEI WEG,2x Huawei/WEG,1,96.0,0.00019064492333778398,
SOLINS,SOLINS,15,95.97,0.00019058534679924091,
R6 8K S3,1770 - R6-8K-S3,10,95.84,0.00019032718179888767,
HYX,HYX,19,95.7,0.0001900491579523534,
BEL ENERGY SOLAR,BEL ENERGY SOLAR	,8,95.7,0.0001900491579523534,
HUAWEI SAJ,"HUAWEI, SAJ",6,95.33,0.0001893143806436557,
R1 3K3 SS,R1-3K3-SS,31,95.3,0.00018925480410511263,
EAST SERRANA,EAST\SERRANA,16,95.17,0.00018899663910475938,
ECOSOLAR ENERGIA,Ecosolar Energia,12,95.03999999999999,0.0001887384741044061,
JINKO SOLAR 440 W MONOCRISTALINO,JINKO SOLAR 440 W MONOCRISTALINO,8,95.0,0.00018865903871968207,
CANADINAN SOLAR,CANADINAN SOLAR,2,95.0,0.00018865903871968207,
REFUSOL CHINT,REFUSOL / CHINT,1,95.0,0.00018865903871968207,
SIW500H ST020 M2,SIW500H ST020-M2,2,95.0,0.00018865903871968207,
OUYAD,OUYAD,1,95.0,0.00018865903871968207,
GROWHATT,Growhatt,7,94.9,0.00018846045025787186,
KOPP KUARA,KOPP Kuara,8,94.89,0.00018844059141169084,
NINGBO,NINGBO,13,94.81,0.00018828172064224268,
SOLIS APSYSTEMS,SOLIS+APSYSTEMS,4,94.6,0.0001878646848724413,
SOLPLANET FRONIUS,SOLPLANET|FRONIUS,5,94.4,0.00018746750794882092,
DELTA ENERGY,delta energy,2,94.3,0.0001872689194870107,
HUWAIE,HUWAIE,10,94.2,0.00018707033102520053,
SOFAR SOLAR FRONIUS,SOFAR SOLAR / Fronius,3,94.2,0.00018707033102520053,
HPS 10500T,HPS-10500T,7,94.08,0.0001868320248710283,
INVERSOR SOLAR SMA,INVERSOR SOLAR SMA,7,94.0,0.00018667315410158015,
SMA SOLAR TECHNO,SMA SOLAR TECHNO,5,94.0,0.00018667315410158015,
INTISOL SMP 600,INTISOL - SMP-600,185,93.8,0.00018627597717795977,
HYPONTECHHYPONTECH,HYPONTECHHYPONTECH,10,93.23,0.00018514402294564169,
GROWATT LIVOLTEK,GROWATT / LIVOLTEK,8,93.1,0.0001848858579452884,
B BPOWER MOSO,B&BPOWER MOSO,2,93.1,0.0001848858579452884,
WEG HUAWEI WEG GOODWE,WEG (HUAWEI) / WEG (GOODWE),3,93.05,0.0001847865637143833,
GW8500 MS,931 - GW8500-MS,11,93.05,0.0001847865637143833,
KSG SM SERIES,KSG-SM SERIES,8,93.0,0.00018468726948347823,
GOODWE INTELBRAS,GOODWE / INTELBRAS,2,93.0,0.00018468726948347823,
AE460HM6L 60,AE460HM6L-60,6,93.0,0.00018468726948347823,
1 HUAWEI 2 WEG,1 HUAWEI 2 WEG,2,93.0,0.00018468726948347823,
HANERSUN TECHNOLOGY CO LTD,"Hanersun Technology Co., Ltd.",15,92.92,0.00018452839871403007,
SUN 7 5K G,SUN-7.5K-G,13,92.9,0.00018448868102166805,
ABB E GROWATT,ABB e Growatt,4,92.9,0.00018448868102166805,
SIW200G M050 WO,SIW200G M050 WO,17,92.82,0.00018432981025221987,
FRONIUS GROWATT SUNGROW,FRONIUS GROWATT SUNGROW,2,92.8,0.00018429009255985782,
SOLPLANET ABB,"SOLPLANET, ABB",3,92.52,0.0001837340448667893,
LONG,LONG,3,92.5,0.00018369432717442726,
WEG SAJ FRONIUS,WEG / SAJ / FRONIUS,1,92.0,0.00018270138486537631,
STRING BOX,STRING BOX,4,92.0,0.00018270138486537631,
KAHUA,Kahua,6,92.0,0.00018270138486537631,
INGETEAN ENEGY,INGETEAN ENEGY,9,91.97,0.00018264180832683325,
DOODWE,DOODWE,3,91.91,0.00018252265524974713,
MICRODEYE,MICRODEYE,15,91.85,0.00018240350217266102,
WEG SOFAR,WEG/ SOFAR,6,91.8,0.0001823042079417559,
WEG HUAWEI TECHNO CO LTD,WEG Huawei Techno Co Ltd,7,91.63,0.0001819666075566786,
LIVOL TEK,LIVOL TEK,12,91.48,0.00018166872486396332,
10KTLM G3,1754 - 10KTLM-G3,10,91.47,0.0001816488660177823,
PRIMO 3 0 1,1 - PRIMO 3.0-1,19,91.34,0.00018139070101742905,
PRIMO 4 0 1,27 - PRIMO 4.0-1,23,91.33,0.000181370842171248,
SOLAREDGER,SolarEdger,4,91.17,0.0001810531006323517,
INVERSOR SOLPANET,INVERSOR SOLPANET,7,91.12,0.00018095380640144662,
BDM,BDM,15,91.08,0.00018087437101672253,
INTELBRAS GROWATT SOLPLANET,"INTELBRAS, GROWATT, SOLPLANET",1,91.06,0.0001808346533243605,
SOIS,SOIS,17,91.05,0.0001808147944781795,
HUWAWEI,HUWAWEI,5,91.0,0.0001807155002472744,
SUNGROWW,SUNGROWw,3,91.0,0.0001807155002472744,
LEVEROS LEVEROS,LEVEROS/LEVEROS,3,91.0,0.0001807155002472744,
GINLONG TECNOLOGIES,GINLONG TECNOLOGIES,5,90.96000000000001,0.00018063606486255033,
AXSOL,AXSOL,9,90.96000000000001,0.00018063606486255033,
LIVOLTEK SOLIS,LIVOLTEK / SOLIS,9,90.8,0.00018031832332365401,
INTELBRAS WEG,"INTELBRAS, WEG",4,90.8,0.00018031832332365401,
SOLAREDDGE,SOLAREDDGE,2,90.72,0.00018015945255420586,
HOYMILLE,HOYMILLE,16,90.64,0.00018000058178475772,
BEL ENRGY,BEL ENRGY,7,90.53,0.0001797821344767665,
REFUELEKTRONIK,REFUElektronik,3,90.25,0.00017922608678369795,
AESOLAR,AESOLAR,25,90.14,0.00017900763947570675,
RSM144 6 405M,RSM144-6-405M,2,90.0,0.00017872961562917248,
RENOVIGI B B POWER SOLIS SOLIS 50K,RENOVIGI/B&B Power/SOLIS - Solis-50K,2,90.0,0.00017872961562917248,
MID 30KTL3 X,MID 30KTL3-X,3,90.0,0.00017872961562917248,
GW30KLS MT,1545 - GW30KLS-MT,3,90.0,0.00017872961562917248,
3XECOSOLYS,3XECOSOLYS,3,90.0,0.00017872961562917248,
CPS SCA30KTL T1 EU,CPS SCA30KTL-T1/EU,3,90.0,0.00017872961562917248,
SOLIS E RENOVIGI,SOLIS E RENOVIGI,3,90.0,0.00017872961562917248,
Q SOLAR,Q SOLAR,2,90.0,0.00017872961562917248,
JIANGSU FOODWE,JIANGSU FOODWE,1,90.0,0.00017872961562917248,
JT400SGH,JT400SGh,5,90.0,0.00017872961562917248,
RNOVIGI,RNOVIGI,4,90.0,0.00017872961562917248,
135 16,135.16,1,90.0,0.00017872961562917248,
SUN30K G,SUN30K-G,2,90.0,0.00017872961562917248,
CPS SCA6KTL SM1 EU,CPS SCA6KTL-SM1/EU,14,89.85,0.00017843173293645719,
BELENERGY BEL 60K G,BELENERGY BEL-60K-G,2,89.7,0.00017813385024374192,
SHENZHEN INVT SOLAR,ShenZhen - INVT Solar,6,89.58000000000001,0.0001778955440895697,
APSYSTEMS GROWATT,APSYSTEMS / GROWATT,9,89.31,0.00017735935524268215,
LIVOLTEK E SOFAR,LIVOLTEK E SOFAR,4,89.3,0.00017733949639650115,
SOLISDEYE,SOLISDEYE,4,89.2,0.00017714090793469095,
HOPERWIND,HOPERWIND,6,89.1,0.00017694231947288074,
INVERSOR DANFOSS SOLAR INVERTERS USA MICRO INVERSOR,Inversor: Danfoss Solar Inverters USA; Micro Inversor:,8,89.09,0.00017692246062669974,
NGROW,NGROW,4,89.02,0.00017678344870343258,
GE GE,GE GE,2,89.0,0.00017674373101107056,
SOLIS TSUNESS,SOLIS TSUNESS,5,88.91,0.00017656500139544138,
HAUWEY,HAUWEY,4,88.8,0.00017634655408745018,
SOLAREGE,SOLAREGE,4,88.7,0.00017614796562564,
FRONIUS DEYE SUN,FRONIUS/DEYE SUN,3,88.7,0.00017614796562564,
SAJ E DEYE,SAJ E DEYE,4,88.64,0.00017602881254855386,
AS 6P 330W,AS-6P-330W,16,88.55,0.00017585008293292468,
REONOVIGI,Reonovigi,4,88.42,0.00017559191793257143,
SNGROW,SNGROW,9,88.36,0.00017547276485548535,
BEL2000G3 US 220,BEL2000G3-US-220,18,88.28,0.0001753138940860372,
SENGI SOLAR,SENGI SOLAR,2,88.2,0.00017515502331658906,
INTELBRAS E SOLIS,Intelbras e Solis,2,88.00999999999999,0.00017477770523914964,
PHB8800D WS,1708 - PHB8800D-WS,9,88.0,0.00017475784639296865,
HOYMILESS,HOYMILESS,22,87.96000000000001,0.00017467841100824458,
OMINIK NEW ENERGY,OMINIK NEW ENERGY,12,87.9,0.00017455925793115847,
RENOVIGI RENOVIGI SOLIS,RENOVIGI / RENOVIGI / SOLIS,4,87.61,0.0001739833513919089,
HUAWEI SUN2000 33KTL A WEG SIW500H ST030,HUAWEI / SUN2000-33KTL-A (WEG SIW500H ST030),3,87.6,0.00017396349254572785,
EXIOM,EXIOM,13,87.5,0.00017376490408391767,
HOPEMIND,HOPEMIND,3,87.37,0.00017350673908356443,
RENOGOVI,RENOGOVI,3,87.36,0.00017348688023738343,
RENOMICRO,RENOMICRO,11,87.18,0.0001731294210061251,
SUNGROW GOODWE GOODWE,SUNGROW | GOODWE | GOODWE,1,87.0,0.00017277196177486673,
INLTEBRAS,INLTEBRAS,17,86.63,0.000172037184466169,
WEH,WEH,9,86.6,0.00017197760792762596,
MICRO INVERSOR ELGIN2000,MICRO INVERSOR ELGIN2000,13,86.56,0.0001718981725429019,
TW SOLAR,TW Solar,15,86.53999999999999,0.00017185845485053982,
ECORI ENERGIA,ecori energia,3,86.48,0.00017173930177345374,
WEG E SUNGROW,WEG e SUNGROW,2,86.3,0.00017138184254219537,
QN SOLAR,QN SOLAR,13,86.23,0.00017124283061892826,
INVERSOR MONO,INVERSOR MONO,4,86.0,0.0001707860771567648,
JIANGSU GOODWE HUAWEI,JIANGSU GOODWE / HUAWEI,1,86.0,0.0001707860771567648,
XPOWER,XPOWER,11,85.96000000000001,0.00017070664177204074,
GROWATT E SAJ,GROWATT e SAJ,6,85.94,0.0001706669240796787,
HINPOTECH,HINPOTECH,13,85.94,0.0001706669240796787,
SAJ APSYSTEMS,SAJ  APSYSTEMS,5,85.9,0.00017058748869495463,
PAINEL SOLAR JINKO,PAINEL SOLAR JINKO,3,85.8,0.00017038890023314443,
SOLISS,SOLISS,12,85.78,0.00017034918254078238,
1P8K 4G,321 - 1P8K-4G,8,85.7,0.00017019031177133425,
GROWVATT,GROWVATT,9,85.25999999999999,0.0001693165225393694,
INVERSOR HAWUEI MICRO INVERSOR,Inversor: HAWUEI; Micro Inversor:,13,85.22,0.00016923708715464532,
WEG INTELBRAS,WEG|INTELBRAS,10,85.22,0.00016923708715464532,
GW5KBD NS,GW5KBD-NS,18,85.14,0.00016907821638519716,
INVT SOLAR TECHNOLOG,INVT SOLAR TECHNOLOG,2,85.0,0.0001688001925386629,
WEG S A HUAWEI,WEG S.A. / HUAWEI,4,85.0,0.0001688001925386629,
SMA BRASIL TECNOLOGI,SMA BRASIL TECNOLOGI,3,85.0,0.0001688001925386629,
CIASOLAR BRASSUNNY ENERGIA SOLAR,CiaSolar / Brassunny Energia Solar,1,85.0,0.0001688001925386629,
EACH ENERGY TEC,Each Energy Tec,2,85.0,0.0001688001925386629,
SOLIS ABB,SOLIS |ABB,5,84.7,0.00016820442715323233,
CANANDIA SOLAR,canandia solar,3,84.7,0.00016820442715323233,
SUNNY BOY SMA,SUNNY BOY SMA,6,84.6,0.00016800583869142213,
CSI SINGLE PHASE STRING INVERTER,csi single phase string inverter,8,84.5,0.00016780725022961195,
RENOVI,RENOVI,11,84.36,0.00016752922638307768,
HOYMILES WEG,"HOYMILES, WEG",10,84.28,0.00016737035561362952,
CPS SCA5 PSM1 EU,1887 - CPS SCA5-PSM1/EU,17,84.2,0.00016721148484418136,
GEE,GEE,7,84.1,0.00016701289638237115,
SIW 500H ST040,SIW 500H-ST040,3,84.0,0.00016681430792056098,
R1 10K5,1842 - R1-10K5,8,84.0,0.00016681430792056098,
UNO DM,UNO-DM-,15,83.94,0.00016669515484347486,
HOYMILES APSYSTEMS,Hoymiles / Apsystems,14,83.74,0.00016629797791985448,
RS3 455MB E3 455,RS3-455MB-E3 455,4,83.1,0.00016502701176426924,
GRID TIE,GRID TIE,13,83.08,0.00016498729407190722,
JKM470M 7RL3 V,JKM470M-7RL3-V,2,83.0,0.00016482842330245906,
CANADIAN E REFUSOL,CANADIAN E REFUSOL,1,83.0,0.00016482842330245906,
JKM460M 60HL4 V 460W,JKM460M-60HL4-V 460W,2,83.0,0.00016482842330245906,
KU POLY CS3U 360,KU POLY CS3U-360,1,83.0,0.00016482842330245906,
SOLPLA,SOLPLA,7,83.0,0.00016482842330245906,
DEYE E SAJ,DEYE e SAJ,3,83.0,0.00016482842330245906,
HUAWEI TECHNOLOGIES WEG SA,"HUAWEI TECHNOLOGIES, WEG SA",2,83.0,0.00016482842330245906,
SOLARES,SOLARES,2,82.91,0.0001646496936868299,
INVERSO SOLAR,INVERSO SOLAR,6,82.86,0.0001645503994559248,
UL 440M 144HV,UL-440M-144HV,7,82.84,0.00016451068176356277,
ENERGY INFINITY,Energy Infinity,4,82.8,0.00016443124637883868,
BELENERGY MODELO,BELENERGY; Modelo,7,82.6,0.0001640340694552183,
CSI 7K S22002 ED,715 - CSI-7K-S22002-ED,13,82.59,0.00016401421060903727,
SUN 6K G05 P1 EU AM2,2016 - SUN-6K-G05 P1-EU-AM2,14,82.56,0.00016395463407049423,
RENO 75 NG,RENO-75-NG,2,82.5,0.00016383548099340809,
JAH,JAH,3,82.45,0.000163736186762503,
RENAC TSUN,RENAC TSUN,5,82.44,0.000163716327916322,
REFSOL,REFSOL,8,82.28,0.00016339858637742568,
RENOVIGI SUNGROW,"RENOVIGI, SUNGROW",8,82.26,0.00016335886868506366,
JFY TECH,JFY Tech,4,82.12,0.00016308084483852937,
BESINSOLAR,BESINSOLAR,10,82.00999999999999,0.00016286239753053814,
FRONIUS HUAWEI WEG,Fronius + HUAWEI/WEG,2,82.0,0.00016284253868435714,
INTELBRAS SOLIS,INTELBRAS + SOLIS,3,82.0,0.00016284253868435714,
HUAWEI APSYSTEMS,HUAWEI / APSYSTEMS,2,82.0,0.00016284253868435714,
HUAWEI 2X SUN2000 33KTL A WEG SIW500H ST030,HUAWEI / 2x SUN2000-33KTL-A (WEG SIW500H ST030) +,1,82.0,0.00016284253868435714,
SOLAR WITH HUAWEI STRING WEG,Solar with Huawei / String - WEG,2,82.0,0.00016284253868435714,
ENERGYONE,EnergyOne,6,82.0,0.00016284253868435714,
INVERSOR SOFARSOLAR MICRO INVERSOR,Inversor: SOFARSOLAR; Micro Inversor:,9,81.9,0.00016264395022254696,
APPSYSTEMS,APPSYSTEMS,25,81.75,0.00016234606752983167,
ECO POWER,ECO POWER,3,81.64,0.00016212762022184047,
APSYSTERM,APSYSTERM,7,81.5,0.0001618495963753062,
HI HIPONTECH,HI-HIPONTECH,8,81.46,0.0001617701609905821,
CHINTPOWER CPS SCA60KTL T,CHINTPOWER CPS-SCA60KTL-T,2,81.43,0.0001617105844520391,
APSUSTEMS,APSUSTEMS,15,81.35,0.0001615517136825909,
SUN 10K G02,675 - SUN-10K-G02,9,81.2,0.0001612538309898756,
CPS SCA6KTL SM EU,625 - CPS SCA6KTL-SM/EU,13,81.06,0.00016097580714334136,
INTELBRAS GOODWE,INTELBRAS|GOODWE,3,81.0,0.00016085665406625522,
REFUSUL,REFUSUL,11,80.87,0.00016059848906590198,
GOODWE RENOVIGI,GOODWE RENOVIGI,5,80.8,0.00016045947714263484,
EGT 6000 PRO,EGT 6000 PRO,13,80.75,0.00016036018291172975,
SUNGRONW,SUNGRONW,3,80.6,0.00016006230021901446,
SOLAREDEGE,SOLAREDEGE,3,80.58,0.0001600225825266524,
BEL 4K G,BEL-4K-G,21,80.53,0.00015992328829574732,
GENERAL ELECTRI,GENERAL ELECTRI,3,80.4,0.00015966512329539407,
INVERSOR SOLPLANT MICRO INVERSOR,Inversor: SOLPLANT; Micro Inversor:,5,80.27,0.00015940695829504083,
APYSISTEMS,APYSISTEMS,9,80.25999999999999,0.0001593870994488598,
SUN 7 5K G05P1 EU AM2,1911 - SUN-7.5K-G05P1-EU-AM2,11,80.25,0.0001593672406026788,
HELIUS SOLAR,Helius Solar,13,80.22,0.00015930766406413574,
TS560S8B,TS560S8B,10,80.17,0.00015920836983323065,
VERTIS,VERTIS,15,80.02,0.00015891048714051533,
HUAWEI SUN2000 20KTL M0 WEG SIW500H ST020,HUAWEI / SUN2000-20KTL-M0 (WEG SIW500H ST020),4,80.0,0.0001588707694481533,
RM 570W 182M 144T,RM-570W-182M/144T,2,80.0,0.0001588707694481533,
BEDINSOLAR 1 GROWAT,1-BEDINSOLAR-1-GROWAT,1,80.0,0.0001588707694481533,
GROWATT FRONIUS SOLIS,GROWATT + FRONIUS + SOLIS,1,80.0,0.0001588707694481533,
CLINT POWER,Clint Power,2,80.0,0.0001588707694481533,
BALFAR SOLAR KSG TM SERIES,Balfar Solar KSG-TM SERIES,1,80.0,0.0001588707694481533,
HUAWEI SUN2000 20KTL WEG SIW500H ST022,HUAWEI / SUN2000-20KTL (WEG SIW500H ST022) +,1,80.0,0.0001588707694481533,
GUAGZHOU SANJING ELECTRIC CO LTD,Guagzhou Sanjing Electric Co. Ltd.,3,80.0,0.0001588707694481533,
HAUWEI SOLAR,HAUWEI SOLAR,3,80.0,0.0001588707694481533,
SYMO 40,SYMO 40,1,80.0,0.0001588707694481533,
20000TL3 S,20000TL3-S,4,80.0,0.0001588707694481533,
RENOVIGI B B POWER SOLIS RENO 60K E 3X RENO 5K PLUS,RENOVIGI / B&B Power / SOLIS / RENO 60K e 3x RENO-5K PLUS,2,80.0,0.0001588707694481533,
MID 20KTL3 X,MID 20KTL3-X,3,80.0,0.0001588707694481533,
SUN2000 10KTL M0,1999 - SUN2000-10KTL-M0,8,80.0,0.0001588707694481533,
2XSUNGROW 2XSG20KTL M,2XSUNGROW//2XSG20KTL-M,2,80.0,0.0001588707694481533,
SAJV,SAJV,2,80.0,0.0001588707694481533,
GW20KLV MT,560 - GW20KLV-MT,2,80.0,0.0001588707694481533,
INVT BG40KTR,INVT BG40KTR,1,80.0,0.0001588707694481533,
APSYSTEM DS3D,APSYSTEM DS3D /,4,80.0,0.0001588707694481533,
CANADIAM SOLAR,CANADIAM SOLAR,3,79.95,0.00015877147521724822,
CS3U 365P,CS3U-365P,6,79.86,0.00015859274560161904,
MID 20KTL3 X2,2022 - MID 20KTL3-X2,4,79.52,0.00015791754483146438,
CS3W 425P,CS3W-425P,2,79.5,0.00015787782713910236,
JKM400M 72 JKM400M 72 JKM400M 72,JKM400M-72 | JKM400M-72 | JKM400M-72,2,79.3,0.00015748065021548198,
SOLARMAXXTECH,SOLARMAXXTECH,16,79.28,0.00015744093252311993,
RENESOLA LTDA,RENESOLA LTDA.,5,79.25,0.0001573813559845769,
AFORE AFORE,AFORE; AFORE,6,79.2,0.0001572820617536718,
4KTLM G3,4KTLM-G3,18,79.1,0.00015708347329186157,
HERSHEY,HERSHEY,2,79.0,0.0001568848848300514,
FRO,FRO,6,79.0,0.0001568848848300514,
GROWATTHOYMILES,GROWATTHoymiles,2,79.0,0.0001568848848300514,
BEL ENERGY BEL 4K G,BEL ENERGY BEL-4K-G,20,78.79,0.00015646784906025,
AMERICAN SOLAR,AMERICAN SOLAR,2,78.6,0.00015609053098281062,
INVERSOR GUANGZHOU SANJING X000D,Inversor: Guangzhou Sanjing_x000D_,3,78.52,0.00015593166021336246,
SOLLARIS,Sollaris,2,78.5,0.00015589194252100044,
GUANGZHOUSANJINGSAJ,GuangzhouSanjingSAJ,4,78.3,0.00015549476559738003,
JAM78S10 445 MR,JAM78S10-445/MR,5,78.12,0.00015513730636612172,
CS6W HIKU 545W,1808 - CS6W HIKU 545W,1,78.0,0.00015489900021194947,
R EFUSOL,R EFUSOL,2,78.0,0.00015489900021194947,
HUAWAY,HUAWAY,8,78.0,0.00015489900021194947,
HUAWEI WEG WEG,HUAWEI - WEG - WEG,2,78.0,0.00015489900021194947,
INIMEX,INIMEX,2,78.0,0.00015489900021194947,
KEHUA GROWATT,KEHUA / GROWATT,2,78.0,0.00015489900021194947,
B E LENERGY,B E LENERGY,11,77.92,0.0001547401294425013,
12KTL X,12KTL-X,8,77.91,0.00015472027059632032,
1XFRONIUS INTERNATIONAL,1XFRONIUS INTERNATIONAL,4,77.9,0.00015470041175013932,
RENO 20K,RENO-20K,4,77.78,0.00015446210559596707,
BEDINS SOLAR,BEDINS SOLAR,6,77.74,0.00015438267021124298,
CHSM72M HC,CHSM72M-HC,3,77.7,0.0001543032348265189,
SMA SB3 0 1AV 40,SMA SB3.0-1AV-40,16,77.7,0.0001543032348265189,
ABB GROWATT BELENERGY,ABB / GROWATT / BELENERGY,1,77.69,0.0001542833759803379,
INTELBRASS,INTELBRASS,12,77.57,0.00015404506982616566,
REMAC,REMAC,12,77.27,0.00015344930444073507,
RENVIGI,RENVIGI,8,77.24000000000001,0.00015338972790219203,
BALFARSOLAR,BALFARSOLAR,2,77.24,0.000153389727902192,
BELENERGY BEL 25K G,BELENERGY - BEL-25K-G,4,77.2,0.00015331029251746794,
HENGDIAN GROUP DMEGC MAGNETICS CO LTD,"Hengdian Group DMEGC Magnetics Co.,Ltd",9,77.06,0.0001530322686709337,
CRESCER,crescer,4,77.03999999999999,0.00015299255097857162,
8,8,38,77.0,0.00015291311559384755,
ENSOLAR 1000,ENSOLAR 1000,12,77.0,0.00015291311559384755,
EGT 3215X,EGT 3215X,2,77.0,0.00015291311559384755,
SAJA,SAJA,12,76.92,0.00015275424482439942,
SOLIS E SUNGROW,SOLIS E SUNGROW,5,76.91,0.00015273438597821837,
NHS SISTEMAS,NHS SISTEMAS,10,76.81,0.00015253579751640822,
CANADION,CANADION,5,76.72,0.00015235706790077904,
36 00,"36,00",3,76.56,0.00015203932636188272,
SMA SB,SMA / SB,5,76.5,0.0001519201732847966,
SUNGROWFRONIUS,SUNGROWFRONIUS,2,76.5,0.0001519201732847966,
DHN SU1K5T G0,1707 - DHN-SU1K5T-G0,12,76.5,0.0001519201732847966,
SUNGRO W,SUNGRO W,4,76.4,0.0001517215848229864,
1XHUWAEI SUN2000 33KTL A,1XHUWAEI SUN2000-33KTL-A,3,76.4,0.0001517215848229864,
B B POWER E RENOVOGI,b&b power e renovogi,2,76.36,0.00015164214943826234,
INTEGEAM,Integeam,2,76.32,0.00015156271405353825,
DAS,DAS,13,76.25,0.00015142370213027114,
SUNGROW 25 KW E SOLPLANET 15 E 36 KW,Sungrow (25 kW ) e Solplanet (15 e 36 kW),1,76.0,0.00015092723097574564,
HELIUS SUNLINK PV,HELIUS SUNLINK PV,7,75.96000000000001,0.0001508477955910216,
MARSROCK,Marsrock,20,75.95,0.00015082793674484055,
INVERSO TRIFASICO,INVERSO TRIFASICO,2,75.9,0.00015072864251393546,
PH SOLAR,PH SOLAR,4,75.8,0.00015053005405212525,
SOLPLANET INTELBRAS,"SOLPLANET, INTELBRAS",4,75.77000000000001,0.0001504704775135822,
SG15KTL M,SG15KTL-M,6,75.55,0.00015003358289759978,
WEF,WEF,12,75.51,0.00014995414751287572,
ILUMISOL,ILUMISOL,15,75.37,0.00014967612366634144,
BELENERGY PLUS BELENERGY PLUS,BELENERGY PLUS / BELENERGY PLUS,4,75.32,0.00014957682943543633,
I N T ELBRAS,I N T ELBRAS,14,75.29,0.0001495172528968933,
SUNGRUW,SUNGRUW,5,75.26,0.00014945767635835024,
GOKIN SOLAR,GOKIN SOLAR,14,75.23,0.00014939809981980717,
SUN2000G3,SUN2000G3,3,75.2,0.00014933852328126413,
EMAPLUX,EMAPLUX,12,75.12,0.00014917965251181597,
TOPCON,Topcon,9,75.12,0.00014917965251181597,
CS3W 415P,CS3W-415P,8,75.07,0.00014908035828091086,
SOLAR GROWAT,SOLAR GROWAT,7,75.03999999999999,0.00014902078174236779,
SUN 75K G03,SUN-75K-G03,1,75.0,0.00014894134635764375,
TRIPOWER,TRIPOWER,1,75.0,0.00014894134635764375,
GROWATT NEW ENERGY SOFAR SOLAR,GROWATT NEW ENERGY /SOFAR SOLAR,2,75.0,0.00014894134635764375,
PHB25K DT,PHB25K-DT,2,75.0,0.00014894134635764375,
FRONIUS BRASIL RENOVIGI B B POWER,FRONIUS BRASIL / RENOVIGI B&B POWER,1,75.0,0.00014894134635764375,
RENO 75K NG,RENO-75K-NG,1,75.0,0.00014894134635764375,
CSP17,CSP17,1,75.0,0.00014894134635764375,
CANADIAN SOLAR HOPEWIND,CANADIAN SOLAR/HOPEWIND,1,75.0,0.00014894134635764375,
SOLIG GINLONG,SOLIG GINLONG,1,75.0,0.00014894134635764375,
CANADIAN SOLIS GROWATT,CANADIAN/SOLIS/GROWATT,1,75.0,0.00014894134635764375,
SOFAR SOLAR DEYE SOLIS,SOFAR SOLAR + DEYE + SOLIS,1,75.0,0.00014894134635764375,
PHB5000D WS,PHB5000D-WS,15,75.0,0.00014894134635764375,
GROWATT NEW ENERGY SOFAR SOLIS,GROWATT NEW ENERGY / SOFAR / SOLIS,1,75.0,0.00014894134635764375,
ASN 15TL LV,2005 - ASN-15TL-LV,3,75.0,0.00014894134635764375,
SAJ E 129 SOLPLANET,15 - SAJ E 129 - SOLPLANET,1,75.0,0.00014894134635764375,
EGT 75000 MAX,EGT 75000 MAX,1,75.0,0.00014894134635764375,
R6 15K T2 32 LV 517 MAC 60KTL3 X LV,1202 - R6-15K-T2-32-LV;517 - MAC 60KTL3-X LV,1,75.0,0.00014894134635764375,
MAX75KTL3 LV 75KW,MAX75KTL3-LV 75KW,1,75.0,0.00014894134635764375,
MAX75KTL3 XL2,MAX75KTL3-XL2,1,75.0,0.00014894134635764375,
WEG HUAWEI SIW 500H ST015 SUN2000 15KTL WEG HUAWEI SIW 500H ST060 SUN2000 60KTL,WEG/HUAWEI//SIW 500H - ST015 / SUN2000 15KTL + WEG/HUAWEI//SIW 500H - ST060 / SUN2000 60KTL,1,75.0,0.00014894134635764375,
S5 GC60K 1706 S5 GR3P15K,1641 - S5-GC60K;1706 - S5-GR3P15K,1,75.0,0.00014894134635764375,
S5 GC375K LV,S5-GC375K-LV,1,75.0,0.00014894134635764375,
1XRENOVIGI RENO 75 NG,1XRENOVIGI//RENO-75-NG,1,75.0,0.00014894134635764375,
ASW75K UT G3,ASW75K-UT-G3,1,75.0,0.00014894134635764375,
2XSOFAR 1XSOFAR 50000TL 1XSOFAR25000TL G2,2XSOFAR//1XSOFAR 50000TL//1XSOFAR25000TL-G2,1,75.0,0.00014894134635764375,
HYNPONTE,HYNPONTE,1,75.0,0.00014894134635764375,
GROWATT MID 25KTL3 X SOLIS S5 GC25K,GROWATT|MID 25KTL3-X \ SOLIS|S5-GC25K,1,75.0,0.00014894134635764375,
STP 25000,STP 25000,1,75.0,0.00014894134635764375,
SER,SER,1,75.0,0.00014894134635764375,
JKM535M 72HL4,JKM535M-72HL4,1,75.0,0.00014894134635764375,
15000TL3 S MAX75KTL 3 LV,15000TL3-S / MAX75KTL 3-LV,1,75.0,0.00014894134635764375,
S5 GC 25K LV 1443 S5 GC50K,971 - S5-GC-25K-LV;1443 - S5-GC50K,1,75.0,0.00014894134635764375,
SUN 75K HD,SUN-75K-HD,1,75.0,0.00014894134635764375,
SMA RENOVIGI SOFAR,SMA/ RENOVIGI/ SOFAR,1,75.0,0.00014894134635764375,
SOLAR EDGE TECHPOWER,SOLAR EDGE/TECHPOWER,1,75.0,0.00014894134635764375,
SMA E SMA,SMA E SMA,1,75.0,0.00014894134635764375,
1XPHB75K,1XPHB75K,1,75.0,0.00014894134635764375,
SUN 75 G,SUN-75-G,1,75.0,0.00014894134635764375,
MAX 50 KTL3 LV ECO 25 0 3 S,MAX 50 KTL3 LV; ECO 25-0-3-S,1,75.0,0.00014894134635764375,
SAJ SOFAR SOFAR,SAJ|SOFAR|SOFAR,1,75.0,0.00014894134635764375,
W M LAUDISIO J,W M LAUDISIO J,1,75.0,0.00014894134635764375,
1XGROWATT MID15KTL3 X MAX 60KTL3,1XGROWATT//MID15KTL3-X//MAX 60KTL3,1,75.0,0.00014894134635764375,
VERTEX TSMDE18M II 510,VERTEX TSMDE18M II 510,1,75.0,0.00014894134635764375,
ASN 25TL,2037 - ASN-25TL,1,75.0,0.00014894134635764375,
SOLAR KAHUA TECH,SOLAR KAHUA TECH,1,75.0,0.00014894134635764375,
SMA CORE1 50 0 E SMA,SMA / CORE1 50.0 e SMA,1,75.0,0.00014894134635764375,
SOLAR GRAWATT,SOLAR GRAWATT,1,75.0,0.00014894134635764375,
WEG 10 HUAWEI,11 - WEG/10 - HUAWEI,1,75.0,0.00014894134635764375,
SUNGROW E 2 FRONIUS,4 - SUNGROW e 2 - FRONIUS,1,75.0,0.00014894134635764375,
SUNGROW 43 SOLIS,4 - SUNGROW/43 - SOLIS,1,75.0,0.00014894134635764375,
JINKOSOLAR HOLDING C,JinkoSolar Holding C,1,75.0,0.00014894134635764375,
ELSYS 3X EST 20K EST 15K,ELSYS - (3X)EST-20K + EST-15K,1,75.0,0.00014894134635764375,
IRMAOS NEGRINI S A,IRMÃOS NEGRINI S/A,1,75.0,0.00014894134635764375,
HUAWEI HUAWEI WEG,HUAWEI HUAWEI WEG,1,75.0,0.00014894134635764375,
HUAWEI E RENOVIGI,HUAWEI E RENOVIGI,1,75.0,0.00014894134635764375,
EGT 75000 MAX G2,1032 - EGT-75000-MAX-G2,1,75.0,0.00014894134635764375,
R6 25K T2 32 1036 R6 50K T4 32,1223 - R6-25K-T2-32;1036 - R6-50K-T4-32,1,75.0,0.00014894134635764375,
HUAWEI INTELBRAS DEYE,"Huawei, Intelbras, Deye",1,75.0,0.00014894134635764375,
3XGOODWE,3XGOODWE,1,75.0,0.00014894134635764375,
INVERSOR SMA SOLAR MICRO INVERSOR,Inversor: SMA Solar ; Micro Inversor:,2,75.0,0.00014894134635764375,
3XFRONIUS INTERNATIONAL,3XFRONIUS INTERNATIONAL,1,75.0,0.00014894134635764375,
3XFRONIUS 3X ECO 27 0 3,3XFRONIUS//3X ECO 27.0.3,1,75.0,0.00014894134635764375,
LR5 72HPH 545,LR5-72HPH 545,1,75.0,0.00014894134635764375,
JA SOLA,JA SOLA,1,75.0,0.00014894134635764375,
GINLONG TECHONOLOGIES,GINLONG TECHONOLOGIES,1,75.0,0.00014894134635764375,
SG75CX LV,1978 - SG75CX-LV,1,75.0,0.00014894134635764375,
GINLONG TECHNOLOG IES CO LTD,"Ginlong Technolog ies Co., Ltd.",1,75.0,0.00014894134635764375,
QINLONG TECHNOLOGIES,Qinlong Technologies,1,75.0,0.00014894134635764375,
DGE,DGE,1,75.0,0.00014894134635764375,
BALFAR SOLAR BALFAR,Balfar Solar / Balfar,1,75.0,0.00014894134635764375,
1XSOLLIS,1XSOLLIS,1,75.0,0.00014894134635764375,
GINLOMNG,ginlomng,1,75.0,0.00014894134635764375,
SUNGROW SG40CX FRONIUS SYMO 20 0 3 M,SUNGROW SG40CX / FRONIUS SYMO 20.0-3-M,1,75.0,0.00014894134635764375,
SPI75K B,SPI75K-B,1,75.0,0.00014894134635764375,
DHN 72X16 DG I,DHN-72X16/DG I,1,75.0,0.00014894134635764375,
SOLAREDG ER,SOLARedg er,1,75.0,0.00014894134635764375,
2XHUWAEI 1XSUN2000 60KTL MO,2XHUWAEI//1XSUN2000-60KTL-MO//,1,75.0,0.00014894134635764375,
2WEG 1SUNGROW,2WEG/1SUNGROW,1,75.0,0.00014894134635764375,
HUWEAI,HUWEAI,1,75.0,0.00014894134635764375,
SMA STP75 10,SMA STP75 -10,1,75.0,0.00014894134635764375,
ENERSUL,ENERSUL,1,75.0,0.00014894134635764375,
SUNGROW SOLIS SOLIS,SUNGROW | SOLIS | SOLIS,1,75.0,0.00014894134635764375,
SUNNY HIGHPOWER PEAK1,SUNNY HIGHPOWER PEAK1,1,75.0,0.00014894134635764375,
SUNGROW RENOVIGI B B POWER SOLIS,SUNGROW + RENOVIGI/B&B Power/SOLIS,1,75.0,0.00014894134635764375,
BVK ENERGISA SOLAR,BVK energisa solar,1,75.0,0.00014894134635764375,
HUAWEI DISTRIBUIDO POR WEG,HUAWEI (DISTRIBUIDO POR WEG),1,75.0,0.00014894134635764375,
HUAWEI E FRONIUS,HUAWEI e FRONIUS,1,75.0,0.00014894134635764375,
SUNNY TRIPOWER SMA,SUNNY TRIPOWER SMA,1,75.0,0.00014894134635764375,
TSM DE18M 500W,TSM-DE18M-500W,1,75.0,0.00014894134635764375,
DEYE SUN SOFAR,DEYE SUN/ SOFAR,1,75.0,0.00014894134635764375,
KEKUATECH,KEKUATECH,1,75.0,0.00014894134635764375,
RESIN SOLAR,RESIN SOLAR,1,75.0,0.00014894134635764375,
RESEN,RESEN,2,75.0,0.00014894134635764375,
SUNGROWSG75CX P2,SUNGROWSG75CX-P2	,1,75.0,0.00014894134635764375,
SUNNY SMA,SUNNY SMA,2,75.0,0.00014894134635764375,
25K 2T,399 - 25K-2T,1,75.0,0.00014894134635764375,
25K 2T 25KW 380V,505 - 25K-2T(25KW-380V),1,75.0,0.00014894134635764375,
25K 2T 429 50K 3T,399 - 25K-2T;429 - 50K-3T,1,75.0,0.00014894134635764375,
SIW500H ST015 E SIW500H ST060,SIW500H ST015  e SIW500H ST060,1,75.0,0.00014894134635764375,
GINLONG SOLAR,GINLONG SOLAR,1,75.0,0.00014894134635764375,
GROWATT FRONIUS FRONIUS,GROWATT FRONIUS FRONIUS,1,75.0,0.00014894134635764375,
GINLONG TECHNOLOGIES GINLONG TECHNOLOGIES,GINLONG TECHNOLOGIES GINLONG TECHNOLOGIES,1,75.0,0.00014894134635764375,
106,106,1,75.0,0.00014894134635764375,
1XGINLONG,1XGINLONG,1,75.0,0.00014894134635764375,
SOFARSHENZEN,SOFARSHENZEN,1,75.0,0.00014894134635764375,
SMA SMA SOLAR,SMA | SMA Solar,1,75.0,0.00014894134635764375,
SOLAR 3XCANADIAN,SOLAR 3XCANADIAN,1,75.0,0.00014894134635764375,
HIKU6 CS3W 545MS,HIKU6 CS3W-545MS,1,75.0,0.00014894134635764375,
GROWATTMAX75KTL3LV,GrowattMAX75KTL3LV,1,75.0,0.00014894134635764375,
GROWATTMAX75KTL3 LV,GROWATTMAX75KTL3-LV,1,75.0,0.00014894134635764375,
MULTI POLICRISTALINO,MULTI/POLICRISTALINO,1,75.0,0.00014894134635764375,
SIW400G T025 W1,2023 - SIW400G T025 W1,3,75.0,0.00014894134635764375,
SMA SUNNY HIGHPOWER PEAK 1,SMA SUNNY HIGHPOWER PEAK 1,1,75.0,0.00014894134635764375,
JIANGSU GOODWE GROWATT,"Jiangsu Goodwe, GROWATT",1,75.0,0.00014894134635764375,
RENOVIGI SOLIS RENOVIGI SOLIS RENOVIGI SOLIS RENOVIGI SOLIS RENOVIGI SOLIS,RENOVIGI (Solis) RENOVIGI (Solis) RENOVIGI (Solis) RENOVIGI (Solis) RENOVIGI (Solis),1,75.0,0.00014894134635764375,
NINGBO OSDA CO LTD,NINGBO OSDA CO LTD,1,75.0,0.00014894134635764375,
25K 2T 850P025200,684 - 25K-2T 850P025200,1,75.0,0.00014894134635764375,
HUAWEI WEG SUN2000 15KTL M0,Huawei WEG//SUN2000-15KTL-M0 +,1,75.0,0.00014894134635764375,
SOLISSOFAR5KW,SOLISSOFAR5KW,1,75.0,0.00014894134635764375,
SMA TECHNOLOGIES,SMA TECHNOLOGIES,1,75.0,0.00014894134635764375,
RENOVIGI E SOFAR,RENOVIGI E SOFAR,1,75.0,0.00014894134635764375,
ERZEG,ERZEG,1,75.0,0.00014894134635764375,
ABB SOLAR SOLIS,ABB SOLAR + SOLIS,1,75.0,0.00014894134635764375,
HUAWEI WEG SUNGROW,HUAWEI/WEG + SUNGROW,1,75.0,0.00014894134635764375,
HUAWEI WEG SUN2000 60KTL M0 SIW500H ST060 SUN2000 15KTL M2 SIW500H ST015,HUAWEI/WEG - SUN2000-60KTL-M0/SIW500H ST060 + SUN2000-15KTL-M2/SIW500H ST015,1,75.0,0.00014894134635764375,
SHP 75 10 SUNNY,SHP 75-10 SUNNY,1,75.0,0.00014894134635764375,
DEYE INTELBRAS HUAWEI,Deye; Intelbras; Huawei,1,75.0,0.00014894134635764375,
SOFAR SOLAR SAJ SAJ,SOFAR SOLAR | SAJ | SAJ,1,75.0,0.00014894134635764375,
FRONIUS FRONIUS GROWATT,Fronius / FRONIUS + GROWATT,1,75.0,0.00014894134635764375,
C6 60K T9 LV 40 1202 R6 15K T2 32 LV,1800 - C6-60K-T9-LV-40;1202 - R6-15K-T2-32-LV,1,75.0,0.00014894134635764375,
CAADIAN,Caadian,1,75.0,0.00014894134635764375,
RENOVIGI B B POWER SOLIS RENO 75K NG SOLIS 75KW,RENOVIGI/B&B Power/SOLIS - RENO-75K-NG/Solis 75KW,1,75.0,0.00014894134635764375,
RENOVIGI B B POWER SOLIS RENO 75K NG SOLIS 75K 5G,RENOVIGI/B&B Power/SOLIS - RENO-75K-NG/SOLIS 75K-5G,1,75.0,0.00014894134635764375,
FONIUS BRASIL,FONIUS BRASIL,1,75.0,0.00014894134635764375,
SMA WEG HUAWEI,SMA + WEG/HUAWEI,1,75.0,0.00014894134635764375,
FOCKINK,FOCKINK,1,75.0,0.00014894134635764375,
SYMO 20 0 3 M 44 SYMO 15 0 3 M,43 - SYMO 20.0-3-M;44 - SYMO 15.0-3-M,1,75.0,0.00014894134635764375,
A CONFERIR,a conferir,1,75.0,0.00014894134635764375,
GTA202AI36 B15T,GTA202AI36 B15T,1,75.0,0.00014894134635764375,
ABB SOFAR GROWATT,ABB-SOFAR-GROWATT,1,75.0,0.00014894134635764375,
RENOVIGI CANADIAN SOLIS,"RENOVIGI, CANADIAN SOLIS",1,75.0,0.00014894134635764375,
SMA SUNNY HIGHPOWER PEAK,SMA Sunny Highpower Peak,1,75.0,0.00014894134635764375,
SMA TECONOLOGIA FERROVIARIA E SOLAR LTDA,SMA TECONOLOGIA FERROVIARIA E SOLAR LTDA,1,75.0,0.00014894134635764375,
GOODWE WEG GW75K MT SIW400 ST075,Goodwe/WEG GW75K-MT + SIW400 ST075,1,75.0,0.00014894134635764375,
SIW420G K025 W00,1670 - SIW420G K025 W00,3,75.0,0.00014894134635764375,
SIW500G ST075 W0,SIW500G ST075 W0,1,75.0,0.00014894134635764375,
SIW INVERSORES STRING NEO SOLAR,siw - inversores string - neo solar,4,75.0,0.00014894134635764375,
DEYE DEYE SOFAR,Deye Deye SOFAR,1,75.0,0.00014894134635764375,
SOLARERGE,SOLARERGE,1,75.0,0.00014894134635764375,
SIRIUS SPI25K B,SIRIUS | SPI25K-B,1,75.0,0.00014894134635764375,
SOLIS SOLIS SUNGROW POWER SUPLY,SOLIS / SOLIS / SUNGROW POWER SUPLY,1,75.0,0.00014894134635764375,
HUAWEI SUN2000 60KTL MO WEG SIW500H ST060 E E SUN2000 15KTL WEG SIW500H ST015,HUAWEI // SUN2000-60KTL-MO (WEG SIW500H ST060) e e SUN2000-15KTL (WEG SIW500H ST015),1,75.0,0.00014894134635764375,
WEGZ,WEGZ,1,75.0,0.00014894134635764375,
HUAWEI SUN2000 60KTL MO WEG SIW500H ST060 E E,HUAWEI / SUN2000-60KTL-MO (WEG SIW500H ST060) e e,1,75.0,0.00014894134635764375,
CSI 75K T400 GL02 E,CSI-75K-T400-GL02-E,1,75.0,0.00014894134635764375,
BELENERGY INVSBE TR 380 75KW S,BELENERGY - INVSBE-TR-380-75KW-S,1,75.0,0.00014894134635764375,
CSI 25K T400GL02 E,806 - CSI-25K-T400GL02-E,2,75.0,0.00014894134635764375,
GROWATT GROWATT GROWATT DEYE,GROWATT / GROWATT / GROWATT / DEYE,1,75.0,0.00014894134635764375,
WEG HUAWEI BELENERGY SOLIS,WEG-HUAWEI / BelEnergy / Solis,1,75.0,0.00014894134635764375,
SOLIS INTELBRAS DEYE,SOLIS + INTELBRAS + DEYE,1,75.0,0.00014894134635764375,
GUANGZHOU SANJ,guangzhou sanj,1,75.0,0.00014894134635764375,
1XGROWATT MAX75KTL3 LV,1XGROWATT//MAX75KTL3 LV,1,75.0,0.00014894134635764375,
FRONIUS E 17 WEG,2 - FRONIUS e 17 - WEG,1,75.0,0.00014894134635764375,
WEG HUAWEI SUN2000 15KTL M0 SIW500H ST015,WEG / HUAWEI SUN2000-15KTL-M0/SIW500H ST015,1,75.0,0.00014894134635764375,
TRINA 510,TRINA 510,1,75.0,0.00014894134635764375,
FRONIOS ECO,FRONIOS ECO,1,75.0,0.00014894134635764375,
JASOLAR JASOLAR,"JASOLAR, JASOLAR",1,75.0,0.00014894134635764375,
0 360,"0,360",1,75.0,0.00014894134635764375,
NTEL BRAS,NTEL.BRAS,1,75.0,0.00014894134635764375,
HT72 156M C,HT72-156M-C,1,75.0,0.00014894134635764375,
NS 1045608899,NS 1045608899,1,75.0,0.00014894134635764375,
HT SOLAR,HT SOLAR,1,75.0,0.00014894134635764375,
ODA 550 36 MH,ODA-550-36-MH,1,75.0,0.00014894134635764375,
GROWATT SUNGROW SUNGROW,GROWATT | SUNGROW | SUNGROW,1,75.0,0.00014894134635764375,
GROWATT SOLIS SOLIS E SOFAR,GROWATT  SOLIS  SOLIS  E SOFAR,1,75.0,0.00014894134635764375,
DEYW,DEYW,13,74.96000000000001,0.00014886191097291968,
REMOVIGI,REMOVIGI,11,74.92,0.0001487824755881956,
DEYE SUN SOLIS,DEYE SUN/ SOLIS,2,74.84,0.00014862360481874743,
RENOVIGI SOLIS RENOVIGI,RENOVIGI/SOLIS; RENOVIGI,1,74.8,0.00014854416943402334,
SOLAR EDJE,SOLAR EDJE,1,74.8,0.00014854416943402334,
DEYE 2 FRONIUS E 11 GROWATT,64 - DEYE / 2 - FRONIUS e 11 - GROWATT,1,74.8,0.00014854416943402334,
MONOCRISTALINO CHSM72M 415W HC,MONOCRISTALINO CHSM72M-415W-HC,1,74.7,0.00014834558097221316,
ENSOLAR ENERGIA,Ensolar Energia,6,74.68,0.00014830586327985114,
SIW300H M030,135 - SIW300H M030,19,74.63,0.00014820656904894602,
RENOGI,RENOGI,8,74.6,0.00014814699251040295,
LP210 210 M 66 MH 665WP,LP210*210-M-66-MH 665WP,1,74.6,0.00014814699251040295,
SUMGROW SG110CX,SUMGROW | SG110CX,1,74.52,0.0001479881217409548,
HOYMILES SOLIS E GOODWE,"HOYMILES, SOLIS E GOODWE",1,74.5,0.00014794840404859277,
FRONIUS DO BRASIL GROWATT,Fronius do Brasil / Growatt,1,74.5,0.00014794840404859277,
SUNGRW,Sungrw,6,74.48,0.00014790868635623073,
GROWATTGROWATTGROWATT,GROWATTGROWATTGROWATT,10,74.45,0.00014784910981768769,
SUN 50K G LV,645 - SUN-50K-G-LV,2,74.42,0.00014778953327914462,
SOLAR EEDGE,SOLAR EEDGE,1,74.4,0.0001477498155867826,
SOLAREDGE DEYE SOFAR,SOLAREDGE + DEYE + SOFAR,1,74.4,0.0001477498155867826,
LOGUI SOLAR,LOGUI SOLAR,1,74.4,0.0001477498155867826,
SOLLS,Solls,7,74.4,0.0001477498155867826,
RENOVGI,RENOVGI,8,74.37,0.00014769023904823955,
HYPON TECH HPT 20KL,HYPON TECH HPT-20KL,4,74.35,0.00014765052135587745,
SIW420G K075 W00 1772 SIW300 M100 W00,1761 - SIW420G K075 W00;1772 - SIW300 M100 W00,1,74.25,0.0001474519328940673,
GOODWEGW75K MT,GOODWEGW75K-MT,1,74.12,0.00014719376789371405,
EMSL 590M HC,EMSL-590M HC,3,74.1,0.00014715405020135198,
INVERSOR DEDA MICRO INVERSOR,Inversor: DEDA; Micro Inversor:,10,74.09,0.00014713419135517098,
INVERSOR STRING NEO SOLR,INVERSOR STRING-NEO SOLR,2,74.0,0.00014695546173954183,
1 SOFAR 2 DEYE,1 SOFAR / 2 Deye,1,74.0,0.00014695546173954183,
APSYSTEMS SOLPLANET,APSYSTEMS / SOLPLANET,5,74.0,0.00014695546173954183,
LF690M12 66H BF,LF690M12-66H/BF,1,74.0,0.00014695546173954183,
GCL M3 72H400,GCL-M3-72H400,2,74.0,0.00014695546173954183,
SGSG110CX,SGSG110CX,1,74.0,0.00014695546173954183,
CHNT,CHNT,7,74.0,0.00014695546173954183,
DEYE SOFAR SOLAR SOLIS,DEYE + SOFAR SOLAR + SOLIS,1,74.0,0.00014695546173954183,
3XSAJ,3XSAJ,1,74.0,0.00014695546173954183,
CBEL2000G3 US 220 BEL2000G3 US 220,cBEL2000G3-US-220 BEL2000G3-US-220,1,74.0,0.00014695546173954183,
SOLARTERRA,SOLARTERRA,56,73.8,0.00014655828481592142,
GROWATTMID,GROWATTMID,4,73.76,0.00014647884943119735,
ECORI SOLAR,ECORI SOLAR,4,73.7,0.00014635969635411124,
SUNGROW FRINIUS DEYE,SUNGROW + FRINIUS + DEYE,1,73.6,0.00014616110789230104,
ABB RENOVIGI,abb renovigi,3,73.6,0.00014616110789230104,
HY M12 132G 700,HY-M12/132G-700,2,73.5,0.00014596251943049086,
3 ABB 1 GOODWE,3 ABB + 1 GOODWE,1,73.5,0.00014596251943049086,
SHENZEN SOFAR DEYE,SHENZEN SOFAR; DEYE,6,73.5,0.00014596251943049086,
GW25K DT,GW25K-DT,2,73.47999999999999,0.00014592280173812878,
75KTLX G3,1952 - 75KTLX-G3,1,73.45,0.00014586322519958577,
B B POWER STECA,B&B Power / Steca,1,73.4,0.00014576393096868068,
TAOISTIC,TAOISTIC,5,73.3,0.00014556534250687047,
INVERSOR BALFAR SOLAR,inversor balfar solar,1,73.26,0.0001454859071221464,
OUTBACK POWER,OutBack Power,11,73.25999999999999,0.00014548590712214638,
1XDEYE SUN 50K G,1XDEYE//SUN-50K-G,2,73.25999999999999,0.00014548590712214638,
SYMO BRASIL PRIMO,SYMO BRASIL/PRIMO,2,73.2,0.0001453667540450603,
INTELTRAS,INTELTRAS,1,73.16,0.0001452873186603362,
1XKSTAR,1XKSTAR//,6,73.12,0.00014520788327561214,
F5000,F5000,16,73.02,0.00014500929481380193,
2X HUAWEI SUN2000 33KTL A WEG SIW500H ST030 E 1X HUAWEI SUN2000 12KTL WEG SIW500H ST013,2x HUAWEI / SUN2000-33KTL-A (WEG SIW500H ST030) e 1x HUAWEI / SUN2000-12KTL (WEG SIW500H ST013),1,73.0,0.00014496957712143989,
SOFAR SOLAR DEYE INVERTER SOFAR SOLAR,SOFAR SOLAR // DEYE INVERTER  // SOFAR SOLAR,1,73.0,0.00014496957712143989,
SUNGROW ABB WEG,SUNGROW ABB WEG,1,73.0,0.00014496957712143989,
SOFAR SOLAR GROWATT BYD,SOFAR SOLAR + GROWATT + BYD,1,73.0,0.00014496957712143989,
SUNGROW NOVOS E RENOVIGI ANTIGO,SUNGROW(NOVOS) E RENOVIGI (ANTIGO),1,73.0,0.00014496957712143989,
SOFAR SOFAR SUNGROW SUNGROW,SOFAR / SOFAR / SUNGROW / SUNGROW,1,73.0,0.00014496957712143989,
SUNGROOW,SUNGROOW,2,73.0,0.00014496957712143989,
GROWMATT,GROWMATT,1,73.0,0.00014496957712143989,
SMA SOLAR TECH,SMA SOLAR TECH,4,73.0,0.00014496957712143989,
3XSUNGROW,3XSUNGROW,1,73.0,0.00014496957712143989,
JAM72S10 MR,JAM72S10/MR,1,73.0,0.00014496957712143989,
WEG HUAWEI SUNGROW,WEG/HUAWEI + SUNGROW,1,73.0,0.00014496957712143989,
J A SOLAR,J A SOLAR,6,72.95,0.0001448702828905348,
SIW300H M040,SIW300H M040,13,72.9,0.00014477098865962973,
APS AMERICA,APS America,14,72.8,0.0001445724001978195,
LOVOLTEK,LOVOLTEK,6,72.8,0.0001445724001978195,
INVERSOR ONGRID TRIFASICO MAX,Inversor Ongrid Trifasico Max,1,72.6,0.00014417522327419912,
HUAWEI SOLIS FRONIUS,HUAWEI/ SOLIS/FRONIUS,1,72.5,0.00014397663481238894,
TECH,Tech,11,72.46000000000001,0.00014389719942766487,
INTELRBAS,INTELRBAS,10,72.32,0.0001436191755811306,
SAJ LIVOLTEK,"SAJ, LIVOLTEK",4,72.25,0.00014348016365786347,
BELENERGY BEL 15K G,BELENERGY|BEL-15K-G,5,72.22,0.0001434205871193204,
SUNTECH,SUNTECH,14,72.14,0.00014326171634987227,
AUX,AUX,7,72.1,0.00014318228096514817,
RSM144 6 340,RSM144-6-340,1,72.0,0.00014298369250333797,
AS 7M144 HC 550W,AS-7M144-HC - 550W,3,72.0,0.00014298369250333797,
SUNNY CORE 1 STP50 40,SUNNY CORE 1 – STP50-40,1,72.0,0.00014298369250333797,
ELETRICS,ELETRICS),1,72.0,0.00014298369250333797,
2 XSUNGROW,2 xSungrow *,1,72.0,0.00014298369250333797,
GW36K MT,GW36K-MT,1,72.0,0.00014298369250333797,
INVERSOR CHINTPOWER MICRO INVERSOR,Inversor: CHINTPOWER; Micro Inversor:,2,72.0,0.00014298369250333797,
SCHNEIDERELECTRIC,SchneiderElectric,1,72.0,0.00014298369250333797,
2XHUWAEI SUN2000,2XHUWAEI SUN2000-,1,72.0,0.00014298369250333797,
DMEGCSOLAR,DMEGCSOLAR,1,72.0,0.00014298369250333797,
HUAWEI SUN2000 60KTL MO WEG SIW500H ST060 E HUAWEI,HUAWEI / SUN2000-60KTL-MO (WEG SIW500H ST060) e HUAWEI /,1,72.0,0.00014298369250333797,
HUAWEI SUN2000 12KTL WEG SIW500H ST013 HUAWEI,HUAWEI SUN2000-12KTL (WEG SIW500H ST013) + HUAWEI /,1,72.0,0.00014298369250333797,
HUWAEI SUN2000 60KTL MO,HUWAEI SUN2000-60KTL-MO,1,72.0,0.00014298369250333797,
KENBROOK SOLAR,Kenbrook Solar,1,72.0,0.00014298369250333797,
WEG HUAWEI SIW500H ST036 M3 SUN2000 36KTL A,WEG/HUAWEI-SIW500H ST036 M3/SUN2000-36KTL-A,1,72.0,0.00014298369250333797,
WEG HUAWEI SIW500H ST036 M3 SUN2000 36KTL M3,WEG/Huawei SIW500H ST036 M3/SUN2000-36KTL-M3,2,72.0,0.00014298369250333797,
PHB SOLAR WEG HUAWEI,PHB SOLAR + WEG/HUAWEI,1,72.0,0.00014298369250333797,
GENERAL ELETRIC GENERAL ELETRIC GENERAL ELETRIC,"GENERAL ELETRIC, GENERAL ELETRIC, GENERAL ELETRIC",1,72.0,0.00014298369250333797,
INVERSOR SOLAR STRING INVERTER,Inversor solar / String Inverter,1,72.0,0.00014298369250333797,
MID 36KTL3 X 144 SG 36KTL M,878 - MID 36KTL3-X;144 - SG-36KTL-M,1,72.0,0.00014298369250333797,
SUNGROWSG36KTL,SUNGROWSG36KTL,1,72.0,0.00014298369250333797,
INVERSOR GINLONG SOLIS MICRO INVERSOR HOYMILES,Inversor: Ginlong (Solis); Micro Inversor: HOYMILES,2,72.0,0.00014298369250333797,
SG36KTL M SG36KTL M,SG36KTL-M | SG36KTL-M,1,72.0,0.00014298369250333797,
HAUWEI S UNGROW,HAUWEI/S UNGROW,1,72.0,0.00014298369250333797,
APSYSTEM APSYSTEM,APSYSTEM | APSYSTEM,16,71.91,0.00014280496288770879,
EES6K M1,1643 - EES6K-M1,11,71.85,0.0001426858098106227,
MEPEN,MEPEN,6,71.76,0.00014250708019499355,
INTELBRA S,INTELBRA S,18,71.73,0.00014244750365645048,
HUAWEI WEG SUN2000 36KTL SIW500H ST036,HUAWEI/WEG - SUN2000-36KTL/SIW500H ST036,2,71.7,0.0001423879271179074,
BELENERGYSOLIS,BELENERGYSOLIS,5,71.67,0.00014232835057936436,
SOLAR X POWER,Solar X Power,6,71.6,0.0001421893386560972,
HYPOMTECH,HYPOMTECH,9,71.5,0.00014199075019428702,
LUXPOWERTEK,LUXPOWERTEK,8,71.5,0.00014199075019428702,
CPS SCA5KTL SM1 EU,1452 - CPS SCA5KTL-SM1/EU,15,71.44,0.0001418715971172009,
FRONIUS SYMO SOLIS,FRONIUS SYMO SOLIS,1,71.32,0.00014163329096302866,
SIW200G M080 W0,SIW200G M080 W0,10,71.1,0.00014119639634704626,
DYEY,DYEY,12,71.06,0.0001411169609623222,
HYPONTEC HPS 6500D,HYPONTEC HPS 6500D,10,71.0,0.00014099780788523608,
3XHUWAEI SUN2000 20KTL SUN200036KTL SUN2000 15KTL,3XHUWAEI SUN2000- 20KTL//SUN200036KTL//SUN2000- 15KTL,1,71.0,0.00014099780788523608,
WEG 1 UN DEYE 1 UN,WEG (1 Un) + DEYE (1 Un),1,71.0,0.00014099780788523608,
SUNGROW HUAWEI HUAWEI,SUNGROW / HUAWEI / HUAWEI,1,71.0,0.00014099780788523608,
INVERSOR SMA SUNNY BOY,Inversor SMA Sunny Boy,9,71.0,0.00014099780788523608,
HUAWEI SUN2000 36KTL A WEG SIW500H ST040 HUAWEI SUN2000 33KTL,HUAWEI / SUN2000-36KTL-A (WEG SIW500H ST040) + HUAWEI / SUN2000-33KTL-,1,71.0,0.00014099780788523608,
GROWATT GROWATT FRONIUS,GROWATT; GROWATT; FRONIUS,1,70.95,0.00014089851365433096,
HAUSSMART EIRELI,HAUSSMART EIRELI,15,70.88,0.00014075950173106383,
SOLPLANET WEG,SOLPLANET |WEG,6,70.8,0.0001406006309616157,
ASTROERNEGY,ASTROERNEGY,12,70.73,0.00014046161903834856,
SOLAR EDGE TECHNOLOGIES,SOLAR EDGE TECHNOLOGIES,2,70.65,0.0001403027482689004,
SOFARSOLAR PRODUCTS,Sofarsolar Products,2,70.64,0.00014028288942271938,
RENO 8K,RENO-8k,10,70.55,0.0001401041598070902,
FRONIUS FRONIUS SOLPLANET,FRONIUS / FRONIUS / SOLPLANET	,1,70.5,0.0001400048655761851,
SM672,SM672-,1,70.4,0.00013980627711437493,
INTELBR,INTELBR,9,70.34,0.00013968712403728881,
DAYER,DAYER,5,70.3,0.00013960768865256472,
ABB FRONIUS INGETEAM,ABB / Fronius / Ingeteam,1,70.2,0.00013940910019075454,
JKM335PP 72,JKM335PP-72,2,70.17,0.00013934952365221147,
ILTELBRAS,Iltelbras,9,70.16,0.00013932966480603045,
SAFAR,SAFAR,9,70.14,0.0001392899471136684,
HPT,HPT,2,70.0,0.00013901192326713416,
C6 70K T12 LV 40,1823 - C6-70K-T12-LV-40,1,70.0,0.00013901192326713416,
GROWATT 30KW 2X RENOVIGI 20KW,Growatt 30kW / 2x Renovigi 20kW,1,70.0,0.00013901192326713416,
ENGETEAM,ENGETEAM,3,70.0,0.00013901192326713416,
ENERGY SICES SOLAR,Energy / SICES Solar,1,70.0,0.00013901192326713416,
INVERSORES BALFAR SOLAR,Inversores – Balfar SOLAR,1,70.0,0.00013901192326713416,
INUT,inut,1,70.0,0.00013901192326713416,
2XABB 1X,2XABB//1X,1,70.0,0.00013901192326713416,
CSI SOLAR CO LTD,"CSI SOLAR CO., LTD",2,70.0,0.00013901192326713416,
R6 30K T4 32 LV 1388 R6 20K T3 32 LV,1030 - R6-30K-T4-32-LV;1388 - R6-20K-T3-32-LV,1,70.0,0.00013901192326713416,
GW70KHV MT,GW70KHV-MT,1,70.0,0.00013901192326713416,
R6 30K T4 32 LV 641 R5 5K S2,1030 - R6-30K-T4-32-LV;641 - R5-5K-S2,2,70.0,0.00013901192326713416,
WEG HUAWEI E SOLIS,WEG/HUAWEI e SOLIS,1,70.0,0.00013901192326713416,
FRONISU,FRONISU,1,70.0,0.00013901192326713416,
ASW55K LT G2,ASW55K-LT-G2,1,70.0,0.00013901192326713416,
BYD RENOVIGI SOLIS,BYD + RENOVIGI/SOLIS,1,70.0,0.00013901192326713416,
GOODWE 43 SOLIS,60 - GOODWE / 43 - SOLIS,1,70.0,0.00013901192326713416,
DHN66Z16 DG 610W,DHN66Z16/DG-610W,1,70.0,0.00013901192326713416,
2XHWAEI SUN2000 36KTL,2XHWAEI SUN2000-36KTL,1,70.0,0.00013901192326713416,
MID 20KTL3 X 563 MID 15 KTL3 XL,440 - MID 20KTL3-X;563 - MID 15 KTL3-XL,2,70.0,0.00013901192326713416,
IMVERSO SOLAR,IMVERSO SOLAR,1,70.0,0.00013901192326713416,
GE GODWEE,GE / GODWEE,1,70.0,0.00013901192326713416,
AE370SMM6 72,AE370SMM6-72,1,70.0,0.00013901192326713416,
NINGBO GINLONG TECHNOLOGIES,NINGBO GINLONG TECHNOLOGIES,3,70.0,0.00013901192326713416,
1XINVT,1XINVT//,2,70.0,0.00013901192326713416,
GW35KLV MT,528 - GW35KLV-MT,2,70.0,0.00013901192326713416,
INTEBLRAS,INTEBLRAS,12,69.91,0.00013883319365150498,
2X SOLAR EDGE,2x Solar Edge,1,69.8,0.00013861474634351375,
NINGBOGINLONG,NingboGinlong,4,69.78999999999999,0.00013859488749733273,
GROWATT 29 SOLIS,19 - GROWATT/29 - SOLIS,1,69.74,0.00013849559326642764,
S6 GR1P8K02 NV YD HC,1930 - S6-GR1P8K02-NV-YD-HC,9,69.73,0.00013847573442024664,
GW7000 MS,1257 - GW7000-MS,8,69.66,0.0001383367224969795,
BELENERGY MICROINVERSOR,BELENERGY (MICROINVERSOR),14,69.5,0.0001380189809580832,
RUFUSOL,RUFUSOL,8,69.47,0.00013795940441954012,
SAJ RENOVIGI,"SAJ, RENOVIGI",5,69.42,0.00013786011018863503,
PHB14K DT,PHB14K-DT,3,69.42,0.00013786011018863503,
S,S,11,69.4,0.000137820392496273,
RENESOLAR,RENESOLAR,8,69.35,0.0001377210982653679,
CANADIAN SOLAR SOLAREDGE,CANADIAN SOLAR + SOLAREDGE,2,69.25,0.00013752250980355772,
APSYSTEMS SAJ,"APSYSTEMS	, saj",6,69.1,0.0001372246271108424,
SCHINEIDER,Schineider,2,69.08,0.0001371849094184804,
CS3U 365P CS3U 365P CS3U 365P CS3U 365P,CS3U-365P | CS3U-365P | CS3U-365P | CS3U-365P,1,69.0,0.00013702603864903222,
SMA SUNNY BOY SMA SUNNY TRIPOWER,SMA Sunny Boy / SMA Sunny Tripower,1,69.0,0.00013702603864903222,
1500,1500,3,69.0,0.00013702603864903222,
SUNWATT ENERGIA SOLAR,Sunwatt Energia Solar,10,69.0,0.00013702603864903222,
SOLAR EDGE SE27 6K,"SOLAR EDGE SE27,6K",2,69.0,0.00013702603864903222,
GROWATTSUNGROW,GROWATTSUNGROW,2,69.0,0.00013702603864903222,
GOOD,GOOD,14,68.82,0.00013666857941777388,
RENAC AUXSOL,"RENAC, AUXSOL",3,68.81,0.00013664872057159288,
HUAWEL,HUAWEL,2,68.7,0.00013643027326360168,
BELENUS DO BRASIL S A,BELENUS DO BRASIL S/A,9,68.7,0.00013643027326360168,
CSI 75K T400GL02 E,981 - CSI-75K-T400GL02-E,2,68.7,0.00013643027326360168,
SOLIS SOFAR SOLAR,Solis; SOFAR SOLAR,4,68.62,0.0001362714024941535,
FRONIUS KEHUA TECH,FRONIUS KEHUA TECH,3,68.55,0.00013613239057088636,
HUAWEI E GOODWE,HUAWEI e GOODWE,1,68.5,0.00013603309633998127,
SOLIS FRONIUS DEYE,Solis + Fronius + Deye,1,68.45,0.00013593380210907618,
1P4K 4G,1P4K-4G,19,68.35,0.00013573521364726598,
HIMPOTECH,HIMPOTECH,7,68.24,0.00013551676633927477,
WEG HUAWEI GROWATT,WEG (HUAWEI)GROWATT,3,68.23,0.00013549690749309378,
GOODWEG,GOODWEG,5,68.17999999999999,0.00013539761326218864,
APSYSTMS,APSYSTMS,13,68.0,0.0001350401540309303,
DAYE DAYE,DAYE / DAYE,4,68.0,0.0001350401540309303,
SF M18 144 550W,1687 - SF-M18/144 - 550W,2,68.0,0.0001350401540309303,
QS SOLAR,QS SOLAR,12,67.88,0.00013480184787675807,
REFU SOL,REFU SOL,16,67.84,0.000134722412492034,
WDC WDC,WDC / WDC,6,67.81,0.00013466283595349097,
B B POW,B&B POW,18,67.7,0.00013444438864549974,
GW3000 XS,GW3000-XS,20,67.66,0.00013436495326077564,
MFVLU MO 144 550W,MFVLU-MO-144-550W,2,67.6,0.00013424580018368953,
MONO PERC RISEN 450,mono perc risen 450,1,67.5,0.00013404721172187935,
2XSOFAR 1X7 5KTLM 1X60000TL,"2XSOFAR//1x7,5KTLM//1X60000TL",1,67.5,0.00013404721172187935,
GROWATT 164 SOLPLANET,97 - GROWATT 164 - SOLPLANET,1,67.5,0.00013404721172187935,
FRONIUS ABB SUNGROW,FRONIUS + ABB + SUNGROW,1,67.5,0.00013404721172187935,
BELENERGYPLUS,BELENERGYPLUS,15,67.36,0.00013376918787534508,
HYNPONTEC,HYNPONTEC,14,67.14,0.00013333229325936268,
CANADIA,CANADIA,9,67.12,0.00013329257556700063,
RSM150 8 500M,RSM150-8-500M,13,67.1,0.00013325285787463859,
SUNTRIO CARBENET,SUNTRIO CARBENET,1,67.0,0.0001330542694128284,
GINLONG TECHNOLOG IES,GINLONG TECHNOLOG IES,2,67.0,0.0001330542694128284,
WEG DEYE SUN,WEG+DEYE SUN,2,67.0,0.0001330542694128284,
17000TL3 S,17000TL3-S,1,67.0,0.0001330542694128284,
ABB SUNGROW SUNGROW ABB,ABB/ SUNGROW/ SUNGROW ABB,1,67.0,0.0001330542694128284,
SOLIS RENAC E SOFAR,"SOLIS, RENAC E SOFAR",1,66.8,0.00013265709248920802,
SF3KTN,SF3KTN,7,66.67999999999999,0.00013241878633503577,
GRID TIE SUNGROW E INTELBRAS,Grid Tie/Sungrow e Intelbras,1,66.66,0.00013237906864267373,
DEYE GINLONG SOLIS,DEYE/GINLONG SOLIS,1,66.6,0.00013225991556558764,
SOLAEGDE,SOLAEGDE	,1,66.6,0.00013225991556558764,
HOYMILES E WEG,HOYMILES E WEG,4,66.6,0.00013225991556558764,
INVERSOR HAUWEI MICRO INVERSOR,Inversor: HAUWEI; Micro Inversor:,4,66.52,0.00013210104479613948,
GOODWE ABB,Goodwe / ABB,3,66.5,0.00013206132710377744,
SOUNGROW,soungrow,7,66.4,0.00013186273864196726,
SJA,SJA,12,66.4,0.00013186273864196726,
1SAJ,1SAJ,4,66.33,0.00013172372671870012,
FOXESS GROWATT,FOXESS | GROWATT,5,66.25,0.00013156485594925196,
GROWALLT,GROWALLT,7,66.21,0.00013148542056452787,
131 BELENERGY,131 BELENERGY,16,66.19,0.00013144570287216582,
MICRO INVENSOR,MICRO INVENSOR,15,66.14,0.00013134640864126076,
GRIWATT,GRIWATT,7,66.1,0.00013126697325653667,
INVERSOR AFORE MICRO INVERSOR,Inversor: AFORE; Micro Inversor:,9,66.1,0.00013126697325653667,
SUN2000 33KTL A,SUN2000 - 33KTL-A,1,66.0,0.0001310683847947265,
M425WP,M425Wp,2,66.0,0.0001310683847947265,
HUAWEI SUN2000 36KTL WEG SIW500H ST036 E HUAWEI SUN2000 33KTL A,HUAWEI / SUN2000-36KTL (WEG SIW500H ST036) e HUAWEI / SUN2000-33KTL-A,1,66.0,0.0001310683847947265,
HUAWEII 33KW,Huaweii 33KW,1,66.0,0.0001310683847947265,
HUAWEI SUN2000 36KTL WEG SIW500H ST036 E HUAWEI SUN2000 33KTL,HUAWEI / SUN2000-36KTL (WEG SIW500H ST036) e HUAWEI / SUN2000-33KTL-,1,66.0,0.0001310683847947265,
1 GROWATT 1 SOLIS,1 GROWATT/ 1 	SOLIS,1,66.0,0.0001310683847947265,
SERRANA SOLAR ENERGY,258 - SERRANA SOLAR ENERGY,3,66.0,0.0001310683847947265,
HUAWEO,HUAWEO,2,66.0,0.0001310683847947265,
HUAWI,HUAWI,2,66.0,0.0001310683847947265,
WEG HUWAEI SOLIS,WEG/HUWAEI/SOLIS,1,66.0,0.0001310683847947265,
IMPERIUM IMP 3000R,IMPERIUM/IMP-3000R,2,66.0,0.0001310683847947265,
2XFRONIUS 1XWEG,2XFRONIUS + 1XWEG,1,66.0,0.0001310683847947265,
ERA SOALR,ERA SOALR,1,66.0,0.0001310683847947265,
HUAWEI SUN2000 36KTL A WEG SIW500H ST040 E HUAWEI,HUAWEI / SUN2000-36KTL-A (WEG SIW500H ST040) e HUAWEI /,1,66.0,0.0001310683847947265,
2XHUWAEI SUN2000 33KTL A,2XHUWAEI SUN2000-33KTL-A,1,66.0,0.0001310683847947265,
ECB,ECB,1,66.0,0.0001310683847947265,
HOMILLES,HOMILLES,7,66.0,0.0001310683847947265,
WEG SIW500H ST030 HUAWEI SUN2000 33KTL WEG SIW500H ST040 HUAWEI SUN2000 36KTL,WEG - SIW500H ST030 (HUAWEI - SUN2000-33KTL) + WEG - SIW500H ST040 (HUAWEI - SUN2000-36KTL),1,66.0,0.0001310683847947265,
ZHEJIANG BENYI ELECTRICAL CO LTD,"ZHEJIANG BENYI ELECTRICAL CO., LTD.",11,65.92,0.00013090951402527833,
BS 15K 220 G3,1231 - BS-15K-220-G3,5,65.88,0.00013083007864055424,
INVERSOR ON GRID,Inversor On Grid,6,65.7,0.00013047261940929593,
TSM DE18M II 505 W,TSM-DE18M(II)/ 505 W,1,65.65,0.0001303733251783908,
GE LTDA,GE LTDA,7,65.6,0.0001302740309474857,
HOYMILES TSUNESS,HOYMILES / Tsuness,4,65.5,0.00013007544248567552,
LIVOLTEK E DEYE,LIVOLTEK E DEYE,6,65.5,0.00013007544248567552,
GROWATTDEYE,GROWATTDEYE,4,65.43,0.0001299364305624084,
CSI 5K MTL,CSI-5K-MTL,12,65.2,0.00012947967710024496,
R6 6K S3,1553 - R6-6K-S3,10,65.19,0.00012945981825406393,
ZHENZHEN,zhenzhen,3,65.18,0.0001294399594078829,
KERUA,KERUA,2,65.1,0.00012928108863843472,
SUN340 72P,SUN340-72P,3,65.03999999999999,0.00012916193556134864,
CAANDIAN SOLAR 25KTL GI FL CSI 40KTL GI,CAANDIAN SOLAR*25KTL-GI-FL+CSI-40KTL-GI,1,65.0,0.00012908250017662457,
2 GROWATT E 1 GOODWE MODELO,2 GROWATT E 1 GOODWE; Modelo,1,65.0,0.00012908250017662457,
SUNWAYS COMPANY,SUNWAYS COMPANY,2,65.0,0.00012908250017662457,
TSM DE15M II 410W,TSM-DE15M(II)-410W,4,65.0,0.00012908250017662457,
SMA SOLAR SMA SUNNY TRIPOWER,SMA Solar / SMA Sunny Tripower,1,65.0,0.00012908250017662457,
FRONIUS FRONIUS SUNGROW,FRONIUS/FRONIUS/SUNGROW,1,65.0,0.00012908250017662457,
CONSTEP,constep,1,65.0,0.00012908250017662457,
ABB DEYE PVS 50 TL SX2 SUN 15K G03,ABB + DEYE - PVS-50-TL-SX2 + SUN 15K-G03,1,65.0,0.00012908250017662457,
WEG 2 HUAWEI,1 - WEG 2 - HUAWEI,1,65.0,0.00012908250017662457,
SF5000TL,SF5000TL,3,65.0,0.00012908250017662457,
GW15KT DT 969 GW50KBF MT,1858 - GW15KT-DT;969 - GW50KBF-MT,1,65.0,0.00012908250017662457,
INVERSOR GUANGZHOU SANJING ELECTRIC CO LTD MICRO INVERSOR,"Inversor: Guangzhou Sanjing Electric Co., Ltd; Micro Inversor:",3,65.0,0.00012908250017662457,
HUEWEI,HUEWEI,1,65.0,0.00012908250017662457,
GROWAAT MIN 5000TL X,GROWAAT MIN 5000TL-X,4,65.0,0.00012908250017662457,
SOLIS E SOLPLANET,SOLIS E SOLPLANET,1,65.0,0.00012908250017662457,
5B 335,5B 335,1,64.99,0.00012906264133044355,
WEG E HOYMILES,WEG E HOYMILES,5,64.95,0.00012898320594571948,
4KTLM G2,98 - 4KTLM-G2,18,64.95,0.00012898320594571948,
SOLISGROWATT,SOLISGROWATT,5,64.93,0.00012894348825335744,
5XSUNGROW,5XSUNGROW,1,64.9,0.0001288839117148144,
1XHUWAEI1X SUN2000 36KTL,1XHUWAEI1X SUN2000 36KTL,1,64.8,0.00012868532325300416,
EMPALUXEMPALUX,EMPALUXEMPALUX,10,64.73,0.00012854631132973705,
LEVEROS SOLAR,Leveros Solar,8,64.65,0.00012838744056028892,
LIVOLTEK DEYE,"LIVOLTEK, DEYE",7,64.61,0.00012830800517556483,
PS400M1H 24 TH,PS400M1H-24/TH,7,64.4,0.00012789096940576342,
RESUFOL,resufol,3,64.38,0.00012785125171340138,
SUNNYBOY,SUNNYBOY,7,64.3,0.00012769238094395322,
INVERSOR STRING WEG HUAWEI,INVERSOR STRING WEG / HUAWEI,2,64.14,0.00012737463940505693,
SOFAR SOLAR HOYMILES,SOFAR SOLAR / Hoymiles,6,64.14,0.00012737463940505693,
B B POW REMOVIGI,B&B POW/REMOVIGI,9,64.1,0.00012729520402033283,
SIW300 M080 W00,SIW300 M080 W00,7,64.0,0.00012709661555852266,
JKM415 M 72,JKM415 M-72,2,64.0,0.00012709661555852266,
ELGINGROWATT,ELGINGROWATT,1,64.0,0.00012709661555852266,
SP660 60P,SP660-60P,1,64.0,0.00012709661555852266,
RSTAR,RSTAR,1,64.0,0.00012709661555852266,
HUAWEI WEG SUN2000 12KTL M0 SIW500H ST012,HUAWEI/WEG*SUN2000-12KTL-M0 /SIW500H ST012,4,64.0,0.00012709661555852266,
TSM510DE18M II,TSM510DE18M(II),1,64.0,0.00012709661555852266,
BALFAR SOALR,BALFAR SOALR,1,64.0,0.00012709661555852266,
MIC3000TL X2 760 MAC 36KTL3 XL 1890 MID 25KTL3 XL2,2063 - MIC3000TL-X2;760 - MAC 36KTL3-XL;1890 - MID 25KTL3-XL2,1,64.0,0.00012709661555852266,
KOFV IN 32KW 220V AR,KOFV IN 32KW 220V - AR,1,64.0,0.00012709661555852266,
GILONG,GILONG,5,63.97,0.00012703703901997959,
INVERSOR SOL PLANET MICRO INVERSOR,Inversor: SOL PLANET ; Micro Inversor:,4,63.97,0.00012703703901997959,
MIN,MIN,10,63.85,0.00012679873286580736,
BELENERG Y PLUS,BELENERG Y PLUS,7,63.8,0.00012669943863490225,
1XSOFAR SOALR,1XSOFAR SOALR,2,63.720000000000006,0.00012654056786545411,
SAJ E HOYMILES,SAJ E HOYMILES,5,63.7,0.00012650085017309207,
ASW9100 S,1199 - ASW9100-S,5,63.7,0.00012650085017309207,
RENO 15K,RENO 15K,5,63.67,0.00012644127363454902,
1XABB PVS 100 120 TL 100KW,1XABB//PVS-100/120-TL-100KW,1,63.65,0.00012640155594218698,
MAC 30KTL3 XL 1448 GW35KLS MT,872 - MAC 30KTL3-XL;1448 - GW35KLS-MT,1,63.6,0.0001263022617112819,
HONO SOLAR,HONO SOLAR,7,63.58,0.00012626254401891984,
JAM72S09 390 PR,JAM72S09-390/PR,6,63.56,0.00012622282632655782,
SIW200,SIW200,10,63.54,0.00012618310863419575,
HONORSOLAR,HONORSOLAR,11,63.519999999999996,0.00012614339094183373,
SOLARE,SOLARE,2,63.5,0.00012610367324947168,
DEYE E WEG,DEYE E WEG,3,63.5,0.00012610367324947168,
WAG,WAG,6,63.4,0.0001259050847876615,
400MIK 36,400MIK-36,9,63.4,0.0001259050847876615,
EACHENERGY,EACHENERGY,7,63.26,0.00012562706094112723,
SERAPHIN,SERAPHIN,3,63.0,0.00012511073094042074,
SOLPLANET RENOVIGI,"SOLPLANET, RENOVIGI",3,63.0,0.00012511073094042074,
GROWATT WEG HUWAEI,GROWATT/WEG/HUWAEI,1,63.0,0.00012511073094042074,
CPS SCA3KTL PS2 EU,1900 - CPS SCA3KTL-PS2/EU,21,63.0,0.00012511073094042074,
RENO B B POWER,RENO / B&B POWER,1,63.0,0.00012511073094042074,
SUNGROW HUAWEI WEG,SUNGROW/HUAWEI/WEG,1,63.0,0.00012511073094042074,
MICROINVERSOR S,MICROINVERSOR S,13,62.82,0.0001247532717091624,
BEDISOLAR,Bedisolar,11,62.79,0.00012469369517061933,
SOLPNANET,SOLPNANET,10,62.78,0.0001246738363244383,
SOFAR TSUNESS,SOFAR + TSUNESS,3,62.74,0.00012459440093971424,
SG3 0RS S,1091 - SG3.0RS-S,21,62.64,0.00012439581247790406,
AJ,AJ,5,62.6,0.00012431637709317997,
X000D BELENERGY,_x000D_ BELENERGY,12,62.58,0.00012427665940081793,
SOLISSOLIS 75K 5G,SOLISSOLIS-75K-5G,1,62.56,0.0001242369417084559,
SUNRGROW,SUNRGROW,2,62.55,0.00012421708286227486,
4XFRONIUS 2XSYMO 12 5 3 M,4XFRONIUS//2XSYMO 12.5-3-M//,1,62.5,0.00012411778863136977,
10,10,47,62.5,0.00012411778863136977,
ABB FRONIUS WEG,"ABB, Fronius, WEG",1,62.5,0.00012411778863136977,
S6 GR1P4K,S6-GR1P4K	,16,62.42,0.00012395891786192163,
DHA SOLAR,DHA Solar,9,62.28,0.00012368089401538734,
LIVOLTEK E GROWATT,LIVOLTEK E GROWATT,3,62.2,0.0001235220232459392,
M440WP,M440Wp,2,62.2,0.0001235220232459392,
PVI,PVI,7,62.18,0.00012348230555357716,
SOFAR SOLAR WEG,SOFAR SOLAR; WEG,3,62.17,0.00012346244670739614,
SUN2000 3KTL L1,SUN2000-3KTL-L1,20,62.129999999999995,0.00012338301132267207,
WEG SIW500H ST012 HUAWEI SUN2000 12KTL M0,WEG /SIW500H ST012 (HUAWEI/SUN2000-12KTL-M0,5,62.05,0.0001232241405532239,
WEG FRONIUS SUNGROW,WEG / FRONIUS / SUNGROW,1,62.0,0.00012312484632231882,
BATI ENERGY,Bati Energy,2,62.0,0.00012312484632231882,
SUMRY,SUMRY,1,62.0,0.00012312484632231882,
SUN2000L 5KTL,SUN2000L-5KTL,8,61.96,0.00012304541093759476,
RENO 3K PLUS,RENO-3K-PLUS,21,61.93,0.00012298583439905169,
GROWATT DEYE DEYE,Growatt | Deye | Deye,2,61.89,0.00012290639901432762,
ROCKCORE,ROCKCORE,12,61.74,0.00012260851632161233,
ECOSSOLYS,ECOSSOLYS,10,61.63,0.00012239006901362112,
FRONIOS PRIMO,FRONIOS PRIMO,10,61.599999999999994,0.00012233049247507805,
GE ENERGIA,GE ENERGIA,5,61.56,0.00012225105709035396,
TSM DE17M,TSM-DE17M,9,61.4,0.00012193331555145766,
SAK,SAK,10,61.24,0.00012161557401256135,
JKM400M,jkm400m-                          ,3,61.2,0.00012153613862783729,
PHBDEYE,PHBDEYE,2,61.1,0.0001213375501660271,
RENOVIGI DEYE ST 12000 TL ST 20000 TL SUN 33K G03,Renovigi + Deye - ST 12000 TL + ST 20000 TL + SUN-33K-G03,1,61.07,0.00012127797362748404,
ABB TRIO TM 50 0 400 E SUNGROW,ABB / TRIO-TM-50.0-400 e SUNGROW /,1,61.05,0.00012123825593512198,
SAJ SOFAR SISTEMA EXISTENTE,SAJ / SOFAR (SISTEMA EXISTENTE)		,1,61.0,0.0001211389617042169,
MID 25KTL3 X 942 MID 36KTL3 X,521 - MID 25KTL3-X;942 - MID 36KTL3-X,1,61.0,0.0001211389617042169,
AS SOLAR ES,AS Solar ES,12,61.0,0.0001211389617042169,
NVT,NVT,2,60.88,0.00012090065555004467,
ELYS,ELYS,9,60.75,0.00012064249054969142,
QS1A BR 220,QS1A-BR-220,2,60.7,0.00012054319631878634,
ELSIS,ELSIS,4,60.6,0.00012034460785697614,
JHSHARK,JHSHARK,9,60.57,0.00012028503131843307,
DEYR,DEYR,5,60.5,0.00012014601939516595,
KSTAR SOFAR,KSTAR + SOFAR,1,60.5,0.00012014601939516595,
CSI 9KTL1P GI FL,210 - CSI-9KTL1P-GI-FL,7,60.42,0.00011998714862571779,
MIN 8000TL X E,MIN 8000TL-X(E),8,60.38,0.00011990771324099372,
GOODWE E HOYMILES,GOODWE E HOYMILES,4,60.16,0.00011947081862501128,
MINASVIX,Minasvix,7,60.019999999999996,0.000119192794778477,
WEG OU HUAWEI,WEG OU HUAWEI,1,60.0,0.00011915307708611497,
ENSEC,ENSEC,1,60.0,0.00011915307708611497,
ADVANCED ENERGY,Advanced Energy,2,60.0,0.00011915307708611497,
SPOTLIGHT ON,Spotlight on,1,60.0,0.00011915307708611497,
WEG SHENZEN SOFAR SOLAR,WEG | SHENZEN SOFAR SOLAR,1,60.0,0.00011915307708611497,
RECUPERANDO DADOS AGUARDE ALG,RECUPERANDO DADOS. AGUARDE ALG,1,60.0,0.00011915307708611497,
SHENZHEN MOSO,Shenzhen MOSO,2,60.0,0.00011915307708611497,
RENOVIGI KEHUA,Renovigi/KEHUA,1,60.0,0.00011915307708611497,
SIW500HST060,SIW500HST060,1,60.0,0.00011915307708611497,
INVERSO RENO,inverso reno,1,60.0,0.00011915307708611497,
CS3W 450MS CS3W 450MS,CS3W-450MS | CS3W-450MS,1,60.0,0.00011915307708611497,
REBAC,REBAC,1,60.0,0.00011915307708611497,
BEL 60K G,BEL-60K-G,1,60.0,0.00011915307708611497,
INTEBLAS,INTEBLAS,1,60.0,0.00011915307708611497,
EGT 60000 MAX,EGT 60000 MAX,1,60.0,0.00011915307708611497,
RM 570W182M 144TB,RM-570W182m/144TB,1,60.0,0.00011915307708611497,
FRONIUS GROWATT SOLPLANET,FRONIUS / GROWATT / SOLPLANET,1,60.0,0.00011915307708611497,
LEVOTEK,LEVOTEK,1,60.0,0.00011915307708611497,
WEG HUAWEI KSTAR,WEG/HUAWEI + KSTAR,1,60.0,0.00011915307708611497,
SIW500H ST020 SUN 2000 20KTL M0,SIW500H ST020 (SUN 2000 - 20KTL-M0),1,60.0,0.00011915307708611497,
SYMO 12 0 3,SYMO 12.0-3,5,60.0,0.00011915307708611497,
RENOVIGI B B POWER SOLIS SOLIS S5 GC30K,RENOVIGI/B&B Power/SOLIS - SOLIS S5-GC30K,1,60.0,0.00011915307708611497,
GROWATTMODELO DO INVERSORMAC60KTL3,GROWATTMODELO DO INVERSORMAC60KTL3,1,60.0,0.00011915307708611497,
NINGBO GINLOG,NINGBO GINLOG,1,60.0,0.00011915307708611497,
ELG555 M72HAE MONOCRISTALINO,ELG555-M72HAE- Monocristalino,1,60.0,0.00011915307708611497,
GW60KBF MT,GW60KBF-MT,1,60.0,0.00011915307708611497,
LITTO,LITTO,1,60.0,0.00011915307708611497,
1XHUWAEISUN2000 60KTL MO,1XHUWAEISUN2000-60KTL-MO,1,60.0,0.00011915307708611497,
SHENZHEN SOFA,SHENZHEN SOFA,1,60.0,0.00011915307708611497,
MAC 60KTL3 X LV,517 - MAC 60KTL3-X LV,1,60.0,0.00011915307708611497,
SUNGROW 129 SOLPLANET,4 - SUNGROW / 129 - SOLPLANET,2,60.0,0.00011915307708611497,
WEG QUE REFERE AO HUAWEI,WEG que refere ao Huawei,1,60.0,0.00011915307708611497,
1XHUWAEI SUN2000 6,1XHUWAEI SUN2000-6,1,60.0,0.00011915307708611497,
WEG HUAWEI SIW500H ST020,WEG/HUAWEI | SIW500H ST020,3,60.0,0.00011915307708611497,
INVERSOR STRING ON GRID,INVERSOR STRING - ON GRID,1,60.0,0.00011915307708611497,
TUV NAC60K,TUV / NAC60K,1,60.0,0.00011915307708611497,
GW15KLV DT,409 - GW15KLV-DT,4,60.0,0.00011915307708611497,
GW30K MT,648 - GW30K-MT,2,60.0,0.00011915307708611497,
LNSU 450M,LNSU-450M,1,60.0,0.00011915307708611497,
1XCHINT POWER,1XCHINT POWER,1,60.0,0.00011915307708611497,
PHD SISTEMAS DE ENER,PHD SISTEMAS DE ENER,2,60.0,0.00011915307708611497,
1XHUWAEI SUN2000 60KTL M0 WEGSIW500H ST060,1XHUWAEI SUN2000-60KTL-M0(WEGSIW500H-ST060),1,60.0,0.00011915307708611497,
CSI 60KTL GI,CSI-60KTL-GI,1,60.0,0.00011915307708611497,
1XHUWAEI SUN2000 20KTL,1XHUWAEI SUN2000-20KTL-,3,60.0,0.00011915307708611497,
SMA SOLAR SUNNY TRIPOWER,SMA Solar Sunny Tripower,1,60.0,0.00011915307708611497,
GROWATT FRONIUS 2,GROWATT+FRONIUS(2),1,60.0,0.00011915307708611497,
SYMO 15 0 3 208,658 - SYMO 15.0-3 208,2,60.0,0.00011915307708611497,
3XHUWAEI,3XHUWAEI,1,60.0,0.00011915307708611497,
SOLAR DSIGN,SOLAR DSIGN,1,60.0,0.00011915307708611497,
SIW400G K030 W00,1897 - SIW400G K030 W00,2,60.0,0.00011915307708611497,
GINLONG TECHNOLOGI ES,GINLONG TECHNOLOGI ES,1,60.0,0.00011915307708611497,
GINLONG TECHNOL,Ginlong Technol,3,60.0,0.00011915307708611497,
SMA STP 60 10,SMA STP 60-10,1,60.0,0.00011915307708611497,
SOLIS DEYE SOLIS 50K SUN 10K G03,SOLIS + DEYE - SOLIS-50K + SUN-10K-G03,1,60.0,0.00011915307708611497,
DAH SOLAR OSDA,"DAH SOLAR, OSDA",1,60.0,0.00011915307708611497,
VSUN 545W VSUN545,VSUN 545W VSUN545,1,60.0,0.00011915307708611497,
1XGOODWE GW60K MT,1XGOODWE//GW60K-MT,1,60.0,0.00011915307708611497,
VERTEX,VERTEX,3,60.0,0.00011915307708611497,
INVT IMARS BG60KTR,INVT / iMars / BG60KTR,1,60.0,0.00011915307708611497,
FOXESSFOXESS,FOXESSFOXESS,8,60.0,0.00011915307708611497,
ASW60K LT G3,ASW60K-LT-G3,1,60.0,0.00011915307708611497,
INVERSOR FRONIUS SYMO SUNGROW,INVERSOR FRONIUS SYMO / SUNGROW,1,60.0,0.00011915307708611497,
WEG HUAWEI SIW500H ST060,WEG HUAWEI//SIW500H-ST060,1,60.0,0.00011915307708611497,
RENO 30K,RENO-30K,2,60.0,0.00011915307708611497,
SUN 30K G04,SUN-30K-G04,2,60.0,0.00011915307708611497,
ASN 20TL LV,ASN-20TL-LV ,3,60.0,0.00011915307708611497,
SUN 50K G 755 SUN 10K G,401 - SUN-50K-G;755 - SUN 10K-G,1,60.0,0.00011915307708611497,
SIW400G T020 W0,1247 - SIW400G T020 W0,3,60.0,0.00011915307708611497,
PHB60K MT,PHB60K-MT,1,60.0,0.00011915307708611497,
CJINT POWER,CJINT POWER,1,60.0,0.00011915307708611497,
ENERGYTREND,EnergyTrend,1,60.0,0.00011915307708611497,
SOLIS E WEG,SOLIS E WEG,1,60.0,0.00011915307708611497,
PHB60KS MT,PHB60KS-MT,1,60.0,0.00011915307708611497,
RENO60K,RENO60K,1,60.0,0.00011915307708611497,
GROWATT FRONIUS SYMO,GROWATT /FRONIUS SYMO,1,60.0,0.00011915307708611497,
INVERSOR SANGROW MICRO INVERSOR,Inversor: SANGROW; Micro Inversor:,2,60.0,0.00011915307708611497,
RENOVIGI SOLIS RENO 60K,RENOVIGI SOLIS - RENO-60K,1,60.0,0.00011915307708611497,
MAX60KTL3 XL2,MAX60KTL3-XL2,1,60.0,0.00011915307708611497,
S5 GC60K,S5-GC60K,1,60.0,0.00011915307708611497,
S5 GC 30K LV,S5-GC-30K-LV,1,60.0,0.00011915307708611497,
AISWEI NEW ENERGY TECHNOLOGY YANGZHONG CO LTD,"AISWEI NEW ENERGY TECHNOLOGY (YANGZHONG) CO., LTD",1,60.0,0.00011915307708611497,
JKM530M 72HL4 TVSOLIS,JKM530M-72HL4-TVSolis,1,60.0,0.00011915307708611497,
AFORE NEW ENERGY,Afore New Energy,1,60.0,0.00011915307708611497,
SUN2000 60KTL,SUN2000-60KTL,1,60.0,0.00011915307708611497,
SL330TU,SL330TU-,2,59.9,0.00011895448862430478,
LUXPOWER TEK,LUXPOWER TEK,11,59.9,0.00011895448862430478,
KSG 5K DM,161 - KSG-5K-DM,3,59.879999999999995,0.00011891477093194275,
SHENZHEIN,SHENZHEIN,3,59.86,0.00011887505323958072,
EACH ENERGY EES8K M1,EACH ENERGY EES8K-M1,7,59.84,0.00011883533554721868,
INTELBRAS SAJ,INTELBRAS | SAJ,4,59.839999999999996,0.00011883533554721868,
BELENERGY BEL 30K G LV,BELENERGY\BEL-30K-G LV,1,59.8,0.00011875590016249459,
SIW300 M050 W00,SIW300 M050 W00,12,59.76,0.00011867646477777052,
SYMO BRASIL,SYMO BRASIL,5,59.5,0.00011816013477706403,
HOMYLLES,HOMYLLES,10,59.44,0.0001180409816999779,
HALF CELL,Half Cell,9,59.43,0.00011802112285379688,
SUN 6 6K G05P1 EU AM2,SUN-6.6K-G05P1-EU-AM2,9,59.4,0.00011796154631525384,
1XGROWATTMAX 60KTL3 LV,1XGROWATTMAX 60KTL3 LV,1,59.4,0.00011796154631525384,
SOLAREDG,SOLAREDG,4,59.3,0.00011776295785344364,
WEG 34 SOFAR 34 SOFAR 60 GOODWE,WEG / 34 - SOFAR / 34 - SOFAR / 60 - GOODWE,1,59.3,0.00011776295785344364,
C6 75K T6 40,1951 - C6-75K-T6-40,1,59.28,0.0001177232401610816,
NANSER,NANSER,7,59.26,0.00011768352246871957,
HELIUS GENESIS,HELIUS GENESIS,5,59.25,0.00011766366362253856,
ZHENZHEN SOFARSOLAR CO LTD,ZHENZHEN SOFARSOLAR CO. LTD,10,59.2,0.00011756436939163347,
LIVOLTEK 129 SOLPLANET,109 - LIVOLTEK / 129 - SOLPLANET,2,59.12,0.00011740549862218528,
SUNGROW E SOLPLANET,SUNGROW E SOLPLANET,2,59.1,0.00011736578092982327,
ERA SOLAR VERTYS,ERA SOLAR/VERTYS,3,59.1,0.00011736578092982327,
JETION SOLAR,JETION SOLAR,13,59.06,0.00011728634554509918,
1XBEDIN SOLAR,1XBEDIN SOLAR,2,59.02,0.00011720691016037512,
TSM472H 550,TSM472H-550,3,59.0,0.00011716719246801308,
ECOSLYS,ECOSLYS,29,59.0,0.00011716719246801308,
FRANIUS,FRANIUS,6,59.0,0.00011716719246801308,
KSATAR,KSATAR,2,59.0,0.00011716719246801308,
CANARDIAN,CANARDIAN,20,58.96,0.00011708775708328899,
JKM440M 78H,JKM440M-78H,2,58.96,0.00011708775708328899,
HIPONTEC,HIPONTEC,5,58.92,0.00011700832169856491,
GGODWE,GGODWE,5,58.77,0.00011671043900584964,
HYPONTCH HPS 10500T,HYPONTCH HPS-10500T,6,58.68,0.00011653170939022046,
R6 10K T2 32 LV,1769 - R6-10K-T2-32-LV,4,58.55,0.00011627354438986719,
SUN2000 8KTL,84 - SUN2000-8KTL,7,58.519999999999996,0.00011621396785132414,
PULLYING ENERGY,PULLYING ENERGY,9,58.41,0.00011599552054333293,
RECUPERANDO DADOS AGUARDE ALGUNS SEGUNDOS E TENTE CORTAR OU COPIAR NOVAMENTE,Recuperando dados. Aguarde alguns segundos e tente cortar ou copiar novamente.,9,58.4,0.0001159756616971519,
2X AP SYSTEMS,(2x) AP SYSTEMS,16,58.39,0.0001159558028509709,
SOFER,SOFER,2,58.3,0.00011577707323534171,
EOLAREDGE,EOLAREDGE,1,58.15,0.00011547919054262643,
SIW200 M085,SIW200-M085,7,58.03,0.00011524088438845421,
MICRO INVERSOR SUN3000,MICRO INVERSOR SUN3000,1,58.0,0.00011518130784991115,
44,44,3,58.0,0.00011518130784991115,
SOFAR LIVOLTEK,SOFAR| LIVOLTEK,2,58.0,0.00011518130784991115,
WEG E SOLIS,WEG E SOLIS,1,58.0,0.00011518130784991115,
1X FONIUS,1X FONIUS,3,58.0,0.00011518130784991115,
LIVOLTEKLIVOLTEK,LIVOLTEKLIVOLTEK,9,58.0,0.00011518130784991115,
SUN 20K G02,SUN-20K-G02,3,58.0,0.00011518130784991115,
25000TL3 SE,25000TL3-SE,2,58.0,0.00011518130784991115,
12,12,38,58.0,0.00011518130784991115,
MFV RE MO 144 550W,MFV RE-MO-144-550W,1,58.0,0.00011518130784991115,
SUNGROW E 11 GROWATT,SUNGROW e 11 - GROWATT,3,57.84,0.00011486356631101486,
HUAWEI HUAWEI HOYMILES,Huawei Huawei HOYMILES,1,57.8,0.00011478413092629077,
TP6H72M H 400,TP6H72M(H)-400,6,57.8,0.00011478413092629077,
HOYMILES RENOVIGI,HOYMILES/ RENOVIGI,7,57.79,0.00011476427208010975,
N TYPE,N-TYPE,7,57.76,0.0001147046955415667,
HUAWEI SUN2000 12KTL M0 WEG SIW500H ST012,HUAWEI // SUN2000-12KTL- M0 (WEG SIW500H ST012),5,57.62,0.00011442667169503242,
HUAWEI SUN2000 33KTL A ABB,HUAWEI / SUN2000-33KTL-A + ABB,1,57.6,0.00011438695400267039,
BS 20K G02,934 - BS-20K-G02,3,57.55,0.0001142876597717653,
SIW200G M030 W0,SIW200G M030 W0,19,57.519999999999996,0.00011422808323322221,
APYSTEM,APYSTEM,10,57.5,0.00011418836554086018,
PHB9300 MS,PHB9300-MS,8,57.5,0.00011418836554086018,
WEG HUAWEI SIW500HST030 M3 SUN2000 30KTL M3,WEG/HUAWEI - SIW500HST030 M3/SUN2000-30KTL-M3,2,57.5,0.00011418836554086018,
INTELBRAS HUAWEI,INTELBRAS/HUAWEI,3,57.5,0.00011418836554086018,
GROWATT E CANADIAN E ABB,GROWATT E CANADIAN E ABB,1,57.5,0.00011418836554086018,
HUAWEI CHINT SOLAR SOFAR,HUAWEI / CHINT SOLAR / SOFAR,1,57.5,0.00011418836554086018,
SASJ,SASJ,3,57.5,0.00011418836554086018,
MID15KTL3 X,MID15KTL3-X,4,57.4,0.00011398977707904999,
SIW200 M100,597 - SIW200-M100,4,57.3,0.0001137911886172398,
HSM350M156,HSM350M156,8,57.3,0.0001137911886172398,
SOLPLANET E SUNGROW,SOLPLANET E SUNGROW,2,57.3,0.0001137911886172398,
MFVOS MO 120 460W,MFVOS-MO-120-460W,6,57.24,0.0001136720355401537,
BEL ENERGY BEL 3K G,BEL ENERGY|BEL-3K-G,18,57.239999999999995,0.0001136720355401537,
LIVOLTEKGT3 60K,LIVOLTEKGT3-60K,1,57.2,0.00011359260015542962,
INTELBRAS SUNGROW,INTELBRAS/SUNGROW	,3,57.19,0.00011357274130924861,
BENDIN SOLAR,BENDIN SOLAR,10,57.16,0.00011351316477070553,
SOFAR SOFAR SOLIS SOLIS,"SOFAR, SOFAR, SOLIS, SOLIS",1,57.12,0.00011343372938598146,
RENOVBIGI S A,Renovbigi S/A,1,57.12,0.00011343372938598146,
DAYE SUN,Daye Sun,4,57.11,0.00011341387053980045,
OODWE,OODWE,10,57.1,0.00011339401169361943,
EGT 2000 MICRO,EGT 2000 MICRO	,4,57.1,0.00011339401169361943,
CS3U 360P,CS3U-360P,9,57.1,0.00011339401169361943,
HUAWAEI,HUAWAEI,6,57.04,0.0001132748586165333,
SUN 33K G,637 - SUN-33K-G,2,57.03,0.00011325499977035229,
SUN 75K G01P3 EU AM8 LV,1657 - SUN-75K-G01P3-EU-AM8-LV,1,57.0,0.00011319542323180923,
DEYE E SOLIS E GROWATT,DEYE E SOLIS E GROWATT,1,57.0,0.00011319542323180923,
SIW400G T025 W0 134 KSG 32K LV,972 - SIW400G T025 W0;134 - KSG-32K-LV,1,57.0,0.00011319542323180923,
JKM540M 72HL4 V,JKM540M-72HL4-V,2,57.0,0.00011319542323180923,
AISWEI TECHNOLOGY CO LTD,"AISWEI TECHNOLOGY CO., LTD",6,57.0,0.00011319542323180923,
HYPON TECH HPS 6500D,HYPON TECH HPS-6500D,7,57.0,0.00011319542323180923,
SYMO DO BRASIL,SYMO DO BRASIL,2,57.0,0.00011319542323180923,
BEDINSOLAR DEYE GROWATT,"BEDINSOLAR, DEYE, GROWATT",1,57.0,0.00011319542323180923,
RISEN TW SOLAR,RISEN + TW SOLAR,1,57.0,0.00011319542323180923,
4XFRONIUS,4XFRONIUS/,2,56.96,0.00011311598784708517,
INVERSOR UNO,INVERSOR UNO,7,56.9,0.00011299683476999904,
DEYET,DEYET,7,56.760000000000005,0.00011271881092346477,
SO LIS,SO LIS,5,56.64,0.00011248050476929255,
EAS,EAS,4,56.6,0.00011240106938456848,
AABB,AABB,9,56.52,0.00011224219861512032,
SUN SS,?sun?ss,8,56.5,0.00011220248092275829,
LEPTON,LEPTON,4,56.5,0.00011220248092275829,
FROWATT,FROWATT,7,56.48,0.00011216276323039623,
RENOVINGI,RENOVINGI,5,56.45,0.0001121031866918532,
JKM455M 60HL4 V,JKM455M-60HL4-V,5,56.4,0.00011200389246094808,
MIN 7500TL X2,2059 - MIN 7500TL-X2,8,56.38,0.00011196417476858605,
SUN 2000,SUN 2000,4,56.129999999999995,0.00011146770361406057,
SN75PT LV,1909 - SN75PT-LV,1,56.12,0.00011144784476787954,
SAGE,sage,2,56.0,0.00011120953861370732,
S6 GR1P4K S,S6-GR1P4K-S,14,56.0,0.00011120953861370732,
B B KRIPT,B&B/KRIPT,13,56.0,0.00011120953861370732,
APSYSTEAN,APSYstean,1,56.0,0.00011120953861370732,
INVERSOR HUWAEI MICRO INVERSOR,Inversor: HUWAEI; Micro Inversor:,5,56.0,0.00011120953861370732,
TSM DE 15M II,TSM-DE 15M(II),2,56.0,0.00011120953861370732,
INGETEAM GROWATT SOLIS,INGETEAM + GROWATT + SOLIS,1,56.0,0.00011120953861370732,
SOLIS E 45 HOYMILES,43 - SOLIS E 45 - HOYMILES,1,56.0,0.00011120953861370732,
HUAWEI HUAWEI SUN2000 33KTL A WEG SIW500H ST030,HUAWEI / HUAWEI / SUN2000-33KTL-A (WEG SIW500H ST030),1,56.0,0.00011120953861370732,
SUNGROW 64 DEYE,SUNGROW / 64 - DEYE,1,56.0,0.00011120953861370732,
SUN2000 8KTL M0,1984 - SUN2000-8KTL-M0,7,55.980000000000004,0.0001111698209213453,
CSI 3KTL1P GI FL,354 - CSI-3KTL1P-GI-FL,20,55.98,0.00011116982092134527,
SG4 0RS,1171 - SG4.0RS,14,55.92,0.00011105066784425917,
SOLPLANET E DEYE,Solplanet e Deye,4,55.9,0.00011101095015189711,
APSYSTEAMS,APSYSTEAMS,11,55.84,0.00011089179707481101,
EASTUPS,EASTUPS,1,55.82,0.00011085207938244898,
HN18 72HT585W,HN18-72HT585W,4,55.8,0.00011081236169008692,
JKM400M 72H,JKM400M-72H,5,55.8,0.00011081236169008692,
GW60KN MT,GW60KN-MT,1,55.57,0.00011035560822792351,
MASS ENERGY INVERTER,MASS ENERGY INVERTER,3,55.52,0.00011025631399701839,
JINKO SOLAR CO,JINKO SOLAR CO.,9,55.5,0.00011021659630465636,
SILIS,SILIS,4,55.44,0.00011009744322757023,
SOLARED,SOLARED,2,55.400000000000006,0.0001100180078428462,
HOYMILE S,Hoymile s,9,55.4,0.00011001800784284617,
SOLAR EDDE,solar edde,1,55.15,0.0001095215366883207,
GERADOR HIDRAULICO,GERADOR HIDRAULICO,1,55.1,0.0001094222424574156,
HOYMILLE S,HOYMILLE S,12,55.05,0.0001093229482265105,
CANDIANSOLAR,CANDIANSOLAR,2,55.0,0.00010922365399560541,
SIW 500H ST060,SIW 500H-ST060,1,55.0,0.00010922365399560541,
INTERTEK,INTERTEK,1,55.0,0.00010922365399560541,
SYNGROUW,SYNGROUW,1,55.0,0.00010922365399560541,
SOLIS8SOLIS,Solis8Solis,1,55.0,0.00010922365399560541,
SOLIS E TSUNESS,SOLIS E TSUNESS,2,55.0,0.00010922365399560541,
TR 60M 430 450 WATT,TR 60M 430-450 WATT,2,55.0,0.00010922365399560541,
HUAWEI SOFAR SOLAR,HUAWEI + SOFAR SOLAR,1,55.0,0.00010922365399560541,
SCHUTTEN SOLAR,SCHUTTEN SOLAR,1,55.0,0.00010922365399560541,
ELGIN DEYE KSTAR,ELGIN/DEYE KSTAR,1,55.0,0.00010922365399560541,
PLUSOFT,plusoft,10,55.0,0.00010922365399560541,
SMA 25 000TL 30,SMA 25.000TL-30,2,54.95,0.00010912435976470031,
LNSU,LNSU,1,54.9,0.00010902506553379522,
HYMILES,HYMILES,13,54.89,0.0001090052066876142,
RENOVIGIL,RENOVIGIL,2,54.88,0.00010898534784143319,
BELEENRGY,BELEENRGY,9,54.87,0.00010896548899525214,
HPYMILES,Hpymiles,9,54.75,0.00010872718284107991,
CANADIANSOLAR INC,CANADIANSOLAR INC,12,54.730000000000004,0.00010868746514871791,
TERMOMAX,TERMOMAX,11,54.68,0.00010858817091781279,
SUNG,SUNG,6,54.65,0.00010852859437926972,
TSUNNESS,TSUNNESS,11,54.63,0.0001084888766869077,
BELENERGY MICRO,BELENERGY (MICRO),10,54.63,0.0001084888766869077,
B E D IN SOLAR,B e d in solar,8,54.55,0.00010833000591745953,
RENO 5K,RENO 5K,6,54.51,0.00010825057053273545,
SAMIL POWER,Samil Power,4,54.5,0.00010823071168655444,
1 SUNTRIO,1.SUNTRIO,1,54.5,0.00010823071168655444,
DATASHEET,DATASHEET,5,54.5,0.00010823071168655444,
GROOWAT,GROOWAT,7,54.29,0.00010781367591675303,
APYSYSTEM,APYSystem,19,54.2,0.00010763494630112388,
SOLISINTELBRAS,SolisINTELBRAS,3,54.2,0.00010763494630112388,
BEL 30K G LV,BEL-30K-G-LV,2,54.2,0.00010763494630112388,
PHB3100D WS,PHB3100D-WS,2,54.1,0.00010743635783931369,
ES GT 30K,ES GT-30K,2,54.09,0.00010741649899313266,
CNADIAN SOLAR,Cnadian Solar,12,54.07,0.00010737678130077062,
FRONIUSFRONIUS,FroniusFronius,4,54.03,0.00010729734591604654,
HMS 2000B 4T,HMS-2000B-4T,8,54.0,0.0001072377693775035,
SHENZHEN SHENZEN,Shenzhen; Shenzen,2,54.0,0.0001072377693775035,
IONS 6K M5,1913 - IONS-6K M5,9,54.0,0.0001072377693775035,
GENYS SOLAR POWER,Genys Solar Power,1,54.0,0.0001072377693775035,
JINKO SOLAE,JINKO SOLAE,1,54.0,0.0001072377693775035,
BELENERFY,BELENERFY,2,54.0,0.0001072377693775035,
V 1XSOFAR,V 1XSOFAR,1,54.0,0.0001072377693775035,
SMA SCHNEIDER ELECTRIC,SMA  Schneider Electric,1,54.0,0.0001072377693775035,
SOLIS RENOVIGI B B POWER,Solis / RENOVIGI B&B POWER,2,54.0,0.0001072377693775035,
TRIO 27 6,"TRIO 27,6",2,54.0,0.0001072377693775035,
WEG HUAWEI SAJ,WEG/HUAWEI + SAJ,1,54.0,0.0001072377693775035,
GROWATT SOLPLNET KEHUA,GROWATT/SOLPLNET/KEHUA,1,54.0,0.0001072377693775035,
MID20KTL3 X,MID20KTL3-X,2,54.0,0.0001072377693775035,
ECO 27 3 S,412 - ECO 27-3-S,1,54.0,0.0001072377693775035,
PHBELETRONICA,PHBELETRONICA,4,53.72,0.00010668172168443494,
GENERAL ELECTRIC GE,GENERAL ELECTRIC GE,2,53.6,0.00010644341553026272,
GROWATT E GOODWE,GROWATT E GOODWE,2,53.6,0.00010644341553026272,
SUNGROW FRONIUS SG12KLT,SUNGROW/ Fronius SG12KLT/,1,53.5,0.00010624482706845252,
GOOSWE,GOOSWE,9,53.480000000000004,0.0001062051093760905,
BEL ENERGY BEL 8K G,BEL ENERGY BEL-8K-G,7,53.480000000000004,0.0001062051093760905,
HUAWEI RENOVIGI,HUAWEI/RENOVIGI,3,53.46,0.00010616539168372844,
NHS SISTEMAS ELETRONICOS,NHS SISTEMAS ELETRÔNICOS	,11,53.39,0.00010602637976046132,
SOUGROW,sougrow,4,53.3,0.00010584765014483213,
INTSOL,INTSOL,3,53.3,0.00010584765014483213,
WEG HUAWEI DEYE,WEG / HUAWEI / DEYE,2,53.28,0.00010580793245247012,
INVERSOR SUNUNO PLUS,Inversor Sununo Plus,9,53.24,0.00010572849706774603,
TECK POWER,TECK POWER,8,53.2,0.00010564906168302196,
BEL ENERGY MICRO,BEL ENERGY (MICRO),8,53.15,0.00010554976745211685,
T SUNESS,T SUNESS,10,53.15,0.00010554976745211685,
SOLAREDGE FRONIUS SOLIS HOYMILES,SOLAREDGE + FRONIUS + SOLIS + HOYMILES,1,53.1,0.00010545047322121176,
A P SYSTEMS,A P Systems,28,53.09,0.00010543061437503075,
SIW500HST040 E SIW500H ST018,SIW500HST040 e SIW500H-ST018,1,53.0,0.00010525188475940157,
INGECON SUN 3PLAY,Ingecon Sun 3Play,1,53.0,0.00010525188475940157,
HAUWE,HAUWE,2,53.0,0.00010525188475940157,
GOODWE INGETAM FRONIUS,GOODWE + INGETAM + FRONIUS,1,53.0,0.00010525188475940157,
TSM DE09 400W,TSM-DE09-400W,3,53.0,0.00010525188475940157,
HALF CELL MONO MBB 405W TALLMAX,Half-Cell MONO MBB 405W TALLMAX,2,53.0,0.00010525188475940157,
MFVOS,MFVOS,1,53.0,0.00010525188475940157,
QNSOLAR,QNSOLAR,6,52.8,0.00010485470783578118,
SOLPLANNET,SOLPLANNET,7,52.8,0.00010485470783578118,
HOYMES,HOYMES,8,52.7,0.000104656119373971,
REF,ref,10,52.68,0.00010461640168160896,
ABB LTDA 36 GOODWE 28 HOYMILES,13 - ABB LTDA/36 - GOODWE/28 - HOYMILES,1,52.6,0.00010445753091216081,
WEG FRONIUS SOLAREDGE,WEG | FRONIUS | SOLAREDGE,1,52.6,0.00010445753091216081,
CS3U 360,CS3U-360,1,52.56,0.00010437809552743672,
WEG HUAWEI GOODWE,WEG (HUAWEI) / GOODWE,4,52.5,0.00010425894245035062,
2XINGETEAM,2XINGETEAM,1,52.5,0.00010425894245035062,
WEG E GOODWE,WEG E GOODWE,5,52.5,0.00010425894245035062,
HOYMULES,HOYMULES,9,52.5,0.00010425894245035062,
FRONIUSSOLAR,FroniusSolar,2,52.5,0.00010425894245035062,
30000TL3 S,30000TL3-S,7,52.5,0.00010425894245035062,
KEUHA,KEUHA,6,52.49,0.0001042390836041696,
LR4 72HPH 440M,LR4-72HPH-440M,5,52.42,0.00010410007168090246,
KSTAR FRONIUS,KSTAR / Fronius,3,52.4,0.00010406035398854043,
HOPEWINDO,hopewindo,2,52.4,0.00010406035398854043,
SB3 0 1AV 40,SB3.0-1AV-40,9,52.34,0.00010394120091145432,
WEG HUAWEI SUN2000 33KTL,WEG/HUAWEI SUN2000-33KTL,2,52.28,0.00010382204783436819,
AP SISTEMS,AP-SISTEMS,9,52.1,0.00010346458860310984,
SUNWAYS SOLAR,SUNWAYS SOLAR,9,52.05,0.00010336529437220474,
EET15K LV M1,1941 - EET15K-LV-M1,2,52.019999999999996,0.00010330571783366168,
ECO 27 0 3 S 29 PRIMO 5 0 1 43 SYMO 20 0 3 M,95 - ECO 27.0-3-S;29 - PRIMO 5.0-1;43 - SYMO 20.0-3-M,1,52.0,0.00010326600014129965,
HIKU CS3W 455MS,HIKU CS3W-455MS,4,52.0,0.00010326600014129965,
HYPONTECH CHINT,HYPONTECH / CHINT,1,52.0,0.00010326600014129965,
JKM33PP 72 HV,JKM33PP-72/HV,1,52.0,0.00010326600014129965,
RENOVIGI B B POWER SOLIS SOFAR SOLAR 2X RENO 20K SOFAR 12KTL X,RENOVIGI/B&B Power/SOLIS + SOFAR SOLAR - (2X)RENO 20K + SOFAR 12KTL-X,1,52.0,0.00010326600014129965,
PHB36K MT,PHB36K-MT,2,52.0,0.00010326600014129965,
IMTELBRAS,IMTELBRAS,2,52.0,0.00010326600014129965,
ASW10000 S 1271 ASW3000 S G2,1341 - ASW10000-S;1271 - ASW3000-S-G2,4,52.0,0.00010326600014129965,
RSM144 6 410M,RSM144-6-410M,3,52.0,0.00010326600014129965,
INVERSOR EDGE MICRO INVERSOR,Inversor: EDGE; Micro Inversor:,1,52.0,0.00010326600014129965,
SIW500H ST 030 SIW500H ST 022,SIW500H ST 030 SIW500H ST 022,1,52.0,0.00010326600014129965,
SUN2000 33 KTL SUN2000 20 KTL,SUN2000-33-KTL / SUN2000-20-KTL,1,52.0,0.00010326600014129965,
BELENEREGY,Beleneregy,5,52.0,0.00010326600014129965,
CIASOLAR CIASOLAR,CiaSolar / CiaSolar,3,51.92,0.0001031071293718515,
SOLAREDEG,solaredeg,1,51.85,0.00010296811744858437,
BEDIM,BEDIM,9,51.8,0.00010286882321767926,
RENOVIGI B B POWER SOLIS RENO 30K NG,RENOVIGI/B&B Power/SOLIS - RENO-30K-NG,2,51.8,0.00010286882321767926,
SIW200G M030 WO,868 - SIW200G M030 WO,12,51.77,0.00010280924667913622,
EA5KSI INVERSOR ON GRID MONOFASICO 200 VAC,EA5KSI - INVERSOR ON GRID MONOFASICO - 200 VAC,6,51.68,0.00010263051706350703,
MIC3000TL X,MIC3000TL-X,18,51.59,0.00010245178744787787,
KSTAR DEYE,KSTAR | DEYE,5,51.59,0.00010245178744787787,
S A J,S.A.J	,9,51.56,0.00010239221090933482,
1XWEG HUWAEI,1XWEG-HUWAEI,2,51.39,0.00010205461052425749,
GROWAT ON GRID,GROWAT ON GRID,1,51.36,0.00010199503398571443,
RENA,RENA,7,51.34,0.0001019553162933524,
RENOVIGO,RENOVIGO,7,51.25,0.00010177658667772322,
MINASOL IMS 5000,MINASOL IMS 5000,6,51.199999999999996,0.00010167729244681811,
MID 15KTL3 XL2 760 MAC 36KTL3 XL,1652 - MID 15KTL3-XL2;760 - MAC 36KTL3-XL,1,51.0,0.00010128011552319774,
HENZHEN,HENZHEN,3,51.0,0.00010128011552319774,
BELENERGY BELENERGY BELENERGY,BELENERGY | BELENERGY | BELENERGY,5,50.989999999999995,0.00010126025667701671,
EAST GROUP CO LTDA,EAST GROUP CO. LTDA,2,50.95,0.00010118082129229264,
EAST GROUP,East Group,6,50.9,0.00010108152706138755,
GROWATT KSTAR,GROWATT/KSTAR,3,50.88,0.00010104180936902552,
PS405M1H 24 TH,PS405M1H-24/TH,7,50.769999999999996,0.00010082336206103429,
JKM440M 60HL4 V 440W TIGER PRO MONO,JKM440M-60HL4-V 440W TIGER PRO MONO,5,50.72,0.0001007240678301292,
HOYMILES E SOLPLANET,HOYMILES E SOLPLANET,3,50.7,0.00010068435013776717,
GOODWE E SUNGROW,GOODWE E SUNGROW,1,50.6,0.00010048576167595696,
HOYMILES E GROWATT,HOYMILES E GROWATT,2,50.6,0.00010048576167595696,
SOLISSOFAR,SOLISSOFAR,1,50.5,0.00010028717321414677,
JKM440M,JKM440M,5,50.46,0.0001002077378294227,
JYF,JYF,2,50.21,9.971126667489723e-05,
EAST EA33KTLSI,EAST EA33KTLSI,1,50.16,9.961197244399212e-05,
IQ7AM,IQ7AM,13,50.15,9.959211359781111e-05,
HYPONTEC HPS 10500T,HYPONTEC HPS-10500T,4,50.120000000000005,9.953253705926805e-05,
PS550M6H 24 TH,PS550M6H-24/TH,4,50.09,9.9472960520725e-05,
HOYMIILES,HOYMIILES,10,50.09,9.9472960520725e-05,
CHIT,CHIT,6,50.04,9.937366628981989e-05,
SUNNY TRI POWER,SUNNY TRI POWER,1,50.0,9.929423090509583e-05,
S AR OF,S ar of,1,50.0,9.929423090509583e-05,
SOFAR RENOVIGISOFAR RENOVIGI,SOFAR / RENOVIGISOFAR / RENOVIGI,1,50.0,9.929423090509583e-05,
SUNNY TRIPOWER CORE1,Sunny Tripower CORE1,1,50.0,9.929423090509583e-05,
SUNNY TRIPOWER CORE,SUNNY TRIPOWER CORE,1,50.0,9.929423090509583e-05,
ERA RC 66HC 600M,ERA-RC-66HC-600M,1,50.0,9.929423090509583e-05,
SJ,SJ,1,50.0,9.929423090509583e-05,
BELENUS DO BRASIL SA,Belenus do Brasil SA,2,50.0,9.929423090509583e-05,
WEG HUAWEI GOODW E,WEG (HUAWEI/GOODW E),1,50.0,9.929423090509583e-05,
FRONIU SUNGROW SOLIS,FRONIU+SUNGROW+SOLIS,1,50.0,9.929423090509583e-05,
TRIO TM 50,TRIO-TM-50,1,50.0,9.929423090509583e-05,
MA STP 50 40,MA / STP 50-40,1,50.0,9.929423090509583e-05,
SHENZHEN SHENZEHN,"SHENZHEN, SHENZEHN",1,50.0,9.929423090509583e-05,
SMA STP 50,SMA STP 50,1,50.0,9.929423090509583e-05,
SHP50 40,SHP50-40,1,50.0,9.929423090509583e-05,
SHPY SOFARSOLAR,SHPY (SOFARSOLAR)	,1,50.0,9.929423090509583e-05,
SCHENEIDER ELETRIC,Scheneider Eletric,1,50.0,9.929423090509583e-05,
SMA TECHNOLO GIE,SMA TECHNOLO GIE,1,50.0,9.929423090509583e-05,
GW50KS MT,1948 - GW50KS-MT,1,50.0,9.929423090509583e-05,
GW50KLVMT,gw50klvmt,1,50.0,9.929423090509583e-05,
GW50KN MT,GW50KN-MT,1,50.0,9.929423090509583e-05,
FRONIUS SAJ SAJ,FRONIUS + SAJ + SAJ,1,50.0,9.929423090509583e-05,
SUNGROW FRONIUS E WEG,SUNGROW - FRONIUS E WEG,1,50.0,9.929423090509583e-05,
DEYE 129 SOLPLANET,64 - DEYE / 129 - SOLPLANET,1,50.0,9.929423090509583e-05,
SAJ E 97 GROWATT,108 - SAJ e 97 - GROWATT,1,50.0,9.929423090509583e-05,
PHB50K MT,PHB50K-MT,1,50.0,9.929423090509583e-05,
COPEL,Copel,2,50.0,9.929423090509583e-05,
SMA STP 50 40,SMA - STP 50-40,1,50.0,9.929423090509583e-05,
HUAWEISUN2000,HUAWEISUN2000,1,50.0,9.929423090509583e-05,
INVERSOR TRIFASICO SIW 500H ST040,Inversor Trifásico SIW 500H-ST040,1,50.0,9.929423090509583e-05,
1XSMA SUNNY TRIPOWER CORE 1,1XSMA//SUNNY TRIPOWER CORE 1,1,50.0,9.929423090509583e-05,
JKM455 M 72,JKM455 M-72,1,50.0,9.929423090509583e-05,
WEG HUAWEI HYPONTECH,WEG/HUAWEI + HYPONTECH,1,50.0,9.929423090509583e-05,
SMA SUNNY TRIPOWER CORE1 STP,SMA SUNNY TRIPOWER CORE1 STP,1,50.0,9.929423090509583e-05,
INSTALACAO,INSTALAÇÃO,1,50.0,9.929423090509583e-05,
JKM530 72HL4 TV BF 530W,JKM530-72HL4-TV-BF-530W,1,50.0,9.929423090509583e-05,
SINERGI,SINERGI,1,50.0,9.929423090509583e-05,
HUAWEI KEHUA TECH,HUAWEI + KEHUA TECH,1,50.0,9.929423090509583e-05,
SOLIS50K,SOLIS50K,1,50.0,9.929423090509583e-05,
MAC 50KTL3 X LV,726 - MAC 50KTL3-X LV,1,50.0,9.929423090509583e-05,
BEDON SOLAR,Bedon Solar,1,50.0,9.929423090509583e-05,
HUAWEI SUN2000 33KTL A WEG SIW500H ST030 E HUAWEI SUN2000 20KTL,HUAWEI / SUN2000-33KTL-A (WEG SIW500H ST030) e HUAWEI / SUN2000-20KTL,1,50.0,9.929423090509583e-05,
SG50KTL,SG50KTL,1,50.0,9.929423090509583e-05,
SUN MOUNTAIN,Sun Mountain,1,50.0,9.929423090509583e-05,
OMMIKSOL,OMMIKSOL,1,50.0,9.929423090509583e-05,
JOINING,Joining,1,50.0,9.929423090509583e-05,
KSG TM,KSG-TM,1,50.0,9.929423090509583e-05,
LP M66NH 585,LP-M66NH-585,1,50.0,9.929423090509583e-05,
SIW400G T025 W0,972 - SIW400G T025 W0,2,50.0,9.929423090509583e-05,
STP 25000TL 30,STP 25000TL-30,2,50.0,9.929423090509583e-05,
25K LV 220V,25K-LV (220V),1,50.0,9.929423090509583e-05,
RENOVIGI BYD SOLIS,RENOVIGI + BYD/SOLIS,1,50.0,9.929423090509583e-05,
FGHFG,fghfg,1,50.0,9.929423090509583e-05,
SMA L,SMA / L,1,50.0,9.929423090509583e-05,
SOLAR ESPHSC545M,SOLAR ESPHSC545M,1,50.0,9.929423090509583e-05,
WEG WEF GROWATT,WEG WEF GROWATT,1,50.0,9.929423090509583e-05,
S6 GR1P5K S 952 S5 GC20K LV,1559 - S6-GR1P5K-S;952 - S5-GC20K-LV,2,50.0,9.929423090509583e-05,
SUNGGROW,SUNGGROW,1,50.0,9.929423090509583e-05,
SUN 50K,SUN-50K-,1,50.0,9.929423090509583e-05,
PHD SISTEMAS,PHD SISTEMAS,1,50.0,9.929423090509583e-05,
KOO SOLAR,koo solar,1,50.0,9.929423090509583e-05,
HUAWEHUAWE,HUAWEHUAWE,1,50.0,9.929423090509583e-05,
KEHUA TECH 4 SUNGROW,99 - KEHUA TECH / 4 - SUNGROW,1,50.0,9.929423090509583e-05,
PV GRID INVERTER,PV GRID INVERTER,1,50.0,9.929423090509583e-05,
GCL SYSTEM,GCL SYSTEM,1,50.0,9.929423090509583e-05,
HUAYU 2 UNIDADES EM SERIE,HUAYU (2 UNIDADES EM SERIE),1,50.0,9.929423090509583e-05,
SOMAR,Somar,1,50.0,9.929423090509583e-05,
TAY NINH,Tay Ninh,1,50.0,9.929423090509583e-05,
SG25CX SA,sg25cx-sa,2,50.0,9.929423090509583e-05,
SG25CX P2 LV,1594 - SG25CX-P2-LV,2,50.0,9.929423090509583e-05,
SIW200G M080 W0 SIW200G M105 W0,SIW200G M080 W0; SIW200G M105 W0,1,50.0,9.929423090509583e-05,
PVS 50 TL S SX SX2,PVS-50-TL(-S)(-SX)(-SX2),1,50.0,9.929423090509583e-05,
RENOVID,RENOVID,3,50.0,9.929423090509583e-05,
NINGBO GINLONG TECHN,Ningbo Ginlong Techn,1,50.0,9.929423090509583e-05,
MID 25KTL3 XL,759 - MID 25KTL3-XL,2,50.0,9.929423090509583e-05,
SMA CORE ONE,SMA - Core One,1,50.0,9.929423090509583e-05,
1XREFUSOL 25K 2T,1XREFUSOL//25K-2T,2,50.0,9.929423090509583e-05,
SMA COLONIAL,SMA COLONIAL,1,50.0,9.929423090509583e-05,
IMPERIUM IMP 50 K X,IMPERIUM/IMP 50 K-X,1,50.0,9.929423090509583e-05,
PRIMO 5K,PRIMO 5K,1,50.0,9.929423090509583e-05,
INVERSOR HUAWE MICRO INVERSOR,Inversor: HUAWE; Micro Inversor:,1,50.0,9.929423090509583e-05,
RNA IMPORTS,Rna Imports,1,50.0,9.929423090509583e-05,
GROWATT ELGIN FOXESS,GROWATT / ELGIN / FOXESS,1,50.0,9.929423090509583e-05,
MAX 50KTL3 X2,1093 - MAX 50KTL3-X2,1,50.0,9.929423090509583e-05,
SUN2000 10KTL LC0,1026 - SUN2000-10KTL-LC0,3,50.0,9.929423090509583e-05,
GROWATT NEW ENERGY TECNOLOGY CO LTD DEYE,197 - GROWATT NEW ENERGY TECNOLOGY CO LTD/ DEYE,1,50.0,9.929423090509583e-05,
INVERSOR SMA SUNNY TRIPOWER,inversor SMA SUNNY TRIPOWER,1,50.0,9.929423090509583e-05,
DDEYE,DDEYE,6,49.96,9.921479552037176e-05,
SAJ SAJ FRONIUS,SAJ SAJ Fronius,1,49.95,9.919493667419074e-05,
SUNWAYS STS 6KTL,SUNWAYS STS-6KTL,11,49.9,9.909564244328564e-05,
TSM 510DE18M II,TSM-510DE18M(II),9,49.85,9.899634821238055e-05,
LIVE ON,LIVE.ON,5,49.8,9.889705398147543e-05,
INVERSOR SOLPLAN MICRO INVERSOR,Inversor: SOLPLAN; Micro Inversor:,3,49.8,9.889705398147543e-05,
SOLLANET,SOLLANET|,7,49.769999999999996,9.883747744293236e-05,
RENACSAJ,RENACSAJ,1,49.76,9.881761859675135e-05,
ENAC,ENAC,3,49.68,9.86587478273032e-05,
Q ANTUM,Q.ANTUM,2,49.64,9.857931244257914e-05,
AUXSO,AUXSO,6,49.6,9.849987705785505e-05,
SANUNO,SANUNO,2,49.6,9.849987705785505e-05,
DS3D L,DS3D-L,10,49.6,9.849987705785505e-05,
1X MOSO ST60KTN,1X MOSO //ST60KTN,1,49.59,9.848001821167405e-05,
S5 GC25K,S5-GC25K,2,49.59,9.848001821167405e-05,
HOMYMLES,HOMYMLES,10,49.55,9.840058282694996e-05,
FRONIUS MICRO DEYE MICRO DEYE,Fronius Micro Deye Micro Deye,1,49.5,9.830128859604485e-05,
SHENZEN SOFAR SAJ,SHENZEN SOFAR  /  SAJ,3,49.5,9.830128859604485e-05,
FRONIUS BRASIL SUNGROW POWER,FRONIUS BRASIL   // SUNGROW POWER,1,49.5,9.830128859604485e-05,
DEYER SOLAR,DEYER SOLAR,5,49.42,9.814241782659671e-05,
INOVACARE,Inovacare,5,49.35,9.800340590332957e-05,
OMNIKSOL NEW ENERGY,OMNIKSOL NEW ENERGY,13,49.34,9.798354705714855e-05,
SOLAR EDEGE,SOLAR EDEGE,2,49.32,9.794382936478652e-05,
HOYMILES INTELBRAS,"HOYMILES, INTELBRAS",6,49.25,9.780481744151938e-05,
SOLISWEG,SOLISWEG,2,49.21,9.77253820567953e-05,
HOYMELES,HOYMELES,6,49.09,9.748707590262308e-05,
BYD540MLK 36,BYD540MLK-36,5,49.08,9.746721705644207e-05,
CANANDIANSOLAR,CANANDIANSOLAR,4,49.06,9.742749936408004e-05,
TSUNESS SUNGROW,TSUNESS+SUNGROW,1,49.0,9.730834628699391e-05,
SOLPLANET SOFAR E HUAWEI,"SOLPLANET, SOFAR E HUAWEI",1,49.0,9.730834628699391e-05,
R5 7K S2 15,1511 - R5-7K-S2-15,7,49.0,9.730834628699391e-05,
SPI6000 B2,685 - SPI6000-B2,8,48.96,9.722891090226983e-05,
SUNTRIO PLUS 60K,1029 - SUNTRIO PLUS 60K,1,48.95,9.720905205608882e-05,
AE,AE,9,48.94,9.718919320990778e-05,
ELEKTRO,Elektro,3,48.92,9.714947551754574e-05,
GEH,GEH,8,48.9,9.71097578251837e-05,
B E DINSOLAR,B E DINSOLAR,7,48.88,9.707004013282167e-05,
GLOBAL,Global,3,48.86,9.703032244045964e-05,
CSI 5KTL1P GI FL,317 - CSI-5KTL1P-GI-FL,10,48.84,9.69906047480976e-05,
ZXM6 NH144 425 M,ZXM6-NH144-425/M,2,48.75,9.681187513246842e-05,
JKM340PP 72H V,JKM340PP-72H-V,6,48.7,9.671258090156335e-05,
RISEM,RISEM,5,48.67,9.665300436302026e-05,
ABBPVS 50 TL SX2,ABBPVS-50-TL-SX2,1,48.64,9.659342782447722e-05,
JKM450M 60HL4 V 60M HC,JKM450M-60HL4-V 60M HC,1,48.6,9.651399243975314e-05,
SOLPLENET,SOLPLENET,5,48.599999999999994,9.651399243975313e-05,
SAJE,SAJE,6,48.5,9.631540397794295e-05,
KSTAR 60 GOODWE,KSTAR / 60 - GOODWE,2,48.5,9.631540397794295e-05,
ENPHESE,ENPHESE,7,48.440000000000005,9.619625090085685e-05,
ZNSHINE PV TECH CO LTD,ZNShine PV-Tech Co. ltd,8,48.379999999999995,9.60770978237707e-05,
GGROWATT,GGROWATT,5,48.35,9.601752128522766e-05,
NORTHEN ELETRIC,NORTHEN ELETRIC,10,48.34,9.599766243904666e-05,
MINASOL IMS 3000,MINASOL IMS-3000,8,48.32,9.59579447466846e-05,
CHINTI POWER,CHINTI POWER,10,48.25,9.581893282341745e-05,
SMA SUNNY TRIPOWER CORE1 SOLAR INVERTER SMA,SMA SUNNY TRIPOWER CORE1 Solar Inverter SMA,1,48.24,9.579907397723645e-05,
ASN 10TL LV,1695 - ASN-10TL-LV,4,48.19,9.569977974633135e-05,
MASS ENERGY,MASS Energy,9,48.16,9.564020320778828e-05,
TSM DE15M II,TSM-DE15M(II),4,48.15,9.562034436160726e-05,
GOODWE LIVOLTEK SOLPLANET,GOODWE / LIVOLTEK / SOLPLANET,1,48.0,9.532246166889199e-05,
GROWATT GINLONG SOLIS,GROWATT | GINLONG(SOLIS),1,48.0,9.532246166889199e-05,
R6 10K S3 1390 R5 6K S2 15,1104 - R6-10K-S3;1390 - R5-6K-S2-15,3,48.0,9.532246166889199e-05,
RENOVIGL,RENOVIGl,5,48.0,9.532246166889199e-05,
HPS HPS 8000,HPS HPS-8000,6,48.0,9.532246166889199e-05,
HUAWEI SUN2000 36KTL WEG SIW500H ST036 E HUAWEI SUN2000 12KTL,HUAWEI / SUN2000-36KTL (WEG SIW500H ST036) e HUAWEI / SUN2000-12KTL,1,48.0,9.532246166889199e-05,
SUZHOU PULLING ENERGY CO LTD,"SUZHOU PULLING ENERGY CO., LTD",4,48.0,9.532246166889199e-05,
EAST EAST,EAST | EAST,5,48.0,9.532246166889199e-05,
SOLAR EDGE47,SOLAR EDGE47,1,48.0,9.532246166889199e-05,
SG36KTL M S5 GR3P12K,SG36KTL-M/ S5-GR3P12K,1,48.0,9.532246166889199e-05,
SOLPLANET FRONIUS INTERNATIONAL GMBH,SOLPLANET FRONIUS INTERNATIONAL GMBH,1,48.0,9.532246166889199e-05,
EVT,EVT,1,48.0,9.532246166889199e-05,
TSUNESS SOLPLANET,TSUNESS SOLPLANET,4,47.82,9.496500243763364e-05,
SAJ GROWATT DEYE,SAJ GROWATT DEYE,3,47.78,9.488556705290958e-05,
HUAWEI 60 GOODWE,29 - HUAWEI - 60 - GOODWE,1,47.72,9.476641397582345e-05,
SE 27 6K SE 20 1K,SE - 27.6K | SE - 20.1K,1,47.7,9.472669628346142e-05,
SOLIS SHENZEN SOFAR,SOLIS SHENZEN SOFAR,4,47.7,9.472669628346142e-05,
BDINSOLAR,BDINSOLAR,7,47.65,9.462740205255631e-05,
SOLAR PHONO,SOLAR PHONO,6,47.61,9.454796666783225e-05,
PHD SISTEMAS DE ENERGIA INDUSTRI,19 - PHD SISTEMAS DE ENERGIA INDUSTRI,7,47.6,9.452810782165123e-05,
HNS8000TL,HNS8000TL,1,47.52,9.436923705220308e-05,
NAC50K,542 - NAC50K,1,47.52,9.436923705220308e-05,
4KTL2 G3,2029 - 4KTL2-G3,12,47.51,9.434937820602204e-05,
BYDBYD,BYDBYD,6,47.5,9.432951935984103e-05,
REFUSOL GROWATT FRONIUS,REFUSOL / GROWATT / FRONIUS,1,47.5,9.432951935984103e-05,
BISTAR TP7F72M 550W,BISTAR-TP7F72M-550W,3,47.5,9.432951935984103e-05,
60000TL3 L,60000TL3-L,8,47.45,9.423022512893593e-05,
SERRANA EA50KTLSI,SERRANA EA50KTLSI,1,47.45,9.423022512893593e-05,
INELBRAS,INELBRAS,4,47.29,9.391248359003963e-05,
APESYSTEMS,APESYSTEMS,5,47.1,9.353516551260027e-05,
CS3W 435P,CS3W 435P,3,47.1,9.353516551260027e-05,
SHENZHEN SOFARSOLAR CO SOLIS SOFAR 20000TL G2 SOLIS 3P12K 4G,Shenzhen SOFARSOLAR Co + SOLIS - SOFAR 20000TL-G2 + SOLIS-3P12K-4G,1,47.06,9.345573012787619e-05,
INVERSORES,INVERSORES,4,47.01,9.335643589697108e-05,
RISEN ENERGY CO,Risen Energy Co,1,47.0,9.333657705079007e-05,
BYD335 PHK 36 5B,BYD335-PHK-36-5B,6,47.0,9.333657705079007e-05,
RENOVIGI B B POWER SOLIS RENO 30K E 3P17K 4G,Renovigi / B&B POWER / SOLIS / RENO-30K e 3P17K-4G,1,47.0,9.333657705079007e-05,
ONMIK,Onmik,5,47.0,9.333657705079007e-05,
XP 540W 72MET,XP-540W-72MET,1,47.0,9.333657705079007e-05,
HOPENWIND,HOPENWIND,4,47.0,9.333657705079007e-05,
SYMO 20 0 3 ECO 27 0 3,SYMO 20.0-3 ECO 27.0-3,1,47.0,9.333657705079007e-05,
HUAWEI TECHNO CO LTD WEG,HUAWEI TECHNO CO LTD + WEG,1,47.0,9.333657705079007e-05,
HUAWEI SUN2000 33KTL A WEG E,HUAWEI / SUN2000-33KTL-A (WEG) e,1,47.0,9.333657705079007e-05,
HUAWEI SUN2000 17KTL WEG SIW500H ST018 E HUAWEI,HUAWEI / SUN2000-17KTL (WEG SIW500H ST018) e HUAWEI /,1,47.0,9.333657705079007e-05,
HUAWEI SUN2000 33KTL A WEG SIW500H ST030 E SUN2000 17KTL,HUAWEI / SUN2000-33KTL-A (WEG SIW500H ST030) e SUN2000-17KTL,1,47.0,9.333657705079007e-05,
HUAWEI E SUNGROW,HUAWEI E SUNGROW,2,47.0,9.333657705079007e-05,
SG9 0RS,SG9.0RS,3,46.98,9.329685935842803e-05,
RENOVIG RENO 60K,Renovig * Reno-60K,1,46.98,9.329685935842803e-05,
HIGH QUALITY,High Quality,1,46.86,9.305855320425579e-05,
8000TL3 S,8000TL3-S,6,46.84,9.301883551189377e-05,
SUN 8K G05P1 EU AM2,1883 - SUN-8K-G05P1-EU-AM2,6,46.84,9.301883551189377e-05,
BELENERGY POWER S,BELENERGY POWER S,5,46.8,9.293940012716968e-05,
50KTLX G4 LV,1734 - 50KTLX-G4-LV,1,46.8,9.293940012716968e-05,
GROWATTG,GrowattG,7,46.769999999999996,9.287982358862662e-05,
DEYER INVERTER,DEYER INVERTER,2,46.72,9.278052935772153e-05,
LP182 182 M 60 MH 460,LP182*182-M-60-MH 460,1,46.7,9.27408116653595e-05,
APSYSTEMS FRONIUS,APSYSTEMS/FRONIUS,5,46.66,9.26613762806354e-05,
RENOVIGI B B POWER SOLIS S5 GR3P20K,RENOVIGI/B&B Power/SOLIS - S5-GR3P20K,3,46.63,9.260179974209236e-05,
SUN 25K G,SUN-25K-G,2,46.6,9.254222320354931e-05,
DEYN SUN,DEYN SUN,8,46.52,9.238335243410115e-05,
BELEERGY,BelEergy,6,46.51,9.236349358792013e-05,
ERA PRO,ERA PRO,6,46.48,9.230391704937707e-05,
RENAX,RENAX,1,46.4,9.214504627992891e-05,
CANDADIAN,CANDADIAN,5,46.3,9.194645781811872e-05,
CANNADIAN,CANNADIAN,1,46.2,9.174786935630855e-05,
1XGOODWEE,1XGOODWEE,1,46.2,9.174786935630855e-05,
PHB3000 NS,PHB3000-NS,15,46.16,9.166843397158446e-05,
DETE,DETE,9,46.15,9.164857512540344e-05,
FROIUS,FROIUS,6,46.12,9.158899858686038e-05,
R5 10K T2 15,989 - R5-10K-T2-15,5,46.08,9.15095632021363e-05,
SOFAR SOLAR HUAWEI,SOFAR SOLAR HUAWEI,2,46.0,9.135069243268816e-05,
HYXI,HYXI,8,46.0,9.135069243268816e-05,
JINKI,JINKI,1,46.0,9.135069243268816e-05,
ELGIN2000,ELGIN2000,12,46.0,9.135069243268816e-05,
EG,EG|,2,46.0,9.135069243268816e-05,
GW23KLV SDT BR30,2092 - GW23KLV-SDT-BR30,2,46.0,9.135069243268816e-05,
FRONIUS SYMO SOFAR,FRONIUS SYMO/ SOFAR,1,46.0,9.135069243268816e-05,
SOLIS 11 WEG,19 - SOLIS / 11 - WEG,1,46.0,9.135069243268816e-05,
DEYE 124 HUAWEI,121 - DEYE 124 - HUAWEI,1,46.0,9.135069243268816e-05,
SIW300H M020 L1,SIW300H - M020 L1,4,46.0,9.135069243268816e-05,
INVERSOR SOLAR EDGE MICRO INVERSOR,Inversor: Solar edge; Micro Inversor:,2,46.0,9.135069243268816e-05,
RENOVIGI ENERGIA SOLAR 26 SOFAR SOLAR 11 WEG,7 - RENOVIGI ENERGIA SOLAR/26 - SOFAR SOLAR/11 - WEG,1,46.0,9.135069243268816e-05,
FRONIUS ECO 27 0 3 S E RENOVIGI T 20000TL,Fronius / Eco 27.0-3-S e Renovigi / T 20000TL,1,45.97,9.12911158941451e-05,
FRIONIUS BEL,FRIONIUS/BEL,1,45.95,9.125139820178307e-05,
B B SF3000TL,B&B	SF3000TL,2,45.93,9.121168050942102e-05,
FRONIUIS,FRONIUIS,7,45.92,9.119182166324e-05,
WEG E ABB,WEG e ABB,1,45.9,9.115210397087795e-05,
AMERI SOLAR,Ameri Solar,8,45.8,9.095351550906776e-05,
4X RENOVIGI 1X SOLIS,4x RENOVIGI 1x SOLIS,1,45.8,9.095351550906776e-05,
JKM440M 6HL4,JKM440M-6HL4,1,45.76,9.08740801243437e-05,
SOLAREGER,SOLAREGER,1,45.72,9.079464473961962e-05,
SCLAREDGE,SclarEdge,1,45.6,9.055633858544739e-05,
SOIAREDGE,SoiarEdge,1,45.6,9.055633858544739e-05,
KSTAR 16 KSTAR 16 KSTAR 2 FRONIUS,16 - KSTAR / 16 - KSTAR / 16 - KSTAR / 2 - FRONIUS,1,45.5,9.03577501236372e-05,
HPB,hpb,3,45.480000000000004,9.031803243127517e-05,
CARNADIAN SOLAR,CARNADIAN SOLAR,1,45.36,9.007972627710293e-05,
REFUL,REFUL,5,45.35,9.00598674309219e-05,
FOXESSS,FOXESSS,3,45.27,8.990099666147376e-05,
INVERSOR HCC MICRO INVERSOR,Inversor: HCC; Micro Inversor:,8,45.22,8.980170243056866e-05,
FRONIUS E KSTAR,FRONIUS E KSTAR,2,45.2,8.976198473820662e-05,
APSYSYEMS,APSYSYEMS,10,45.2,8.976198473820662e-05,
FRONIUS E SOLPLANET,FRONIUS E SOLPLANET,3,45.2,8.976198473820662e-05,
MULTIVISI,Multivisi,8,45.0,8.936480781458624e-05,
2XFRONIUS SYMO 20 0 3M SYMO 25 0 3 S,2XFRONIUS//SYMO 20.0.3M//SYMO 25.0-3-S,1,45.0,8.936480781458624e-05,
WEG SIW500H ST015 HUAWEI SUN2000 15KTL M0,WEG SIW500H ST015 / HUAWEI SUN2000-15KTL-M0,2,45.0,8.936480781458624e-05,
ENERAL ELETRIC,ENERAL ELETRIC,2,45.0,8.936480781458624e-05,
SUN 15K G05,1965 - SUN-15K-G05,3,45.0,8.936480781458624e-05,
BS 15K G03,571 - BS-15K-G03,2,45.0,8.936480781458624e-05,
BEL 45K G LV,BEL-45K-G-LV,1,45.0,8.936480781458624e-05,
MLTK 36,MLTK-36,1,45.0,8.936480781458624e-05,
15000 TL3 SL,238 - 15000 TL3-SL,3,45.0,8.936480781458624e-05,
TS605S8E 132GANT,TS605S8E-132GANT,1,45.0,8.936480781458624e-05,
SCA15K T SA,1771 - SCA15K-T-SA,3,45.0,8.936480781458624e-05,
SUNGROW SUNGROW SUNGROW HOYMILES,SUNGROW / SUNGROW / SUNGROW / HOYMILES,1,45.0,8.936480781458624e-05,
ENERGY SHOP,Energy Shop,1,45.0,8.936480781458624e-05,
HUAWEI INTELBRAS,"HUAWEI, INTELBRAS",3,45.0,8.936480781458624e-05,
SOLIS SOLIS SUNGROW,Solis / Solis / Sungrow,1,45.0,8.936480781458624e-05,
BELELENERGY,BelElenergy,1,45.0,8.936480781458624e-05,
R6 30K T4 32 LV 548 GW15KLV MT,1030 - R6-30K-T4-32-LV;548 - GW15KLV-MT,1,45.0,8.936480781458624e-05,
SHINT POWER SHINT POWER,SHINT POWER- SHINT POWER	,1,45.0,8.936480781458624e-05,
SOF,SOF,3,45.0,8.936480781458624e-05,
SIW400G T020 W0 922 SIW400G T025 WO,1247 - SIW400G T020 W0;922 - SIW400G T025 WO,1,45.0,8.936480781458624e-05,
WEG E HUAWEI TECHNOLOGIES CO LTD,"WEG E HUAWEI TECHNOLOGIES CO., LTD",1,45.0,8.936480781458624e-05,
S5 GR3P15K,S5-GR3P15K,3,45.0,8.936480781458624e-05,
GERADOR SOLAR,GERADOR SOLAR,1,45.0,8.936480781458624e-05,
SIW300 M080 W00 1967 SIW400G K037 W00,1814 - SIW300 M080 W00;1967 - SIW400G K037 W00,1,45.0,8.936480781458624e-05,
BELENUS DO BRASIL SA BELENERGY ENERGIA SOLAR,Belenus do Brasil SA (BelEnergy Energia Solar),3,45.0,8.936480781458624e-05,
2 DEYE SAJ,2 DEYE - SAJ,1,45.0,8.936480781458624e-05,
20,20,21,45.0,8.936480781458624e-05,
HY M10 144 570W,HY-M10/144-570W	,1,45.0,8.936480781458624e-05,
ER BR,ER-BR,1,45.0,8.936480781458624e-05,
SG15CX L2 PV,1696 - SG15CX-L2-PV,2,45.0,8.936480781458624e-05,
INGETAM,INGETAM,2,45.0,8.936480781458624e-05,
MID 15 KTL3 X,1285 - MID 15 KTL3-X,3,45.0,8.936480781458624e-05,
1O BELL ENERGY 2O BELL ENERGY,1º BELL ENERGY 2º BELL ENERGY,2,45.0,8.936480781458624e-05,
SOFAR SOLAR GROWATT SAJ,SOFAR SOLAR / GROWATT / SAJ,1,45.0,8.936480781458624e-05,
EGT 15000 MAX 220V,EGT 15000 MAX 220V,3,45.0,8.936480781458624e-05,
RS6S330P,RS6S330P,1,45.0,8.936480781458624e-05,
FRONIUS GROWATT FRONIUS,FRONIUS / GROWATT / FRONIUS,1,45.0,8.936480781458624e-05,
GROAWATT GROAWATT, GROAWATT / GROAWATT,1,45.0,8.936480781458624e-05,
R6 10K S3 18 988 SUN 35K G02 LV,1821 - R6-10K-S3-18;988 - SUN-35K-G02-LV,1,45.0,8.936480781458624e-05,
SAJ E SOFAR,SAJ E SOFAR,1,45.0,8.936480781458624e-05,
GROWATTMID15KTL3 X,GROWATTMID15KTL3-X,3,44.96,8.928537242986216e-05,
TALLMAX,TALLMAX,6,44.96,8.928537242986216e-05,
INVERSOR SOLPANET MICRO INVERSOR,Inversor: SOLPANET; Micro Inversor:,3,44.91,8.918607819895706e-05,
SUNNY TRIPOWER 60,117 - SUNNY TRIPOWER 60,1,44.88,8.912650166041402e-05,
EAST CABERNET,EAST CABERNET,1,44.88,8.912650166041402e-05,
INVT X INVT,INVT x INVT,1,44.85,8.906692512187096e-05,
PS450M4H 24TH,PS450M4H-24TH,11,44.85,8.906692512187096e-05,
BEL 8K G 8 0KW,"829 - BEL-8K-G 8,0KW",6,44.84,8.904706627568994e-05,
JKM340PP 72 V,JKM340PP-72-V,7,44.84,8.904706627568994e-05,
GROWATT 15 SAJ,11 - GROWATT / 15 - SAJ,2,44.83,8.902720742950891e-05,
JKM460M 60HL4,JKM460M-60HL4,3,44.8,8.896763089096584e-05,
APSYSTEM QS1A,APSYSTEM QS1A,6,44.75,8.886833666006077e-05,
SB5 0 1AV 40,SB5.0-1AV-40,6,44.69,8.874918358297464e-05,
HUAWEI WEG SUN2000 60KTL M0,HUAWEI/WEG*SUN2000-60KTL-M0,1,44.69,8.874918358297464e-05,
ELSYS NAC,ELSYS NAC,5,44.64,8.864988935206955e-05,
B B POWER ST20000TL E,B&B Power / ST20000TL e,1,44.6,8.857045396734547e-05,
R6 25K T4 32 LV 1388 R6 20K T3 32 LV,1588 - R6-25K-T4-32-LV;1388 - R6-20K-T3-32-LV,1,44.53,8.843144204407834e-05,
LR5 72HPH 545M,LR5-72HPH-545M,4,44.5,8.837186550553528e-05,
MGL POWER,MGL POWER,3,44.5,8.837186550553528e-05,
GROWAT MIN5000TL X,GROWAT MIN5000TL-X,10,44.480000000000004,8.833214781317325e-05,
MICROINVERSOR SOLAR,MICROINVERSOR SOLAR,4,44.46,8.82924301208112e-05,
FRONIUS SOFAR SOLAR,Fronius / SOFAR SOLAR,4,44.419999999999995,8.821299473608712e-05,
RENO 60K,RENO-60K,1,44.4,8.817327704372509e-05,
BDIN,Bdin,2,44.36,8.809384165900101e-05,
RSM144 7 450M,RSM144-7-450M,5,44.3,8.797468858191488e-05,
WDC 5K,WDC 5K,10,44.25,8.787539435100981e-05,
1XSOLIS 60K 4G,1XSOLIS//60K-4G,1,44.2,8.777610012010472e-05,
GUTAMI SOLAR,GUTAMI SOLAR,7,44.2,8.777610012010472e-05,
RENEPV,RENEPV,7,44.18,8.773638242774267e-05,
RENOVIGI B B POWER SOLIS S5 GR3P15K,RENOVIGI/B&B Power/SOLIS - S5-GR3P15K,3,44.17,8.771652358156165e-05,
FABRICANTE,FABRICANTE,5,44.15,8.76768058891996e-05,
BEL 75K G,BEL-75K-G,1,44.1,8.757751165829453e-05,
GROWATA,GROWATA,1,44.0,8.737892319648432e-05,
MA 50KW,MA 50KW,1,44.0,8.737892319648432e-05,
20000TL3 SE,20000TL3-SE,3,44.0,8.737892319648432e-05,
KELUA,KELUA,1,44.0,8.737892319648432e-05,
GENERAL ALETRIC,general aletric,1,44.0,8.737892319648432e-05,
WEG 29 HUAWEI,WEG / 29 - HUAWEI,2,44.0,8.737892319648432e-05,
INVERSOR MICRO INVERSOR GROWAT,Inversor: ; Micro Inversor: GROWAT,6,44.0,8.737892319648432e-05,
MAC36KTL3 XL MIN8000TL X,MAC36KTL3-XL / MIN8000TL-X,1,44.0,8.737892319648432e-05,
20KTLX G3 1123 25KLTX G3,1233 - 20KTLX-G3;1123 - 25KLTX-G3,1,44.0,8.737892319648432e-05,
INVERSOR REFULSOL,INVERSOR REFULSOL,2,44.0,8.737892319648432e-05,
GT1 8K D,923 - GT1-8K-D,4,43.99,8.735906435030331e-05,
DEYE E 43 SOLIS,64 - DEYE e 43 - SOLIS,3,43.95,8.727962896557923e-05,
SF5KTL,SF5KTL,5,43.9,8.718033473467412e-05,
SE17K,se17k,3,43.9,8.718033473467412e-05,
SMA STP,SMA STP,2,43.9,8.718033473467412e-05,
MAC25KTL3 XL,1331 - MAC25KTL3-XL,2,43.9,8.718033473467412e-05,
SIW SOOH,SIW SOOH,1,43.89,8.716047588849312e-05,
CONSORT,CONSORT,5,43.87,8.712075819613107e-05,
SOLPLANETASW7300 S,SOLPLANETASW7300-S,6,43.8,8.698174627286393e-05,
SOLPLAN,SOLPLAN,6,43.79,8.696188742668292e-05,
KAKO,KAKO,3,43.760000000000005,8.690231088813987e-05,
OWATT,OWATT,6,43.72,8.682287550341578e-05,
1XPHB PHB60K MT,1XPHB//PHB60K-MT,1,43.68,8.674344011869171e-05,
GREY,Grey,9,43.67,8.672358127251069e-05,
BELERGY,BELERGY,6,43.55,8.648527511833845e-05,
NANSENSOLAR,NANSENSOLAR,7,43.55,8.648527511833845e-05,
CS6U 340P,CS6U-340P,1,43.52,8.642569857979541e-05,
ARES WATT,ARES WATT,6,43.5,8.638598088743336e-05,
SOLIS SOFAR DEYE,SOLIS + SOFAR + DEYE,1,43.5,8.638598088743336e-05,
PHB3000,PHB3000,9,43.5,8.638598088743336e-05,
INVERSORES STRING,INVERSORES STRING,8,43.45,8.628668665652827e-05,
SIW500H ST012,SIW500H ST012,4,43.45,8.628668665652827e-05,
BELENERGY INSBE MO 220 7 7KW S,BELENERGY INSBE-MO-220-7.7KW-S,5,43.43,8.624696896416623e-05,
SOLIS FRONIUS KSTAR SOLIS,Solis ; Fronius; Kstar ; Solis,1,43.4,8.618739242562317e-05,
SUNWAYS STS 5KTL,SUNWAYS/STS-5KTL,10,43.34,8.606823934853707e-05,
HCP72X9 360W,HCP72X9-360W,5,43.32,8.602852165617503e-05,
SUNNY TRIPOWER SUNNY,SUNNY TRIPOWER SUNNY,1,43.3,8.598880396381298e-05,
ROYMILES,Roymiles,9,43.3,8.598880396381298e-05,
GROWATT SOFAR SOLAR,GROWATT/SOFAR SOLAR	,4,43.3,8.598880396381298e-05,
ONGRID,ONGRID,5,43.3,8.598880396381298e-05,
SALPLANET,SALPLANET,6,43.26,8.59093685790889e-05,
DEUE,DEUE,3,43.24,8.586965088672687e-05,
GOOWATT,GOOWATT,4,43.230000000000004,8.584979204054586e-05,
TSUNDEYE,TSUNDEYE,4,43.2,8.579021550200279e-05,
SMA BRASIL TECNOLOGIA,SMA BRASIL TECNOLOGIA,1,43.2,8.579021550200279e-05,
HUAWEI WEG SIW500H ST015 M2 SUN2000 15KTL M2,HUAWEI/WEG - SIW500H ST015 M2/SUN2000-15KTL-M2,3,43.2,8.579021550200279e-05,
APSISTEM,APSISTEM,10,43.12,8.563134473255463e-05,
GODOOWE,GODOOWE,2,43.08,8.555190934783055e-05,
MFVOS MO 120 460BELENERGY,mfvos-mo-120-460Belenergy,1,43.0,8.53930385783824e-05,
GROWATTC,GROWATTC,5,43.0,8.53930385783824e-05,
HOYMILES E SAJ,HOYMILES E SAJ,1,43.0,8.53930385783824e-05,
SOFAR E 106 SOLIS,105 - SOFAR e 106 - SOLIS,1,43.0,8.53930385783824e-05,
ELSYS QN SOLAR,Elsys / QN-Solar,1,43.0,8.53930385783824e-05,
GUANGZHOU SANJING ELECTRIC CO,GUANGZHOU SANJING ELECTRIC CO.,6,42.86,8.511501473184813e-05,
CHENZHEN,CHENZHEN,8,42.85,8.509515588566712e-05,
DEYE OU SOLIS,DEYE OU SOLIS,2,42.85,8.509515588566712e-05,
JKM535M 72HL4 BDVP,JKM535M-72HL4-BDVP,1,42.8,8.499586165476202e-05,
GROUWATT,GROUWATT,8,42.72,8.483699088531386e-05,
INVERSOR 8000MTL S MICRO INVERSOR,Inversor: 8000MTL-S; Micro Inversor:,7,42.7,8.479727319295183e-05,
SUNGROW RENOVIGI,SUNGROW|RENOVIGI,4,42.6,8.459868473114164e-05,
ABB TRIO SOLIS,ABB TRIO SOLIS,1,42.6,8.459868473114164e-05,
195 00,"195,00",1,42.56,8.451924934641757e-05,
SOFAR SOLIS SOLIS SOLIS,"Sofar, Solis, Solis, Solis",1,42.5,8.440009626933145e-05,
SOFAR SOLAR SAJ,"SOFAR SOLAR, SAJ",4,42.44,8.428094319224533e-05,
SUNTRIO PLUS 50K,Suntrio Plus 50K,1,42.4,8.420150780752125e-05,
CS3W 440MS,CS3W-440MS,3,42.379999999999995,8.416179011515921e-05,
SOLPNAET,SOLPNAET,6,42.32,8.40426370380731e-05,
JKM530M,JKM530M,2,42.14,8.368517780681476e-05,
HAYMILES,HAYMILES,6,42.06,8.352630703736661e-05,
CENTRAL,central,5,42.06,8.352630703736661e-05,
INVERSOR GRID TIE,Inversor Grid-tie,7,42.03,8.346673049882354e-05,
GROWATT DEYE INVERSORES,GROWATT / DEYE INVERSORES,4,42.03,8.346673049882354e-05,
KSG 12K,KSG-12K,1,42.0,8.340715396028049e-05,
HUWAEI SUN,HUWAEI SUN,2,42.0,8.340715396028049e-05,
WEG SIW300H M040 L1 HUAWEI SUN2000L 4KTL L1,WEG SIW300H M040 L1 / HUAWEI SUN2000L-4KTL-L1,11,42.0,8.340715396028049e-05,
BS 75K G01,550 - BS-75K-G01,1,42.0,8.340715396028049e-05,
SOLPLANET SUNGROW,SOLPLANET / SUNGROW,4,42.0,8.340715396028049e-05,
SUNGROW SG36KTL M FRONIUS PRIMO 6 0 1,SUNGROW SG36KTL-M /FRONIUS - PRIMO 6.0-1,1,42.0,8.340715396028049e-05,
SHENZEN SOFAR SHENZEN SOFAR SOLIS,SHENZEN SOFAR # SHENZEN SOFAR # SOLIS,1,42.0,8.340715396028049e-05,
1P7K 5G,1P7K#5G,6,42.0,8.340715396028049e-05,
AUXSOL NANSEN SOLAR,AUXSOL – NANSEN SOLAR,4,42.0,8.340715396028049e-05,
TSOL MS3000,1542 - TSOL-MS3000,5,42.0,8.340715396028049e-05,
ELYSYS,ELYSYS,7,42.0,8.340715396028049e-05,
SIW300H M060 L1,SIW300H-M060 L1,4,42.0,8.340715396028049e-05,
SIW200G M105,1282 - SIW200G M105,3,42.0,8.340715396028049e-05,
R5 6K S2 15 1104 R6 10K S3,1390 - R5-6K-S2-15;1104 - R6-10K-S3,2,42.0,8.340715396028049e-05,
3X AP SYSTEMS,(3x) AP SYSTEMS,7,42.0,8.340715396028049e-05,
R5 8K S2 15 1390 R5 6K S2 15,1056 - R5-8K-S2-15;1390 - R5-6K-S2-15,3,42.0,8.340715396028049e-05,
CSI 7K S2203A E,1229 - CSI-7K-S2203A-E,6,42.0,8.340715396028049e-05,
HUAWEI SUN2000 33KTL AWEI SUN2000 12KTL WEG SIW500H ST013,HUAWEI / SUN2000-33KTL-AWEI / SUN2000-12KTL (WEG SIW500H ST013),1,42.0,8.340715396028049e-05,
SUN2000 42KTL,SUN2000-42KTL,1,42.0,8.340715396028049e-05,
SUN 3K G04P1 EU AM1,1872 - SUN-3K-G04P1-EU-AM1,14,41.83,8.306955357520316e-05,
RISEN RISEN,"Risen, Risen",3,41.8,8.300997703666009e-05,
MI,MI,2,41.8,8.300997703666009e-05,
SOFDAR,SOFDAR,2,41.7,8.281138857484993e-05,
SYSTEMS,SYSTEMS,11,41.69,8.279152972866889e-05,
HUAEWEI,HUAEWEI,4,41.65,8.271209434394481e-05,
41600,41600,1,41.6,8.261280011303973e-05,
JKM530M 72HL4 TV BF 72HL4 TV B,JKM530M-72HL4-TV BF 72HL4-TV B,1,41.58,8.257308242067769e-05,
FRONIUSSYMO,FRONIUSSYMO,2,41.53,8.247378818977259e-05,
RENOGIGI,RENOGIGI,7,41.519999999999996,8.245392934359156e-05,
GO0DWE,GO0DWE,5,41.5,8.241421165122953e-05,
DEYE E SOFAR,DEYE e SOFAR,3,41.5,8.241421165122953e-05,
RS6 560M E3,RS6-560M-E3,5,41.480000000000004,8.23744939588675e-05,
WEG E 121 DEYE,102 - WEG e 121 - DEYE,1,41.36,8.213618780469526e-05,
SOLAR NPLUS BIFACIAL,SOLAR NPLUS BIFACIAL,8,41.35,8.211632895851425e-05,
LESSO,LESSO,5,41.25,8.191774049670404e-05,
INVERSORES ECORI ENERGIA,inversores - Ecori Energia,1,41.25,8.191774049670404e-05,
ASW40K LT G2,ASW40K-LT-G2,1,41.23,8.1878022804342e-05,
GTI 8K D,GTI 8K-D,1,41.1,8.161985780398876e-05,
F6000,F6000,7,41.09,8.159999895780775e-05,
VERTYS RE NAC,VERTYS/RE NAC,4,41.05,8.152056357308366e-05,
SOLIS E 64 DEYE,43 - SOLIS e 64 - DEYE,4,41.0,8.142126934217857e-05,
UL 550M 144HV,UL-550M-144HV,1,41.0,8.142126934217857e-05,
RENO 10K HC 1963 RGT M 5K 220V 1971 RGT M 6K 220V,1054 - RENO-10K-HC;1963 - RGT-M 5K 220V;1971 - RGT-M 6K 220V,1,41.0,8.142126934217857e-05,
GROWATT RENOVIGI SOLIS,GROWATT / RENOVIGI / SOLIS,1,41.0,8.142126934217857e-05,
8 2,"8,2",3,41.0,8.142126934217857e-05,
HOYMILES E LIVOLTEK,HOYMILES E LIVOLTEK,7,40.9,8.122268088036838e-05,
YH550W 36M,YH550W-36M,1,40.9,8.122268088036838e-05,
RENOGIVI ENERGIA SOLAR,RENOGIVI ENERGIA SOLAR,2,40.879999999999995,8.118296318800633e-05,
SPFAR,SPFAR,7,40.7,8.0825503956748e-05,
HAWEI SUN2000 75KTL M1,HAWEI|SUN2000-75KTL-M1,1,40.7,8.0825503956748e-05,
GROWATT E 105 SOFAR,97 - GROWATT E 105 - SOFAR,1,40.7,8.0825503956748e-05,
SUNGROW NEXEN RENOVIGI RENOVIGI RENOVIGI,Sungrow NEXEN RENOVIGI RENOVIGI RENOVIGI,1,40.7,8.0825503956748e-05,
ALTENERGY POWER SYSTEM,ALTENERGY POWER SYSTEM,5,40.5,8.042832703312761e-05,
DEYEWEG,DEYEWEG,4,40.49,8.040846818694659e-05,
FELICITY SOLAR,FELICITY SOLAR,6,40.44,8.03091739560415e-05,
PHB5000D,PHB5000D,7,40.42,8.026945626367947e-05,
ELSYSSOLAR,ELSYSSOLAR,4,40.300000000000004,8.003115010950723e-05,
1 MAC 25KTL3 XL,1 MAC 25KTL3-XL,1,40.28,7.99914324171452e-05,
EGT 2250 MICRO,EGT 2250 MICRO,7,40.269999999999996,7.997157357096416e-05,
HPT 30KL,1691 - HPT-30KL,2,40.26,7.995171472478315e-05,
SOLAR PLUS,SOLAR PLUS,6,40.25,7.993185587860214e-05,
SOLARRDEGE,solarrdege,1,40.2,7.983256164769704e-05,
SOLAR EDGE T,Solar Edge T.,2,40.2,7.983256164769704e-05,
SOLAREDGESE,SOLAREDGESE,1,40.2,7.983256164769704e-05,
JAM72S30,JAM72S30,3,40.15,7.973326741679195e-05,
BELENERGY B,BELENERGY B,4,40.15,7.973326741679195e-05,
APS YS TEM,20 - APS YS TEM,15,40.12,7.967369087824888e-05,
HCM72X9,HCM72X9,4,40.1,7.963397318588685e-05,
HUAVEI,HUAVEI,4,40.09,7.961411433970584e-05,
LIVOLTEK SOFAR,"LIVOLTEK, SOFAR",3,40.05,7.953467895498174e-05,
HPS HPS 10500T,HPS HPS-10500T,4,40.04,7.951482010880073e-05,
HUALWEI,Hualwei,1,40.0,7.943538472407665e-05,
SOFAR 97 GROWATT,105 - SOFAR 97 - GROWATT,1,40.0,7.943538472407665e-05,
INVERSOR OUROLUX SOLAR MICRO INVERSOR,Inversor: OUROLUX SOLAR; Micro Inversor:,1,40.0,7.943538472407665e-05,
1XINTELBEAS,1XINTELBEAS,1,40.0,7.943538472407665e-05,
EGT 40000 MAX,EGT 40000 MAX,1,40.0,7.943538472407665e-05,
INVERSOR SOLAR MICRO INVERSOR,Inversor: SOLAR; Micro Inversor:,1,40.0,7.943538472407665e-05,
EGT 8000 PRO G2,EGT 8000 PRO G2,4,40.0,7.943538472407665e-05,
1XGROWATT MID25KTL3 X,1XGROWATT//MID25KTL3-X,2,40.0,7.943538472407665e-05,
JKM450M 60HL4 450W,JKM450M-60HL4 450W,1,40.0,7.943538472407665e-05,
STRINGER,STRINGER,1,40.0,7.943538472407665e-05,
SOLPLANET RENOVIGI SAJ,SOLPLANET/RENOVIGI/SAJ,1,40.0,7.943538472407665e-05,
SUN 40K G LV 40KW,639 - SUN-40K-G-LV 40KW,1,40.0,7.943538472407665e-05,
SUNFLOWER,sunflower,1,40.0,7.943538472407665e-05,
SOLPLANETASW20K UT G3,SOLPLANETASW20K-UT-G3,1,40.0,7.943538472407665e-05,
KSG TM E KSG SM,KSG-TM e KSG-SM,1,40.0,7.943538472407665e-05,
JAP72S09 335,JAP72S09-335,1,40.0,7.943538472407665e-05,
X000D SOL PLANET,_x000D_ SOL PLANET,1,40.0,7.943538472407665e-05,
HPT 20KL,1404 - HPT-20KL,1,40.0,7.943538472407665e-05,
HOPESUN HOPESUN,HOPESUN HOPESUN,2,40.0,7.943538472407665e-05,
SOWGROW,SOWGROW,1,40.0,7.943538472407665e-05,
JFY SUNTREE,JFY SUNTREE,2,40.0,7.943538472407665e-05,
T SUNESS T SUNESS,T-Suness T-Suness,3,40.0,7.943538472407665e-05,
K STAR KSG 20K,K-STAR//KSG-20K,1,40.0,7.943538472407665e-05,
SOPFAR 20000TL G2,SOPFAR | 20000TL-G2,1,40.0,7.943538472407665e-05,
ENERGY SOLUTIONS,Energy solutions,1,40.0,7.943538472407665e-05,
SPL20K B,SPl20K-B,2,40.0,7.943538472407665e-05,
BST4,BST4,9,40.0,7.943538472407665e-05,
1XCANADIAN SOLAR CSI 40KTL GI FL,1XCANADIAN SOLAR//CSI-40KTL-GI-FL,1,40.0,7.943538472407665e-05,
SGA SOLUCOES EM ENERGIA,SGA Soluções em Energia,1,40.0,7.943538472407665e-05,
PHB20K MT,PHB20K-MT,2,40.0,7.943538472407665e-05,
BS 10K 1735 BS 5K,951 - BS-10K;1735 - BS-5K,2,40.0,7.943538472407665e-05,
BS 2000 G3 US 220,1616 - BS-2000-G3-US-220,9,40.0,7.943538472407665e-05,
ECOSOLYS BEDIN SOLAR,"ECOSOLYS, Bedin Solar",1,40.0,7.943538472407665e-05,
WEG HUAWEI ABB,WEG (HUAWEI)/  ABB,1,40.0,7.943538472407665e-05,
SUN 2000 20KTL M2,SUN 2000 - 20KTL-M2,2,40.0,7.943538472407665e-05,
20000,20000,2,40.0,7.943538472407665e-05,
HUAWEI WEG SUN2000 36KTL SIW500H ST040,HUAWEI/WEG - SUN2000-36KTL/SIW500H ST040,1,40.0,7.943538472407665e-05,
BEL ENERGIY,BEL ENERGIY,1,40.0,7.943538472407665e-05,
TSM NEG21C 20 710W,TSM-NEG21C.20 710W,1,40.0,7.943538472407665e-05,
SIW500HST022,SIW500HST022,2,40.0,7.943538472407665e-05,
1XSUNGROW SG 40CX,1XSUNGROW//SG-40CX,1,40.0,7.943538472407665e-05,
PM5 78SA,PM5-78SA,1,40.0,7.943538472407665e-05,
1XSOLIS SOLAR,1XSOLIS SOLAR,2,40.0,7.943538472407665e-05,
DW5000 DNS B30,1980 - DW5000-DNS-B30,8,40.0,7.943538472407665e-05,
INVDBE TR 220V 40KW,INVDBE-TR-220V-40KW,1,40.0,7.943538472407665e-05,
TRINA SOLAR MODELO TSM DEG15H 20 II 405W,TRINA SOLAR ; Modelo: TSM-DEG15H.20(II)-405W;,1,40.0,7.943538472407665e-05,
1XWEG HUWAEI 1XSUN200036KTL,1XWEG(HUWAEI)//1XSUN200036KTL),1,40.0,7.943538472407665e-05,
20KTLX G3,1233 - 20KTLX-G3,2,40.0,7.943538472407665e-05,
ELSYS CPS SCA20KTL T EU,ELSYS/ CPS SCA20KTL-T/EU,1,40.0,7.943538472407665e-05,
INVERSORES 1 DEYE INVERSORES 2 GROWATT,inversores 1 DEYE inversores 2 GROWATT,1,40.0,7.943538472407665e-05,
R1 MOTO SERIES,R1 Moto Series,2,40.0,7.943538472407665e-05,
ITELBRAS INVERSOR,ITELBRAS INVERSOR,1,40.0,7.943538472407665e-05,
SOLIS5G,SOLIS5G,1,40.0,7.943538472407665e-05,
JINKO SOLLAR,Jinko Sollar,1,40.0,7.943538472407665e-05,
HYAWEI,HYAWEI,1,40.0,7.943538472407665e-05,
HIDM,HiDM,1,40.0,7.943538472407665e-05,
R6 20K T2 32,R6-20K-T2-32,2,40.0,7.943538472407665e-05,
BELENERGY BEL 20K G,BELENERGY - BEL-20K-G,2,40.0,7.943538472407665e-05,
INVERSORES FOTOVOLTAICOS CSI,Inversores Fotovoltaicos CSI,1,40.0,7.943538472407665e-05,
SG20CX P2 LV,1487 - SG20CX-P2-LV,2,40.0,7.943538472407665e-05,
1DEYE SUN 40K G,1DEYE//SUN-40K-G,1,40.0,7.943538472407665e-05,
DEUYE,DEUYE,1,40.0,7.943538472407665e-05,
S5 GR3P20K,S5-GR3P20K	,1,40.0,7.943538472407665e-05,
SMA SUNNY TRIPOWER 25000TL,SMA / Sunny Tripower 25000TL,1,40.0,7.943538472407665e-05,
SMART STRING INVERTER,Smart String Inverter,2,40.0,7.943538472407665e-05,
R640KT432,R640KT432,1,40.0,7.943538472407665e-05,
BEL ENNERGY,bel ennergy,1,40.0,7.943538472407665e-05,
2XHUWAEI SUN2000 20KTL MO,2XHUWAEI SUN2000-20KTL-MO,1,40.0,7.943538472407665e-05,
2XKOMECO KSG,2XKOMECO KSG,1,40.0,7.943538472407665e-05,
CSI 40KTL GI FL,CSI-40KTL-GI-FL,1,40.0,7.943538472407665e-05,
MBTECHECOSOLIS,MBTechecoSolis,2,40.0,7.943538472407665e-05,
2XABB TRIO 20 0 TL OUTD S2X 400,2XABB//TRIO-20.0-TL-OUTD-S2X-400,1,40.0,7.943538472407665e-05,
CS3W420P,CS3W420P,1,40.0,7.943538472407665e-05,
40KTLX G4 LV,1888 - 40KTLX-G4-LV,1,40.0,7.943538472407665e-05,
FRONOIUS,FRONOIUS,1,40.0,7.943538472407665e-05,
40000TL3 S,40000TL3-S,1,40.0,7.943538472407665e-05,
REFEUSOL,REFEUSOL,1,40.0,7.943538472407665e-05,
SHENZHEN SOFARSOLAR CO SUNWAYS,Shenzhen SOFARSOLAR Co + SUNWAYS,1,40.0,7.943538472407665e-05,
SUNNY BOY 4KW,SUNNY BOY 4KW,1,40.0,7.943538472407665e-05,
RENALVIGI,RENALVIGI,1,40.0,7.943538472407665e-05,
ATT 20KW TRIFASICO 220V,ATT 20KW TRIFÁSICO 220V,1,40.0,7.943538472407665e-05,
DEYERENOVIGI,DEYERENOVIGI,2,39.92,7.927651395462851e-05,
JKM460M 7RL3 V,JKM460M-7RL3-V,1,39.9,7.923679626226646e-05,
TYPE,TYPE,7,39.9,7.923679626226646e-05,
VERTYS SOLAR,VERTYS SOLAR,7,39.9,7.923679626226646e-05,
APSYSTEMS SOFAR,APSYSTEMS - SOFAR,3,39.8,7.903820780045626e-05,
HUAWEI WEG SUN2000 20KTL M0 SIW500H ST020,HUAWEI/WEG - SUN2000-20KTL-M0/SIW500H ST020,2,39.8,7.903820780045626e-05,
W M LAUDISIO JUNIOR ME,W M LAUDISIO JUNIOR - ME,8,39.8,7.903820780045626e-05,
RESUN SOLAR ENERGY,RESUN SOLAR ENERGY,4,39.76,7.895877241573219e-05,
INVERSOR HYXIPOWER MICRO INVERSOR,Inversor: HYXIPOWER; Micro Inversor:,8,39.66,7.8760183953922e-05,
GOODOWE,GOODOWE,7,39.63,7.870060741537894e-05,
BELERNGY,BELERNGY,4,39.61,7.866088972301691e-05,
MIC 2500TL X,MIC-2500TL-X,15,39.6,7.86410308768359e-05,
1XSMA TECHNOLOGIE,1XSMA TECHNOLOGIE,1,39.6,7.86410308768359e-05,
SOLPLANEI,SOLPLANEÍ,5,39.58,7.860131318447385e-05,
HYNPOTECH,HYNPOTECH,5,39.54,7.852187779974977e-05,
SYMO 12 5 3 M E ECO 27 0 3 S,Symo 12.5-3-M e Eco 27.0-3-S,1,39.5,7.84424424150257e-05,
DHM 72L9 BF 450,DHM-72L9/BF 450,1,39.5,7.84424424150257e-05,
RENOVIGI HOYMILES GOODWE,Renovigi / HOYMILES / GOODWE,1,39.4,7.82438539532155e-05,
GINLONG TECHNOLOGIES CO LTDA,"GINLONG TECHNOLOGIES CO., LTDA.",3,39.36,7.816441856849142e-05,
ECOSOYS,ECOSOYS,7,39.31,7.806512433758633e-05,
PHBELETRONICALTDA PHB21KT DT,PHBEletrônicaLTDA PHB21KT-DT,2,39.230000000000004,7.790625356813819e-05,
FRONIUS E HUAWEI,FRONIUS E HUAWEI,2,39.2,7.784667702959513e-05,
PHB20K DT,PHB20K-DT,2,39.2,7.784667702959513e-05,
ES GT 05K,308 - ES GT-05K,7,39.19,7.78268181834141e-05,
SOLPL,SOLPL,8,39.17,7.778710049105206e-05,
TOURIGA EA5KSI,TOURIGA EA5KSI,7,39.15,7.774738279869002e-05,
LINES,7-LINES,8,39.129999999999995,7.770766510632797e-05,
SOLAR RENA,SOLAR RENA,6,39.1,7.764808856778494e-05,
SMA SB5 0,SMA/ SB5.0-,8,39.07,7.758851202924187e-05,
VSUN,VSUN,7,39.07,7.758851202924187e-05,
EMSJ 445M HC,emsj-445M HC,6,39.06,7.756865318306086e-05,
BENENERGY,BENENERGY,2,39.0,7.744950010597474e-05,
BEL 15K G LV,BEL-15K-G-LV,3,39.0,7.744950010597474e-05,
RENO500,RENO500,3,39.0,7.744950010597474e-05,
NOVO,Novo,2,39.0,7.744950010597474e-05,
1 FRONIUS 2 SUNGROW,1 FRONIUS - 2 SUNGROW,1,39.0,7.744950010597474e-05,
SUNGROW E FRONIUS PRIMO 3,SUNGROW E FRONIUS PRIMO 3,1,39.0,7.744950010597474e-05,
WEG HUAWEI TECHNO CO,WEG Huawei Techno Co,2,38.98,7.740978241361269e-05,
NAC8K DS,NAC8K-DS,5,38.98,7.740978241361269e-05,
LR4 72HPH 435M,LR4-72HPH-435M,2,38.949999999999996,7.735020587506963e-05,
SOUS,SOUS,8,38.9,7.725091164416454e-05,
IINTELBRAS,iINTELBRAS,6,38.83,7.711189972089741e-05,
MICRO BELENERG,MICRO BELENERG,3,38.8,7.705232318235435e-05,
MGK 36,MGK-36,1,38.8,7.705232318235435e-05,
MANSEN,MANSEN,8,38.8,7.705232318235435e-05,
TECH POWER MI2 2000,TECH POWER MI2-2000,4,38.72,7.689345241290621e-05,
JKM,JKM,6,38.72,7.689345241290621e-05,
ELGINELGIN,ELGINELGIN,4,38.57,7.659556972019091e-05,
INVERSOR SUNGR MICRO INVERSOR,Inversor: SUNGR; Micro Inversor:,7,38.52,7.649627548928582e-05,
SUN 45K G LV,1524 - SUN-45K-G-LV,1,38.5,7.645655779692378e-05,
REFUSOL RENAC,REFUSOL/RENAC,2,38.43,7.631754587365664e-05,
TP7F72M H,TP7F72M(H),1,38.4,7.625796933511359e-05,
CS3W450MS,CS3W450MS,2,38.4,7.625796933511359e-05,
NINGBO AUX SOLAR IMPORT EXPORT CO LTD,"Ningbo AUX Solar Import & Export Co., Ltd.",5,38.36,7.617853395038952e-05,
SOLPLANET TSUNESS,SOLPLANET/TSUNESS,2,38.35,7.61586751042085e-05,
G R O WATT,G r o watt,7,38.230000000000004,7.592036895003627e-05,
BALENERGY,BALENERGY,8,38.22,7.590051010385525e-05,
APSYSTEMS SOLPLANET GROWATT,APSYSTEMS / SOLPLANET / GROWATT,1,38.2,7.58607924114932e-05,
DRYE,86 - DRYE,1,38.16,7.578135702676912e-05,
PHN,PHN,3,38.13999999999999,7.574163933440708e-05,
GROWATT 35 HUAWEI,32 - GROWATT / 35 - HUAWEI,1,38.13,7.572178048822608e-05,
HYPONTCH HPS 6500D,HYPONTCH HPS-6500D,5,38.1,7.566220394968301e-05,
HOIMILLES,HOIMILLES,3,38.1,7.566220394968301e-05,
HYPONTCH HPT 20KL,HYPONTCH HPT-20KL,1,38.08,7.562248625732098e-05,
HOPEWIN,HOPEWIN,6,38.07,7.560262741113997e-05,
PHP SOLAR,PHP SOLAR,3,38.05,7.556290971877792e-05,
BELENERGY BEL 18K G BEL 20K G,BelEnergy - BEL-18K-G + BEL-20K-G,1,38.0,7.546361548787282e-05,
SHENZHEM SHENZHEN,SHENZHEM- Shenzhen,1,38.0,7.546361548787282e-05,
JAM72D30 540W,JAM72D30 540W,1,38.0,7.546361548787282e-05,
BS 10K 1801 BS 3K 1735 BS 5K,951 - BS-10K;1801 - BS-3K;1735 - BS-5K,1,38.0,7.546361548787282e-05,
NORTH SOLAR,NORTH SOLAR,1,38.0,7.546361548787282e-05,
SOLPLANETSOLPLANETSOLPLANET,SOLPLANETSOLPLANETSOLPLANET,5,38.0,7.546361548787282e-05,
GOODWE HUAWEI WEG,GOODWE / HUAWEI (WEG),2,38.0,7.546361548787282e-05,
PBH ELETRONICA,pbh eletronica,2,38.0,7.546361548787282e-05,
SHENZHEN SOFARSOLAR CO 33000TL E,Shenzhen SOFARSOLAR Co - 33000TL e,1,38.0,7.546361548787282e-05,
FRONIUS NINGBO DEYE INVERTER TECHNOLOGY CO LTD,"FRONIUS; Ningbo Deye Inverter Technology Co., Ltd.",1,38.0,7.546361548787282e-05,
2XELGIN,2xELGIN,1,38.0,7.546361548787282e-05,
BEL2000G3 US 220 2KW,BEL2000G3-US-220 2kw,1,38.0,7.546361548787282e-05,
SUNGROW GOODWE DEYE,SUNGROW; GOODWE; DEYE,1,38.0,7.546361548787282e-05,
ENERGIA SOLAR CIASOLAR,energia-solar / CiaSolar,1,38.0,7.546361548787282e-05,
TECPOWER,TECPOWER,9,38.0,7.546361548787282e-05,
INVERSORES MONOFASICOS SUNUNO PLUS,Inversores Monofásicos Sununo Plus,6,38.0,7.546361548787282e-05,
SERAPHIM,SERAPHIM,8,37.95,7.536432125696773e-05,
MFVHO MO 156 600W,MFVHO-MO-156-600W,4,37.9,7.526502702606263e-05,
RENOVIGI B B POWER SOLIS RENO 40K NG,RENOVIGI/B&B Power/SOLIS - RENO 40K-NG,1,37.8,7.506643856425244e-05,
JINKO TIGER PRO,JINKO TIGER PRO,6,37.76,7.498700317952836e-05,
ALTENERGY POWER SYSTEMS,Altenergy Power Systems,10,37.75,7.496714433334735e-05,
CANADAIN,canadain,9,37.75,7.496714433334735e-05,
JAM,JAM,2,37.73,7.49274266409853e-05,
GROWATTSOLIS,GROWATTSOLIS,3,37.7,7.486785010244226e-05,
GINLONG FRONIUS SOLIS 15K,GINLONG FRONIUS SOLIS 15K,1,37.7,7.486785010244226e-05,
INVERSOR BEL ENERGY,INVERSOR BEL ENERGY,1,37.7,7.486785010244226e-05,
INVDE,INVDE,7,37.67,7.48082735638992e-05,
SOLAR INOVE,Solar Inove,5,37.64,7.474869702535613e-05,
SOLIS1P8K 4G,Solis1P8k-4G,5,37.6,7.466926164063207e-05,
BELENERGY BEL5K G,Belenergy / Bel5K-G,8,37.59,7.464940279445104e-05,
GROWATT 29 HUAWEI,11 - GROWATT / 29 - HUAWEI,3,37.54,7.455010856354594e-05,
GROWATT GROWATT SAJ GROWATT,GROWATT / GROWATT / SAJ / GROWATT,1,37.5,7.447067317882187e-05,
BELENERGY SOLIS GROWATT,Belenergy | Solis | Growatt,1,37.5,7.447067317882187e-05,
REVIGI,REVIGI,1,37.5,7.447067317882187e-05,
SYMO 17 5 3 M 43 SYMO 20 0 3 M,42 - SYMO 17.5-3-M;43 - SYMO 20.0-3-M,1,37.5,7.447067317882187e-05,
INVERSOR GIN MICRO INVERSOR,Inversor: gin; Micro Inversor:,1,37.5,7.447067317882187e-05,
FOX ESS FOX VL37 5K,"FOX ESS FOX VL37,5K",1,37.5,7.447067317882187e-05,
LV EET37 5 M1,2027 - LV-EET37.5-M1,1,37.5,7.447067317882187e-05,
CS3U 360P 1500V,CS3U-360P (1500V),7,37.49,7.445081433264085e-05,
SCHNEIDER APSYSTEMS GROWATT FRONIUS,Schneider; APSystems; Growatt; Fronius,1,37.44,7.435152010173575e-05,
PLUS,PLUS,6,37.4,7.427208471701167e-05,
REFUONE 3K 2T,REFUONE 3K-2T,12,37.36,7.419264933228759e-05,
SOLISSOLIS 3P20K 4G,SOLISSOLIS-3P20K-4G,2,37.25,7.397420202429639e-05,
BELENERGY BEL 40K G,BELENERGY | BEL-40K-G,1,37.24,7.395434317811536e-05,
BEBPOWER,BEBPOWER,9,37.22,7.391462548575333e-05,
11000TL3 S,11000TL3-S,4,37.2,7.38749077933913e-05,
ELSYS ESM 8000,ELSYS| ESM-8000,4,37.2,7.38749077933913e-05,
GRUWATT,Gruwatt,6,37.2,7.38749077933913e-05,
INVERSOR GROWALT MICRO INVERSOR,Inversor: GROWALT; Micro Inversor:,8,37.15,7.377561356248618e-05,
HOYMALLES,HOYMALLES,8,37.15,7.377561356248618e-05,
JKM530M 72HL4 V,JKM530M-72HL4-V,1,37.1,7.36763193315811e-05,
HONOR ENERGY,HONOR ENERGY,5,37.03,7.353730740831397e-05,
APSYNTEMS,APSYNTEMS,6,37.02,7.351744856213295e-05,
HOYMILES INTELBRAS SAJ,"HOYMILES, INTELBRAS, SAJ",1,37.02,7.351744856213295e-05,
HI MO,HI-MO,2,37.0,7.347773086977091e-05,
SOFAR 129 SOLPLANET,SOFAR / 129 - SOLPLANET,3,37.0,7.347773086977091e-05,
SOLIS1P10K 4G 1P7K 5G,Solis1P10k -4G /1P7K- 5G,1,37.0,7.347773086977091e-05,
BEL 35K G LV,1057 - BEL-35K-G-LV,2,37.0,7.347773086977091e-05,
KOPP KOPP,kopp; kopp,3,37.0,7.347773086977091e-05,
CANADIAN SOLAR SUNGROW SOFAR,"CANADIAN SOLAR, SUNGROW, SOFAR	",1,37.0,7.347773086977091e-05,
FRONIUS DO BRASIL 36 GOODWE,5 - FRONIUS DO BRASIL / 36 - GOODWE,1,37.0,7.347773086977091e-05,
DEYE SHENZEN SOFAR SOLIS,"DEYE, SHENZEN SOFAR, SOLIS",1,37.0,7.347773086977091e-05,
GROWATT SOLIS E DEYE,"GROWATT, SOLIS E DEYE",1,37.0,7.347773086977091e-05,
SHIN,SHIN,3,37.0,7.347773086977091e-05,
SIW200G M080 W1 SIW200G M105 W1,SIW200G M080 W1	 / SIW200G M105 W1	,1,37.0,7.347773086977091e-05,
RENOVIGY ENERGIA SOLAR,Renovigy Energia Solar,5,37.0,7.347773086977091e-05,
GOODWE FOXESS,GOODWE / FOXESS,2,37.0,7.347773086977091e-05,
1P7K 4G 1P10K 4G,1p7k-4g       - 1p10k-4g,1,37.0,7.347773086977091e-05,
RINOVIGI,RINOVIGI,2,37.0,7.347773086977091e-05,
PGB,PGB,7,37.0,7.347773086977091e-05,
1X SMA SUNNY,1X SMA SUNNY,1,36.96,7.339829548504682e-05,
JAM72D30 MB,JAM72D30/MB,1,36.8,7.308055394615052e-05,
RENO 20K LV,RENO-20K-LV,2,36.8,7.308055394615052e-05,
SHINT POWER,SHINT POWER,7,36.78,7.304083625378848e-05,
X1 BOOST 5K G4,1790 - X1-BOOST-5K-G4,8,36.739999999999995,7.296140086906439e-05,
IMARS SERIES,IMARS SERIES,4,36.730000000000004,7.29415420228834e-05,
HONOR SOLSR,HONOR SOLSR,6,36.7,7.288196548434034e-05,
AURORA TRIO 20 0TL OUTD,Aurora Trio-20.0TL-OUTD,7,36.65,7.278267125343524e-05,
R3 40K G5,1034 - R3-40K-G5,1,36.63,7.27429535610732e-05,
MS,8500-MS,3,36.6,7.268337702253015e-05,
FRONIUS 64 DEYE,FRONIUS / 64 - DEYE,1,36.6,7.268337702253015e-05,
FOZESS,FOZESS,7,36.54,7.256422394544402e-05,
HUAWEI WEG SIW500H ST020 SUN2000 20KTL M0,HUAWEI/WEG - SIW500H ST020/ SUN2000-20KTL-M0,2,36.5,7.248478856071994e-05,
SUNGROW E FOXESS,Sungrow e FoxESS,1,36.5,7.248478856071994e-05,
INTELBAS,Intelbas,5,36.43,7.234577663745282e-05,
CSUN,CSUN/,3,36.4,7.228620009890975e-05,
GT1 6KD1,1435 - GT1-6KD1,7,36.339999999999996,7.216704702182364e-05,
BEL 40K G LV,BEL-40K-G-LV,1,36.3,7.208761163709956e-05,
1XDEYE SUN 40K G,1XDEYE//SUN-40K-G,1,36.27,7.202803509855652e-05,
7 5KTLM G3,7.5KTLM-G3,5,36.25,7.198831740619447e-05,
SOLAREDEGE TECNOLOGIES,SOLAREDEGE TECNOLOGIES,2,36.24,7.196845856001346e-05,
FRONIUS CORDEIRO SOLIS SOLIS,FRONIUS/CORDEIRO-SOLIS/SOLIS,1,36.2,7.188902317528938e-05,
ASW SOLAR,ASW SOLAR,2,36.150000000000006,7.178972894438429e-05,
1XRENOVIGI RENO20K,1XRENOVIGI//RENO20K,2,36.08,7.165071702111713e-05,
GW,GW,5,36.07,7.163085817493613e-05,
WEG HUAWEI SUN2000 60KTL M0,WEG HUAWEI//SUN2000-60KTL-M0,1,36.06,7.161099932875511e-05,
R5 7K S2,647 - R5-7K-S2,5,36.04,7.157128163639306e-05,
TRIO 20 0 TL OUTD S2X 400,TRIO-20.0-TL-OUTD-S2X-400.,1,36.04,7.157128163639306e-05,
SOLLPLANET,SOLLPLANET,5,36.03,7.155142279021205e-05,
SG 36KTL M,SG-36KTL-M,1,36.0,7.149184625166898e-05,
TALLMAX 345W,TALLMAX 345W,1,36.0,7.149184625166898e-05,
ABB CANADIAN GOODWE,ABB/CANADIAN/GOODWE/,1,36.0,7.149184625166898e-05,
SS 550 72MDH 550W,SS-550- 72MDH 550W,6,36.0,7.149184625166898e-05,
SIW300 M060 W00,SIW300 M060 W00,5,36.0,7.149184625166898e-05,
JKM470N 7RL3,JKM470N7RL3,1,36.0,7.149184625166898e-05,
SIW500H ST012 SUN 2000 12KTL M0,SIW500H ST012 (SUN 2000 - 12KTL-M0),3,36.0,7.149184625166898e-05,
SIW300H M030 W00,SIW300H M030 W00,11,36.0,7.149184625166898e-05,
SIW400G T012 W0,1222 - SIW400G T012 W0,2,36.0,7.149184625166898e-05,
GROWATTSOLAR,GROWATTSOLAR,3,36.0,7.149184625166898e-05,
GROWATTXL,GROWATTXL,1,36.0,7.149184625166898e-05,
HUAWEI SUN2000 40KTL WEG SIW500H ST040,HUAWEI // SUN2000-40KTL (WEG SIW500H ST040),1,36.0,7.149184625166898e-05,
SIW500H ST036,SIW500H ST036,1,36.0,7.149184625166898e-05,
GOODSE,GOODSE,1,36.0,7.149184625166898e-05,
DEYE HUAWEI HUAWEI,DEYE / HUAWEI / HUAWEI,1,36.0,7.149184625166898e-05,
TSM PEG15H 350W,TSM-PEG15H-350W,1,36.0,7.149184625166898e-05,
QT2D,QT2D,3,36.0,7.149184625166898e-05,
HUAWEI WEG SUN2000 36KTL,HUAWEI/WEG*SUN2000-36KTL,1,36.0,7.149184625166898e-05,
STS 8KTL 1116 STS 10KTL,1082 - STS-8KTL;1116 - STS-10KTL,2,36.0,7.149184625166898e-05,
R6 36K T3 32,R6-36K-T3-32,1,36.0,7.149184625166898e-05,
HUAWEI SUN2000 36KTL A WEG SIW500H ST040,HUAWEI // SUN2000-36KTL-A (WEG SIW500H ST040),1,36.0,7.149184625166898e-05,
WEG HUAWEI 26 05 2020,WEG-HUAWEI/26/05/2020,1,36.0,7.149184625166898e-05,
GROWATTR,GROWATTR,1,36.0,7.149184625166898e-05,
PLACA MONOCRISTALINA 450 W,PLACA MONOCRISTALINA 450 W,1,36.0,7.149184625166898e-05,
SL370TU,SL370TU-,1,36.0,7.149184625166898e-05,
AP72S01 330 SC,AP72S01-330/SC,1,36.0,7.149184625166898e-05,
DEYEE,deyee,2,36.0,7.149184625166898e-05,
DEYEDEYEHIBRIDO,DEYEDEYEHIBRIDO,2,36.0,7.149184625166898e-05,
SG36CX P2,SG36CX-P2,1,36.0,7.149184625166898e-05,
TITANIUM WDC,TITANIUM WDC,2,36.0,7.149184625166898e-05,
CPS SCA18KTL T1 SA,1602 - CPS SCA18KTL-T1/SA,2,36.0,7.149184625166898e-05,
KUWAI,KUWAI,1,36.0,7.149184625166898e-05,
1XPHB SOLAR PHB36K MT,1XPHB SOLAR//PHB36K-MT,1,36.0,7.149184625166898e-05,
1XHUWAEI SUN2000 36KTL,1XHUWAEI SUN2000-36KTL,1,36.0,7.149184625166898e-05,
1XHUWAEI SUN2000 12KTL MO,1XHUWAEI SUN2000-12KTL-MO,3,36.0,7.149184625166898e-05,
WEG HUAWEI SIW500H ST012 SUN2000 12KTL M0,WEG/HUAWEI - SIW500H- ST012/SUN2000- 12KTL-M0,3,36.0,7.149184625166898e-05,
13,13,14,36.0,7.149184625166898e-05,
GRAWATT 36KW,GRAWATT 36KW,1,36.0,7.149184625166898e-05,
1XHUWAEI SUN 2000 36KTL SIW500H ST036,1XHUWAEI SUN-2000-36KTL(SIW500H-ST036),1,36.0,7.149184625166898e-05,
185 91,"185,91",1,36.0,7.149184625166898e-05,
GROWATR,GROWATR,2,36.0,7.149184625166898e-05,
SOFAR SOLAR TSUNESS,SOFAR SOLAR + TSUNESS,2,36.0,7.149184625166898e-05,
CHSM72N DG F BH 570HUAWEI,CHSM72N(DG)/F-BH-570HUAWEI,1,36.0,7.149184625166898e-05,
SUN2000 36 KTL,SUN2000-36-KTL,1,36.0,7.149184625166898e-05,
DEYEDEYEDEYE,DEYEDEYEDEYE,7,35.91,7.131311663603982e-05,
BEL ENERGY POWE,BEL ENERGY POWE,2,35.8,7.10946693280486e-05,
ELGINDEYE,ELGINDEYE,2,35.8,7.10946693280486e-05,
GT1 6K D,GT1-6K-D,4,35.79,7.107481048186759e-05,
SOLAR EGDE,SOLAR EGDE,2,35.7,7.089608086623842e-05,
7 5,"7,5",5,35.7,7.089608086623842e-05,
BDY,BDY,3,35.7,7.089608086623842e-05,
M2 225K S4,M2-225K-S4,10,35.68,7.085636317387638e-05,
CSI SERIES GRID TIED PV,CSI SERIES GRID-TIED PV,2,35.64,7.07769277891523e-05,
INVERSOR GRO MICRO INVERSOR,Inversor: GRO; Micro Inversor:,4,35.62,7.073721009679025e-05,
MICRO APSYSTEM,MICRO APSYSTEM,13,35.6,7.069749240442823e-05,
HOYMILEES,HOYMILEES,7,35.6,7.069749240442823e-05,
CHIT POWER,CHIT POWER,5,35.6,7.069749240442823e-05,
DHP72 330W,DHP72-330W,7,35.56,7.061805701970415e-05,
SOFAR GOODWE DEYE,SOFAR / GOODWE / DEYE,1,35.5,7.049890394261804e-05,
GODWEE GODWEE,"GODWEE, GODWEE",1,35.5,7.049890394261804e-05,
FRONIUS FRONIUS ABB,FRONIUS; FRONIUS; ABB,1,35.5,7.049890394261804e-05,
INVERSOR FOXES MICRO INVERSOR,Inversor: FOXES; Micro Inversor:,6,35.49,7.047904509643702e-05,
MIN9000TL X,997 - MIN9000TL-X,4,35.480000000000004,7.0459186250256e-05,
INTELBRASD,INTELBRASD,3,35.44,7.037975086553191e-05,
PHB3300 XS,1836 - PHB3300-XS,11,35.44,7.037975086553191e-05,
APSYSTEMSAPSYSTEMS,ApsystemsApsystems,9,35.4,7.030031548080785e-05,
SUN 20K G04 LV,2076 - SUN-20K-G04-LV,2,35.4,7.030031548080785e-05,
FRONIUS LIVOLTEK,FRONIUS LIVOLTEK,3,35.4,7.030031548080785e-05,
CHINTCHINT,CHINTCHINT,2,35.34,7.018116240372172e-05,
EGT 10500 PRO,EGT 10500 PRO,3,35.28,7.006200932663561e-05,
INTELB RAS,INTELB RAS,6,35.28,7.006200932663561e-05,
KEHUA SAJ,"KEHUA, SAJ",2,35.25,7.000243278809255e-05,
HOYNILES,HOYNILES,9,35.230000000000004,6.996271509573053e-05,
WUAHEI,WUAHEI,1,35.2,6.990313855718746e-05,
TRIFASICO,TRIFASICO,1,35.2,6.990313855718746e-05,
S5 GC40K,S5-GC40K,1,35.19,6.988327971100644e-05,
12000TL3 S,12000TL3-S,3,35.120000000000005,6.974426778773932e-05,
SPOLARPV,SPOLARPV,6,35.1,6.970455009537727e-05,
OUT BACK POWER,Out Back Power,7,35.09,6.968469124919625e-05,
JKM565N72HL4 V,JKM565N72HL4-V,7,35.08,6.966483240301523e-05,
HPS 5000D,1428 - HPS-5000D,8,35.01,6.952582047974809e-05,
NOVA SERRANA,nova serrana,1,35.0,6.950596163356708e-05,
GOODWEN,GOODWEN,1,35.0,6.950596163356708e-05,
ABB HUAWEI TRIO 20 0 TL OUTD S2X 400 SUN2000 15KTL M2,ABB + HUAWEI	TRIO-20.0-TL-OUTD-S2X-400 + SUN2000-15KTL-M2,1,35.0,6.950596163356708e-05,
HOPESUN 35KTL LV 220V,HOPESUN 35KTL-LV-220V,1,35.0,6.950596163356708e-05,
BS 5K 951 BS 10K,1735 - BS-5K;951 - BS-10K,1,35.0,6.950596163356708e-05,
MID 25KTL3 XL2 1893 MIN 10000TL X2,1890 - MID 25KTL3-XL2;1893 - MIN 10000TL-X2,1,35.0,6.950596163356708e-05,
CANADIAN CHINT,CANADIAN / CHINT,1,35.0,6.950596163356708e-05,
SUN 35K G,SUN-35K-G,1,35.0,6.950596163356708e-05,
SOLPLANET WEG INVERSOR JA INSTALADO,SOLPLANET / WEG (INVERSOR JÁ INSTALADO),1,35.0,6.950596163356708e-05,
INVERSOR SUNGRO MICRO INVERSOR,Inversor: SUNGRO; Micro Inversor:,4,35.0,6.950596163356708e-05,
HUAWUEI,HUAWUEI,3,35.0,6.950596163356708e-05,
PHB35K MT,188 - PHB35K-MT,1,35.0,6.950596163356708e-05,
DEYESUN 15K,DEYESUN-15K-,1,35.0,6.950596163356708e-05,
200,200,1,35.0,6.950596163356708e-05,
RISEN MONOCRISTALINO,Risen Monocristalino,1,35.0,6.950596163356708e-05,
MIN 5000TL X 795 MID 30KTL3 X,349 - MIN 5000TL-X;795 - MID 30KTL3-X.,1,35.0,6.950596163356708e-05,
KEHUA TECH E 60 GOODWE E,99 - KEHUA TECH E 60 - GOODWE E,1,35.0,6.950596163356708e-05,
GINLONG RENOVIGI SOLIS RENOVIGI,GINLONG/RENOVIGI - SOLIS/RENOVIGI,1,35.0,6.950596163356708e-05,
BELENERGY BEL 35K G LV,BELENERGY BEL-35K-G-LV,1,35.0,6.950596163356708e-05,
IDEYE,IDEYE,3,35.0,6.950596163356708e-05,
5KTLM G3 1579 30KTLX G3 LV,954 - 5KTLM-G3;1579 - 30KTLX-G3-LV,1,35.0,6.950596163356708e-05,
INTELBRAS HOYMILES DEYE,INTELBRAS / HOYMILES / DEYE,1,35.0,6.950596163356708e-05,
AUXOL AUXOL,"AUXOL, AUXOL",1,35.0,6.950596163356708e-05,
R6 30K T4 32 LV 1468 R5 5K S2 15,1030 - R6-30K-T4-32-LV;1468 - R5-5K-S2-15,1,35.0,6.950596163356708e-05,
INOVACARE SOLAR,Inovacare SOLAR,3,35.0,6.950596163356708e-05,
SS GC30K LV S6 GR1P5K,"SS-GC30K-LV, S6-GR1P5K",1,35.0,6.950596163356708e-05,
HYPON TECH HPS 5000D,HYPON TECH HPS-5000D,6,35.0,6.950596163356708e-05,
SOLPLANTET,SOLPLANTET,2,35.0,6.950596163356708e-05,
BS 20K G02 1231 BS 15K 220 G3,934 - BS-20K-G02;1231 - BS-15K-220-G3,1,35.0,6.950596163356708e-05,
ABB DEYE TRIO 20 0 TL OUTD S2X 400 SUN 15K G03,abb+deye - trio-20.0-tl-outd-s2x 400+sun-15k-g03,1,35.0,6.950596163356708e-05,
SG15CX P2 LV 1487 SG20CX P2 LV,1492 - SG15CX-P2-LV;1487 - SG20CX-P2-LV,1,35.0,6.950596163356708e-05,
GROAWWATT,GROAWWATT,2,35.0,6.950596163356708e-05,
B B SCHNEIDER,B&B / SCHNEIDER,1,35.0,6.950596163356708e-05,
DHN 72X16 DG BW,DHN-72X16/DG/BW,2,35.0,6.950596163356708e-05,
S5 GC20K LV 909 S5 GC15K LV,952 - S5-GC20K-LV;909 - S5-GC15K-LV,1,35.0,6.950596163356708e-05,
SUN2000 10K LCO 2026 SUN2000 25K MB0,1745 - SUN2000-10K-LCO;2026 - SUN2000-25K-MB0,1,35.0,6.950596163356708e-05,
LP182 M 78 MH,LP182-M-78-MH,1,35.0,6.950596163356708e-05,
OMNIK NEW ENERGY CO LTD,"Omnik New Energy Co., Ltd",6,35.0,6.950596163356708e-05,
R6 10K S3 641 R5 5K S2 1388 R6 20K T3 32 LV,1104 - R6-10K-S3;641 - R5-5K-S2;1388 - R6-20K-T3-32-LV,1,35.0,6.950596163356708e-05,
R5 5K S2 15 1030 R6 30K T4 32 LV,1272 - R5-5K-S2-15;1030 - R6-30K-T4-32-LV,1,35.0,6.950596163356708e-05,
MID 15KTL3 XL2 1666 MID 20KTL3 XL2,1652 - MID 15KTL3-XL2;1666 - MID 20KTL3-XL2,1,35.0,6.950596163356708e-05,
FRONIUS DO BRASIL SUNGROW,FRONIUS DO BRASIL / SUNGROW,1,35.0,6.950596163356708e-05,
SIW200G M030 W1,SIW200G M030 W1,12,34.95,6.940666740266199e-05,
SUNGROW E DEYE,SUNGROW E DEYE,3,34.93,6.936694971029994e-05,
AP SYSTEMS ALTENERGY,AP SYSTEMS ALTENERGY,11,34.9,6.930737317175687e-05,
RENO 5K HC,RENO - 5K-HC,7,34.88,6.926765547939484e-05,
GUANGZHOU SANJING ELETRIC,GUANGZHOU SANJING ELETRIC,2,34.85,6.92080789408518e-05,
AP SYSTEMS E SOLAR EDGE,AP SYSTEMS E SOLAR EDGE,1,34.8,6.910878470994668e-05,
SOLAR EDGE HOME WAVE,SOLAR EDGE HOME WAVE,7,34.78,6.906906701758465e-05,
FRONIUS PRIMO KSTAR,FRONIUS PRIMO / KSTAR,1,34.6,6.871160778632631e-05,
1XHUWAEI SUN2000 12KTL,1XHUWAEI SUN2000-12KTL-,3,34.53,6.857259586305918e-05,
C A NADIAN,C A NADIAN,10,34.52,6.855273701687815e-05,
154 00,"154,00",1,34.52,6.855273701687815e-05,
R6 15K T2 32 LV 1727 SUN M225G4 EU Q0,1202 - R6-15K-T2-32-LV;1727 - SUN-M225G4-EU-Q0,2,34.5,6.851301932451611e-05,
SIRIUS SOLAR,Sirius Solar,4,34.5,6.851301932451611e-05,
R6 15K T2 32 LV 1902 M2 2 25K S4,1202 - R6-15K-T2-32-LV;1902 - M2-2.25K-S4,2,34.5,6.851301932451611e-05,
HM 1500,HM 1500,10,34.5,6.851301932451611e-05,
NEXENNEXEN,NEXENNEXEN,7,34.49,6.84931604783351e-05,
INVERSOR GROWALTT MICRO INVERSOR,Inversor: growaltt; Micro Inversor:,3,34.42,6.835414855506796e-05,
INVERSOR AEG POWER SOLUTIONS GMBH MICRO INVERSOR,Inversor: AEG Power Solutions GmbH; Micro Inversor:,6,34.41,6.833428970888694e-05,
INVERSOR SUNGROW MICRO INVERSOR HOYMILES,Inversor: SUNGROW; Micro Inversor: HOYMILES,4,34.24,6.799668932380963e-05,
FRONIUS PRIMO SAJ,FRONIUS PRIMO / SAJ,2,34.2,6.791725393908555e-05,
GROWATT E RENOVIGI,GROWATT E RENOVIGI,3,34.2,6.791725393908555e-05,
PAB,PAB,2,34.2,6.791725393908555e-05,
REFU ELETRONIC,REFU Eletronic,2,34.2,6.791725393908555e-05,
FRONIUS PRIMO GROWATT,FRONIUS PRIMO / GROWATT,2,34.2,6.791725393908555e-05,
YINGLI SOLAR,YINGLI SOLAR,7,34.16,6.783781855436147e-05,
CANADIN,CANADIN,3,34.1,6.771866547727535e-05,
DEYEQ,DEYEQ,5,34.0,6.752007701546515e-05,
GROWATT WEG DEYE,- GROWATT - WEG - DEYE,1,34.0,6.752007701546515e-05,
TSM DE15M II 405,TSM-DE15M(II)-405,11,34.0,6.752007701546515e-05,
TSXXXS8B 144NT,TSXXXS8B-144NT,4,34.0,6.752007701546515e-05,
LIVOLTEK SUNGROW,"LIVOLTEK, SUNGROW",3,34.0,6.752007701546515e-05,
OMNIK OMNIKSOL 17K TL,OMNIK OMNIKSOL-17K-TL,1,34.0,6.752007701546515e-05,
SUN2000 17KTL,SUN2000-17KTL,2,34.0,6.752007701546515e-05,
NASEN SOLAR,NASEN SOLAR,4,34.0,6.752007701546515e-05,
LIVOLTECH,Livoltech,3,34.0,6.752007701546515e-05,
HOYMILES SOFAR,HOYMILES / SOFAR,3,34.0,6.752007701546515e-05,
GW17KLZ SDT C30,2058 - GW17KLZ-SDT-C30,2,34.0,6.752007701546515e-05,
SOLIS 164 SOLPLANET,106 - SOLIS 164 - SOLPLANET,1,34.0,6.752007701546515e-05,
SOLARDEDGE,SOLARDEDGE,1,34.0,6.752007701546515e-05,
BELENERGY SOLAI,BELENERGY + SOLAI,1,34.0,6.752007701546515e-05,
INVERSOR SAMSUNG SDI CO LTD MICRO INVERSOR,"Inversor: Samsung SDI Co., Ltd.; Micro Inversor:",3,34.0,6.752007701546515e-05,
1 SOLIS 2 DEYE,1 SOLIS / 2 DEYE,2,33.980000000000004,6.748035932310313e-05,
HMF144M 410,HMF144M-410,2,33.93,6.738106509219803e-05,
LIVOLTE,LIVOLTE,6,33.92,6.7361206246017e-05,
GRID,GRID,6,33.89,6.730162970747395e-05,
GOROWATT,GOROWATT,4,33.78,6.708318239948275e-05,
INVERSOR BEDINS,INVERSOR BEDINS,7,33.78,6.708318239948275e-05,
SUN M225G4 EU Q0 I,2105 - SUN-M225G4-EU-Q0-I,6,33.75,6.702360586093968e-05,
FOS ESS,FOS ESS,6,33.63,6.678529970676745e-05,
36,36,5,33.6,6.67257231682244e-05,
YPONTECH,YPONTECH,4,33.6,6.67257231682244e-05,
SA I,SA-I,1,33.6,6.67257231682244e-05,
WEH HUWAEI SUN2000 36KTL M3 SIW500H ST036M3,WEH/HUWAEI - SUN2000-36KTL-M3/SIW500H-ST036M3,1,33.6,6.67257231682244e-05,
FRNIUS,FRNIUS,4,33.599999999999994,6.672572316822438e-05,
SODAR,SODAR,3,33.56,6.664628778350032e-05,
LIVOLTEK 15 SAJ,109 - LIVOLTEK / 15 - SAJ,2,33.55,6.662642893731929e-05,
LEGIN,LEGIN,1,33.55,6.662642893731929e-05,
SOFAR5KTLM,SOFAR5KTLM,6,33.55,6.662642893731929e-05,
HUAAWEI,HUAAWEI,2,33.5,6.65271347064142e-05,
SOLARSIS,Solarsis,8,33.44,6.640798162932808e-05,
GINLONG TECHNOLOGY,Ginlong Technology,3,33.42,6.636826393696606e-05,
EASTSERRANA,EASTSerrana,6,33.4,6.632854624460401e-05,
HOYMILESSUNGROW,HOYMILESSUNGROW,2,33.4,6.632854624460401e-05,
REFOSOL,REFOSOL,4,33.370000000000005,6.626896970606096e-05,
RSM72 6 340P,RSM72-6-340P,6,33.35,6.622925201369891e-05,
GOODWE E SOFAR SOLAR,GOODWE e SOFAR SOLAR,1,33.34,6.62093931675179e-05,
GW17K DT,360 - GW17K-DT,2,33.32,6.616967547515585e-05,
CS6W 545W 35MM,CS6W 545W 35MM,1,33.3,6.612995778279382e-05,
RSM72 6 370M,RSM72-6-370M,1,33.2,6.593136932098363e-05,
SUN 20K G,SUN – 20K - G,2,33.2,6.593136932098363e-05,
SOLIIS,SOLIIS,6,33.2,6.593136932098363e-05,
FRONNIUS,FRONNIUS,2,33.2,6.593136932098363e-05,
SO FAR,SO FAR		,3,33.18,6.589165162862158e-05,
SIW 500H ST020,SIW 500H-ST020,2,33.12,6.577249855153546e-05,
TOURINGA,129 - TOURINGA,8,33.08,6.569306316681139e-05,
CS3U 350P,CS3U-350P,2,33.0,6.553419239736325e-05,
OSOLAR,Osolar,2,33.0,6.553419239736325e-05,
CANADIIAN,Canadiian,1,33.0,6.553419239736325e-05,
SOFSR,SOFSR,1,33.0,6.553419239736325e-05,
RENOVIGI ENERGIA SOLAR GINLONG SOLIS,RENOVIGI ENERGIA SOLAR / GINLONG SOLIS,2,33.0,6.553419239736325e-05,
SONNAX,Sonnax,1,33.0,6.553419239736325e-05,
1XSOFAR SOFAR33000TL G2,1XSOFAR//SOFAR33000TL-G2,1,33.0,6.553419239736325e-05,
SEYE,SEYE,7,33.0,6.553419239736325e-05,
FFRONIUS,FFRONIUS,2,33.0,6.553419239736325e-05,
DMEGC SOLAR JA SOLAR HOLDINGS CO LTD,"DMEGC Solar | JA Solar Holdings Co., Ltd.",1,33.0,6.553419239736325e-05,
PRO 33 0 TL OUTD,PRO 33.0-TL-OUTD,1,33.0,6.553419239736325e-05,
SAJA R6 50K T4 32,SAJA R6-50K-T4-32,1,33.0,6.553419239736325e-05,
HUAWEIV,HUAWEIV,2,33.0,6.553419239736325e-05,
AS 6M 380WP,AS-6M-380WP,1,33.0,6.553419239736325e-05,
QSOLAR QS545 144HM8 545W,Qsolar - QS545-144HM8-545W,1,33.0,6.553419239736325e-05,
INE,INE,1,33.0,6.553419239736325e-05,
RISEN 330W,RISEN 330W					,1,33.0,6.553419239736325e-05,
33KTLX G3,33KTLX-G3,1,33.0,6.553419239736325e-05,
33K 2T,398 - 33K-2T,1,33.0,6.553419239736325e-05,
SANJING ELECTRIC,SANJING ELECTRIC,2,33.0,6.553419239736325e-05,
BELENERGEY,BELENERGEY;,1,33.0,6.553419239736325e-05,
3 SAJ 2 SOFAR,3 SAJ + 2 SOFAR,1,33.0,6.553419239736325e-05,
SOFARSOLAR 33000TL G2,SOFARSolar 33000TL-G2,1,33.0,6.553419239736325e-05,
CARBENET,Carbenet,1,33.0,6.553419239736325e-05,
GROWATT MAC E SOLPLANET,GROWATT MAC E SOLPLANET,1,33.0,6.553419239736325e-05,
GROWATT33000TL S,Growatt33000TL-S,1,33.0,6.553419239736325e-05,
SECO SOLAR,Seco Solar,1,33.0,6.553419239736325e-05,
DEYE KEHUA TECH,DEYE KEHUA TECH,2,33.0,6.553419239736325e-05,
TS560S8B 560W,TS560S8B 560W,2,33.0,6.553419239736325e-05,
ASW8000 S 1527 ASW25K UT G3,1286 - ASW8000-S;1527 - ASW25K-UT-G3,1,33.0,6.553419239736325e-05,
STT 33KTL,1994 - STT - 33KTL,1,33.0,6.553419239736325e-05,
SOLPLANET 43 SOLIS,129 - SOLPLANET / 43 - SOLIS,2,33.0,6.553419239736325e-05,
33000TLG2,33000TLG2,1,33.0,6.553419239736325e-05,
SOLAR ON GRID PROGRAMMES,Solar On-grid Programmes,1,32.98,6.54944747050012e-05,
CANADINA,CANADINA,6,32.86,6.525616855082897e-05,
GW35KLS MT,1448 - GW35KLS-MT,1,32.76,6.505758008901877e-05,
GOODWEQ,GOODWEQ,2,32.75,6.503772124283776e-05,
WEH HUWAEI,WEH/HUWAEI,1,32.64,6.481927393484656e-05,
JRM435M 72H V,JRM435M-72H-V,1,32.62,6.477955624248451e-05,
KEUHA TECH,KEUHA TECH |,4,32.61,6.475969739630349e-05,
INTEL BRAS,INTEL BRAS,8,32.6,6.473983855012248e-05,
CSI 9K S22002 E,1501 - CSI-9K-S22002-E,4,32.58,6.470012085776043e-05,
REFULSOL ALDO SOLAR,REFULSOL ALDO SOLAR,3,32.56,6.466040316539841e-05,
JINKOSOLAR,JINKOSOLAR,4,32.54,6.462068547303637e-05,
2XFRONIUS 1XSYMO 20 0 3 M,2XFRONIUS//1XSYMO 20.0.3-M//,1,32.5,6.454125008831229e-05,
BRASSUNNY ENERGIA SOLAR,Brassunny Energia Solar,4,32.5,6.454125008831229e-05,
PHB ELETRONICA LTDA REFUSOL ADVANCED ENERGY,PHB ELETRONICA LTDA / REFUSOL ADVANCED ENERGY,1,32.5,6.454125008831229e-05,
COHEART POWER COHEART INDUSTRIES LTD,COHEART Power – COHEART Industries LTD,1,32.5,6.454125008831229e-05,
SYMO 12 5 3 M 43 SYMO 20 0 3 M,45 - SYMO 12.5-3-M;43 - SYMO 20.0-3-M,1,32.5,6.454125008831229e-05,
ABB 29 HUAWEI,ABB - 29 - HUAWEI,1,32.48,6.450153239595024e-05,
ASW S SERIES,ASW S SERIES,4,32.43,6.440223816504515e-05,
INVERSOR BLUESUN SOLAR CO LTD MICRO INVERSOR,"Inversor: Bluesun Solar Co.,Ltd.; Micro Inversor:",4,32.41,6.43625204726831e-05,
ASN 3 6SL PLUS,1731 - ASN-3.6SL-PLUS,9,32.4,6.434266162650208e-05,
MOYMILLES,MOYMILLES,1,32.4,6.434266162650208e-05,
DEYEINTELBRAS,DeyeINTELBRAS,2,32.4,6.434266162650208e-05,
ODA550 36V MH,ODA550-36V-MH,2,32.3,6.414407316469189e-05,
ECOS,ECOS,11,32.29,6.412421431851088e-05,
REOVIGI,REOVIGI,7,32.28,6.410435547232986e-05,
NEXEM,NEXEM,5,32.269999999999996,6.408449662614883e-05,
M72HAEELGIN,555-M72HAEElgin,4,32.21,6.396534354906272e-05,
DEYDE,DEYDE,7,32.2,6.394548470288171e-05,
CSI 3K TL,CSI-3K-TL -,10,32.18,6.390576701051967e-05,
SOFAI,Sofai,1,32.16,6.386604931815763e-05,
INVERSOR ZHEJIANG BENYI ELECTRICAL CO LTD MICRO INVERSOR,"Inversor: ZHEJIANG BENYI ELECTRICAL CO., LTD.; Micro Inversor:",3,32.16,6.386604931815763e-05,
HOYMYLES,HOYMYLES,4,32.1,6.374689624107152e-05,
RANAC,RANAC,5,32.1,6.374689624107152e-05,
SOLIS FRONIUS GROWATT,SOLIS FRONIUS GROWATT,1,32.04,6.362774316398541e-05,
SUZHOU,SUZHOU,5,32.0,6.354830777926133e-05,
ABB KEHUA,ABB/KEHUA,1,32.0,6.354830777926133e-05,
ABB SOFAR SOLAR,ABB / SOFAR SOLAR,2,32.0,6.354830777926133e-05,
GROWATTPHB SOLAR,growattPHB Solar,2,32.0,6.354830777926133e-05,
SAJ E SOLIS,SAJ E SOLIS,1,32.0,6.354830777926133e-05,
SOLAR INVERTER K STAR,Solar Inverter - K star,1,32.0,6.354830777926133e-05,
CPS SCA6KTL PSM1 EU 1504 CPS SCA10KTL PSM EU,1510 - CPS SCA6KTL-PSM1/EU;1504 - CPS SCA10KTL-PSM/EU,2,32.0,6.354830777926133e-05,
HB ELETRONICA,HB ELETRONICA,3,32.0,6.354830777926133e-05,
SORFAR,SORFAR,3,32.0,6.354830777926133e-05,
1XB B POWER,1XB&B POWER,2,32.0,6.354830777926133e-05,
B B MODELO SF12000TL E B B MODELO SF20000TL,B&B (Modelo SF12000TL) e B&B (Modelo SF20000TL),1,32.0,6.354830777926133e-05,
OMINIK 5K TL2 5KW OMINIK,Ominik 5K-TL2-5KW  Ominik,2,32.0,6.354830777926133e-05,
KSG PHOTOGRAPHY,KSG Photography,1,32.0,6.354830777926133e-05,
SUN2000K 8K LCO,SUN2000K-8K-LCO,4,32.0,6.354830777926133e-05,
GROWATT 99 KEHUA TECH 99 KEHUA TECH,11 - GROWATT / 99 - KEHUA TECH / 99 - KEHUA TECH,1,32.0,6.354830777926133e-05,
ABB GROWATT DEYE,ABB | GROWATT | DEYE,2,32.0,6.354830777926133e-05,
ASN 8SL,1618 - ASN-8SL,4,32.0,6.354830777926133e-05,
JAM72S30 550 MR CS3W 455MS,JAM72S30 550/MR / CS3W-455MS,1,32.0,6.354830777926133e-05,
FRONIUS SAJ SOLAR,FRONIUS/SAJ SOLAR,1,32.0,6.354830777926133e-05,
INVERSOR MICRO INVERSOR APSYSTEM,Inversor: ; Micro Inversor: APSYSTEM,3,32.0,6.354830777926133e-05,
MICRO INVERSORES,MICRO INVERSORES,2,31.98,6.350859008689928e-05,
OFAR,OFAR,5,31.98,6.350859008689928e-05,
APSYSTE,apsyste,9,31.97,6.348873124071827e-05,
DEYE LIVOLTEK,DEYE / LIVOLTEK,4,31.95,6.344901354835623e-05,
SUNGROWAT,SUNGROWAT,1,31.9,6.334971931745112e-05,
XP 505W 66MDH,XP-505W-66MDH,2,31.9,6.334971931745112e-05,
WEG HUAWEI SUN2000L 5KTL,WEG/HUAWEI/SUN2000L-5KTL,4,31.9,6.334971931745112e-05,
LIVOLTEL,LIVOLTEL,6,31.9,6.334971931745112e-05,
SOLAR FAMILY,Solar Family,6,31.86,6.327028393272706e-05,
FOXESS DEYE,FOXESS / DEYE,3,31.85,6.325042508654603e-05,
PHB6000 MS,PHB6000-MS,6,31.8,6.315113085564094e-05,
KSTAR HUAWEI,KSTAR;HUAWEI,1,31.8,6.315113085564094e-05,
DEE,DEE,5,31.799999999999997,6.315113085564093e-05,
INOVE,INOVE,2,31.7,6.295254239383075e-05,
INTELBTAS,INTELBTAS,4,31.7,6.295254239383075e-05,
TOURIGA EAST,TOURIGA EAST,5,31.7,6.295254239383075e-05,
LEAD SOLAR ENERGY,Lead Solar Energy,7,31.7,6.295254239383075e-05,
EMPALLUX,EMPALLUX,3,31.68,6.291282470146872e-05,
1XSUNTRIO PLUS,1XSUNTRIO PLUS,2,31.67,6.28929658552877e-05,
RSM156 6 450M,RSM156-6-450M,5,31.650000000000002,6.285324816292566e-05,
ZHEJIANG BENYI,ZHEJIANG BENYI,27,31.6,6.275395393202056e-05,
FRONIUSPRIMO,FroniusPrimo,5,31.599999999999998,6.275395393202056e-05,
CS3U 385MS,CS3U-385MS,1,31.57,6.26943773934775e-05,
TSUNESS DEYE,"TSUNESS,DEYE",4,31.5,6.255536547021037e-05,
SHENZEN SOFAR GROWATT,SHENZEN SOFAR + GROWATT,3,31.5,6.255536547021037e-05,
SIW200G M105W0 10KW,1391 - SIW200G-M105W0-10KW,3,31.5,6.255536547021037e-05,
HYPONTEC HPS10500T,HYPONTEC HPS10500T,3,31.5,6.255536547021037e-05,
AP SISTEM,AP-SISTEM,6,31.3,6.215818854658999e-05,
SOLPLANET E LIVOLTEK,SOLPLANET E LIVOLTEK,4,31.3,6.215818854658999e-05,
KAIDENG ENERGY,KAIDENG ENERGY,11,31.28,6.211847085422795e-05,
GROWATI,GROWATI,5,31.25,6.205889431568488e-05,
5 00,"5,00",7,31.23,6.201917662332285e-05,
FROINUS,FROINUS,3,31.2,6.19596000847798e-05,
JAM72S30 535 MR,JAM72S30-535/MR,6,31.2,6.19596000847798e-05,
INOVACARE TECNOLOGIA EM ENERGIAS RENOVAVEIS LTDA,INOVACARE TECNOLOGIA EM ENERGIAS RENOVAVEIS LTDA,2,31.2,6.19596000847798e-05,
GROUWAT,Grouwat,7,31.18,6.191988239241775e-05,
33KW GRID TIE INVERTER,33kw Grid Tie Inverter,1,31.15,6.186030585387469e-05,
SERRANA TOURIGA,SERRANA TOURIGA,6,31.130000000000003,6.182058816151267e-05,
INVERSOR BEL ENERGY PLUS MICRO INVERSOR,Inversor: BEL ENERGY PLUS; Micro Inversor:,3,31.11,6.178087046915063e-05,
RENO 500,RENO 500,6,31.1,6.17610116229696e-05,
LIVOTEC,LIVOTEC |,7,31.09,6.174115277678858e-05,
TSM DE15MII 410W TALLMAX,TSM-DE15MII 410W TALLMAX,2,31.0,6.156242316115941e-05,
SUN WAYS SUN WAYS,Sun Ways Sun Ways,2,31.0,6.156242316115941e-05,
SONNY TRIPOWER,SONNY TRIPOWER,1,31.0,6.156242316115941e-05,
SOLAR MAXX TECH SMT,189 - SOLAR MAXX TECH - SMT,5,31.0,6.156242316115941e-05,
MOSO POWER,Moso & Power,3,31.0,6.156242316115941e-05,
NAO INFOMADO,NAO INFOMADO,3,31.0,6.156242316115941e-05,
KRIPT B B,kript(b&b),4,31.0,6.156242316115941e-05,
KEHUAKEHUA,KEHUAKEHUA,3,31.0,6.156242316115941e-05,
SOFAR SOLAR DEYE SUN,SOFAR SOLAR / DEYE SUN,1,31.0,6.156242316115941e-05,
WEG HAUWEI APSYSTEMS,WEG (HAUWEI) | APSYSTEMS,1,31.0,6.156242316115941e-05,
BEL 20K G LV,BEL-20K-G-LV,2,31.0,6.156242316115941e-05,
GROWATT E 64 DEYE,11 - GROWATT E 64 - DEYE,2,31.0,6.156242316115941e-05,
INGECOM,Ingecom,4,31.0,6.156242316115941e-05,
PDB,PDB,3,30.98,6.152270546879738e-05,
G ROWATT,G rowatt,6,30.94,6.14432700840733e-05,
8 5,8.5,3,30.93,6.142341123789228e-05,
SOFAR SOLAR DEYE SOLAR,SOFAR SOLAR + DEYE SOLAR,1,30.82,6.120496392990107e-05,
PHB7700 MS,1685 - PHB7700-MS,4,30.8,6.116524623753903e-05,
HOYMILLES MICROINVERSOR,HOYMILLES MICROINVERSOR,6,30.8,6.116524623753903e-05,
BEIDN SOLAR,BEIDN SOLAR,5,30.71,6.098651662190986e-05,
DEYE E ABB,DEYE E ABB,2,30.7,6.096665777572883e-05,
ESM 8000,ESM-8000,2,30.68,6.0926940083366796e-05,
TOPTEC,TOPTEC,5,30.64,6.084750469864272e-05,
DAH POLI HALF CELL 400W,DAH POLI HALF CELL 400W,4,30.6,6.0768069313918644e-05,
ENPHASE SOLIS HOYMILES,ENPHASE / SOLIS / HOYMILES,1,30.6,6.0768069313918644e-05,
DHP72,DHP72,2,30.6,6.0768069313918644e-05,
RENO 335P,RENO-335P,4,30.6,6.0768069313918644e-05,
SE TL5K,SE-TL5K,1,30.6,6.0768069313918644e-05,
ERA SOLAR CO LTD,"ERA SOLAR Co., Ltd.",8,30.59,6.074821046773763e-05,
APSYSTEMS HUAWEI,APSYSTEMS / HUAWEI,4,30.5,6.056948085210845e-05,
REANC,REANC,4,30.5,6.056948085210845e-05,
HYPON TECH HPS,HYPON TECH HPS,4,30.5,6.056948085210845e-05,
WEG GOODWE WEG HUAWEI,WEG/GOODWE WEG/HUAWEI,2,30.5,6.056948085210845e-05,
GROWAT MAC 36KTL3 XL,GROWAT MAC 36KTL3-XL,1,30.48,6.052976315974641e-05,
HPS 8000,HPS-8000,4,30.48,6.052976315974641e-05,
EMSZ 430MC HC,EMSZ 430MC HC,4,30.43,6.0430468928841316e-05,
JAC,JAC,4,30.43,6.0430468928841316e-05,
SE27 6K 15 2KW,400 - SE27.6K - 15.2KW,1,30.4,6.0370892390298254e-05,
SAJ SOFAR SOLAR,SAJ | SOFAR SOLAR,3,30.28,6.013258623612603e-05,
JIANGSU GOODWE DEYE,Jiangsu Goodwe; DEYE,1,30.24,6.005315085140195e-05,
EAST EA7KSI,EAST EA7KSI,4,30.200000000000003,5.997371546667788e-05,
MICRONEP,MICRONEP,15,30.2,5.997371546667788e-05,
REFFUSOL,REFFUSOL,3,30.150000000000002,5.987442123577278e-05,
CS6U 335,CS6U-?335,1,30.15,5.987442123577278e-05,
HOYMILES DEYE SOLAREDGE,HOYMILES + DEYE + SOLAREDGE,1,30.1,5.9775127004867685e-05,
SOLPLANET AISWEI FRONIUS,Solplanet/Aiswei / FRONIUS,1,30.09,5.975526815868667e-05,
HYPINTECH,HYPINTECH,2,30.08,5.973540931250564e-05,
WEG SIW500H ST030 HUAWEI SUN2000 33KTL A,WEG SIW500H ST030 / HUAWEI SUN2000-33KTL-A,1,30.0,5.9576538543057487e-05,
MID 30KTL3 XL,1259 - MID 30KTL3-XL,1,30.0,5.9576538543057487e-05,
INVERSOR HOPESUN MICRO INVERSOR,Inversor: HOPESUN; Micro Inversor:,1,30.0,5.9576538543057487e-05,
INVERSOR SOLAR SIW500H,Inversor solar SIW500H,1,30.0,5.9576538543057487e-05,
CHSM6612 340,CHSM6612-340,1,30.0,5.9576538543057487e-05,
C,C,1,30.0,5.9576538543057487e-05,
15KTLX G3,1437 - 15KTLX-G3,2,30.0,5.9576538543057487e-05,
TSHM 535 144HV,TSHM-535-144HV,1,30.0,5.9576538543057487e-05,
ST030 SUN 2000 33KTL,ST030(SUN 2000-33KTL),1,30.0,5.9576538543057487e-05,
HELIUS SHINEFAR,Helius + Shinefar,1,30.0,5.9576538543057487e-05,
CANADIAN SOLAR CHINT,Canadian Solar/Chint,1,30.0,5.9576538543057487e-05,
15000TL SX,15000TL-SX,2,30.0,5.9576538543057487e-05,
PHB7500D WS,2074 - PHB7500D-WS,4,30.0,5.9576538543057487e-05,
TECHNOLOGIES,technologies,1,30.0,5.9576538543057487e-05,
HAUWI,HAUWI,1,30.0,5.9576538543057487e-05,
RENOVIGIRENO30K,RENOVIGIRENO30K,1,30.0,5.9576538543057487e-05,
1XGOODWE GW30K MT,1XGOODWE//GW30K-MT,1,30.0,5.9576538543057487e-05,
ELITE S ES GT 30K,Elite-S ES GT-30K,1,30.0,5.9576538543057487e-05,
MAC30KTL3 XL,MAC30KTL3-XL,1,30.0,5.9576538543057487e-05,
WEG HUAWEI SIW50,WEG (HUAWEI) SIW50,1,30.0,5.9576538543057487e-05,
HYXY POWER,HYXY POWER,3,30.0,5.9576538543057487e-05,
DEYE1,DEYE1,1,30.0,5.9576538543057487e-05,
SOL PLANET ASW30K UT G3,SOL PLANET ASW30K-UT-G3,1,30.0,5.9576538543057487e-05,
GROODWE GW30KLV MT,GROODWE | GW30KLV-MT,1,30.0,5.9576538543057487e-05,
SYMO 15 0,SYMO 15.0,1,30.0,5.9576538543057487e-05,
LR4 72PH 435M,LR4-72PH-435M,1,30.0,5.9576538543057487e-05,
CPS SCA30KTL T EU,580 - CPS SCA30KTL-T/EU,1,30.0,5.9576538543057487e-05,
RENOVIGI SOLIS RENO 15K,RENOVIGI SOLIS - RENO-15K,2,30.0,5.9576538543057487e-05,
PE15H 345W TSM PE15H 345W,PE15H-345W TSM- PE15H-345W,1,30.0,5.9576538543057487e-05,
PH8,PH8,1,30.0,5.9576538543057487e-05,
SOLPLANET 109 LIVOLTEK,129 - SOLPLANET / 109 - LIVOLTEK,1,30.0,5.9576538543057487e-05,
EET30K M1,EET30K-M1,1,30.0,5.9576538543057487e-05,
B B POWER REMOVIGI,B&B POWER/REMOVIGI,1,30.0,5.9576538543057487e-05,
DEYE EMPALUX SAJ,DEYE + EMPALUX/SAJ,1,30.0,5.9576538543057487e-05,
DEYE JIANGSU GOODWE,Deye; Jiangsu Goodwe,1,30.0,5.9576538543057487e-05,
SOLISSOLIS30KW,SOLISSOLIS30KW,1,30.0,5.9576538543057487e-05,
ABB E 129 SOLPLANET,ABB E 129 - SOLPLANET,1,30.0,5.9576538543057487e-05,
SG15CX P2 LV,1492 - SG15CX-P2-LV,2,30.0,5.9576538543057487e-05,
MID30KTL3 X,MID30KTL3-X,1,30.0,5.9576538543057487e-05,
ABB 2 SUNGROW,ABB / 2 - SUNGROW,1,30.0,5.9576538543057487e-05,
WEG HUAWEI SIW500H ST030 SUN2000 33TKL A,WEG/Huawei - SIW500H- ST030/SUN2000-33TKL-A,1,30.0,5.9576538543057487e-05,
HYPON TECH HPT 30KL,HYPON TECH HPT-30KL,1,30.0,5.9576538543057487e-05,
EES7 5K M1,"1992 - EES7,5K-M1",4,30.0,5.9576538543057487e-05,
WEG HUAWEI SIW500H ST030 M3 SUN2000 30KTL M3,WEG/HUAWEI-SIW500H ST030 M3 + SUN2000-30KTL-M3,1,30.0,5.9576538543057487e-05,
HOPESUN 30KTL L,1260 - HOPESUN 30KTL-L,1,30.0,5.9576538543057487e-05,
S5GC30KLV,S5GC30KLV,1,30.0,5.9576538543057487e-05,
WEG HUAWEI SIW500H ST030 HUAWEI SUN2000 33KTL A,WEG-HUAWEI//SIW500H-ST030 (Huawei SUN2000-33KTL-A),1,30.0,5.9576538543057487e-05,
WEG HUAWEI SUN2000 30 KTL,WEG/HUAWEI SUN2000-30-KTL,1,30.0,5.9576538543057487e-05,
INVERSOR SOLAR SYMO,INVERSOR SOLAR SYMO,1,30.0,5.9576538543057487e-05,
RENOVIGI SOLIS RENO 30K,RENOVIGI+SOLIS*RENO 30K,1,30.0,5.9576538543057487e-05,
SG 30CX P2,SG 30CX-P2,1,30.0,5.9576538543057487e-05,
SHENZHEN SENERGY,SHENZHEN - SENERGY,2,30.0,5.9576538543057487e-05,
15X AP SYSTEMS,(15x) AP SYSTEMS,1,30.0,5.9576538543057487e-05,
APSYSTEM MODELO,APsystem; Modelo,1,30.0,5.9576538543057487e-05,
JKM530M 72HLH TV,JKM530M-72HLH-TV,1,30.0,5.9576538543057487e-05,
SUNTRIO PLUS 30 LV,Suntrio Plus 30 LV,1,30.0,5.9576538543057487e-05,
SG10RS L 1487 SG20CX P2 LV,1591 - SG10RS-L;1487 - SG20CX-P2-LV,1,30.0,5.9576538543057487e-05,
LEVEROS HPT 30000LV,LEVEROS HPT-30000LV,1,30.0,5.9576538543057487e-05,
SG30CX P2,1506 - SG30CX-P2,1,30.0,5.9576538543057487e-05,
HYPNOTECH,Hypnotech,4,30.0,5.9576538543057487e-05,
SOLAR SUNKAYS,SOLAR SUNKAYS,1,30.0,5.9576538543057487e-05,
GOODW POWER,GOODW POWER,2,30.0,5.9576538543057487e-05,
ASAPPLICANT,ASAPPLICANT,1,30.0,5.9576538543057487e-05,
MAC 15KTL3 XL,985 - MAC 15KTL3-XL,2,30.0,5.9576538543057487e-05,
GOODWE E GROWATT,GOODWE E GROWATT,2,30.0,5.9576538543057487e-05,
MAC 30KTL3 X LV,417 - MAC 30KTL3-X LV,1,30.0,5.9576538543057487e-05,
GOODWE WEG GOODWE WEG,GOODWE (WEG)//GOODWE (WEG)	,2,30.0,5.9576538543057487e-05,
RENO30K,RENO30K,1,30.0,5.9576538543057487e-05,
HUAWEI WEG SUN2000 15KTL M0 SIW500H ST015,HUAWEI/WEG SUN2000-15KTL-M0 /SIW500H ST015,2,30.0,5.9576538543057487e-05,
SUN 30K G,SUN-30K-G,1,30.0,5.9576538543057487e-05,
SUN 30K G04 LV,2036 - SUN-30K-G04-LV,1,30.0,5.9576538543057487e-05,
KKSATAR,Kksatar,1,30.0,5.9576538543057487e-05,
BEL ENERGY BEL 25K G,BEL ENERGY| BEL-25K-G,1,30.0,5.9576538543057487e-05,
INVERSOR STRING TRIFASICO INVERSOR SOLAR SUN,Inversor String Trifásico Inversor Solar Sun,1,30.0,5.9576538543057487e-05,
EACH ENERGY EES10K M1,EACH ENERGY EES10K-M1,3,30.0,5.9576538543057487e-05,
1XRENO RENO 30K,1XRENO//RENO-30K,1,30.0,5.9576538543057487e-05,
R6 30K T3 32,1600 - R6-30K-T3-32,1,30.0,5.9576538543057487e-05,
RENO RENO 30K,RENO RENO-30K,1,30.0,5.9576538543057487e-05,
EWG,EWG,1,30.0,5.9576538543057487e-05,
RENOVIGI RENO 30K SOLIS 30K,RENOVIGI//Reno 30K/Solis 30K,1,30.0,5.9576538543057487e-05,
ADVANCED,ADVANCED,1,30.0,5.9576538543057487e-05,
GW15K DT,GW15K-DT,2,30.0,5.9576538543057487e-05,
FRONIUS 43 SOLIS,FRONIUS / 43 - SOLIS,2,30.0,5.9576538543057487e-05,
220,220,1,30.0,5.9576538543057487e-05,
GW30K DT,GW30K-DT,1,30.0,5.9576538543057487e-05,
GOODWE E SOLPLANET,GOODWE E SOLPLANET,1,30.0,5.9576538543057487e-05,
SIW500H ST030 SUN 2000 33KTL A,SIW500H ST030 (SUN 2000 - 33KTL-A),1,30.0,5.9576538543057487e-05,
BELENERGYU,BELENERGYU,1,30.0,5.9576538543057487e-05,
PS SCA3KTL PS2 EU,1827 - PS SCA3KTL - PS2/EU,10,30.0,5.9576538543057487e-05,
SIW500H ST03,SIW500H ST03,1,30.0,5.9576538543057487e-05,
BELENUS DO BRASIL,BELENUS DO BRASIL,5,30.0,5.9576538543057487e-05,
SUN 15K G02,SUN-15K-G02,2,30.0,5.9576538543057487e-05,
GW3000 XS 11,1470 - GW3000-XS-11,10,30.0,5.9576538543057487e-05,
400,400,1,30.0,5.9576538543057487e-05,
HUAWEI WEG SUN2000 33KTL A SIW500H ST030,HUAWEI/WEG - SUN2000-33KTL-A/SIW500H ST030,1,30.0,5.9576538543057487e-05,
FRORIUS,FRORIUS,1,30.0,5.9576538543057487e-05,
GUANGZHOU SANJING ELECTIC,GUANGZHOU SANJING ELECTIC,1,30.0,5.9576538543057487e-05,
B E L E N ERGY,B e l E n ergy,1,30.0,5.9576538543057487e-05,
CSI 30KTL GI L,CSI-30KTL-GI-L,1,30.0,5.9576538543057487e-05,
BELENERGY EACH ENERGY,"BELENERGY, EACH ENERGY",1,30.0,5.9576538543057487e-05,
BDY DO BRASIL LTDA,BDY DO BRASIL LTDA,3,30.0,5.9576538543057487e-05,
LONGI SOLAR LONGI SOLAR,LONGI SOLAR | LONGI SOLAR,1,30.0,5.9576538543057487e-05,
CSI 15K T220GL03 E,1399 - CSI-15K-T220GL03-E,2,30.0,5.9576538543057487e-05,
CSI 3K MTL,CSI-3K-MTL,1,30.0,5.9576538543057487e-05,
FRONIUD,FRONIUD,1,30.0,5.9576538543057487e-05,
EAST EA3KSI,EAST EA3KSI,9,30.0,5.9576538543057487e-05,
SCA30K T SA,1885 - SCA30K-T-SA,1,30.0,5.9576538543057487e-05,
GW15KLV MT,548 - GW15KLV-MT,2,30.0,5.9576538543057487e-05,
SHEMZHEN,SHEMZHEN,2,30.0,5.9576538543057487e-05,
FRONIOS DO BRASIL,FRONIOS DO BRASIL,1,30.0,5.9576538543057487e-05,
R3 30K G5,R3-30K-G5,1,30.0,5.9576538543057487e-05,
FRANIUS INTERNATIONAL GMBH,Franius International GmbH,1,30.0,5.9576538543057487e-05,
2XFRONIUS 1XPRIMO 3 0 1 1XECO 27 0 3,2XFRONIUS//1XPRIMO 3.0-1//1XECO 27.0.3,1,30.0,5.9576538543057487e-05,
2XORIZON,2XORIZON,1,30.0,5.9576538543057487e-05,
2XINTELBRAS EGT15000MAX,2XINTELBRAS//EGT15000MAX,1,30.0,5.9576538543057487e-05,
2XINTELBEAS,2XINTELBEAS,1,30.0,5.9576538543057487e-05,
3WEG,3WEG,1,30.0,5.9576538543057487e-05,
BELENERGY PLUS EACH ENERGY,BELENERGY / PLUS EACH ENERGY,1,30.0,5.9576538543057487e-05,
SIW400G T025 WO 900 SIW200G M050 WO,922 - SIW400G T025 WO;900 - SIW200G-M050 WO,1,30.0,5.9576538543057487e-05,
30KTLX G3,1423 - 30KTLX-G3,1,30.0,5.9576538543057487e-05,
HUAWEI WEG SIW500H ST030 SUN2000 33KTL A,HUAWEI/WEG SIW500H ST030/ SUN2000-33KTL-A,1,30.0,5.9576538543057487e-05,
HUAWEI WEG SIW500H ST030 M3,HUAWEI/WEG - SIW500H-ST030 M3,1,30.0,5.9576538543057487e-05,
30K MT,30K-MT,1,30.0,5.9576538543057487e-05,
R6 10K S3 1272 R5 5K S2 15,1104 - R6-10K-S3;1272 - R5-5K-S2-15,2,30.0,5.9576538543057487e-05,
SUUNO PLUS 5K M 60HZ,SUUNO PLUS 5K-M(60Hz),2,30.0,5.9576538543057487e-05,
ES GT 10K,ES GT-10K,3,30.0,5.9576538543057487e-05,
HOYMALIES,HOYMALIES,2,30.0,5.9576538543057487e-05,
LIVOLTEK E SOLIS,LIVOLTEK E SOLIS,2,30.0,5.9576538543057487e-05,
LIVOLTEK FRONIUS,LIVOLTEK / FRONIUS,1,30.0,5.9576538543057487e-05,
30KTLX G3 LV,1579 - 30KTLX-G3-LV,1,30.0,5.9576538543057487e-05,
30K 5G,30k 5G,1,30.0,5.9576538543057487e-05,
30K 5G TRIFASICO 380V,30K-5G TRIFÁSICO 380V	,1,30.0,5.9576538543057487e-05,
ASW15K UT G3,ASW15K-UT-G3,2,30.0,5.9576538543057487e-05,
EAST POWER,East Power,1,30.0,5.9576538543057487e-05,
SUNNY BOY 3KW,SUNNY BOY 3KW,1,30.0,5.9576538543057487e-05,
10 00,"10,00",3,30.0,5.9576538543057487e-05,
YC1000,YC1000,3,30.0,5.9576538543057487e-05,
KSG 30K KSG 30K KSG 30K KSG 30K,KSG-30K | KSG-30K | KSG-30K | KSG-30K,1,30.0,5.9576538543057487e-05,
1 EGT,1 EGT,1,30.0,5.9576538543057487e-05,
GROWATT NEW ENERGY DEYE,GROWATT NEW ENERGY | DEYE,2,30.0,5.9576538543057487e-05,
CCANADIAN,CCanadian,3,29.95,5.947724431215239e-05,
DNS SERIES,113 - DNS SERIES,5,29.95,5.947724431215239e-05,
HAITAI SOLAR,Haitai Solar,3,29.939999999999998,5.9457385465971374e-05,
1XSUNGROW SG36KTL M,1XSUNGROW//SG36KTL-M,1,29.92,5.941766777360934e-05,
ODA,ODA,4,29.91,5.9397808927428325e-05,
BEL ENERGIA,BEL ENERGIA,6,29.9,5.9377950081247295e-05,
SERRANA ENERGIA COPEL,Serrana Energia / Copel,1,29.9,5.9377950081247295e-05,
SS 610 72MDH T,SS-610-72MDH(T),2,29.88,5.933823238888526e-05,
INVERSOR 10000TL3 S MICRO INVERSOR,Inversor: 10000TL3-S; Micro Inversor:,5,29.85,5.9278655850342206e-05,
SUN8KG,SUN8KG,4,29.8,5.917936161943711e-05,
FRONIUSQ,FRONIUSQ,2,29.8,5.917936161943711e-05,
CARIRI SOLAR,Cariri Solar,4,29.8,5.917936161943711e-05,
SAJ SAJ GROWATT,"SAJ,SAJ,GROWATT",2,29.8,5.917936161943711e-05,
GOODWE IND WEG,GOODWE (Ind. WEG)	,1,29.76,5.909992623471303e-05,
CPS SCA10KTL T EU,1555 - CPS SCA10KTL - T/EU,2,29.759999999999998,5.909992623471303e-05,
SLIS,SLIS,6,29.759999999999998,5.909992623471303e-05,
CS3W 425,CS3W-425,1,29.75,5.9080067388532014e-05,
18000TL LV,568 - 18000TL-LV,2,29.75,5.9080067388532014e-05,
SE33 3K,SE33.3K,1,29.7,5.898077315762692e-05,
GW30KLV MT,GW30KLV-MT,1,29.7,5.898077315762692e-05,
R6 5K S3,1819 - R6-5K-S3,6,29.68,5.8941055465264885e-05,
TECH POWER2000,TECH POWER2000,7,29.68,5.8941055465264885e-05,
GINGLONG SOLIS FRONIUS,"Ginglong Solis, Fronius",1,29.64,5.88616200805408e-05,
SOLIS1,SOLIS1,4,29.6,5.878218469581673e-05,
GOODWED,goodwed,2,29.6,5.878218469581673e-05,
KSG 5 0K DM,KSG-5.0K-DM,1,29.57,5.872260815727367e-05,
MS ENERGIA SOLAR,MS Energia Solar,6,29.57,5.872260815727367e-05,
GR,GR,5,29.55,5.868289046491164e-05,
SEERANA MOSCATO,SEERANA MOSCATO,1,29.52,5.8623313926368574e-05,
GROWATT 11 GROWATT 60 GOODWE,11 - GROWATT / 11 - GROWATT / 60 - GOODWE,1,29.5,5.858359623400654e-05,
GROWATT SOFAR SOFAR,Growatt; Sofar; Sofar,1,29.5,5.858359623400654e-05,
SOLIS GOODWE GROWATT DEYE DEYE,SOLIS GOODWE GROWATT DEYE DEYE,1,29.5,5.858359623400654e-05,
BELEMERGY,BELEMERGY,3,29.5,5.858359623400654e-05,
HOTMILES,HOTMILES,9,29.490000000000002,5.856373738782552e-05,
INVERSOR DEY MICRO INVERSOR,Inversor: DEY; Micro Inversor:,5,29.45,5.848430200310144e-05,
JKM440M 60HL4 V 440W,JKM440M-60HL4-V 440W,6,29.44,5.846444315692042e-05,
ASW 33K LT G3,ASW 33K-LT-G3,1,29.42,5.8424725464558376e-05,
3XCANADIAN,3XCANADIAN//,2,29.4,5.838500777219634e-05,
GW5000T DS,853 - GW5000T-DS,6,29.36,5.8305572387472264e-05,
SUNGROW GROWATT WEG,SUNGROW / GROWATT / WEG,1,29.3,5.818641931038615e-05,
GROWATT E HOYMILES,GROWATT E HOYMILES,5,29.25,5.8087125079481055e-05,
WEG HUAWEI SUN2000 33 KTL A,WEG/HUAWEI SUN2000-33-KTL-A,1,29.25,5.8087125079481055e-05,
GCL M3 72H 405W,GCL-M3/72H 405W,3,29.25,5.8087125079481055e-05,
ENVERTEC,Envertec,11,29.22,5.802754854093799e-05,
NINGBO AUX SOLAR TECHNOLOGY CO LTD,"NINGBO AUX SOLAR TECHNOLOGY CO., LTD.",5,29.2,5.798783084857595e-05,
GROWATT E ABB,GROWATT E ABB,2,29.18,5.794811315621392e-05,
SOFAAR,SOFAAR,4,29.16,5.790839546385189e-05,
HUWEI SUN2000 6KTL L1,HUWEI SUN2000-6KTL-L1,3,29.1,5.7789242386765775e-05,
SIW 500H ST030,SIW 500H-ST030,1,29.07,5.772966584822271e-05,
6,6,13,29.0,5.7590653924955576e-05,
DEYE SHENZEN SOFAR,"DEYE, SHENZEN SOFAR",3,29.0,5.7590653924955576e-05,
KSTAR SOLIS,KSTAR + SOLIS,3,29.0,5.7590653924955576e-05,
SUNNY BOY 4 0,SUNNY BOY 4.0,5,29.0,5.7590653924955576e-05,
SOFAR E 43 SOLIS,34 - SOFAR  e 43 - SOLIS,1,29.0,5.7590653924955576e-05,
FRONIUS DO BRASIL COMERCIO INDUSTRIA E SERVICO LTDA HOYMILES,"5 - FRONIUS DO BRASIL COMÉRCIO, INDUSTRIA E SERVIÇO LTDA - HOYMILES",1,29.0,5.7590653924955576e-05,
FRONIUS SYMO 20 0 3 M RENOVIGI,Fronius - Symo 20.0-3-M / RENOVIGI,1,29.0,5.7590653924955576e-05,
B E B POWER,B E B POWER,4,29.0,5.7590653924955576e-05,
EACH ENERGY EES5K M1,EACH ENERGY EES5K-M1,6,29.0,5.7590653924955576e-05,
HUAWEI SUN2000 17KTL WEG SIW500H ST018 SUN2000 12KTL,HUAWEI / SUN2000-17KTL (WEG SIW500H ST018) + SUN2000-12KTL,1,29.0,5.7590653924955576e-05,
GRROWATT,GRROWATT,4,29.0,5.7590653924955576e-05,
INTELBRAS E SUNGROW,INTELBRAS E SUNGROW,1,29.0,5.7590653924955576e-05,
BADIN SOLAR,BADIN SOLAR,3,29.0,5.7590653924955576e-05,
SMA ABB DEYE,SMA/ABB/DEYE,1,29.0,5.7590653924955576e-05,
NAP,nap,5,29.0,5.7590653924955576e-05,
CSI 7KTL1P GI FL,208 - CSI-7KTL1P-GI-FL,4,29.0,5.7590653924955576e-05,
CS3U 340P,CS3U-340P,2,29.0,5.7590653924955576e-05,
BEL 18K G,BEL-18K-G,1,29.0,5.7590653924955576e-05,
PHB12K SDT 1975 PHB17K SDT,1974 - PHB12K-SDT;1975 - PHB17K-SDT,1,29.0,5.7590653924955576e-05,
WEG HUAWEI NEOSOLAR INDESOL INVERSOR STRING SHOP HUAWEI,WEG/Huawei/NeoSolar/Indesol//Inversor String/Shop Huawei,1,29.0,5.7590653924955576e-05,
G10 5,1550 - G10.5,3,28.98,5.755093623259354e-05,
RSM144 6 345P,RSM144-6-345P,3,28.97,5.753107738641251e-05,
GROWATT E INTELBRAS,GROWATT E INTELBRAS,2,28.96,5.7511218540231497e-05,
AP SYTEMS,AP SYTEMS,6,28.95,5.749135969405048e-05,
JYNKO380,Jynko380,2,28.88,5.735234777078335e-05,
DEYE GROWATT SOFAR,DEYE + GROWATT + SOFAR,1,28.82,5.723319469369723e-05,
BYD335,BYD335,1,28.81,5.721333584751621e-05,
WEG HUAWEI SIW500H ST030 SUN2000 33 KTL A,WEG/HUAWEI - SIW500H ST030/SUN2000-33-KTL-A,1,28.81,5.721333584751621e-05,
SOGAR,SOGAR,3,28.8,5.719347700133519e-05,
ECORI COM IMP EXP DE PRODUTOS ECOLOGICOS,8 - ECORI COM. IMP. EXP. DE PRODUTOS ECOLÓGICOS,5,28.8,5.719347700133519e-05,
KE ELETRIC,KE ELETRIC,2,28.8,5.719347700133519e-05,
BEL ENERGY 2,BEL ENERGY 2,1,28.8,5.719347700133519e-05,
SOL PLANET ASW15K UT G3,SOL PLANET ASW15K-UT-G3,2,28.8,5.719347700133519e-05,
1P5K 4G,1P5K-4G,6,28.78,5.715375930897315e-05,
RENOVIGI B B POWER SOLIS SOLIS 3P15K 4G,RENOVIGI/B&B Power/SOLIS - SOLIS 3P15K-4G,2,28.75,5.709418277043009e-05,
GUNGROW,GUNGROW,2,28.71,5.7014747385706024e-05,
LNSF 410M,LNSF-410M,2,28.700000000000003,5.699488853952501e-05,
ECO FORCE,ECO FORCE,4,28.660000000000004,5.6915453154800935e-05,
SUNGR,sungr -,4,28.64,5.687573546243889e-05,
INNTELBRAS,INNTELBRAS,2,28.6,5.679630007771481e-05,
NEPNEP,NEPNEP,5,28.58,5.675658238535276e-05,
WEG HUAWEI ENPHASE,WEG/HUAWEI + ENPHASE,1,28.58,5.675658238535276e-05,
RENOMGI,RENOMGI,1,28.56,5.671686469299073e-05,
HOVMILES,Hovmiles,8,28.54,5.66771470006287e-05,
R6 10K S3 18 1727 SUN M225G4 EU Q0 1272 R5 5K S2 15,1821 - R6-10K-S3-18;1727 - SUN-M225G4-EU-Q0;1272 - R5-5K-S2-15,1,28.5,5.659771161590462e-05,
00 00 00,00:00:00,1,28.5,5.659771161590462e-05,
FRONIUS 15 SAJ,FRONIUS / 15 - SAJ,1,28.5,5.659771161590462e-05,
BEDINSOALR,Bedinsoalr,4,28.48,5.6557993923542584e-05,
SUN 12K G,SUN 12K-G,3,28.39,5.63792643079134e-05,
SUN 1300G,SUN 1300G,6,28.38,5.6359405461732386e-05,
JKM435M 6TL4 V,JKM435M-6TL4-V,4,28.35,5.6299828923189337e-05,
POWER,POWER,6,28.3,5.620053469228424e-05,
SIW INVERSOR STRING,SIW - INVERSOR STRING,1,28.29,5.618067584610321e-05,
HIPONTECH HPS 10500T,HIPONTECH HPS-10500T,3,28.259999999999998,5.612109930756015e-05,
SUNGROW E SAJ,SUNGROW E SAJ,2,28.25,5.6101240461379145e-05,
TR 220V 30KW,TR 220V 30KW,1,28.2,5.600194623047404e-05,
BELENERGY BEL 15K G LV,BELENERGY BEL-15K-G-LV,2,28.2,5.600194623047404e-05,
JAM72D42 630 LBENPHASE ENERGY,JAM72D42-630/LBEnphase Energy,1,28.2,5.600194623047404e-05,
PRIMO 5 0,PRIMO 5.0,1,28.2,5.600194623047404e-05,
FRONIUS PRIMO 6 0 1 GROWATT MIN8000TL X E,FRONIUS PRIMO 6.0-1 /GROWATT MIN8000TL-X(E),1,28.2,5.600194623047404e-05,
APSYSREM,APSysrem,2,28.2,5.600194623047404e-05,
5500MTL S,2 - 5500MTL-S,5,28.1,5.580335776866385e-05,
CHINTPOWER CPS SCA30KTL T AS,CHINTPOWER CPS SCA30KTL-T/AS,1,28.08,5.5763640076301804e-05,
REFUELEKTRONIKGMBH,REFUElektronikGmbH,1,28.05,5.5704063537758755e-05,
INVERSOR SMA MICRO INVERSOR,Inversor: SMA; Micro Inversor:,2,28.0,5.560476930685366e-05,
NORTHERN ELECTR,Northern Electr,4,28.0,5.560476930685366e-05,
GROWATT NEW ENERGY LTD SOLIS CANADIAN SOLAR,GROWATT NEW ENERGY LTD SOLIS CANADIAN SOLAR,1,28.0,5.560476930685366e-05,
IMPERIUM IMP 8000R,IMPERIUM/IMP-8000R,1,28.0,5.560476930685366e-05,
14X AP SYSTEMS,(14x) AP SYSTEMS,1,28.0,5.560476930685366e-05,
KEWUA,KEWUA,4,28.0,5.560476930685366e-05,
APSYSTEMS E GOODWE,APSYSTEMS E GOODWE,1,28.0,5.560476930685366e-05,
X000D GINLONG,_x000D_ GINLONG,2,28.0,5.560476930685366e-05,
TRIO 27,TRIO 27,1,28.0,5.560476930685366e-05,
REDGE,REDGE,1,28.0,5.560476930685366e-05,
SUN 8K SG01LP1 US 935 MID 20KTL3 XL,1904 - SUN-8K-SG01LP1-US;935 - MID 20KTL3-XL,1,28.0,5.560476930685366e-05,
SOFAR ABB,SOFAR/ABB,1,28.0,5.560476930685366e-05,
APSYSTEMS 29 HUAWEI,19 - APSYSTEMS / 29 - HUAWEI,1,28.0,5.560476930685366e-05,
WIFI CONECTOR,WIFI + CONECTOR,7,28.0,5.560476930685366e-05,
SOFAR INTELBRAS,SOFAR / INTELBRAS,2,28.0,5.560476930685366e-05,
2 HUWAEI 1 HUWAEI,2 HUWAEI / 1 HUWAEI,1,28.0,5.560476930685366e-05,
SHENZHEIN SOFARSOLAR,SHENZHEIN SOFARSOLAR,1,28.0,5.560476930685366e-05,
SHENZHEN SOFAR DEYE,Shenzhen; SOFAR; DEYE,1,28.0,5.560476930685366e-05,
NEXEN CANADIAN SOLAR,NEXEN; Canadian Solar,1,28.0,5.560476930685366e-05,
APSYSTEMSS,apsystemss,2,28.0,5.560476930685366e-05,
HOYMILLES HMS 2000,HOYMILLES HMS-2000,2,28.0,5.560476930685366e-05,
SMA ALDO SOLAR,SMA Aldo Solar,2,28.0,5.560476930685366e-05,
SUN 10K G 490 SUN 8K G,755 - SUN 10K-G;490 - SUN-8K-G,1,28.0,5.560476930685366e-05,
SG4 0RS L,1630 - SG4.0RS-L,7,28.0,5.560476930685366e-05,
SAJ WEG WEG,SAJ / WEG / WEG,1,28.0,5.560476930685366e-05,
MI2 2000,MI2-2000,6,28.0,5.560476930685366e-05,
SOLIS X4 DEYE,SOLIS / X4 DEYE,1,28.0,5.560476930685366e-05,
GROWATT SOLIS CHINT POWER,GROWATT / SOLIS/ CHINT POWER,1,28.0,5.560476930685366e-05,
SOLPLANET KEHUA,"SOLPLANET, KEHUA",2,28.0,5.560476930685366e-05,
HOPE,HOPE,2,28.0,5.560476930685366e-05,
BELENERGY PL,Belenergy pl,1,28.0,5.560476930685366e-05,
DEYE SUN2000 G3 US 220 SAJ M2 2 25K S4,DEYE SUN2000 G3-US-220 / SAJ M2-2.25K-S4,1,28.0,5.560476930685366e-05,
HOUMILLES,HOUMILLES,3,28.0,5.560476930685366e-05,
ZN SHINE,ZN SHINE,7,27.990000000000002,5.558491046067265e-05,
BEDINSOLA,Bedinsola,3,27.96,5.5525333922129586e-05,
HWAWEI,HWAWEI,3,27.95,5.5505475075948556e-05,
BEL ENERGY MODELO,Bel Energy; Modelo,1,27.93,5.546575738358652e-05,
BEL ENERGY BEL 15K G LV,BEL ENERGY BEL-15K-G-LV,1,27.93,5.546575738358652e-05,
NINGBO OSDA SOLAR,Ningbo Osda Solar,4,27.92,5.544589853740551e-05,
WEG HUAWEI SIW500H ST015 M2 SUN2000 15KTL M2,WEG/HUAWEI - SIW500H-ST015 M2/SUN2000-15KTL-M2,2,27.869999999999997,5.534660430650041e-05,
INVERSOR SUNG MICRO INVERSOR,Inversor: SUNG; Micro Inversor:,5,27.85,5.530688661413838e-05,
SUNWAYS STS 3KTL S,SUNWAYS/STS-3KTL-S,9,27.83,5.526716892177633e-05,
SIW500H ST020,SIW500H-ST020,2,27.82,5.5247310075595315e-05,
CNHT POWER,CNHT POWER,3,27.8,5.5207592383233275e-05,
ASTRO ENERGY,ASTRO-ENERGY,7,27.72,5.5048721613785116e-05,
EAST CABEMET,EAST CABEMET,1,27.72,5.5048721613785116e-05,
HOYMILES FOXESS,"HOYMILES, FOXESS",2,27.7,5.5009003921423083e-05,
RENOOVIGI,renoovigi,3,27.68,5.496928622906105e-05,
GROWAT MID,GROWAT MID,2,27.65,5.490970969051799e-05,
SLPLANET,SLPLANET,2,27.64,5.488985084433697e-05,
L G7 3 Q PEAK,L-G7.3 Q.PEAK,2,27.64,5.488985084433697e-05,
BEL ENERGY INSBE MO 220 7 7KW S,BEL ENERGY INSBE-MO-220-7.7KW-S,3,27.62,5.485013315197494e-05,
128 00,"128,00",1,27.6,5.48104154596129e-05,
JKM530M 72HL4,JKM530M-72HL4,2,27.6,5.48104154596129e-05,
TRIO 27 6 TL OUTD S2X 400,TRIO 27.6 TL-OUTD-S2X-400,1,27.6,5.48104154596129e-05,
SOLAREDGETECHNOGIES,SOLAREDGETECHNOGIES,1,27.6,5.48104154596129e-05,
1XABB TRIO 27 6 TL OUTD,1XABB TRIO 27.6 TL OUTD,1,27.6,5.48104154596129e-05,
DIGITAR TEXTO SOLAR EDGE,digitar texto. Solar Edge,1,27.6,5.48104154596129e-05,
FIMERABB,FIMERABB,1,27.6,5.48104154596129e-05,
27 02 2020,27/02/2020,1,27.6,5.48104154596129e-05,
BELENERGY SBE,BELENERGY SBE,4,27.6,5.48104154596129e-05,
GWTT,GWTT,9,27.52,5.465154469016474e-05,
GW2000 MIS,2043 - GW2000-MIS,4,27.509999999999998,5.463168584398371e-05,
REFUSSOL,refussol,2,27.5,5.461182699780271e-05,
WEG GOODWE HUAWEI,WEG/GOODWE/HUAWEI,2,27.5,5.461182699780271e-05,
KY SOLLARIS,KY SOLLARIS,1,27.5,5.461182699780271e-05,
HOYMILES HOYMILES DEYE DEYE DEYE DEYE,HOYMILES | HOYMILES | DEYE | DEYE | DEYE | DEYE,1,27.5,5.461182699780271e-05,
16,16,16,27.45,5.451253276689761e-05,
BSM350P 72,BSM350P-72,1,27.4,5.441323853599251e-05,
1XGROWATT MID20KTL3 X,1XGROWATT//MID20KTL3-X,2,27.39,5.439337968981149e-05,
FRONIUS E 64 DEYE,FRONIUS E 64 - DEYE,2,27.38,5.437352084363047e-05,
PHB8500,PHB8500,3,27.369999999999997,5.435366199744945e-05,
BLENERGY,BLENERGY,3,27.36,5.433380315126843e-05,
HYPON TECH HPS 10500T,HYPON TECH HPS-10500T,3,27.3,5.4214650074182317e-05,
YOU ON,YOU ON,3,27.27,5.4155073535639254e-05,
SOLAREDDE,SOLAREDDE,2,27.200000000000003,5.401606161237213e-05,
CENTRAL CARBENET,Central CARBENET,1,27.2,5.4016061612372125e-05,
GROWATT SAJ GROWATT DEYE,GROWATT SAJ GROWATT DEYE,2,27.189999999999998,5.399620276619111e-05,
MIN 4200TL X,MIN 4200TL- X,7,27.14,5.3896908535286006e-05,
G R OWATT,G R OWATT,5,27.07,5.375789661201888e-05,
POWER TECH,POWER TECH,6,27.04,5.3698320073475814e-05,
LIVOTELK,LIVOTELK,8,27.0,5.361888468875175e-05,
ULICA UL450M 144,ULICA/UL450M-144,1,27.0,5.361888468875175e-05,
HOYIMILES,HOYIMILES,2,27.0,5.361888468875175e-05,
INVERSORES ECOSOLAR ENERGIA,Inversores – ECOSOLAR Energia,3,27.0,5.361888468875175e-05,
SHOPTIME,Shoptime,2,27.0,5.361888468875175e-05,
LONGI 440,LONGI 440,1,27.0,5.361888468875175e-05,
GROWATT 17 WEG,11 - GROWATT / 17 - WEG,2,27.0,5.361888468875175e-05,
LR5 72HPH545M,LR5-72HPH545M,2,27.0,5.361888468875175e-05,
QS1A BR,QS1A-BR,1,27.0,5.361888468875175e-05,
GENERAL ELETRIC GE,GENERAL ELETRIC(GE),2,27.0,5.361888468875175e-05,
SHENZEN SOFAR HOYMILES,SHENZEN SOFAR / HOYMILES,1,27.0,5.361888468875175e-05,
SOLAR YOURS,Solar Yours,5,27.0,5.361888468875175e-05,
SIW200G M070 W0,SIW200G M070 W0,4,27.0,5.361888468875175e-05,
DEYE 15 SAJ,64 - DEYE / 15 - SAJ,1,27.0,5.361888468875175e-05,
SAL SOLAR,SAL SOLAR,3,27.0,5.361888468875175e-05,
DHM72L9 BF 450W,DHM72L9/BF-450W,4,27.0,5.361888468875175e-05,
1X FONIUS ECO 27 0 3,1X FONIUS//ECO 27 0 3,1,27.0,5.361888468875175e-05,
ECO TRIF,Eco Trif,1,27.0,5.361888468875175e-05,
HOYMILES614,45 - HOYMILES614,1,27.0,5.361888468875175e-05,
INVERSOR SOLAR SMA ALDO SOLAR,INVERSOR SOLAR SMA ALDO SOLAR,6,27.0,5.361888468875175e-05,
1XFRONIUS INTE3RNATIONAL,1XFRONIUS INTE3RNATIONAL,1,27.0,5.361888468875175e-05,
ECO 27 0 3,ECO 27.0.3,1,27.0,5.361888468875175e-05,
1XABB TRIO 27 6 TL,1XABB-TRIO-27.6-TL,1,27.0,5.361888468875175e-05,
ECO 27,ECO 27,1,27.0,5.361888468875175e-05,
TSUNESS DEYE TSUNESS,TSUNESS/DEYE/TSUNESS,1,27.0,5.361888468875175e-05,
RENOVIGI SOLIS HUAWEI,RENOVIGI/SOLIS/ HUAWEI,1,27.0,5.361888468875175e-05,
NONO,nono,3,27.0,5.361888468875175e-05,
NORTHERN,NORTHERN,3,27.0,5.361888468875175e-05,
SUN 8K G 498 SUN 3K G,490 - SUN-8K-G;498 - SUN-3K-G,1,27.0,5.361888468875175e-05,
JINCO,JINCO,2,27.0,5.361888468875175e-05,
FOXE,FOXE,2,27.0,5.361888468875175e-05,
FOXEESS,FOXEESS,2,27.0,5.361888468875175e-05,
ASYSTEM S,ASYSTEM´S,1,27.0,5.361888468875175e-05,
SHEZEN SOLAR,SHEZEN SOLAR,3,27.0,5.361888468875175e-05,
CS3U 365PB,CS3U-365PB,1,27.0,5.361888468875175e-05,
HOYMILES KEHUA TECH,"HOYMILES, KEHUA TECH",3,27.0,5.361888468875175e-05,
KSTAR GROWATT SOLIS,KSTAR / GROWATT / SOLIS,1,27.0,5.361888468875175e-05,
GROWATT E WEG,GROWATT E WEG,1,27.0,5.361888468875175e-05,
FIONIUS,FÍonius,1,27.0,5.361888468875175e-05,
JIANGSU GOODWE SAJ SAJ,Jiangsu Goodwe SAJ SAJ,1,27.0,5.361888468875175e-05,
MAXEON,MAXEON,4,27.0,5.361888468875175e-05,
SOFAR E 97 GROWATT,105 - SOFAR e 97 - GROWATT,1,27.0,5.361888468875175e-05,
WHOLESALE SOLAR,Wholesale Solar,3,27.0,5.361888468875175e-05,
GW6000D NS,gw6000d-ns,4,26.97,5.3559308150208685e-05,
INTE,INTE,6,26.93,5.347987276548461e-05,
LNSF,LNSF -,2,26.91,5.3440155073122566e-05,
FRONIUS E INTELBRAS,FRONIUS e INTELBRAS,1,26.9,5.342029622694155e-05,
SIW200F,SIW200F-,7,26.89,5.340043738076053e-05,
SOFAR SOLAR E DEYE,SOFAR SOLAR e DEYE,2,26.85,5.3321001996036454e-05,
LIVOUTEK,LIVOUTEK,9,26.8,5.322170776513136e-05,
REDU ELEKTRONIK GMBH,REDU Elektronik GmbH,1,26.8,5.322170776513136e-05,
5,5,7,26.759999999999998,5.314227238040728e-05,
NORTHERN ELECTRIC POWER,NORTHERN ELECTRIC POWER,6,26.75,5.312241353422626e-05,
STS 3KTL S,1085 - STS-3KTL-S,9,26.75,5.312241353422626e-05,
LEADVANCE,LEADVANCE,3,26.75,5.312241353422626e-05,
FOXESS HOYMILES,FOXESS & HOYMILES,3,26.75,5.312241353422626e-05,
CENERGY SOLAR T,CENERGY SOLAR T,3,26.75,5.312241353422626e-05,
HPYMILLES,HPYMILLES,3,26.700000000000003,5.302311930332117e-05,
INTELBRAS HOYMILES,INTELBRAS / HOYMILES,4,26.700000000000003,5.302311930332117e-05,
JAM72530 550 MR,JAM72530-550/MR,2,26.7,5.302311930332116e-05,
R5 17K T2,978 - R5-17K-T2,2,26.689999999999998,5.300326045714014e-05,
PHD SOLAR,PHD SOLAR,3,26.6,5.282453084151098e-05,
GROWATTMID33KTL3 X,GROWATTMID33KTL3-X,1,26.6,5.282453084151098e-05,
GROW ATT,GROW ATT,4,26.55,5.272523661060588e-05,
SOLPLAC,SOLPLAC,5,26.55,5.272523661060588e-05,
MOYMILES,MOYMILES,5,26.54,5.270537776442486e-05,
EMST 340P HC G2,EMST 340P HC G2,4,26.54,5.270537776442486e-05,
SPRINGERS SOLAR,Springers Solar,5,26.52,5.2665660072062816e-05,
HYPONTECH PHB,HYPONTECH / PHB,1,26.5,5.262594237970078e-05,
RSM40 8 405M,RSM40-8-405M,3,26.5,5.262594237970078e-05,
HELTER,HELTER,3,26.5,5.262594237970078e-05,
ALTENERGY POWER SYSTEM INC,ALTENERGY POWER SYSTEM Inc,7,26.5,5.262594237970078e-05,
JKM530M 72HL4 TV BIFACIAL,JKM530M-72HL4-TV BIFACIAL,2,26.5,5.262594237970078e-05,
LP182 182 M 78 MH,LP182*182-M-78-MH,4,26.48,5.258622468733875e-05,
LIVOLTEK SAJ,"LIVOLTEK, SAJ",4,26.45,5.252664814879569e-05,
INVERSOR SOLAR EDGE,inversor Solar Edge,1,26.4,5.242735391789059e-05,
SOLARWDGE,SOLARWDGE,1,26.4,5.242735391789059e-05,
2P 32A,2P 32A,5,26.4,5.242735391789059e-05,
1X CANADIA SOLAR,1X CANADIA SOLAR,1,26.4,5.242735391789059e-05,
SMA SUNNYBOY,SMA (SUNNYBOY),7,26.4,5.242735391789059e-05,
SOLAR EDGE OTIMIZADORES,SOLAR EDGE/OTIMIZADORES,1,26.4,5.242735391789059e-05,
SOLAR EDEG,SOLAR EDEG,1,26.4,5.242735391789059e-05,
ECORI ENERGISA,Ecori energisa,1,26.4,5.242735391789059e-05,
26400,26400,1,26.4,5.242735391789059e-05,
MID 15KTL3 X,MID 15KTL3-X,2,26.39,5.2407495071709574e-05,
DHP72 330,DHP72-330,6,26.32,5.226848314844244e-05,
APSYSTEMS ABB,APsystems/ABB,1,26.3,5.2228765456080406e-05,
TSM DE18M II 495W,TSM-DE18M(II)-495W,1,26.23,5.2089753532813264e-05,
30000,30000,1,26.22,5.206989468663225e-05,
APSYSTEMS E HOYMILES,APSYSTEMS E HOYMILES,4,26.200000000000003,5.2030176994270214e-05,
DEYE GROWATT GROWATT,DEYE / GROWATT / GROWATT,2,26.2,5.2030176994270214e-05,
TSM DE17M II 450W,TSM-DE17M(II) 450W,3,26.15,5.193088276336512e-05,
SAJ E 105 SOFAR,108 - SAJ e 105 - SOFAR,2,26.15,5.193088276336512e-05,
EMSJ 340P,EMSJ - 340P,6,26.14,5.1911023917184095e-05,
380,380			,1,26.13,5.189116507100307e-05,
RENOVIGI B B POWER SOLIS RENO 30K,Renovigi / B&B POWER / SOLIS / RENO-30k,1,26.13,5.189116507100307e-05,
IPVISOLA,IPVISOLA,3,26.1,5.1831588532460016e-05,
APSYSTEMS E DEYE,APSYSTEMS E DEYE,2,26.05,5.173229430155492e-05,
DHN 72X16 DG 585W,DHN-72X16/DG/585W,2,26.0,5.1633000070649824e-05,
11,11,16,26.0,5.1633000070649824e-05,
ZXM6 NHLDD144 450 M,ZXM6-NHLDD144-450/M,1,26.0,5.1633000070649824e-05,
JINKO TIGER,JINKO TIGER,3,26.0,5.1633000070649824e-05,
EVERTECH,EVERTECH,3,26.0,5.1633000070649824e-05,
MICRO HOY,MICRO HOY,4,26.0,5.1633000070649824e-05,
GE GEP,GE-GEP,4,26.0,5.1633000070649824e-05,
HYPONTEC HPS6500,HYPONTEC HPS6500,4,26.0,5.1633000070649824e-05,
JKM450 60HL4 V 460W,JKM450-60HL4-V 460W,1,26.0,5.1633000070649824e-05,
SOL PLANET SOL PLANET,SOL PLANET / SOL PLANET,2,26.0,5.1633000070649824e-05,
RENOVIGI ABB,RENOVIGI ABB,3,26.0,5.1633000070649824e-05,
INGETEAM POWER TECHNOLOGY S A E PHB ELETRONICA LTDA,Ingeteam Power Technology S.A. e PHB Eletrônica LTDA,1,26.0,5.1633000070649824e-05,
GOODWE FRONIUS SOLIS,GOODWE/FRONIUS/SOLIS,1,26.0,5.1633000070649824e-05,
RSM144 6,RSM144-6,1,26.0,5.1633000070649824e-05,
BELL,BELL,6,26.0,5.1633000070649824e-05,
INSTELBRAS SOLAR,INSTELBRÁS SOLAR,1,26.0,5.1633000070649824e-05,
540MLK 36,540MLK-36,1,26.0,5.1633000070649824e-05,
JAM72S20 455 MR,JAM72S20-455/MR,3,26.0,5.1633000070649824e-05,
HUAWEI 17 WEG,HUAWEI / 17 - WEG,2,26.0,5.1633000070649824e-05,
TESUNES,TESUNES,1,26.0,5.1633000070649824e-05,
MICRO TECH POWER,MICRO TECH POWER,2,26.0,5.1633000070649824e-05,
2XGROWATT NEW ENERGY,2XGROWATT NEW ENERGY,1,26.0,5.1633000070649824e-05,
TELESUN,TELESUN,3,26.0,5.1633000070649824e-05,
PHB5000D NS E PHB3000 NS,PHB5000D-NS E PHB3000-NS,2,26.0,5.1633000070649824e-05,
SIW300H M040 SUN2000L 4KTL,SIW300H M040 (SUN2000L-4KTL),4,26.0,5.1633000070649824e-05,
SOLPLANET E 34 SOFAR,129 - SOLPLANET e 34 - SOFAR,1,26.0,5.1633000070649824e-05,
R5 8K S2 15 1272 R5 5K S2 15,1056 - R5-8K-S2-15;1272 - R5-5K-S2-15,2,26.0,5.1633000070649824e-05,
MINASOL I,MINASOL I,2,26.0,5.1633000070649824e-05,
HIXY POWER,HIXY POWER,5,26.0,5.1633000070649824e-05,
MIC 2000TL X,MIC 2000TL-X,13,26.0,5.1633000070649824e-05,
DEYE E 15 SAJ,64 - DEYE e 15 - SAJ,3,25.97,5.1573423532106775e-05,
GENERALELETRIC,GENERALELETRIC,3,25.939999999999998,5.151384699356371e-05,
SUNWAYS 6K,SunWays 6K,7,25.93,5.149398814738269e-05,
WEG SIW200F M050 FOXESS F5000,WEG SIW200F-M050 / FOXESS F5000,6,25.93,5.149398814738269e-05,
KOPP KAURA,KOPP Kaura,7,25.919999999999998,5.147412930120167e-05,
SUNGROW 17 WEG,4 - SUNGROW / 17 - WEG,1,25.9,5.143441160883963e-05,
EGT 2250,1803 - EGT 2250,3,25.9,5.143441160883963e-05,
EWEG,eweg,3,25.89,5.141455276265861e-05,
CARBERNET 33 KW,Carbernet 33 kW,1,25.84,5.131525853175351e-05,
JKM460M60HL4 V,JKM460M60HL4-V,2,25.8,5.123582314702945e-05,
HOYMILESSOFAR SOLAR,HOYMILESSOFAR SOLAR,1,25.8,5.123582314702945e-05,
KENUA,KENUA,3,25.77,5.1176246608486384e-05,
BRASSUNY,Brassuny,5,25.759999999999998,5.115638776230537e-05,
SOLAR EDGGE,SOLAR EDGGE,1,25.74,5.111667006994332e-05,
B B POWER RENOVIGI SOLIS,B&B POWER + RENOVIGI/SOLIS,1,25.73,5.109681122376231e-05,
SOLIUS,SOLIUS,3,25.72,5.107695237758129e-05,
KHRONOS,KHRONOS,6,25.68,5.0997516992857216e-05,
BELENERGY BEL4K G,BELENERGY/BEL4K-G,7,25.65,5.093794045431415e-05,
OSDA N TYPE,OSDA N-TYPE,5,25.63,5.089822276195212e-05,
ASYSTEMS,Asystems,7,25.6,5.083864622340907e-05,
HAUWEIDEYE,HAUWEIDEYE,1,25.57,5.077906968486601e-05,
GROWARTT,GROWARTT,4,25.55,5.073935199250397e-05,
AQUIGROWATT,aquiGrowatt,5,25.55,5.073935199250397e-05,
TP7F72M H 550,TP7F72M(H)-550,3,25.54,5.0719493146322945e-05,
EELGIN,EELGIN,3,25.54,5.0719493146322945e-05,
120 00,"120,00",1,25.53,5.069963430014193e-05,
TSUNESS SAJ,"TSUNESS, SAJ",1,25.5,5.064005776159887e-05,
QS1A 1500W,QS1A-1500W,3,25.5,5.064005776159887e-05,
ELSYS ESM 6500,ELSYS ESM-6500,4,25.5,5.064005776159887e-05,
4BLUE,4BLUE,1,25.5,5.064005776159887e-05,
SHENZHEN SOFARSOL AR,SHENZHEN SOFARSOL AR,2,25.5,5.064005776159887e-05,
AP SISTENS MODELO QS1A 1500W,AP SISTENS MODELO QS1A 1500W,2,25.5,5.064005776159887e-05,
JA SOLAR HOLDINGS CO,JA Solar Holdings Co.,7,25.5,5.064005776159887e-05,
NONE,None,4,25.5,5.064005776159887e-05,
INVT SOLAR TECNOLOGY,INVT Solar Tecnology,1,25.46,5.056062237687479e-05,
TSM 410 DEG15MC 20II,"TSM-410,DEG15MC,20II",7,25.43,5.050104583833173e-05,
INVERSOR SOLAR POWER MICRO INVERSOR,Inversor: Solar Power; Micro Inversor:,5,25.4,5.044146929978868e-05,
R5 2K S1,R5-2K-S1,8,25.33,5.030245737652154e-05,
SOLPLNAET,SOLPLNAET,5,25.3,5.024288083797848e-05,
GOODEWE GW8500 MS,GOODEWE-GW8500-MS,3,25.3,5.024288083797848e-05,
HOYMILLES SOLAR,HOYMILLES SOLAR	,3,25.28,5.020316314561645e-05,
QUALIT SOLAR,QUALIT SOLAR,4,25.27,5.0183304299435426e-05,
HEPERWIND,HEPERWIND,1,25.27,5.0183304299435426e-05,
GW8500 MS 30,1444 - GW8500-MS-30,3,25.189999999999998,5.0024433529987274e-05,
SOAR,SOAR,4,25.1,4.9845703914358105e-05,
HPS 6500D,HPS-6500D,3,25.1,4.9845703914358105e-05,
DEWE,dewe,3,25.1,4.9845703914358105e-05,
CS3W455MS,CS3W455MS,5,25.1,4.9845703914358105e-05,
UNTITLED SERRANA ENERGIA,Untitled - Serrana Energia,1,25.1,4.9845703914358105e-05,
1XRENAC,1XRENAC,1,25.08,4.980598622199606e-05,
SYMO 15 0 1,Symo 15.0-1,1,25.08,4.980598622199606e-05,
SIW200 M030,SIW200 M030,8,25.07,4.978612737581504e-05,
SOLPLANENT,SOLPLANENT,3,25.04,4.972655083727198e-05,
APSYSTEM QS1,APSYSTEM QS1,5,25.02,4.9686833144909946e-05,
SMA SB5,SMA SB5.,5,25.02,4.9686833144909946e-05,
GRTOWATT,GRTOWATT,1,25.0,4.964711545254791e-05,
GRSOLAR,GRsolar,1,25.0,4.964711545254791e-05,
CSI 5K S22002 ED 1104 R6 10K S3,712 - CSI-5K-S22002-ED;1104 - R6-10K-S3,1,25.0,4.964711545254791e-05,
SIW400G,SIW400G,1,25.0,4.964711545254791e-05,
HANERSUN SOLAR,HANERSUN SOLAR,1,25.0,4.964711545254791e-05,
KINKO SOLAR,KINKO SOLAR,1,25.0,4.964711545254791e-05,
SCHNEIDER ELECTRIC SOLAR ENERGY COMPANY,Schneider Electric Solar Energy Company,1,25.0,4.964711545254791e-05,
SHENZHENV,SHENZHENV,1,25.0,4.964711545254791e-05,
OMNIKSOLAR,OMNIKSOLAR,6,25.0,4.964711545254791e-05,
WEG SIW300H M050 L1 HUAWEI SUN2000L 5KTL L1,WEG SIW300H M050 L1 / HUAWEI SUN2000L-5KTL-L1,5,25.0,4.964711545254791e-05,
WEG HUAWEI SIW300H M050 SUN2000L 5KTL,WEG(HUAWEI) SIW300H-M050(SUN2000L-5KTL),1,25.0,4.964711545254791e-05,
DHM 72L9 445W,DHM-72L9-445W,1,25.0,4.964711545254791e-05,
CANADIAN SOLAR RENOVIGI SOLIS,CANADIAN SOLAR + RENOVIGI/SOLIS,1,25.0,4.964711545254791e-05,
SG25CX P2,1702 - SG25CX-P2,1,25.0,4.964711545254791e-05,
SMA SUNNY TRIPOWER 25,SMA/ SUNNY TRIPOWER 25,1,25.0,4.964711545254791e-05,
335,335,1,25.0,4.964711545254791e-05,
GROWATT E APSYSTEMS,Growatt e APsystems,3,25.0,4.964711545254791e-05,
SANGROW SG5 0RS,SANGROW SG5.0RS,5,25.0,4.964711545254791e-05,
HPT 25000,HPT-25000	,1,25.0,4.964711545254791e-05,
HOPEWIND SOFAR KEHUA TECH KEHUA,HOPEWIND SOFAR KEHUA TECH Kehua,1,25.0,4.964711545254791e-05,
HOPEWIMD,HOPEWIMD,1,25.0,4.964711545254791e-05,
SMA SUNNY BOY 5 0,SMA Sunny Boy 5.0,4,25.0,4.964711545254791e-05,
WEGGROWATT,WEGGrowatt,1,25.0,4.964711545254791e-05,
SCHENZHEN,Schenzhen,1,25.0,4.964711545254791e-05,
SUNOVA SOLAR SS 585 72MDH T,SUNOVA SOLAR SS-585-72MDH(T),1,25.0,4.964711545254791e-05,
EACH ENERGY EACHE ENERGY,"EACH ENERGY, EACHE ENERGY",1,25.0,4.964711545254791e-05,
KSTAR 5KW SOFAR DE 20KW,Kstar 5KW Sofar de 20KW,1,25.0,4.964711545254791e-05,
INVERSOR SOLAR SF5KTN,Inversor Solar Sf5ktn,1,25.0,4.964711545254791e-05,
GROWATT 104 FOXESS,11 - GROWATT / 104 - FOXESS,1,25.0,4.964711545254791e-05,
PHB5,PHB5,2,25.0,4.964711545254791e-05,
SOLPLANETASW,SOLPLANETASW,1,25.0,4.964711545254791e-05,
PS450M4H 24TH 450W,PS450M4H-24TH 450W,5,25.0,4.964711545254791e-05,
SIW300H M050 L1,SIW300H - M050 L1,5,25.0,4.964711545254791e-05,
2XSOLIS 1XDEYE,2xSOLIS/1xDEYE,1,25.0,4.964711545254791e-05,
1XROWATT,1XROWATT,1,25.0,4.964711545254791e-05,
SOLFA,SOLFA,2,25.0,4.964711545254791e-05,
CSI 25 KTL GI,csi-25-ktl-gi,1,25.0,4.964711545254791e-05,
CSI 25KTL GI L,587 - CSI-25KTL-GI-L,1,25.0,4.964711545254791e-05,
GROWETT,growett,1,25.0,4.964711545254791e-05,
SUN2000 10KTL LCO 1439 SUN2000 5KTL L1,1896 - SUN2000-10KTL-LCO;1439 - SUN2000-5KTL-L1,1,25.0,4.964711545254791e-05,
SUNTRIO PLUS 25K,SUNTRIO PLUS 25K,1,25.0,4.964711545254791e-05,
AKCOME SK6612P 330,Akcome - SK6612P-330,1,25.0,4.964711545254791e-05,
SUNWAYS 25KW,SunWays 25kw,1,25.0,4.964711545254791e-05,
SUNWAYS25K,SunWays25K,1,25.0,4.964711545254791e-05,
SMA STP 25000,SMA/STP 25000,1,25.0,4.964711545254791e-05,
GOODWEMOD,goodwemod,4,25.0,4.964711545254791e-05,
LUKE REHMANN,Luke Rehmann,2,25.0,4.964711545254791e-05,
1XDEYE SUN 25K G,1XDEYE//SUN-25K-G,1,25.0,4.964711545254791e-05,
25KTLX G3,25KTLX-G3,1,25.0,4.964711545254791e-05,
2X CSI 9KTL1P GI FL E,2x CSI-9KTL1P-GI-FL e,1,25.0,4.964711545254791e-05,
1XSMA STP25000TL 30,1XSMA//STP25000TL-30,1,25.0,4.964711545254791e-05,
PVI 12 5,PVI-12-5-,2,25.0,4.964711545254791e-05,
BELENERGY BELENUS LTDA,BelEnergy - Belenus Ltda,1,25.0,4.964711545254791e-05,
GCL E SMA,GCL E SMA,1,25.0,4.964711545254791e-05,
SIW 300 M025,SIW 300 M025,1,25.0,4.964711545254791e-05,
MIN 10000TL X MIN 5000TL X,MIN 10000TL-X MIN 5000TL-X,1,25.0,4.964711545254791e-05,
S M A,S M A,1,25.0,4.964711545254791e-05,
GROWATT 20000 TL3 S 187 SOLIS 1P5K 4G,439 - GROWATT-20000-TL3-S;187 - SOLIS - 1P5K - 4G,1,25.0,4.964711545254791e-05,
GOODWE SOLIS ZERO GRID,GOODWE /  SOLIS (ZERO GRID),1,25.0,4.964711545254791e-05,
INVERSOR SUNTRIO,INVERSOR SUNTRIO,1,25.0,4.964711545254791e-05,
CRO,cro,1,25.0,4.964711545254791e-05,
RENO RENO,RENO / RENO,1,25.0,4.964711545254791e-05,
ELG555 M72HCH,ELG555-M72HCH,1,25.0,4.964711545254791e-05,
SCA 25K T SA,1847 - SCA 25K-T-SA,1,25.0,4.964711545254791e-05,
RENOVIGI B B POWER SOLIS SOLIS S5 GC25K,RENOVIGI/B&B Power/SOLIS - SOLIS S5-GC25K,1,25.0,4.964711545254791e-05,
1XGROWATT MID 25KTL3 X,1XGROWATT//MID 25KTL3-X,1,25.0,4.964711545254791e-05,
25K 2T850P025 200,25K-2T850P025.200,1,25.0,4.964711545254791e-05,
SOLARMAXX TECH SOLARMAXX TECH,SOLARMAXX TECH\ SOLARMAXX TECH	,2,25.0,4.964711545254791e-05,
ENGIN SUN 25K G,ENGIN|SUN-25K-G,1,25.0,4.964711545254791e-05,
SHENZHEN SOFARSOLAR CO 25000TL G2,Shenzhen SOFARSOLAR Co - 25000TL-G2,1,25.0,4.964711545254791e-05,
GCL M6,GCL-M6,1,25.0,4.964711545254791e-05,
R3 25K G5,973 - R3-25K-G5,1,25.0,4.964711545254791e-05,
GROWAAT GROWAAT,"GROWAAT, GROWAAT",1,25.0,4.964711545254791e-05,
FRONIOS SOLAR,FRONIOS SOLAR,1,25.0,4.964711545254791e-05,
AUXSOLNANSEN,AUXSOLNANSEN,5,25.0,4.964711545254791e-05,
2020 JINKO SOLAR,©2020 Jinko Solar,1,25.0,4.964711545254791e-05,
SOLIS SOLAR RENOVIGI,SOLIS SOLAR / RENOVIGI,1,25.0,4.964711545254791e-05,
IONS 5K M5,1825 - IONS-5K M5,5,25.0,4.964711545254791e-05,
MODULO RISEN,MODULO RISEN,1,25.0,4.964711545254791e-05,
ESPC 370,ESPC-370,1,25.0,4.964711545254791e-05,
SOLPLAET,SOLPLAET,1,25.0,4.964711545254791e-05,
HUAWEI WEG E WEG,HUAWEI/ WEG E WEG,1,25.0,4.964711545254791e-05,
R6 10K S3 18 1202 R6 15K T2 32 LV,1921 - R6-10K-S3-18;1202 - R6-15K-T2-32-LV,1,25.0,4.964711545254791e-05,
P H B SOLAR,P H B SOLAR,2,25.0,4.964711545254791e-05,
HPONTECH,HPONTECH,3,25.0,4.964711545254791e-05,
VERTYS R3 25K G5,VERTYS - R3-25K-G5,1,25.0,4.964711545254791e-05,
SUNTRIO SUNUNO,Suntrio / Sununo,1,25.0,4.964711545254791e-05,
INVERSOR SUN 25K G MICRO INVERSOR,Inversor: SUN-25K-G; Micro Inversor:,1,25.0,4.964711545254791e-05,
OMNIK HY PONTECH,OMNIK/HY PONTECH,1,25.0,4.964711545254791e-05,
CEFEM SOLAR SYSTEMS,CEFEM SOLAR SYSTEMS,1,25.0,4.964711545254791e-05,
S5 GR1P10K 909 S5 GC15K LV,1140 - S5-GR1P10K;909 - S5-GC15K-LV,1,25.0,4.964711545254791e-05,
S6 GR1P10K03 NV ND 1597 S6 GR1P5K S,1851 - S6-GR1P10K03-NV-ND;1597 - S6-GR1P5K-S,1,25.0,4.964711545254791e-05,
EFU ELEKTRONIK GMBH,EFU Elektronik GmbH,1,25.0,4.964711545254791e-05,
REVOVIGI,REVOVIGI,2,25.0,4.964711545254791e-05,
CHSM66RN,CHSM66RN,1,25.0,4.964711545254791e-05,
HY M10 144 550W,HY-M10/144  550W,1,25.0,4.964711545254791e-05,
SMS TECHNOLOGIE,SMS TECHNOLOGIE,1,25.0,4.964711545254791e-05,
APSYSTEM BELENERGY,APSystem Belenergy,1,25.0,4.964711545254791e-05,
ABB SOLAR SUNGROW,ABB SOLAR + SUNGROW,1,25.0,4.964711545254791e-05,
SOOFAR,SOOFAR,1,25.0,4.964711545254791e-05,
SUNE,SUNE,1,25.0,4.964711545254791e-05,
ORIZON ORI PLUS 25K,ORIZON * Ori Plus 25K,1,25.0,4.964711545254791e-05,
PREFEITURA MUNICIPAL DE BARRA DO CHOCA,PREFEITURA MUNICIPAL DE BARRA DO CHOCA,1,25.0,4.964711545254791e-05,
HUAWEI WEG SIW400G T025 W0,HUAWEI/WEG - SIW400G T025 W0,1,25.0,4.964711545254791e-05,
HOPENSUN,HOPENSUN,2,25.0,4.964711545254791e-05,
MBTECH INDUSTRIA E C,MBTECH INDUSTRIA E C,3,25.0,4.964711545254791e-05,
SOLISIST,SOLISIST,3,25.0,4.964711545254791e-05,
SOLISGOODWE,SOLISGOODWE,1,25.0,4.964711545254791e-05,
SUN 25K G002 TRI,SUN 25K-G002 TRI,1,25.0,4.964711545254791e-05,
WEG HUAWEI ECOSOLYS,WEG/HUAWEI + Ecosolys,1,25.0,4.964711545254791e-05,
GOODWE 106 SOLIS,100 - GOODWE 106 - SOLIS,1,25.0,4.964711545254791e-05,
GT3 25KD1,2012 - GT3-25KD1,1,25.0,4.964711545254791e-05,
MODULO 450WP MONO HC LR4 72HPH 450M LONGI,MODULO 450WP - MONO - HC; (LR4-72HPH-450M) LONGI,1,25.0,4.964711545254791e-05,
SUN 25K G04 LV,SUN-25K-G04-LV,1,25.0,4.964711545254791e-05,
INVERSOR FRONUS ECO,INVERSOR FRONUS ECO,1,25.0,4.964711545254791e-05,
WEG WEG DEYE,WEG; WEG; DEYE,1,25.0,4.964711545254791e-05,
1 SMA SOLAR TECHNOLOGY AG,1 SMA Solar Technology AG,1,25.0,4.964711545254791e-05,
INVERSOR HOMOLOGADO,INVERSOR HOMOLOGADO	,1,25.0,4.964711545254791e-05,
ZXM6 NHLD144 415 M,ZXM6-NHLD144-415/M,2,25.0,4.964711545254791e-05,
CANADIASN,canadiasn,1,25.0,4.964711545254791e-05,
JAM72D30 540,JAM72D30-540,1,25.0,4.964711545254791e-05,
FGDF,FGDF,1,25.0,4.964711545254791e-05,
1XFRONIUS ECO 27 0 3 S,1XFRONIUS//ECO 27.0-3-S,1,24.96,4.9567680067823834e-05,
SIW300 M050,41 - SIW300 M050,5,24.95,4.954782122164282e-05,
INVERSOR EAST MICRO INVERSOR,Inversor: EAST; Micro Inversor:,5,24.939999999999998,4.952796237546179e-05,
SUZHOU NORTHERN ELECTRIC POWER TECHNOLOGY CO LTD,"Suzhou Northern Electric Power Technology Co., Ltd",8,24.91,4.946838583691874e-05,
WATT,WATT,5,24.88,4.9408809298375675e-05,
24 84,24.84,1,24.84,4.93293739136516e-05,
INVERSOR TRINA SOLAR MICRO INVERSOR,Inversor: TRINA SOLAR; Micro Inversor:,2,24.84,4.93293739136516e-05,
SOFAR 29 HUAWEI,34 - SOFAR / 29 - HUAWEI,2,24.8,4.924993852892752e-05,
RENC,RENC,4,24.8,4.924993852892752e-05,
GCL SOLAR,GCL SOLAR,4,24.8,4.924993852892752e-05,
THREE PHASE,THREE PHASE,1,24.75,4.915064429802243e-05,
BELENERGY BEL 25K G LV,BELENERGY BEL-25K-G-LV,1,24.75,4.915064429802243e-05,
RENOVIGI E HOYMILES,RENOVIGI E HOYMILES,5,24.7,4.905135006711733e-05,
KEHUA SOFAR,KEHUA|SOFAR,1,24.69,4.903149122093632e-05,
CHANGSHU,CHANGSHU,3,24.65,4.8952055836212236e-05,
HYPOTEK,HYPOTEK,1,24.64,4.8932196990031226e-05,
SOFAR7,SOFAR7,3,24.630000000000003,4.891233814385021e-05,
JAN72S30,JAN72S30,1,24.61,4.887262045148816e-05,
SANJING,SANJING,4,24.6,4.8852761605307146e-05,
FIONIOS,FIONIOS,1,24.6,4.8852761605307146e-05,
SIW500H AT020,SIW500H-AT020,2,24.6,4.8852761605307146e-05,
CS3W 355,CS3W-355,1,24.6,4.8852761605307146e-05,
2 25,"2,25	",5,24.57,4.8793185066764084e-05,
EDELTEC,EDELTEC,5,24.57,4.8793185066764084e-05,
RESWATT,RESWATT,3,24.560000000000002,4.877332622058307e-05,
ELSYS EST 25K,ELSYS - EST-25K,1,24.53,4.871374968204002e-05,
LEVEIROS,LEVEIROS,3,24.5,4.8654173143496955e-05,
APSYSTEMS FOXESS,APSYSTEMS / FOXESS,1,24.5,4.8654173143496955e-05,
GOODWE GROWATT JA INSTALADO,GOODWE | GROWATT (JÁ INSTALADO),1,24.5,4.8654173143496955e-05,
INVERSOR EA5KSI INVERSOR ON GRID MONOFASICO 200 VAC MICRO INVERSOR,Inversor: EA5KSI - INVERSOR ON GRID MONOFASICO - 200 VAC; Micro Inversor:,5,24.45,4.855487891259185e-05,
INVERSOR BELENERGY,INVERSOR BELENERGY,6,24.44,4.8535020066410836e-05,
TONGWEI,TONGWEI,4,24.4,4.8455584681686756e-05,
40 00,"40,00",3,24.4,4.8455584681686756e-05,
SOFARDEYE,Sofardeye,2,24.3,4.825699621987657e-05,
GROWATT BELENERGY DEYE,GROWATT/ BELENERGY /DEYE,1,24.2,4.805840775806638e-05,
FRONIUS APSYSTEMS GOODWE,FRONIUS+APSYSTEMS+GOODWE,1,24.2,4.805840775806638e-05,
BELENUS PLUS,BELENUS PLUS,1,24.2,4.805840775806638e-05,
FRONIUS 11 GROWATT,FRONIUS / 11 - GROWATT,2,24.2,4.805840775806638e-05,
EDGE SOLAR APSYSTEM,EDGE SOLAR + APSYSTEM,1,24.2,4.805840775806638e-05,
BEL ENERG,BEL ENERG,4,24.15,4.7959113527161284e-05,
CLEAN,Clean,1,24.12,4.789953698861823e-05,
LGIN,LGIN,4,24.1,4.785981929625619e-05,
SHINT,SHINT,2,24.1,4.785981929625619e-05,
SUN 2000 G3 US 220,SUN 2000 G3-US-220,4,24.1,4.785981929625619e-05,
JINYUAN,JINYUAN,2,24.1,4.785981929625619e-05,
ABB SOLAR GROWATT GROWATT,ABB SOLAR GROWATT GROWATT,1,24.08,4.782010160389414e-05,
HOLMILES,HOLMILES,4,24.07,4.780024275771313e-05,
CABERNET 16000 27L,CABERNET 16000 27L,1,24.06,4.778038391153211e-05,
REGOVINI,REGOVINI,1,24.03,4.772080737298905e-05,
SOALR EDGE,SOALR EDGE,3,24.02,4.7700948526808036e-05,
4X AP SYSTEMS,(4x) AP SYSTEMS,3,24.0,4.7661230834445996e-05,
JAM72530 550 MR 550W,JAM72530-550/MR (550W),2,24.0,4.7661230834445996e-05,
BYD340PIK 36,BYD340PIK-36,6,24.0,4.7661230834445996e-05,
TSM 410DE15 II,TSM-410DE15(II),2,24.0,4.7661230834445996e-05,
TSM 450DE17M,TSM-450DE17M,2,24.0,4.7661230834445996e-05,
ABB TRIO E WEG,ABB TRIO E WEG,1,24.0,4.7661230834445996e-05,
GROWATT FRONIUS SUNGROW,GROWATT + FRONIUS + SUNGROW,1,24.0,4.7661230834445996e-05,
SAJ24 0,SAJ24.0,1,24.0,4.7661230834445996e-05,
HOYSMILES,HOYSMILES,1,24.0,4.7661230834445996e-05,
X000D SOLAR,_x000D_ SOLAR,1,24.0,4.7661230834445996e-05,
GROWATTMIN8000TL X,GROWATTMIN8000TL-X,3,24.0,4.7661230834445996e-05,
EAST UPS,East ups,2,24.0,4.7661230834445996e-05,
INVERSOR DE MICRO INVERSOR,Inversor: De; Micro Inversor:,2,24.0,4.7661230834445996e-05,
ELGINS,elgins,1,24.0,4.7661230834445996e-05,
B B ST12000TL,B&B	ST12000TL,1,24.0,4.7661230834445996e-05,
ELSYS ELSYS,"ELSYS, ELSYS",3,24.0,4.7661230834445996e-05,
MICROINVERSOR RENO,Microinversor Reno,1,24.0,4.7661230834445996e-05,
SOLPLANETASW8000 S,SOLPLANETASW8000-S,3,24.0,4.7661230834445996e-05,
SG6KD,SG6KD,3,24.0,4.7661230834445996e-05,
LEAPTON SOLAR 590W,LEAPTON SOLAR -590W,1,24.0,4.7661230834445996e-05,
KEHUATEC,KEHUATEC,4,24.0,4.7661230834445996e-05,
WEG 34 SOFAR,17 - WEG / 34 - SOFAR,1,24.0,4.7661230834445996e-05,
JAM72D30 550 MB,JAM72D30-550/MB,2,24.0,4.7661230834445996e-05,
KERUA TECH,KERUA TECH,3,24.0,4.7661230834445996e-05,
PHB12KF DT,PHB12KF-DT,1,24.0,4.7661230834445996e-05,
DEEYE SUN2000G3 US 220,DEEYE SUN2000G3 - US - 220,2,24.0,4.7661230834445996e-05,
GB DREI,GB drei,1,24.0,4.7661230834445996e-05,
SUN2000L 4KTL,350 - SUN2000L-4KTL,6,24.0,4.7661230834445996e-05,
INVERSOR STING NEO SOLAR,INVERSOR STING - NEO SOLAR,1,24.0,4.7661230834445996e-05,
SUNWAYS BELENERGY,SUNWAYS / BELENERGY,1,24.0,4.7661230834445996e-05,
BEL ENEGY,BEL ENEGY,3,24.0,4.7661230834445996e-05,
1XECOSOLYS,1XECOSOLYS,2,24.0,4.7661230834445996e-05,
SS 560 72MDH,SS-560-72MDH,4,24.0,4.7661230834445996e-05,
400MIK 36 400W,400MIK-36 400W,2,24.0,4.7661230834445996e-05,
SINE,sine,3,24.0,4.7661230834445996e-05,
SG9 0RS L 1492 SG15CX P2 LV,1789 - SG9.0RS-L;1492 - SG15CX-P2-LV,1,24.0,4.7661230834445996e-05,
GOODWE TSUN TSUNESS,GOODWE + TSUN/TSUNESS,1,24.0,4.7661230834445996e-05,
CS3Y 485MS,CS3Y-485MS,2,24.0,4.7661230834445996e-05,
GW12KN DT,GW12KN-DT,2,24.0,4.7661230834445996e-05,
HUAWEI LIVOLTEK,"HUAWEI, LIVOLTEK",3,24.0,4.7661230834445996e-05,
20 X HOYMILLES,20 X HOYMILLES,1,24.0,4.7661230834445996e-05,
RENOVIGI B B POWER SOLIS S5 GR3P12K,RENOVIGI/B&B Power/SOLIS - S5-GR3P12K,2,24.0,4.7661230834445996e-05,
8 00,"8,00",3,23.98,4.7621513142083956e-05,
HIPON TECH,HIPON TECH,3,23.98,4.7621513142083956e-05,
NORTHERN ELETRIC,NORTHERN ELETRIC,6,23.97,4.760165429590293e-05,
ZXP6 LD72 330 P,ZXP6-LD72-330/P,3,23.96,4.758179544972192e-05,
BLEENERGY,BLEENERGY,1,23.94,4.7542077757359884e-05,
INTELBRAS E GROWATT,INTELBRAS E GROWATT,1,23.93,4.752221891117886e-05,
NA SOLAR,NA SOLAR,3,23.9,4.74626423726358e-05,
SCHNEIDER CONEXT,SCHNEIDER CONEXT,2,23.9,4.74626423726358e-05,
HOYMILES FRONIUS FRONIUS,Hoymiles/FRONIUS/FRONIUS,1,23.9,4.74626423726358e-05,
SUNNOVA,SUNNOVA,6,23.88,4.7422924680273765e-05,
SOFAR SOFAR DEYE,SOFAR|SOFAR|DEYE,2,23.85,4.736334814173071e-05,
BELENERRGY,BELENERRGY,3,23.82,4.7303771603187645e-05,
ESAT,ESAT,6,23.8,4.726405391082561e-05,
WEG E GROWATT,WEG E GROWATT,4,23.8,4.726405391082561e-05,
DEYER SUN2000,"DEYER|SUN2000,",1,23.76,4.718461852610154e-05,
INVT IMARS BG30KTR,INVT // iMars BG30KTR,1,23.76,4.718461852610154e-05,
RENO RENO 3K PLUS,RENO/RENO 3K PLUS,8,23.759999999999998,4.7184618526101526e-05,
OMNIK 5K TL2,OMNIK 5k-TL2,4,23.75,4.716475967992052e-05,
NEOSOLAR SOLAR WITH HUAWEI STRING WEG HUAWEI,NeoSolar/Solar with Huawei/String - WEG/Huawei,1,23.7,4.706546544901542e-05,
LP182 M 60 MH 460W,LP182-M-60-MH-460W,2,23.7,4.706546544901542e-05,
LEAPTON 550W,LEAPTON 550W,1,23.65,4.6966171218110325e-05,
25KW,25kW,1,23.65,4.6966171218110325e-05,
CANADIAN ELGIN,CANADIAN / ELGIN,2,23.63,4.692645352574828e-05,
KACO NEW ENERGYGMBH,KACO New EnergyGmbH,1,23.5,4.666828852539504e-05,
FORTLEV,FORTLEV,5,23.5,4.666828852539504e-05,
BELENREGY,BELENREGY,4,23.41,4.648955890976586e-05,
1XSOLAREDGE SE27 6K,1XSOLAREDGE//SE27.6K,1,23.25,4.617181737086956e-05,
ZXM6 NHLD144 430 M,ZXM6-NHLD144-430/M,1,23.22,4.6112240832326495e-05,
YC600,YC600,7,23.16,4.599308775524038e-05,
SERRANA SUNTRIO,SERRANA SUNTRIO,1,23.12,4.591365237051631e-05,
TSM 410,TSM-410,2,23.119999999999997,4.59136523705163e-05,
JFY 5000TL,JFY 5000TL,1,23.1,4.587393467815428e-05,
RENOVIGI B B POWER SOLIS SOLIS 3P25K 5G,RENOVIGI/B&B Power/SOLIS - SOLIS 3P25K-5G,1,23.1,4.587393467815428e-05,
CANADIAN ENPHASE,CANADIAN / ENPHASE,1,23.01,4.5695205062525095e-05,
SOLARNPLUS,SOLARNPLUS,4,23.009999999999998,4.5695205062525095e-05,
EACH SOLAR,EACH SOLAR,2,23.0,4.567534621634408e-05,
OMNIIK SOL,OMNIIK SOL,1,23.0,4.567534621634408e-05,
JKM390M 72 V,JKM390M-72-V,2,23.0,4.567534621634408e-05,
SOLPLANET E FRONIUS,SOLPLANET E FRONIUS,2,23.0,4.567534621634408e-05,
GROWATT NEW SOLAR DEYE,GROWATT NEW SOLAR | DEYE,2,23.0,4.567534621634408e-05,
NINGBO GINLONG EAST,Ningbo Ginlong | EAST,1,23.0,4.567534621634408e-05,
WEG SUNGROW GROWAT,WEG/SUNGROW/GROWAT,1,23.0,4.567534621634408e-05,
SOLPLANETA,Solplaneta,2,23.0,4.567534621634408e-05,
RENOVIGI FRONIUS FRONIUS,RENOVIGI; FRONIUS; FRONIUS,1,23.0,4.567534621634408e-05,
BELENERGY BEL 10K G BELENERGY BEL 10K G 005092 2021,BELENERGY/BEL-10K-G	BELENERGY/BEL-10K-G	005092/2021,2,23.0,4.567534621634408e-05,
B E LE NERGY,B e lE nergy,4,23.0,4.567534621634408e-05,
SG10RS 1091 SG3 0RS S,1118 - SG10RS;1091 - SG3.0RS-S,1,23.0,4.567534621634408e-05,
HYX POWER,hyx power,4,23.0,4.567534621634408e-05,
UNO DM 6 0,UNO-DM-6.0,4,23.0,4.567534621634408e-05,
DEYE SOFAR SOLAR SOFAR SOLAR,DEYE/ SOFAR SOLAR / SOFAR SOLAR,1,23.0,4.567534621634408e-05,
MINASOL OMNIK,"MINASOL,  OMNIK",1,23.0,4.567534621634408e-05,
FOXESS HUAWEI,FOXESS | HUAWEI,2,23.0,4.567534621634408e-05,
5KTLM G2 808 MIN8000TL X E,100 - 5KTLM-G2;808 - MIN8000TL-X(E),1,23.0,4.567534621634408e-05,
TS,ts,4,23.0,4.567534621634408e-05,
WEG HUAWEI SIW300H,WEG - HUAWEI SIW300H,2,23.0,4.567534621634408e-05,
GOODWEPOWER,GOODWEPOWER,2,23.0,4.567534621634408e-05,
WE,WE.,3,23.0,4.567534621634408e-05,
INVERSOR 7 5KTLM G3,"INVERSOR 7,5KTLM-G3",3,23.0,4.567534621634408e-05,
GROWATT E 7 RENOVIGI,11 - GROWATT E 7 - RENOVIGI,1,23.0,4.567534621634408e-05,
INVERSOR 75KTLM G3,INVERSOR 75KTLM-G3,3,23.0,4.567534621634408e-05,
SMA BRASIL TECNOLOGIA FERROVIARIA E SOLAR LTDA,SMA BRASIL TECNOLOGIA FERROVIARIA E SOLAR LTDA,4,23.0,4.567534621634408e-05,
LESSO LESSO,LESSO | LESSO,1,23.0,4.567534621634408e-05,
BELENERGYPOWER,BELENERGYPOWER,6,22.97,4.5615769677801016e-05,
CPS SCA5KTL PSM EU,1638 - CPS SCA5KTL-PSM/EU,5,22.97,4.5615769677801016e-05,
TSM DE15M LL,TSM-DE15M(ll),1,22.96,4.559591083162e-05,
KSTRA,KSTRA/,4,22.95,4.5576051985438976e-05,
NEXEX,NEXEX,3,22.95,4.5576051985438976e-05,
PHK,PHK,3,22.89,4.545689890835287e-05,
RENOVIGI INTELBRAS,RENOVIGI + INTELBRAS,3,22.85,4.537746352362879e-05,
JINKO JKM400M 72H V,Jinko | JKM400M-72H-V,3,22.8,4.5278169292723695e-05,
MICRO INVERSOR BELENERGY,micro inversor belenergy,3,22.8,4.5278169292723695e-05,
REFU ELERTRONIK,Refu elertronik,1,22.78,4.5238451600361656e-05,
EMSH 335P,EMSH 335P,1,22.78,4.5238451600361656e-05,
B POWER,&B POWER,5,22.759999999999998,4.519873390799961e-05,
GINLONG TECHNOLOGIES CO,Ginlong Technologies Co,5,22.75,4.51788750618186e-05,
B B POWER RENOVIG,B&B POWER/RENOVIG,2,22.72,4.5119298523275536e-05,
DEYES,DEYES,6,22.72,4.5119298523275536e-05,
SO,SO.,3,22.7,4.5079580830913503e-05,
GINLON,GINLON,1,22.68,4.5039863138551464e-05,
SHENZHEN SOFARSOLAR CO 30000TL G2,Shenzhen SOFARSOLAR Co // 30000TL-G2,1,22.68,4.5039863138551464e-05,
R6 8K S2 X,2021 - R6-8K-S2-X,2,22.66,4.500014544618943e-05,
YINGLI,YINGLI,5,22.66,4.500014544618943e-05,
390M7K 36,390M7K-36,1,22.62,4.492071006146535e-05,
INTELBRTAS SOLAR,INTELBRTAS SOLAR,5,22.6,4.488099236910331e-05,
DEYEINVERSORES,DEYEINVERSORES,3,22.59,4.486113352292229e-05,
CS3W 405P,CS3W-405P,5,22.58,4.4841274676741265e-05,
INVERSOR SOLAR SF,Inversor Solar SF,2,22.57,4.4821415830560256e-05,
SS 585 72MDH T,SS-585-72MDH(T),4,22.56,4.480155698437923e-05,
SAJR5 6K S2 15,SAJR5-6K-S2-15	,4,22.56,4.480155698437923e-05,
FONIOUS,FONIOUS,1,22.5,4.468240390729312e-05,
AUXASN 7 5SLSOL,AUXASN-7.5SLSOL,3,22.5,4.468240390729312e-05,
SHENZHEM,Shenzhem,2,22.5,4.468240390729312e-05,
WEG WEG GOODWE,WEG WEG (GOODWE),2,22.5,4.468240390729312e-05,
15 X HOYMILLES,15 x HOYMILLES,1,22.5,4.468240390729312e-05,
GOODWE SOFAR SOLAR,GoodWe + Sofar Solar,1,22.5,4.468240390729312e-05,
JAM72S09,JAM72S09,2,22.5,4.468240390729312e-05,
INTELBRRAS,INTELBRRAS,4,22.5,4.468240390729312e-05,
FIRMER,FIRMER,3,22.48,4.464268621493108e-05,
CANADIA N,CANADIA N,7,22.44,4.456325083020701e-05,
WAARE,WAARE,1,22.44,4.456325083020701e-05,
1FRONIUS,1FRONIUS,1,22.44,4.456325083020701e-05,
SMA SUNNY TRIPOWER STP,SMA Sunny Tripower STP,1,22.4,4.448381544548292e-05,
GRWOATT,GRWOATT,6,22.4,4.448381544548292e-05,
X POWER,x-power,2,22.4,4.448381544548292e-05,
FABRICANTE S DOS INVERSORES,FABRICANTE(S) DOS INVERSORES,2,22.4,4.448381544548292e-05,
SIW200F M050,SIW200F-M050,5,22.37,4.442423890693987e-05,
SOAFAR,SOAFAR,4,22.33,4.4344803522215786e-05,
MICROINVERSOR HOYMILE,MICROINVERSOR HOYMILE,2,22.32,4.4324944676034776e-05,
LEVOLTEK,LEVOLTEK,4,22.310000000000002,4.430508582985376e-05,
FOXSS,FOXSS,5,22.3,4.4285226983672737e-05,
ASPYSTEMS,ASPYSTEMS,20,22.3,4.4285226983672737e-05,
PHB REFUSOL,PHB+REFUSOL,2,22.3,4.4285226983672737e-05,
SOLAXX,SOLAXX,4,22.28,4.4245509291310704e-05,
OMMIK,OMMIK,5,22.27,4.422565044512968e-05,
CHNT POWER SCA36KTL T AS,CHNT POWER SCA36KTL-T/AS,1,22.25,4.418593275276764e-05,
WEG HUAWEI GODWE,WEG(HUAWEI/GODWE),1,22.25,4.418593275276764e-05,
YC1000 3,YC1000-3,2,22.2,4.4086638521862545e-05,
3 3TLM G3,1372 - 3.3TLM-G3,7,22.2,4.4086638521862545e-05,
HOYMILES E APSYSTEMS,HOYMILES E APSYSTEMS,5,22.2,4.4086638521862545e-05,
SUNRGOW,Sunrgow,4,22.19,4.406677967568153e-05,
OMNIKSOL SOLAR,OMNIKSOL SOLAR,2,22.17,4.402706198331949e-05,
RSM144 6 410P,RSM144-6-410P,4,22.159999999999997,4.400720313713846e-05,
RENOVIGI 2 E SOLIS 1,RENOVIGI (2) E SOLIS (1),1,22.13,4.394762659859541e-05,
2XSAJ,2XSAJ,1,22.11,4.390790890623337e-05,
GROIWATT,GROIWATT,3,22.1,4.388805006005236e-05,
MINASOL IMS3000,MINASOL IMS3000,6,22.080000000000002,4.384833236769032e-05,
ASN 6SL G2,2086 - ASN-6SL-G2,4,22.060000000000002,4.380861467532828e-05,
842P040010,842P040010,1,22.0,4.368946159824216e-05,
S5 GC 25 37 5 K LV,S5-GC(25-37.5)K-LV,1,22.0,4.368946159824216e-05,
SOLPLANET E HUAWEI,SOLPLANET E HUAWEI,1,22.0,4.368946159824216e-05,
DEYEBELENERGY,DEYEBELENERGY,1,22.0,4.368946159824216e-05,
GHOWATT,GHOWATT,3,22.0,4.368946159824216e-05,
TSM DEG15MC 20 II,TSM-DEG15MC.20(II),2,22.0,4.368946159824216e-05,
41,41,2,22.0,4.368946159824216e-05,
DAEYE,DAEYE,2,22.0,4.368946159824216e-05,
SOLPUNET,SOLPUNET,4,22.0,4.368946159824216e-05,
SUBMARINO,Submarino,1,22.0,4.368946159824216e-05,
SUN 2000 20KTL,SUN 2000-20KTL,1,22.0,4.368946159824216e-05,
LEVE,LEVE,1,22.0,4.368946159824216e-05,
HUWAEI SUN 2000 20KTL,HUWAEI SUN 2000 20KTL,1,22.0,4.368946159824216e-05,
CS6U 350P,CS6U-350P,2,22.0,4.368946159824216e-05,
SMA ABB SAJ,SMA /ABB SAJ,1,22.0,4.368946159824216e-05,
RENOVIGI B B POWER SOLIS SOLIS 25K LV,RENOVIGI/B&B Power/SOLIS - SOLIS 25K-LV,1,22.0,4.368946159824216e-05,
SOLAR 50KTLX G3,SOLAR 50KTLX-G3,1,22.0,4.368946159824216e-05,
2X GW10K MS 1X GW5KBD NS,2x GW10K-MS / 1x GW5KBD-NS,1,22.0,4.368946159824216e-05,
SUNWATT,SUNWATT,3,22.0,4.368946159824216e-05,
LOGIN,Login,3,22.0,4.368946159824216e-05,
HAWAI,HAWAI,3,22.0,4.368946159824216e-05,
SOLAREDGESOLAREDGE,SOLAREDGESOLAREDGE,3,22.0,4.368946159824216e-05,
APSYSTEMS 7 RENOVIGI ENERGIA SOLAR,18 - APSYSTEMS/7 - RENOVIGI ENERGIA SOLAR,1,22.0,4.368946159824216e-05,
GROWATTMIC3000TL X,GROWATTMIC3000TL-X,6,22.0,4.368946159824216e-05,
SOLPLANET ABB SMA SMART GROWATT,SOLPLANET|ABB|SMA SMART |GROWATT,1,22.0,4.368946159824216e-05,
TSUNER,TSUNER,2,22.0,4.368946159824216e-05,
3XFRONIUS 1XSYMO 15 0 3 M 1XPRIMO3 0 1 1XPRIMO 4 0 1,3XFRONIUS//1XSYMO 15.0-3-M//1XPRIMO3.0-1//1XPRIMO 4.0-1,1,22.0,4.368946159824216e-05,
GROWAT MIN 10000TL X,GROWAT MIN 10000TL-X,2,22.0,4.368946159824216e-05,
GOODWE E DEYE,GOODWE e DEYE,1,22.0,4.368946159824216e-05,
HOYMITES,HOYMITES,1,22.0,4.368946159824216e-05,
SMA DO BRASIL,SMA do Brasil,5,22.0,4.368946159824216e-05,
FRONIUS SUNGROW SOLAREDGE,FRONIUS + SUNGROW + SOLAREDGE,1,22.0,4.368946159824216e-05,
NAC6K DS 897 R1 8K DS,840 - NAC6K-DS;897 - R1-8K-DS,1,22.0,4.368946159824216e-05,
TSUNTSUN,TSUNTSUN,3,21.98,4.364974390588012e-05,
WEG GOODWE WEG,WEG/GOODWE + WEG,2,21.97,4.36298850596991e-05,
DAH SOLAR JA SOLAR,DAH SOLAR | JA SOLAR,2,21.96,4.361002621351808e-05,
ANADIAN SOLAR,ANADIAN SOLAR,5,21.96,4.361002621351808e-05,
FOXXESS,FOXXESS,4,21.939999999999998,4.357030852115604e-05,
INTELRAS,INTELRAS,4,21.93,4.3550449674975026e-05,
BIFACIAL,BIFACIAL,4,21.9,4.349087313643196e-05,
JINKO JKM575N 72HL4 V,JINKO JKM575N-72HL4-V,2,21.86,4.341143775170789e-05,
1X AP SYSTEMS,(1x) AP SYSTEMS,12,21.85,4.339157890552688e-05,
BELENERGIA,BELENERGIA,5,21.8,4.329228467462178e-05,
INVERSOR FOXEES MICRO INVERSOR,Inversor: FOXEES; Micro Inversor:,3,21.799999999999997,4.329228467462177e-05,
ELSYS ESM 5000,ELSYS  ESM-5000,3,21.78,4.325256698225974e-05,
HUASUN,HUASUN,4,21.75,4.319299044371668e-05,
LNTELBRAS,LNTELBRAS,4,21.72,4.313341390517362e-05,
AP SYSTEMS ALTENERGY POWER,AP Systems Altenergy Power –,8,21.7,4.3093696212811586e-05,
ODA585 36V MHD,ODA585-36V-MHD,2,21.7,4.3093696212811586e-05,
AOLIS,aolis,1,21.64,4.2974543135725474e-05,
S U NTRIO,S u ntrio,1,21.6,4.2895107751001394e-05,
SUN WAYS,SUN WAYS,4,21.6,4.2895107751001394e-05,
SS 505 66MTF,SS-505-66MTF,2,21.6,4.2895107751001394e-05,
JAM72S10,JAM72S10,1,21.6,4.2895107751001394e-05,
HOYMILES GOODWE,HOYMILES/GOODWE,2,21.6,4.2895107751001394e-05,
HYPNTECH,HYPNTECH,3,21.58,4.2855390058639355e-05,
HIPOTEC,HIPOTEC,4,21.58,4.2855390058639355e-05,
SOLIS E KSTAR,SOLIS e KSTAR,1,21.5,4.26965192891912e-05,
JIANGSU GOODWE APSYSTEMS,"Jiangsu Goodwe, APSYSTEMS",1,21.5,4.26965192891912e-05,
HYPONOTECH,HYPONOTECH,5,21.5,4.26965192891912e-05,
SHENZHEN KSTAR SOLIS,SHENZHEN KSTAR | SOLIS,1,21.5,4.26965192891912e-05,
MINASOL HYPONTEC,MINASOL (HYPONTEC),4,21.5,4.26965192891912e-05,
FRONIUS E RENOVIGI,FRONIUS e RENOVIGI,1,21.5,4.26965192891912e-05,
NHS SISTEMAS ELETRONICOS LTDA,NHS SISTEMAS ELETRÔNICOS LTDA	,3,21.5,4.26965192891912e-05,
SOLA X POWER,SOLA X POWER,4,21.5,4.26965192891912e-05,
MEP,MEP,3,21.5,4.26965192891912e-05,
FRONIUS SOLAR GROWATT SOLAR,FRONIUS SOLAR / GROWATT SOLAR,1,21.48,4.265680159682916e-05,
SAJR5,SAJR5,5,21.4,4.249793082738101e-05,
BELENER GY PLUS,BELENER GY PLUS,7,21.38,4.245821313501897e-05,
INVERSOR SOLP MICRO INVERSOR,Inversor: SOLP; Micro Inversor:,4,21.369999999999997,4.243835428883795e-05,
UNO DM 3 3 TL PLUS SB,UNO-DM-3.3-TL-PLUS-SB,6,21.259999999999998,4.221990698084674e-05,
DEEYE,DEEYE,3,21.259999999999998,4.221990698084674e-05,
2XSOLIS,2XSOLIS,2,21.25,4.220004813466572e-05,
D,D,4,21.25,4.220004813466572e-05,
EAST TOURIGA,EAST/TOURIGA,5,21.240000000000002,4.2180189288484714e-05,
HYPON TEC,HYPON TEC,4,21.240000000000002,4.2180189288484714e-05,
MFVRE MO 144 550W,MFVRE-MO-144-550W,4,21.2,4.210075390376063e-05,
OMNK,OMNK,5,21.2,4.210075390376063e-05,
RENO SOLAR,RENO SOLAR,5,21.2,4.210075390376063e-05,
1XCAANDIAN SOLAR,1XCAANDIAN SOLAR,1,21.17,4.204117736521757e-05,
SOLAR SOLUTIONS,Solar Solutions,1,21.12,4.1941883134312475e-05,
SOLISSOLIS S5 GC25K,SOLISSOLIS S5-GC25K,1,21.06,4.1822730057226356e-05,
SAI,SAI,4,21.03,4.176315351868331e-05,
ABB SPA E SOFAR,ABB Spa e SOFAR,1,21.01,4.172343582632127e-05,
SEP,SEP,4,21.0,4.1703576980140244e-05,
SOFAR SOLAR SOLIS SOFAR,SOFAR SOLAR+SOLIS*SOFAR,1,21.0,4.1703576980140244e-05,
INVERSOR SUNNY BOY,Inversor Sunny boy,3,21.0,4.1703576980140244e-05,
RENOVIGI A SER INSTALADO GROWATT INSTALADO,RENOVIGI( A SER INSTALADO |) / GROWATT (INSTALADO,1,21.0,4.1703576980140244e-05,
TRINA VERTEX,TRINA VERTEX,2,21.0,4.1703576980140244e-05,
SALPLANET ASW,SALPLANET ASW,2,21.0,4.1703576980140244e-05,
TS570S8B 144NT,TS570S8B-144NT	,3,21.0,4.1703576980140244e-05,
KEHUA TECH 11 GROWATT,64 - KEHUA TECH / 11 - GROWATT,1,21.0,4.1703576980140244e-05,
HALF CUT,HALF CUT,1,21.0,4.1703576980140244e-05,
EES3K M1,1832 - EES3K-M1,7,21.0,4.1703576980140244e-05,
57,57,3,21.0,4.1703576980140244e-05,
RANOVIGI,RANOVIGI,3,21.0,4.1703576980140244e-05,
MIC1000TL X,MIC1000TL-X,2,21.0,4.1703576980140244e-05,
SOLIS DEYE INVERTER,SOLIS      /   DEYE INVERTER,2,21.0,4.1703576980140244e-05,
FOXESSCOLTD,FOXESSCoLtd,1,21.0,4.1703576980140244e-05,
GOODWE DT E FRONIUS,Goodwe / DT e Fronius,1,21.0,4.1703576980140244e-05,
SS 450 72M,SS-450-72M,3,21.0,4.1703576980140244e-05,
GENERAL ENECTRIC,GENERAL ENECTRIC,3,21.0,4.1703576980140244e-05,
40,40,3,21.0,4.1703576980140244e-05,
STS 3KTL SE S,2011 - STS-3KTL-SE-S,7,21.0,4.1703576980140244e-05,
APSYSTEM QS1A 220,APsystem QS1A-220,1,21.0,4.1703576980140244e-05,
PHA,PHA,4,21.0,4.1703576980140244e-05,
GOODWET,GOODWET,3,21.0,4.1703576980140244e-05,
FRONIUS FRONIUS HOYMILES,FRONIUS+FRONIUS / HOYMILES,1,21.0,4.1703576980140244e-05,
RENESOLA SOLAR,ReneSola Solar,1,21.0,4.1703576980140244e-05,
MIN 7000TL X,953 - MIN 7000TL-X,3,21.0,4.1703576980140244e-05,
SUNGROW CANADIAN B B ABB FRONIUS,sungrow/canadian/B&B/ABB/fronius,1,21.0,4.1703576980140244e-05,
GOODWE SAJ SOLAR,Goodwe SAJ Solar,1,21.0,4.1703576980140244e-05,
JA SOLAR HELIUS,JA SOLAR | HELIUS,1,21.0,4.1703576980140244e-05,
ASN 5SL G2,ASN-5SL-G2,4,20.96,4.1624141595416165e-05,
1XGROWATT MIN6000TL X,1XGROWATT//MIN6000TL-X,2,20.96,4.1624141595416165e-05,
WEG SIW200F M036 FOXESS F3600,WEG SIW200F-M036 / FOXESS F3600,6,20.96,4.1624141595416165e-05,
LEDVANCE SOLAR,LEDVANCE SOLAR,3,20.95,4.160428274923515e-05,
GROWAT MIN 8000TL X,GROWAT MIN 8000TL-X,2,20.95,4.160428274923515e-05,
2XECOSOLYS,2XECOSOLYS,1,20.88,4.146527082596801e-05,
SOLPPLANET,SOLPPLANET,3,20.86,4.142555313360597e-05,
APSYSTENMS,APsystenms,4,20.85,4.140569428742496e-05,
DEYER SUN 8K G,DEYER SUN-8K-G,3,20.85,4.140569428742496e-05,
APSYSSTEMS,Apsysstems,4,20.82,4.13461177488819e-05,
SUNGROM,SUNGROM,2,20.8,4.130640005651987e-05,
SMA SUNNNY,SMA SUNNNY,1,20.8,4.130640005651987e-05,
HOYMILEX,HOYMILEX,4,20.76,4.122696467179579e-05,
COHEART GREEN ENERGY DEVICES MANUFACTURER,Coheart Green Energy Devices Manufacturer,6,20.73,4.1167388133252725e-05,
SUN3K G,SUN3K-G,7,20.72,4.11475292870717e-05,
SF5KTN,SF5KTN,5,20.72,4.11475292870717e-05,
S O LIS,S O LIS,3,20.72,4.11475292870717e-05,
NORTHERN ELETRIC POWER CO,Northern Eletric & Power Co.,2,20.7,4.110781159470967e-05,
BEL ENERGY PLUS BEL ENERGY PLUS,BEL ENERGY PLUS/BEL ENERGY PLUS,2,20.7,4.110781159470967e-05,
HINT POWER,HINT POWER,3,20.7,4.110781159470967e-05,
SUNGOW SOLAR,SUNGOW SOLAR,1,20.7,4.110781159470967e-05,
INVERSOR GEP MICRO INVERSOR,Inversor: GEP; Micro Inversor:,1,20.7,4.110781159470967e-05,
24,24,7,20.68,4.106809390234763e-05,
SHENZEN SOFAR E HOYMILES,Shenzen Sofar e Hoymiles,1,20.68,4.106809390234763e-05,
RSM144 6 415M,RSM144-6-415M,4,20.65,4.100851736380457e-05,
SOFAR 43 SOLIS,SOFAR / 43 - SOLIS,1,20.62,4.0948940825261524e-05,
SOFASOLAR,Sofasolar,2,20.6,4.0909223132899484e-05,
JKM460M,JKM460M-,2,20.52,4.075035236345132e-05,
SUNNY BOY INVERSOR SMA SUNNY BOY,SUNNY BOY / Inversor SMA SUNNY BOY,3,20.5,4.0710634671089285e-05,
CWEG,CWEG,2,20.5,4.0710634671089285e-05,
CROWATTT,CROWATTT,3,20.5,4.0710634671089285e-05,
NED,NED,1,20.48,4.0670916978727246e-05,
1XSOFAR 25000TL G2,1XSOFAR//25000TL-G2,1,20.46,4.063119928636521e-05,
HOYMILES LIVOLTEK,HOYMILES / Livoltek,4,20.44,4.059148159400317e-05,
GROWATTNEWENERGY,GROWATTNEWENERGY,4,20.439999999999998,4.0591481594003166e-05,
SOLIES,SOLIES,4,20.4,4.0512046209279094e-05,
CHSM6612P 340,CHSM6612P-340,1,20.4,4.0512046209279094e-05,
SAJ E 45 HOYMILES,15 - SAJ E 45 - HOYMILES,1,20.4,4.0512046209279094e-05,
TECHEN,TECHEN,7,20.36,4.043261082455502e-05,
SGUNGROW,SGUNGROW,5,20.34,4.0392893132192974e-05,
ELGIIN,ELGIIN,3,20.3,4.03134577474689e-05,
OMNIK NEW ENERGY SOLAR INVERTER,Omnik New Energy Solar Inverter,2,20.25,4.0214163516563806e-05,
TSNESS,tsness,3,20.25,4.0214163516563806e-05,
EDGE TECHNOLOGIES,Edge Technologies,1,20.25,4.0214163516563806e-05,
HS 210 B132DS700DEYE,HS-210 B132DS700DEYE,1,20.25,4.0214163516563806e-05,
TSM DEG15H 20 II 405W,TSM-DEG15H.20(II)-405W,6,20.23,4.017444582420177e-05,
BLUESUN SOLAR CO LTD,"Bluesun Solar Co.,Ltd. -",5,20.23,4.017444582420177e-05,
ABB FRONIUS SMA,"ABB, FRONIUS, SMA",1,20.23,4.017444582420177e-05,
FRONIUS GROWATT GROWATT,Fronius GROWATT GROWATT,1,20.2,4.011486928565871e-05,
HUAEI,HUAEI,3,20.2,4.011486928565871e-05,
LIVOTECK,LIVOTECK,4,20.2,4.011486928565871e-05,
WEG E FRONIUS,WEG e Fronius,1,20.2,4.011486928565871e-05,
FRONIUA,froniua,1,20.2,4.011486928565871e-05,
RENACPOWER,RENACPower,3,20.2,4.011486928565871e-05,
GROWATT SUNGROW SOLIS,GROWATT + SUNGROW + SOLIS,1,20.19,4.0095010439477694e-05,
SOLAR EDGE TECH,Solar Edge Tech.,1,20.1,3.991628082384852e-05,
FRONI20 10,"FRONI20,10",1,20.1,3.991628082384852e-05,
AC400MH,AC400MH,1,20.1,3.991628082384852e-05,
SBB STRING INVERTERS,SBB STRING INVERTERS,1,20.1,3.991628082384852e-05,
1XSOLAR,1XSOLAR,1,20.1,3.991628082384852e-05,
SOLENERGY,SOLENERGY,2,20.1,3.991628082384852e-05,
1XSOLAREDGE SE20 1K,1XSOLAREDGE//SE20.1K,1,20.1,3.991628082384852e-05,
7 SMA SOLAR TECHNOLOGY,7 SMA SOLAR TECHNOLOGY,2,20.08,3.987656313148648e-05,
SIRIUS425 144MH BB,SIRIUS425-144MH-BB,1,20.01,3.973755120821935e-05,
ELG585 M66SNC,ELG585-M66SNC,1,20.0,3.971769236203833e-05,
ELG560 M72HSN,ELG560-M72HSN,1,20.0,3.971769236203833e-05,
SOFAR DEYE SUN,SOFAR/ DEYE SUN,1,20.0,3.971769236203833e-05,
SKI SOLLARIS,SKI SOLLARIS,1,20.0,3.971769236203833e-05,
CS3W400MS,CS3W400MS,5,20.0,3.971769236203833e-05,
GROWATT EXISTENTE SAJ,GROWATT EXISTENTE /SAJ,1,20.0,3.971769236203833e-05,
MONOPERC,MONOPERC,1,20.0,3.971769236203833e-05,
FRONIUS KSTAR,Fronius / KSTAR,1,20.0,3.971769236203833e-05,
TSM 410 DOUMAX 144 CELL MONOCRISTALINO,TSM-410 Doumax 144 Cell Monocristalino,1,20.0,3.971769236203833e-05,
TSM DE15M410W,TSM-DE15M410W,1,20.0,3.971769236203833e-05,
GW20KT DT,GW20KT-DT,1,20.0,3.971769236203833e-05,
GW20K SDT 30,GW20K-SDT 30,1,20.0,3.971769236203833e-05,
GW20K DT,GW20K-DT,1,20.0,3.971769236203833e-05,
UL 340P 72,UL-340P-72,1,20.0,3.971769236203833e-05,
3P 63,3P 63,1,20.0,3.971769236203833e-05,
N,n,1,20.0,3.971769236203833e-05,
TSM450W MONO,TSM450W-MONO,1,20.0,3.971769236203833e-05,
QUAITY SOLAR,QUAITY SOLAR,1,20.0,3.971769236203833e-05,
EGT 20000 MAX,EGT 20000 MAX,1,20.0,3.971769236203833e-05,
LNOLTER,LNOLTER,1,20.0,3.971769236203833e-05,
LLNTETBRAS,llntetbras,1,20.0,3.971769236203833e-05,
JA SOLAR BRASIL,JA SOLAR BRASIL,1,20.0,3.971769236203833e-05,
GEP20 3 10,GEP20-3-10,1,20.0,3.971769236203833e-05,
R3 20K G5,1025 - R3-20K-G5,1,20.0,3.971769236203833e-05,
R3 20K,1915 - R3-20K,1,20.0,3.971769236203833e-05,
R5,R5-,2,20.0,3.971769236203833e-05,
MOSSO B B POWER,MOSSO B&B POWER,1,20.0,3.971769236203833e-05,
GOODWEGOODWEGOODWE,GOODWEGOODWEGOODWE,1,20.0,3.971769236203833e-05,
FRONIUS E 34 SOFAR,FRONIUS e 34 - SOFAR,1,20.0,3.971769236203833e-05,
INVERSOR SOLAR REFUSOL BYD,Inversor Solar Refusol / BYD,1,20.0,3.971769236203833e-05,
GROWAT MIN10000TL X,GROWAT MIN10000TL-X,2,20.0,3.971769236203833e-05,
LACERDA,LACERDA,1,20.0,3.971769236203833e-05,
GROVRRATT,Grovrratt,1,20.0,3.971769236203833e-05,
1X GROWATT EXIST 1X SOLPLANET AMPL,1x GROWATT (exist) | 1x SOLPLANET (ampl),1,20.0,3.971769236203833e-05,
1XDEYE SUN,1XDEYE SUN,1,20.0,3.971769236203833e-05,
DEYE SUN2000 G3 US 220 GROWATT MIN8000TL X,DEYE SUN2000 G3-US-220 / GROWATT MIN8000TL-X,1,20.0,3.971769236203833e-05,
SHENZHEN SOFARSOLAR CO 20000TL S,Shenzhen SOFARSOLAR Co - 20000TL-S,1,20.0,3.971769236203833e-05,
SOFAR SOLAR BELENERGY SOLPLANET,SOFAR SOLAR | BELENERGY - solPLANET,1,20.0,3.971769236203833e-05,
CADIAN SOLAR,CADIAN SOLAR,1,20.0,3.971769236203833e-05,
SOFAR20KTLX,SOFAR20KTLX,1,20.0,3.971769236203833e-05,
7 5 K,"7,5 K",1,20.0,3.971769236203833e-05,
INTELBRASEGT20000MAX,INTELBRASEGT20000MAX,1,20.0,3.971769236203833e-05,
IONS 20K T4 220V AFCI,2013 - IONS-20K T4-220V AFCI,1,20.0,3.971769236203833e-05,
PS405M1 24 TH PS450M4 24 TH,PS405M1-24/TH PS450M4-24/TH,1,20.0,3.971769236203833e-05,
RENO 8K 2,RENO-8k (2),1,20.0,3.971769236203833e-05,
MIN 5000TL X 238 15000 TL3 SL,349 - MIN 5000TL-X;238 - 15000 TL3-SL,1,20.0,3.971769236203833e-05,
JIANGSU JIANGSU,JIANGSU JIANGSU,1,20.0,3.971769236203833e-05,
RENOPVIGI ENERGIA SOLAR,RENOPVIGI ENERGIA SOLAR,1,20.0,3.971769236203833e-05,
FOX ESS T20,FOX ESS - T20,1,20.0,3.971769236203833e-05,
MIN 10000TL X MIN 10000TL X,MIN 10000TL-X | MIN 10000TL-X,1,20.0,3.971769236203833e-05,
DHN 72X16 DG 585APSYSTEMS,DHN-72X16/DG-585APsystems,4,20.0,3.971769236203833e-05,
LP210 210 M 66 MH665W JAM72S,LP210*210-M-66-MH665W - JAM72S,1,20.0,3.971769236203833e-05,
DHM 72X10 BW 555,DHM-72X10(BW) 555,1,20.0,3.971769236203833e-05,
CH NT POWER,CH|NT POWER,1,20.0,3.971769236203833e-05,
SHNZHEN,SHNZHEN ,1,20.0,3.971769236203833e-05,
AISWEI TECHNOLOGY,AISWEI Technology,1,20.0,3.971769236203833e-05,
INVERSORES ORANGESUN,Inversores - Orangesun,1,20.0,3.971769236203833e-05,
INVERSORES ON GRID,Inversores On-Grid,1,20.0,3.971769236203833e-05,
AISWEI TECHNOLOGY SHANGHAI CO,AISWEI Technology (Shanghai) Co,1,20.0,3.971769236203833e-05,
1XSOLIS 3P20K 4G,1XSOLIS//3P20K-4G,1,20.0,3.971769236203833e-05,
INVERSOR SUNGROU MICRO INVERSOR,Inversor: SUNGROU; Micro Inversor:,1,20.0,3.971769236203833e-05,
SOLAR INVERTERS,Solar Inverters,1,20.0,3.971769236203833e-05,
GROWAT MID 20KTL3 XL,GROWAT | MID 20KTL3-XL,1,20.0,3.971769236203833e-05,
GROWATT 121 DEYE,97 - GROWATT 121 - DEYE,1,20.0,3.971769236203833e-05,
OMNIK STAR,OMNIK STAR,1,20.0,3.971769236203833e-05,
GROWATTMIC2000TL,GROWATTMIC2000TL,1,20.0,3.971769236203833e-05,
ONGRID STRING,ONGRID STRING,1,20.0,3.971769236203833e-05,
GROWATTMIN10000TL X,GROWATTMIN10000TL-X,2,20.0,3.971769236203833e-05,
GROWAT 20KW,GROWAT 20KW,1,20.0,3.971769236203833e-05,
GROWALT GRID,GROWALT GRID,1,20.0,3.971769236203833e-05,
DS3D 220,DS3D-220,2,20.0,3.971769236203833e-05,
INVERSOR SOLAR SIW300H M050,Inversor solar SIW300H M050,3,20.0,3.971769236203833e-05,
SUNGROWTSM472H N 570,SUNGROWTSM472H-N-570,1,20.0,3.971769236203833e-05,
AMARISOLAR,AMARISOLAR,1,20.0,3.971769236203833e-05,
SEC REPORT,SEC Report,1,20.0,3.971769236203833e-05,
SEM,SEM,2,20.0,3.971769236203833e-05,
RENOVIGI B B POWER SOLIS SOLIS 20K LV 5G,RENOVIGI/B&B Power/SOLIS - SOLIS 20K-LV-5G,1,20.0,3.971769236203833e-05,
MID 20KTL3 X1,MID 20KTL3-X1,1,20.0,3.971769236203833e-05,
RENOVIGI B B POWER SOLIS SOLIS S5 GR3P20K,RENOVIGI/B&B Power/SOLIS - SOLIS S5-GR3P20K,1,20.0,3.971769236203833e-05,
SUNGROW SG20KTL M WEG SIW500H ST022,SUNGROW / SG20KTL-M (WEG SIW500H ST022),1,20.0,3.971769236203833e-05,
SUNGROWFOXESS,SUNGROWFoxESS,2,20.0,3.971769236203833e-05,
FOSHAN OUYAD ELETRONIC COM LTDA,Foshan Ouyad Eletronic Com. Ltda,1,20.0,3.971769236203833e-05,
RENOVIG RENO 10K,RENOVIG RENO-10K,2,20.0,3.971769236203833e-05,
HCM72X9 400W 144 CELL MONOCRYSTALLINE,HCM72X9-400W 144 CELL Monocrystalline,1,20.0,3.971769236203833e-05,
MID20KTL3 XL,MID20KTL3-XL,1,20.0,3.971769236203833e-05,
MID20KTL3,MID20KTL3,1,20.0,3.971769236203833e-05,
APSSTEM,APSSTEM,2,20.0,3.971769236203833e-05,
INTISOL SMP600,INTISOL -SMP600,32,20.0,3.971769236203833e-05,
JKM 455M 60HL4 V,JKM 455M-60HL4-V,1,20.0,3.971769236203833e-05,
SUNGROW 28 HOYMILES,12 - SUNGROW/28 - HOYMILES,1,20.0,3.971769236203833e-05,
SEM INVERSOR A INST,SEM INVERSOR A INST,1,20.0,3.971769236203833e-05,
FOXIES,FOXIES,1,20.0,3.971769236203833e-05,
PHB20K,PHB20K,1,20.0,3.971769236203833e-05,
SOLPRANET,SOLPRANET,1,20.0,3.971769236203833e-05,
INVERSOR SOGAR MICRO INVERSOR,Inversor: SOGAR; Micro Inversor:,1,20.0,3.971769236203833e-05,
BS 20K,BS-20K,1,20.0,3.971769236203833e-05,
HYPON TECHH,HYPON TECHH,1,20.0,3.971769236203833e-05,
SUN2000 10K LC0,SUN2000-10K-LC0,2,20.0,3.971769236203833e-05,
APSYSTEMS SUNGROW,APSYSTEMS + SUNGROW,2,20.0,3.971769236203833e-05,
RENOVIGI B B POWER SOLIS RENO 20K HC,RENOVIGI/B&B Power/SOLIS - RENO-20K-HC,1,20.0,3.971769236203833e-05,
RENOVIGI B B POWER SOLIS GROWATT RENO 5K PLUS 2X MIN 6000TL X RENO 3K PLUS,RENOVIGI/B&B Power/SOLIS + GROWATT*RENO-5K PLUS + (2x) MIN 6000TL-X + RENO-3K PLUS,1,20.0,3.971769236203833e-05,
MID20KTL 3 XL,MID20KTL 3-XL,1,20.0,3.971769236203833e-05,
BS 20K 220 G02,1647 - BS-20K-220-G02,1,20.0,3.971769236203833e-05,
ES GT 10K 220,ES GT-10K-220,2,20.0,3.971769236203833e-05,
FOXX ESS,Foxx ess,2,20.0,3.971769236203833e-05,
MFVLO MO 144 450W,MFVLO-MO-144-450W,1,20.0,3.971769236203833e-05,
HYPONTECH RENAC,HYPONTECH RENAC,1,20.0,3.971769236203833e-05,
SYMO 20,SYMO 20,1,20.0,3.971769236203833e-05,
1XHUWAEI SUN 2000 20KTL,1XHUWAEI SUN 2000-20KTL-,1,20.0,3.971769236203833e-05,
SOLAR POWADOR,SOLAR POWADOR,1,20.0,3.971769236203833e-05,
SOLAR TOWN,SOLAR TOWN,1,20.0,3.971769236203833e-05,
WEG HUAWEI SIW500H M020 SUN2000 20KTL M0,WEG/HUAWEI*SIW500H M020/SUN2000-20KTL-M0,1,20.0,3.971769236203833e-05,
BELENERGYR,BelEnergyr,1,20.0,3.971769236203833e-05,
BELENERGY PLUS BEL 20K G LV,BELENERGY PLUS BEL-20K-G-LV,1,20.0,3.971769236203833e-05,
WEG HUAWEI SIW500H,WEG/HUAWEI SIW500H,1,20.0,3.971769236203833e-05,
RENO5K HC,RENO5K-HC,2,20.0,3.971769236203833e-05,
LONGI SOLAR TECHNOLO,LONGi Solar Technolo,1,20.0,3.971769236203833e-05,
LP182 182 M 72 MH 550W,LP182*182-M-72-MH-550W,1,20.0,3.971769236203833e-05,
GOODWERE,GOODWERE,1,20.0,3.971769236203833e-05,
GROWATT SOFAR SOLPLANET,GROWATT / SOFAR / SOLPLANET,1,20.0,3.971769236203833e-05,
TRIF,Trif,1,20.0,3.971769236203833e-05,
1XSOFAR 20000TL G2,1XSOFAR//20000TL-G2,1,20.0,3.971769236203833e-05,
PHB E CHINT,PHB E CHINT,1,20.0,3.971769236203833e-05,
HUAWEI E 17 WEG,29 - HUAWEI e 17 - WEG,1,20.0,3.971769236203833e-05,
HPT 20K,HPT-20K,1,20.0,3.971769236203833e-05,
1XHUWAEI SUN2000 2OKTL MO,1XHUWAEI SUN2000-2OKTL-MO,1,20.0,3.971769236203833e-05,
1XFRONIUS SYMO 20 0 3,1XFRONIUS//SYMO 20.0-3,1,20.0,3.971769236203833e-05,
AUSTA AUSTA,AUSTA|AUSTA,2,20.0,3.971769236203833e-05,
STT 20KTL,1128 - STT-20KTL,1,20.0,3.971769236203833e-05,
SUN 10K G05,1844 - SUN-10K-G05,2,20.0,3.971769236203833e-05,
ASTRO,astro,3,20.0,3.971769236203833e-05,
INVERSOR CPS SCA 10 KTL SM EU,INVERSOR CPS SCA 10 KTL - SM/EU,1,20.0,3.971769236203833e-05,
GIINLONG,GIINLONG,1,20.0,3.971769236203833e-05,
BELENERGT,BELENERGT,2,20.0,3.971769236203833e-05,
SUN2000 20KTL M2,1038 - SUN2000-20KTL-M2,1,20.0,3.971769236203833e-05,
GOOD WE OMNIK,Good We omnik,1,20.0,3.971769236203833e-05,
ESPHSC 550W,ESPHSC 550W,1,20.0,3.971769236203833e-05,
RISENSOLAR,RISENSOLAR,1,20.0,3.971769236203833e-05,
WAWUEI,WAWUEI,4,20.0,3.971769236203833e-05,
INVT IMARS BG10KTR LV,INVT IMARS BG10KTR-LV,1,20.0,3.971769236203833e-05,
VEG,VEG,2,20.0,3.971769236203833e-05,
AXITEC ENERGY,Axitec Energy,1,20.0,3.971769236203833e-05,
EMPAUX,EMPAUX,1,20.0,3.971769236203833e-05,
TEXTO,texto,1,20.0,3.971769236203833e-05,
SYMO BRASIL 10 0 3,SYMO BRASIL 10.0-3,2,20.0,3.971769236203833e-05,
FRONIUS WEG HAUWEI,FRONIUS + WEG/HAUWEI,1,20.0,3.971769236203833e-05,
AUSTA ENERGY,AUSTA ENERGY,1,20.0,3.971769236203833e-05,
GROAWATT MID 20KTL3 X,GROAWATT MID 20KTL3-X,1,20.0,3.971769236203833e-05,
20KTLX G3 LV,20KTLX-G3-LV,1,20.0,3.971769236203833e-05,
1XEMPALUX,1XEMPALUX,1,20.0,3.971769236203833e-05,
INTELBARAS,INTELBARAS,2,20.0,3.971769236203833e-05,
1X HUWAEI SUN2000 20KTL,1X HUWAEI//SUN2000-20KTL,1,20.0,3.971769236203833e-05,
OURO LUX SOLAR,OURO LUX SOLAR,1,20.0,3.971769236203833e-05,
CPS SCA 20KTL T,CPS SCA 20KTL-T,1,20.0,3.971769236203833e-05,
1XRENOVIGI RENO 20K,1XRENOVIGI//RENO-20K,1,20.0,3.971769236203833e-05,
1XKOFV IN,1XKOFV IN,1,20.0,3.971769236203833e-05,
RSM144 9 550M,RSM144-9-550M,1,20.0,3.971769236203833e-05,
B B POWER SF2000TL,B & B Power SF2000TL,1,20.0,3.971769236203833e-05,
SPI 20K B,SPI 20K-B,1,20.0,3.971769236203833e-05,
MOD FOTO JA SOLAR550,MOD FOTO JA SOLAR550,1,20.0,3.971769236203833e-05,
RSM144 7 445 M,RSM144-7-445-M,1,20.0,3.971769236203833e-05,
REFUSOL ELGIN,REFUSOL ELGIN,1,20.0,3.971769236203833e-05,
EAST GROUP CO LTD,east group co .ltd,1,20.0,3.971769236203833e-05,
WEG ST020 SAJ R5 15K T2 AUS,WEG / ST020 / SAJ / R5-15K-T2-AUS,1,20.0,3.971769236203833e-05,
1 EGT 20000,1 EGT 20000,1,20.0,3.971769236203833e-05,
INRELBRAS,INRELBRAS,2,20.0,3.971769236203833e-05,
TRIO 20 0 TL,TRIO-20.0-TL-,1,20.0,3.971769236203833e-05,
SAJS,SAJS,1,20.0,3.971769236203833e-05,
SAJR6 20K T2 32,SAJR6-20K-T2-32,1,20.0,3.971769236203833e-05,
TRIO 20 0 TL OUTD,TRIO 20.0-TL-OUTD,1,20.0,3.971769236203833e-05,
B B POWER B B POWER B B POWER B B POWER,B&B POWER | B&B POWER | B&B POWER | B&B POWER,1,20.0,3.971769236203833e-05,
JT400SGH 400W,JT400SGh (400W),1,20.0,3.971769236203833e-05,
ODA610 33VMHDRZ,ODA610-33VMHDRZ,1,20.0,3.971769236203833e-05,
HOYMILLES E RENOVIG,HOYMILLES e RENOVIG,1,20.0,3.971769236203833e-05,
JAM72S30 545 MR,JAM72S30-545/MR,1,20.0,3.971769236203833e-05,
CSI 20K T400GL01 E,CSI-20K-T400GL01-E,1,20.0,3.971769236203833e-05,
CS6W 545W MS,CS6W-545W-MS,1,20.0,3.971769236203833e-05,
NXN 555 144M 5,NXN-555-144M/5,1,20.0,3.971769236203833e-05,
SIW500H ST022,SIW500H-ST022,1,20.0,3.971769236203833e-05,
X000D GROWAT,_x000D_ GROWAT,1,20.0,3.971769236203833e-05,
INVERSOR ON GRID MONOFASICO,Inversor On-Grid Monofásico,1,20.0,3.971769236203833e-05,
ODA330 30 PH,ODA330- 30-PH,1,20.0,3.971769236203833e-05,
SOFAAR SOLAR,SOFAAR SOLAR,2,20.0,3.971769236203833e-05,
SOLPLANETRO,SOLPLANETRO,1,20.0,3.971769236203833e-05,
SOLPLANETX,SOLPLANETX,1,20.0,3.971769236203833e-05,
SOLPLENT,SOLPLENT,1,20.0,3.971769236203833e-05,
SOLPLATNET,SOLPLATNET,1,20.0,3.971769236203833e-05,
EGT 22000 MAX,EGT 22000 MAX,1,20.0,3.971769236203833e-05,
CS3W 400,CS3W-400,1,20.0,3.971769236203833e-05,
HSSP10K G01 1140 S5 GR1P10K,1503 - HSSP10K-G01;1140 - S5-GR1P10K,1,20.0,3.971769236203833e-05,
KSG DM SERIES,KSG-DM SERIES,1,20.0,3.971769236203833e-05,
ECOSOL,ECOSOL,1,20.0,3.971769236203833e-05,
SAJ R5 6K S2 GROWATT MIN 8000TL X E,SAJ R5-6K-S2/GROWATT MIN 8000TL-X(E),1,20.0,3.971769236203833e-05,
SOLPLANETASW20K LT G2,SolplanetASW20K-LT-G2,1,20.0,3.971769236203833e-05,
BEL ENERGY PL,Bel Energy PL,1,20.0,3.971769236203833e-05,
SOLIS1P10K 4G,SOLIS1P10K-4G,2,20.0,3.971769236203833e-05,
BEL 5K G 5 0KW,"834 - BEL-5K-G 5,0KW",4,20.0,3.971769236203833e-05,
ZHEJIANG BENYI ELECTRAL,ZHEJIANG BENYI ELECTRAL,1,20.0,3.971769236203833e-05,
LIVOLTEK GOODWE,"LIVOLTEK, GOODWE",2,20.0,3.971769236203833e-05,
GT3 20KTL1,2087 - GT3-20KTL1,1,20.0,3.971769236203833e-05,
SIW400G T020 W1,2071 - SIW400G T020 W1,1,20.0,3.971769236203833e-05,
CROW,crow,1,20.0,3.971769236203833e-05,
INVERSOR SOLAR MAXX TECH MICRO INVERSOR,Inversor: SOLAR MAXX TECH; Micro Inversor:,1,20.0,3.971769236203833e-05,
WEG SIW500H ST020 HUAWEI SUN2000 20KTL M0,WEG SIW500H ST020 / HUAWEI SUN2000-20KTL-M0,1,20.0,3.971769236203833e-05,
SIW200 M050,SIW200 M050,5,19.99,3.969783351585731e-05,
GOO,goo,3,19.98,3.9677974669676294e-05,
BELENERCY,BELENERCY,2,19.97,3.965811582349527e-05,
SIW 300H M050,SIW 300H-M050,4,19.96,3.9638256977314254e-05,
SOLPGNET,SOLPGNET,2,19.95,3.961839813113323e-05,
WOODWE WOODWE,WOODWE | WOODWE,1,19.92,3.9558821592590175e-05,
HOYMILESENPHASE,HOYMILESENPHASE,1,19.92,3.9558821592590175e-05,
BEL ENERGY BEL 10K G,BEL ENERGY BEL-10K-G,2,19.9,3.951910390022813e-05,
7,7,11,19.88,3.9479386207866095e-05,
MAYLAR,MAYLAR,13,19.88,3.9479386207866095e-05,
B B POWER SF5000TL,B&B Power / SF5000TL,4,19.88,3.9479386207866095e-05,
INVERSOR SOLAR ON GRID,Inversor Solar ON Grid,4,19.88,3.9479386207866095e-05,
WER HAUWEI,WER HAUWEI,1,19.87,3.945952736168508e-05,
ELIGIN,ELIGIN,4,19.85,3.9419809669323046e-05,
INVERSOR SUNNY TRIPOWER,Inversor Sunny Tripower,1,19.8,3.932051543841795e-05,
1XCANADIAN SOLAR CSI 20KTL GI LFL,1XCANADIAN SOLAR//CSI-20KTL-GI-LFL,1,19.8,3.932051543841795e-05,
PHB5000D WS 1708 PHB8800D WS 1635 PHB6000D WS,1756 - PHB5000D-WS;1708 - PHB8800D-WS;1635 - PHB6000D-WS,1,19.8,3.932051543841795e-05,
ENPHESEENPHESE,ENPHESEENPHESE,1,19.8,3.932051543841795e-05,
TP6H72M H 400W,TP6H72M(H)-400W,4,19.8,3.932051543841795e-05,
UL 550M 144HV 550W,UL-550M-144HV-550W,2,19.8,3.932051543841795e-05,
008259 2021,008259/2021,1,19.8,3.932051543841795e-05,
EHPHASE,EHPHASE,3,19.79,3.930065659223693e-05,
HOMILYES,HOMILYES,5,19.77,3.926093889987489e-05,
CANADIANSOLARINC,CANADIANSOLARINC,4,19.75,3.922122120751285e-05,
7XAPSYSTEMS,7XAPSYSTEMS,2,19.740000000000002,3.920136236133183e-05,
SOLIS E 11 GROWATT,43 - SOLIS E 11 - GROWATT,1,19.74,3.920136236133183e-05,
WEG DO BRASIL SIW500H ST030 HUAWEI SUN2000 33 KTL A,WEG DO BRASIL / SIW500H ST030 HUAWEI (SUN2000-33-KTL-A),1,19.72,3.916164466896979e-05,
REVONIGI,REVONIGI,1,19.7,3.912192697660775e-05,
CSI 7K S22002 E,1704 - CSI-7K-S22002-E,3,19.7,3.912192697660775e-05,
OURULUX,OURULUX,3,19.68,3.908220928424571e-05,
HUAWEI WEG SIW500H ST020 M2 SUN2000 20KTL M2,HUAWEI/WEG - SIW500H ST020 M2/ SUN2000-20KTL-M2,1,19.62,3.8963056207159606e-05,
JKM400M 72 V,JKM400M-72-V,4,19.6,3.8923338514797566e-05,
1XSOLAR EDGE SE20 1K,1XSOLAR EDGE//SE20.1K,1,19.6,3.8923338514797566e-05,
SUN 20K G04,1267 - SUN-20K-G04,1,19.6,3.8923338514797566e-05,
BRL ENERGY,BRL ENERGY,1,19.57,3.8863761976254504e-05,
LEPTON SOLAR,LEPTON SOLAR,2,19.560000000000002,3.884390313007349e-05,
SUN 4K G04,1962 - SUN-4K-G04,5,19.52,3.876446774534941e-05,
MFVHO MO 120 460W,MFVHO-MO-120-460W,2,19.5,3.872475005298737e-05,
RS6 585NG E3,RS6-585NG-E3,1,19.5,3.872475005298737e-05,
CSI 20KTL GI FL,CSI-20KTL-GI-FL,1,19.5,3.872475005298737e-05,
APPSYSTEM,APPSYSTEM,4,19.5,3.872475005298737e-05,
HYPONTEC HPS6500D,HYPONTEC HPS6500D,3,19.5,3.872475005298737e-05,
APYSYTEMS,APYSYTEMS,5,19.5,3.872475005298737e-05,
WWEG,WWEG,4,19.5,3.872475005298737e-05,
1 SAJ 2 GROWATT,1 SAJ / 2 GROWATT,1,19.5,3.872475005298737e-05,
RENONOVIGI,RENONOVIGI,5,19.47,3.8665173514444305e-05,
SOL PLANET ASW10000 S,SOL PLANET ASW10000-S,2,19.47,3.8665173514444305e-05,
CAANDIAN SOLAR,CAANDIAN SOLAR,1,19.44,3.8605596975901256e-05,
335PHK 36 SERIES 5BB,335PHK-36-SERIES-5BB,1,19.43,3.858573812972023e-05,
CANADIAL SOLAR,CANADIAL SOLAR	,4,19.41,3.85460204373582e-05,
G8,G8.,3,19.4,3.8526161591177176e-05,
DEYESUN 5K G,DEYESUN-5k-G	,4,19.4,3.8526161591177176e-05,
GOODWE E WEG,GOODWE E WEG,2,19.4,3.8526161591177176e-05,
1XHELTE,1XHELTE,1,19.4,3.8526161591177176e-05,
1 FRONIUS E 3 RENOVIGI,1 Fronius e 3 Renovigi,2,19.4,3.8526161591177176e-05,
PRIMO 8 2 1 PRIMO 3 0 1,Primo 8.2-1 Primo 3.0-1,1,19.4,3.8526161591177176e-05,
E C OSOLIS,E C OSOLIS,4,19.39,3.850630274499616e-05,
HYNPOTEC,HYNPOTEC,2,19.380000000000003,3.848644389881515e-05,
FRONIUS 11 GROWATT 64 DEYE,2 - FRONIUS / 11 - GROWATT / 64 - DEYE,1,19.38,3.8486443898815137e-05,
INVOLAR,INVOLAR,6,19.37,3.846658505263413e-05,
NXN5K,407 - NXN5K,3,19.36,3.8446726206453104e-05,
JT400SAH 400 W,JT400SAh 400 W,5,19.35,3.842686736027209e-05,
BELENERGY BEL10K G,BELENERGY BEL10K G,2,19.35,3.842686736027209e-05,
WEG HUAWEI SIW500H ST022,WEG/HUAWEI SIW500H - ST022,1,19.32,3.8367290821729024e-05,
5 0,"5,0",4,19.32,3.8367290821729024e-05,
SOLPLANET E 45 HOYMILES,129 - SOLPLANET e 45 - HOYMILES,1,19.3,3.8327573129366984e-05,
MOD,MOD,2,19.27,3.826799659082393e-05,
1XGOODWE GW20K DT,1XGOODWE//GW20K-DT,1,19.27,3.826799659082393e-05,
TSSUNES,TSSUNES,3,19.25,3.822827889846189e-05,
HELTHE,Helthe,5,19.2,3.812898466755679e-05,
BHP SOLAR,BHP Solar,1,19.2,3.812898466755679e-05,
DYER,DYER,2,19.2,3.812898466755679e-05,
QS1 1200W,258 - QS1 1200W,2,19.2,3.812898466755679e-05,
SERRANA BLANK,SERRANA BLANK,5,19.17,3.806940812901374e-05,
KSG 3K SM,KSG-3K-SM,4,19.15,3.80296904366517e-05,
MID20000TL3 X,MID20000TL3-X,1,19.11,3.7950255051927624e-05,
SUNGROW SOFAR SOLAR SOFAR SOLAR,"Sungrow, Sofar Solar, Sofar Solar",1,19.1,3.79303962057466e-05,
GROWATTX,GROWATTX,3,19.1,3.79303962057466e-05,
KRIPT BY B B,Kript by B&B,4,19.080000000000002,3.789067851338457e-05,
RENAC ELGIN,RENAC / ELGIN,1,19.08,3.789067851338456e-05,
PHB5000TDS,PHB5000TDS,4,19.08,3.789067851338456e-05,
SOLISS5 GR1P 9 10 K,SOLISS5-GR1P(9-10)K,1,19.04,3.781124312866049e-05,
RENANC,RENANC,4,19.03,3.779138428247947e-05,
BELENERGY MICRO BELENERGY PLUS,BELENERGY - MICRO BELENERGY PLUS,4,19.0,3.773180774393641e-05,
SOLARMOD,SOLARMOD,4,19.0,3.773180774393641e-05,
JAM72S30 550 MR 550W,JAM72S30-550/MR 550W,2,19.0,3.773180774393641e-05,
HOYMILES E SUNGROW,HOYMILES E SUNGROW,1,19.0,3.773180774393641e-05,
DAY,DAY,2,19.0,3.773180774393641e-05,
WER,WER,2,19.0,3.773180774393641e-05,
RENAC RENOVIGI WEG,RENAC; RENOVIGI; WEG,1,19.0,3.773180774393641e-05,
SOFAE,SOFAE,2,19.0,3.773180774393641e-05,
TSM 375DE08M II,TSM-375DE08M(II),5,19.0,3.773180774393641e-05,
CANADIAN E PHB,CANADIAN E PHB,1,19.0,3.773180774393641e-05,
PHB21KT DT,PHB21KT-DT,1,19.0,3.773180774393641e-05,
EMSH 550M HC MONO HALF CELL,EMSH-550M HC - MONO - HALF CELL,1,19.0,3.773180774393641e-05,
BB POWER MOD SF2000TL,BB Power Mod. SF2000TL,1,19.0,3.773180774393641e-05,
RENOBIGI,RENOBIGI,3,19.0,3.773180774393641e-05,
KEUHA KEUHA,KEUHA- KEUHA,1,19.0,3.773180774393641e-05,
FORNUS,FORNUS,2,19.0,3.773180774393641e-05,
AFOREAFORE,AFOREAFORE,5,19.0,3.773180774393641e-05,
RENOVIDI,RENOVIDI,3,19.0,3.773180774393641e-05,
SOLIS SOLIS SOFAR,SOLIS SOLIS SOFAR,1,19.0,3.773180774393641e-05,
BELENERGI,Belenergi:,4,19.0,3.773180774393641e-05,
SPLIS,Splis,4,19.0,3.773180774393641e-05,
GROWATT DEYE WEG,GROWATT + DEYE + WEG,1,19.0,3.773180774393641e-05,
GROWATTL,GROWATTL,3,19.0,3.773180774393641e-05,
SMA DEYE HOYMILES,SMA/ DEYE/ HOYMILES,1,19.0,3.773180774393641e-05,
CHINT CHINT NEP,CHINT CHINT NEP,1,19.0,3.773180774393641e-05,
NANSEN AUXSOL,NANSEN/AUXSOL,3,19.0,3.773180774393641e-05,
WEG WEG GROWATT,Weg / Weg / Growatt,1,19.0,3.773180774393641e-05,
ORIZON SAJ DEYE,ORIZON/SAJ + DEYE,1,19.0,3.773180774393641e-05,
15000 TL3 SL 672 R5 2K S1,238 - 15000 TL3-SL;672 - R5-2K-S1,1,19.0,3.773180774393641e-05,
MOSO B BPOWER,moso/B&Bpower,1,18.98,3.7692090051574376e-05,
LIVOLEK,LIVOLEK,3,18.95,3.7632513513031313e-05,
NASSEN,NASSEN,3,18.92,3.757293697448826e-05,
SOLAREDGE CANADIAN SOLAR,SolarEdge / Canadian Solar,1,18.9,3.753321928212622e-05,
INTELBRAS SHENZEN SOFAR,INTELBRAS + SHENZEN SOFAR,2,18.9,3.753321928212622e-05,
TSM DE08MII 375W,TSM-DE08MII 375W,4,18.88,3.749350158976418e-05,
SUNGROW E HOYMILES,SUNGROW E HOYMILES,2,18.87,3.747364274358316e-05,
SUNGROR,SUNGROR,3,18.87,3.747364274358316e-05,
SOFAR DEYE TSUN,SOFAR/DEYE/TSUN,1,18.86,3.745378389740214e-05,
RSM120 8 590M,RSM120-8-590M,4,18.85,3.743392505122113e-05,
HIPONTECH HPS 6500,HIPONTECH HPS-6500,3,18.85,3.743392505122113e-05,
GCL GEMINI,GCL-GEMINI,1,18.81,3.735448966649704e-05,
HANOR,Hanor,3,18.81,3.735448966649704e-05,
ADVANCED ENERGY INDUSTRIES INC,"ADVANCED ENERGY INDUSTRIES, INC",1,18.8,3.733463082031603e-05,
RISE SOLAR,RISE SOLAR,4,18.8,3.733463082031603e-05,
1 SOFAR 2 GROWATT 3 SUNGROW,1 SOFAR / 2 GROWATT / 3 SUNGROW	,1,18.8,3.733463082031603e-05,
GROWATT8000MTL,GROWATT8000MTL,2,18.8,3.733463082031603e-05,
GT1 10KT1,1469 - GT1-10KT1,2,18.78,3.729491312795399e-05,
DEYE 105 SOFAR,121 - DEYE 105- SOFAR,1,18.75,3.723533658941094e-05,
R5 6K S2 15 1727 SUN M225G4 EU Q0,1390 - R5-6K-S2-15;1727 - SUN-M225G4-EU-Q0,2,18.75,3.723533658941094e-05,
HOYMMILES,HOYMMILES,2,18.740000000000002,3.721547774322992e-05,
CPS SCA8KTL T EU,1040 - CPS SCA8KTL-T/EU,3,18.73,3.71956188970489e-05,
MONEYSENSE,MoneySense,1,18.72,3.7175760050867874e-05,
SOLPLSNET,SOLPLSNET,1,18.72,3.7175760050867874e-05,
INVERSOR FOXE MICRO INVERSOR,Inversor: FOXE; Micro Inversor:,1,18.72,3.7175760050867874e-05,
SUNUNO PLUS 5K M,116 - SUNUNO PLUS 5K-M,4,18.7,3.7136042358505834e-05,
CANADIM,CANADIM,4,18.68,3.7096324666143794e-05,
QS545 144HM8,QS545-144HM8,4,18.66,3.705660697378176e-05,
INTELBRASA,INTELBRASA,3,18.65,3.703674812760074e-05,
1XSUNGR,1XSUNGR,1,18.62,3.697717158905768e-05,
DMEGC BIFACIAL,DMEGC Bifacial,3,18.6,3.693745389669565e-05,
HOYMAILLES,HOYMAILLES,5,18.6,3.693745389669565e-05,
SE3680H,SE3680H,4,18.6,3.693745389669565e-05,
ABB INTELBRAS,ABB+INTELBRAS,1,18.6,3.693745389669565e-05,
DURALUXE SUN,Duraluxe Sun,6,18.54,3.681830081960953e-05,
SIW300H SIW300H M040 60HZ,SIW300H SIW300H M040 (60Hz),4,18.52,3.677858312724749e-05,
SOFAR5KTLM G2,SOFAR5KTLM-G2,4,18.51,3.6758724281066474e-05,
INVERSOR GROWAAT MICRO INVERSOR,Inversor: GROWAAT; Micro Inversor:,4,18.5,3.673886543488546e-05,
GROWATT FRONIUS MIN6000TL X SYMO 12 5 3 M,GROWATT + FRONIUS - MIN6000TL-X + SYMO 12.5-3-M,1,18.5,3.673886543488546e-05,
JKM460M 7RL3,JKM460M-7RL3,2,18.5,3.673886543488546e-05,
SIW300 M080 W00 1822 SIW200G M105 W1,1814 - SIW300 M080 W00;1822 - SIW200G M105 W1,1,18.5,3.673886543488546e-05,
GOODWE 108 SAJ,100 - GOODWE 108 - SAJ,1,18.5,3.673886543488546e-05,
PS450M4H 24 TH,PS450M4H-24/TH,5,18.5,3.673886543488546e-05,
VGROWATT,VGROWATT,3,18.5,3.673886543488546e-05,
TS560S8B 144,TS560S8B-144,2,18.5,3.673886543488546e-05,
GROWATT1,GROWATT1,3,18.490000000000002,3.6719006588704434e-05,
ORIZO,ORIZO,1,18.45,3.6639571203980355e-05,
BEIDNSOLAR,BEIDNSOLAR,4,18.41,3.656013581925628e-05,
NEXSOLAR SOLUCOES EM ENERGIA SOLAR LTDA ME,16 - NEXSOLAR SOLUÇÕES EM ENERGIA SOLAR LTDA ME,4,18.4,3.654027697307526e-05,
JAM72S30 550M,JAM72S30-550M,1,18.4,3.654027697307526e-05,
INVERSOR MBTECH ECOSOLIS MICRO INVERSOR,Inversor: MBTech (ecoSolis) ; Micro Inversor:,2,18.4,3.654027697307526e-05,
EGT4600PRO,EGT4600PRO,4,18.4,3.654027697307526e-05,
S O L A R EDGE,S O L A R EDGE,1,18.4,3.654027697307526e-05,
SE 33 3K,SE 33.3K,1,18.4,3.654027697307526e-05,
JKM450M 6TL4 V,JKM450M-6TL4-V,3,18.4,3.654027697307526e-05,
WEGS,WEGs,2,18.39,3.652041812689424e-05,
INVERSOR MICRO INVERSOR TECH POWER,Inversor: ; Micro Inversor: TECH POWER,9,18.38,3.650055928071322e-05,
5XRENOVIGI,5XRENOVIGI,1,18.36,3.6460841588351186e-05,
TS560S8BGROWATT,TS560S8BGROWATT,2,18.36,3.6460841588351186e-05,
HUAWEI WEG SUN2000 20KTL M2 SIW500H ST020 M2,HUAWEI/WEG - SUN2000-20KTL-M2/SIW500H ST020 M2,1,18.36,3.6460841588351186e-05,
RSM 144 6 340P,RSM 144-6-340P,1,18.36,3.6460841588351186e-05,
FEYE,FEYE,3,18.35,3.644098274217017e-05,
BEDINSOLAR BS 5K G,BEDINSOLAR/BS-5K-G,4,18.33,3.640126504980812e-05,
JAM72S09 390,JAM72S09-390,1,18.33,3.640126504980812e-05,
JINKO SOLAR CO LTD,JINKO SOLAR CO LTD,4,18.32,3.6381406203627114e-05,
SIW200G M080 W1 1775 SIW200G M060 W1,1776 - SIW200G M080 W1;1775 - SIW200G M060 W1,1,18.3,3.6341688511265074e-05,
TSM DE450W II,TSM-DE450W(II),2,18.3,3.6341688511265074e-05,
SUNGROW E RENOVIGI,SUNGROW E RENOVIGI,1,18.3,3.6341688511265074e-05,
ELSYS FRONIUS GROWATT,ELSYS – FRONIUS - GROWATT,1,18.21,3.61629588956359e-05,
EMSC 555 HC,EMSC 555 HC,3,18.21,3.61629588956359e-05,
SOLIS GROWATT SOLIS 1P10K 4G 8000MTLS,SOLIS | GROWATT / SOLIS-1P10K-4G | 8000MTLS,1,18.2,3.6143100049454875e-05,
ASW9100 S 3 MPPT,ASW9100-S – 3 MPPT,1,18.2,3.6143100049454875e-05,
BELENGERGY,BELENGERGY,4,18.2,3.6143100049454875e-05,
LPLANET SOLAR,LPLANET SOLAR,1,18.2,3.6143100049454875e-05,
TSM 455DE17M II 455W,TSM-455DE17M(II) – 455W,1,18.2,3.6143100049454875e-05,
TALESUN BISTAR,TALESUN BISTAR,1,18.19,3.6123241203273866e-05,
NAC5K DS,NAC5K-DS,5,18.16,3.60636646647308e-05,
SUNGGROW POWER SUPPLY,SUNGGROW POWER SUPPLY,1,18.15,3.604380581854978e-05,
NHS SYSTEM,NHS SYSTEM,4,18.14,3.602394697236877e-05,
TSM DE17M II,TSM-DE17M(II),2,18.1,3.594451158764469e-05,
72 385,72 385,1,18.1,3.594451158764469e-05,
SPLAR EDGE SE20 1 K,"SPLAR EDGE// SE20,1 K",1,18.09,3.592465274146367e-05,
1XSUNGROW SG20KTL M,1XSUNGROW//SG20KTL-M,1,18.09,3.592465274146367e-05,
WEG HUAWEI SIW300H M050,WEG HUAWEI SIW300H - M050,3,18.06,3.586507620292061e-05,
JT335PAG,JT335PAg,4,18.05,3.584521735673959e-05,
ECOLSOLYS,ECOLSOLYS,5,18.05,3.584521735673959e-05,
SOLISS5 GR1P9K,SOLISS5-GR1P9K,2,18.0,3.574592312583449e-05,
NTELBRAS EGT6000PRO,NTELBRAS EGT6000PRO,2,18.0,3.574592312583449e-05,
CS3W 445MB AG,CS3W-445MB-AG,2,18.0,3.574592312583449e-05,
EES10K M1 1595 EES8K M1,1605 - EES10K-M1;1595 - EES8K-M1,1,18.0,3.574592312583449e-05,
S5 GR1P 10KW 490 SUN 8K G,1343 - S5 - GR1P 10KW;490 - SUN-8K-G,1,18.0,3.574592312583449e-05,
SOLPLANET 97 GROWATT,164 - SOLPLANET 97 - GROWATT,2,18.0,3.574592312583449e-05,
BEENERGYPLUS,BEENERGYPLUS,1,18.0,3.574592312583449e-05,
BEL ENERGY BEL ENERGY BEL ENERGY BEL ENERGY BEL ENERGY BEL ENERGY,BEL ENERGY | BEL ENERGY | BEL ENERGY | BEL ENERGY | BEL ENERGY | BEL ENERGY,1,18.0,3.574592312583449e-05,
S6 GR1P6KS,S6-GR1P6KS	,2,18.0,3.574592312583449e-05,
S6 GR1P8K2 1851 S6 GR1P10K03 NV ND,1557 - S6-GR1P8K2;1851 - S6-GR1P10K03-NV-ND,1,18.0,3.574592312583449e-05,
EET20KPRO M1,2052 - EET20KPRO-M1,1,18.0,3.574592312583449e-05,
SOLISMOD,SOLISMOD,4,18.0,3.574592312583449e-05,
SANGROW SG6 0RS,SANGROW SG6.0RS,3,18.0,3.574592312583449e-05,
HOMYILES,HOMYILES,2,18.0,3.574592312583449e-05,
B B POWER SF 5000 TL,B&B Power SF 5000 TL,1,18.0,3.574592312583449e-05,
KOFV IN 2 KW,KOFV IN 2 KW,1,18.0,3.574592312583449e-05,
BS 8K 951 BS 10K,1753 - BS-8K;951 - BS-10K,1,18.0,3.574592312583449e-05,
BS 6K 1801 BS 3K,1762 - BS-6K;1801 - BS-3K,2,18.0,3.574592312583449e-05,
SG9 0RS L,1789 - SG9.0RS-L,2,18.0,3.574592312583449e-05,
SOLAR ENERGY DO BRSIL,SOLAR ENERGY DO BRSIL,3,18.0,3.574592312583449e-05,
SOLAR ENERGY DO BRASILL,Solar Energy do BrasilL,1,18.0,3.574592312583449e-05,
MIN10000TL X 808 MIN8000TL X E,705 - MIN10000TL-X;808 - MIN8000TL-X(E),1,18.0,3.574592312583449e-05,
ABB DEYE SOLIS,ABB / DEYE/SOLIS,1,18.0,3.574592312583449e-05,
MIN 10000TL X 808 MIN8000TL X E,928 - MIN 10000TL-X;808 - MIN8000TL-X(E),1,18.0,3.574592312583449e-05,
FOTOSOLAR,FOTOSOLAR,1,18.0,3.574592312583449e-05,
FOX ESS F6000,FOX ESS F6000,3,18.0,3.574592312583449e-05,
DHN 72K16 DG 59,DHN-72K16/DG - 59,1,18.0,3.574592312583449e-05,
SG10RS 1121 SG8 0RS,1118 - SG10RS;1121 - SG8.0RS,1,18.0,3.574592312583449e-05,
RISEN RENO 8K RENO 10K,RISEN RENO-8K - RENO-10K,1,18.0,3.574592312583449e-05,
SUN2000L 6KTL L1,SUN2000L-6KTL-L1,3,18.0,3.574592312583449e-05,
ERR TSNSS,ERR TSNSS,4,18.0,3.574592312583449e-05,
APSYTSTEMS,APSYTSTEMS,3,18.0,3.574592312583449e-05,
ASW8000 S 1341 ASW10000 S,1286 - ASW8000-S;1341 - ASW10000-S,1,18.0,3.574592312583449e-05,
APSYSTEMES,APSYSTEMES,4,18.0,3.574592312583449e-05,
SOLARMAXX SOLARMAXX,"SolarMaxx, SolarMaxx",1,18.0,3.574592312583449e-05,
SG10RS L 1291 S5 GR1P8K,1591 - SG10RS-L;1291 - S5-GR1P8K,1,18.0,3.574592312583449e-05,
SZJ,szj,2,18.0,3.574592312583449e-05,
LOJA ELETRICA B B,LOJA ELÉTRICA / B&B,3,18.0,3.574592312583449e-05,
TIGER PRO,Tiger-Pro,5,18.0,3.574592312583449e-05,
MIN8000TL X 1893 MIN 10000TL X2,764 - MIN8000TL-X;1893 - MIN 10000TL-X2,1,18.0,3.574592312583449e-05,
FRONIUS 2 FRONIUS 99 KEHUA TECH,FRONIUS / 2 - FRONIUS / 99 - KEHUA TECH,1,18.0,3.574592312583449e-05,
ABB E 11 GROWATT E 5 CANADIAN,6 - ABB e 11 - GROWATT e 5 - CANADIAN,1,18.0,3.574592312583449e-05,
GW8000 MS C30 1425 GW10K MS 30,1855 - GW8000-MS-C30;1425 - GW10K-MS-30,1,18.0,3.574592312583449e-05,
BYDS,BYDS,2,18.0,3.574592312583449e-05,
DEYE TSUNESS,DEYE/TSUNESS,2,18.0,3.574592312583449e-05,
HOYMIIES,HOYMIIES,1,18.0,3.574592312583449e-05,
LNLELBRAS,lnlelbras,3,18.0,3.574592312583449e-05,
GTSM1,GTSM1,1,18.0,3.574592312583449e-05,
UNO DM 6 0 TL PLUS,UNO-DM-6.0-TL-PLUS,2,18.0,3.574592312583449e-05,
SOFAR GROWATT SOFAR,SOFAR / GROWATT / SOFAR,1,18.0,3.574592312583449e-05,
LIVORTEK,LIVORTEK,1,18.0,3.574592312583449e-05,
GE GEP9 0 1 10,GE GEP9.0-1-10,2,18.0,3.574592312583449e-05,
R5 8K S2 15 1821 R6 10K S3 18,1056 - R5-8K-S2-15;1821 - R6-10K-S3-18,1,18.0,3.574592312583449e-05,
FRONIUS SOFAR SOLAR SOFAR SOLAR,Fronius SOFAR SOLAR SOFAR SOLAR,1,18.0,3.574592312583449e-05,
GW6000 DNS B30,1539 - GW6000-DNS-B30,3,18.0,3.574592312583449e-05,
WDC TITANIUM,WDC TITANIUM,1,18.0,3.574592312583449e-05,
WATTSUP,WATTSUP,2,18.0,3.574592312583449e-05,
WEG EQUIPAMENTOS ELETRICOS S A HUAWEI TECHNOLOGIES CO,WEG Equipamentos Elétricos S/A - (HUAWEI Technologies Co),3,18.0,3.574592312583449e-05,
SMA SUNNY BOY 6 0,SMA SUNNY BOY 6.0,3,18.0,3.574592312583449e-05,
HOYWLES,HOYWLES,1,18.0,3.574592312583449e-05,
SMA SB6 0 1AV 41,SMA SB6.0-1AV-41,3,18.0,3.574592312583449e-05,
OUTBACKPOWER,OUTBACKPOWER,2,18.0,3.574592312583449e-05,
1XGROWATT MID 20KTL3 X,1XGROWATT//MID 20KTL3-X,1,18.0,3.574592312583449e-05,
INVERSOR SOLLIS MICRO INVERSOR,Inversor: SOLLIS; Micro Inversor:,2,18.0,3.574592312583449e-05,
WEG HUAWEI SMA,WEG/HUAWEI/SMA,1,18.0,3.574592312583449e-05,
1P6K 4G,1P6K-4G,3,18.0,3.574592312583449e-05,
CPS SCA8KTL PSM EU 1700 CPS SCA10KTL PSM EU,1482 - CPS SCA8KTL-PSM/EU;1700 - CPS SCA10KTL-PSM/EU,1,18.0,3.574592312583449e-05,
CPS SCA10KTL PSM EU 1482 CPS SCA8KTL PSM EU,1700 - CPS SCA10KTL-PSM/EU;1482 - CPS SCA8KTL-PSM/EU,1,18.0,3.574592312583449e-05,
KYSYSTDJS,KYsystdjs,1,18.0,3.574592312583449e-05,
CPS SCA3KTL S EU,750 - CPS SCA3KTL-S/EU,6,18.0,3.574592312583449e-05,
CPS SCA10KTL PSM EU 1763 CPS SCA8KTL PSM EU,1700 - CPS SCA10KTL-PSM/EU;1763 - CPS SCA8KTL-PSM/EU,1,18.0,3.574592312583449e-05,
GROWATTMIN 6000TL X,GROWATTMIN 6000TL-X,3,18.0,3.574592312583449e-05,
WEG SIW300H M030 L1 HUAWEI SUN2000L 3KTL L1,WEG SIW300H M030 L1 / HUAWEI SUN2000L-3KTL-L1,6,18.0,3.574592312583449e-05,
GROWATT EXISTENTE SUNGROW PROJETADO,GROWATT (EXISTENTE) / SUNGROW (PROJETADO),1,18.0,3.574592312583449e-05,
WEGHYPONETCH,WEGHYPONETCH,1,18.0,3.574592312583449e-05,
12 X HOYMILLES,12 X HOYMILLES,1,18.0,3.574592312583449e-05,
HOYMILLES H,HOYMILLES H,1,18.0,3.574592312583449e-05,
ZXP6 72 330P,ZXP6-72 330P,3,18.0,3.574592312583449e-05,
INVERSOR MICRO INVERSOR NORTHEN ELETRIC POWER,Inversor: ; Micro Inversor: NORTHEN ELETRIC POWER,2,18.0,3.574592312583449e-05,
BB ENERGY,BB..ENERGY,2,17.990000000000002,3.572606427965348e-05,
WEG HUAWEI SIW500H ST020 M2 SUN2000 20KTL M2,WEG/HUAWEI - SIW500H ST020 M2/SUN2000-20KTL-M2,1,17.99,3.572606427965347e-05,
RERNAC,RERNAC,1,17.92,3.558705235638635e-05,
CHSM72N DG F HC,CHSM72N(DG)/F-HC,3,17.9,3.55473346640243e-05,
ASP AG,ASP AG,2,17.9,3.55473346640243e-05,
SRNE,SRNE,3,17.880000000000003,3.550761697166227e-05,
SUNGROW SOFAR TSUN,"SUNGROW, SOFAR, TSUN",1,17.85,3.544804043311921e-05,
INVITSOLAR,INVITSOLAR,1,17.82,3.538846389457615e-05,
NHS SOLAR 25K GDT1,NHS SOLAR / 25K-GDT1,1,17.82,3.538846389457615e-05,
SHENZHEN SOFARSOLAR CO 20000TL,Shenzhen SOFARSOLAR Co - 20000TL,1,17.82,3.538846389457615e-05,
ABB APSYSTEMS,ABB + APsystems,2,17.8,3.5348746202214115e-05,
S5 GR1P9K,1336 - S5-GR1P9K,2,17.8,3.5348746202214115e-05,
SHENZHEN SOFARSOLAR 20000TL G2,Shenzhen SOFARSOLAR 20000TL-G2,1,17.76,3.526931081749004e-05,
SOUFAR,SOUFAR,2,17.740000000000002,3.5229593125128e-05,
I ENERGY,i-Energy,4,17.74,3.5229593125127996e-05,
OLIS INVERTERS,OLIS INVERTERS,1,17.7,3.5150157740403924e-05,
GROWATTMIN,GROWATTMIN,3,17.68,3.5110440048041884e-05,
MAYSUN,MAYSUN,10,17.669999999999998,3.509058120186086e-05,
OUTBACK,OUTBACK,6,17.66,3.5070722355679844e-05,
HEHUA,HEHUA,3,17.64,3.5031004663317804e-05,
DEYVE,DEYVE,2,17.61,3.497142812477475e-05,
SONUNO PLUS,SONUNO PLUS,1,17.6,3.495156927859373e-05,
KSG 20K,KSG-20K,1,17.6,3.495156927859373e-05,
DEYE FRONIUS DEYE,DEYE/FRONIUS/DEYE,1,17.6,3.495156927859373e-05,
JNBN144 590,1498 - JNBN144- 590,1,17.6,3.495156927859373e-05,
KHEUA TECH,KHEUA TECH,3,17.55,3.4852275047688636e-05,
WEGSOLIS,WEGSOLIS,1,17.51,3.477283966296456e-05,
PV GRID TIED INVERTER,PV Grid-Tied Inverter,2,17.509999999999998,3.477283966296455e-05,
MIN 10000TL X2 849 SUN 8K SG01LP1 EU,1893 - MIN 10000TL-X2;849 - SUN-8K-SG01LP1-EU,1,17.5,3.475298081678354e-05,
SUN 8K SG01LP1 EU 1893 MIN 10000TL X2,849 - SUN-8K-SG01LP1-EU;1893 - MIN 10000TL-X2,1,17.5,3.475298081678354e-05,
SMA S,SMA S,2,17.5,3.475298081678354e-05,
SYMO 17 5 3 M,Symo 17.5-3-M,1,17.5,3.475298081678354e-05,
MIN10000TL X 2059 MIN 7500TL X2,705 - MIN10000TL-X;2059 - MIN 7500TL-X2,1,17.5,3.475298081678354e-05,
JKM440M 6TL4 V 440W,JKM440M-6TL4-V 440W,4,17.5,3.475298081678354e-05,
SMA SUNNY MINI CENTRAL,SMA Sunny Mini Central,1,17.5,3.475298081678354e-05,
DHM 72X10,DHM-72X10,3,17.5,3.475298081678354e-05,
S6 GR1P7 5K2 1140 S5 GR1P10K,1934 - S6-GR1P7.5K2;1140 - S5-GR1P10K,1,17.5,3.475298081678354e-05,
BYG,BYG,3,17.5,3.475298081678354e-05,
SGROWATT,SGROWATT,3,17.5,3.475298081678354e-05,
RISEN DAH SOLAR,"RISEN , DAH SOLAR",1,17.5,3.475298081678354e-05,
SONNY BOY,sonny boy,4,17.5,3.475298081678354e-05,
NEPNORTHERNELECTRIC,NEPNORTHERNELECTRIC,3,17.5,3.475298081678354e-05,
SOAFR,SOAFR,2,17.5,3.475298081678354e-05,
SHENZEHN,SHENZEHN,2,17.5,3.475298081678354e-05,
GINLONG TEHNOLOGIES,GINLONG TEHNOLOGIES,1,17.49,3.473312197060252e-05,
RENESOLA RS6 560M E3,RENESOLA RS6-560M-E3,2,17.48,3.47132631244215e-05,
CSI 3K S22002 E,657 - CSI-3K-S22002-E,6,17.46,3.467354543205946e-05,
RENOVIGI B B POWER SOLIS RENO 20K HC S5 GR3P20K,RENOVIGI/B&B Power/SOLIS - RENO 20K-HC/S5-GR3P20K,1,17.44,3.463382773969742e-05,
ENHPHASE ENEERGY,ENHPHASE ENEERGY,1,17.4,3.455439235497334e-05,
GROWAT MIC 3000TL X 3KW,Growat/MIC 3000TL-X – 3kW,6,17.4,3.455439235497334e-05,
BEL ENERGI,BEL ENERGI,2,17.380000000000003,3.4514674662611315e-05,
HOYMILLES HOYMILLES,HOYMILLES / HOYMILLES,4,17.38,3.45146746626113e-05,
BELENERGY BEL,BELENERGY BEL,4,17.36,3.447495697024927e-05,
SMA SMART CONNECTED,SMA SMART CONNECTED,4,17.35,3.445509812406825e-05,
SAJR,SAJR,2,17.34,3.443523927788723e-05,
RETUSOL,Retusol,1,17.32,3.4395521585525196e-05,
HOYMIL,HOYMIL,3,17.31,3.437566273934417e-05,
LP182 182 M 60 MH,LP182*182-M-60-MH,1,17.3,3.4355803893163157e-05,
STS 6KTL,929 - STS-6KTL,3,17.27,3.42962273546201e-05,
KEEP ON ENERGIA,KEEP.ON ENERGIA,1,17.25,3.4256509662258054e-05,
R6 15K T2 32 LV 1669 SUN M225G4 EU Q0,1202 - R6-15K-T2-32-LV;1669 - SUN-M225G4-EU-Q0,1,17.25,3.4256509662258054e-05,
APS SYSTEM,APS SYSTEM,1,17.25,3.4256509662258054e-05,
SIW500H ST018,SIW500H ST018,1,17.25,3.4256509662258054e-05,
HIYMILES,HIYMILES,4,17.2,3.415721543135296e-05,
ESPHSC550,ESPHSC550,2,17.2,3.415721543135296e-05,
RENO 3K HC,RENO-3K-HC,6,17.2,3.415721543135296e-05,
INVERSOR SOLAR PRIMOS,inversor solar primos,3,17.2,3.415721543135296e-05,
TS560S8A,TS560S8A,3,17.2,3.415721543135296e-05,
ODA390,ODA390,1,17.16,3.4077780046628885e-05,
1P9K 4G,1P9K-4G,2,17.16,3.4077780046628885e-05,
OMNIKSOL OMNIKSOL,OMNIKSOL OMNIKSOL,1,17.16,3.4077780046628885e-05,
ENPHANSE,ENPHANSE,5,17.11,3.397848581572379e-05,
SOFAR E 47 INTELBRAS E 34 SOFAR,34 - SOFAR e 47 - INTELBRAS E 34 - SOFAR,1,17.1,3.395862696954277e-05,
INVERSOR SUN MICRO INVERSOR,Inversor: SUN; Micro Inversor:,3,17.1,3.395862696954277e-05,
17100,17100,1,17.1,3.395862696954277e-05,
B E L E NERGY,B e l E nergy,5,17.09,3.393876812336175e-05,
OSDN,OSDN,4,17.04,3.3839473892456654e-05,
REUSOL,REUSOL,5,17.03,3.381961504627564e-05,
INTELBBRAS,INTELBBRAS,2,17.02,3.3799756200094614e-05,
18,18,10,17.0,3.3760038507732575e-05,
GROWATTBEL ENERGY,GROWATTBEL ENERGY,1,17.0,3.3760038507732575e-05,
TSM 405DE15M II,TSM-405DE15M(II),4,17.0,3.3760038507732575e-05,
ZHEJIANG BENYI NEW ENERGY,ZHEJIANG BENYI NEW ENERGY,17,17.0,3.3760038507732575e-05,
FUSIONSOLAR CAO FOTOVOLTAICA INTELIGENTE,FusionSolar. ção. fotovoltaica inteligente,1,17.0,3.3760038507732575e-05,
SOFAR SOFAR SOLIS,SOFAR / SOFAR / SOLIS,1,17.0,3.3760038507732575e-05,
DEYE INVERTER SOLIS,DEYE INVERTER // SOLIS,2,17.0,3.3760038507732575e-05,
LNVU 550M,LNVU-550M,4,17.0,3.3760038507732575e-05,
RENOVIGI B B POWER SOLIS SOLIS 3P12K 4G SOLIS 1P5K 4G,RENOVIGI/B&B Power/SOLIS - SOLIS 3P12K-4G +SOLIS 1P5K-4G,1,17.0,3.3760038507732575e-05,
GOODWARE,GOODWARE,1,17.0,3.3760038507732575e-05,
3 X ABB 1 FRONIUS,3 x ABB + 1 FRONIUS,1,17.0,3.3760038507732575e-05,
SUN2000 6KTL L1 1439 SUN2000 5KTL L1,1039 - SUN2000-6KTL-L1;1439 - SUN2000-5KTL-L1,1,17.0,3.3760038507732575e-05,
RENOVIGI B B POWER SOLIS SOLIS 3P17K 4G,RENOVIGI/B&B Power/SOLIS - Solis-3P17K-4G,1,17.0,3.3760038507732575e-05,
RENOVIGI B B POWER SOLIS 3P17K 4G,Renovigi // B&B POWER // SOLIS // 3P17K-4G,1,17.0,3.3760038507732575e-05,
SHENZEN SOFAR SOLIS,SHENZEN SOFAR  +  SOLIS,2,17.0,3.3760038507732575e-05,
SOLSIST SIST ENERGI,Solsist sist. energi,1,17.0,3.3760038507732575e-05,
BEL 5K G MIN 80000TL X E SUN20000G3 US 220,BEL-5K-G/MIN 80000TL-X (E) / SUN20000G3-US-220,1,17.0,3.3760038507732575e-05,
70000TL HV,70000TL-HV,2,17.0,3.3760038507732575e-05,
GW17KLV SDT C30,2077 - GW17KLV-SDT-C30,1,17.0,3.3760038507732575e-05,
RSN156 6 425M 445M,RSN156-6-425M-445M,4,17.0,3.3760038507732575e-05,
SOLISEDGE,SOLISEDGE,1,17.0,3.3760038507732575e-05,
NINGBO OSDA SOLAR CO,NINGBO OSDA SOLAR CO.,3,17.0,3.3760038507732575e-05,
SOLARAEDGE,SOLARAEDGE,1,17.0,3.3760038507732575e-05,
MIC2500TL X,MIC2500TL-X,7,17.0,3.3760038507732575e-05,
WEG HUAWEI SIW500H ST018,WEG/HUAWEI/SIW500H-ST018,1,17.0,3.3760038507732575e-05,
SCOSOLYS,SCOSOLYS,2,17.0,3.3760038507732575e-05,
GOODWE E43 SOLIS,60 - GOODWE e43 - SOLIS,1,17.0,3.3760038507732575e-05,
2XGOODWE GW 8500 MS,2XGOODWE GW 8500-MS,1,17.0,3.3760038507732575e-05,
SOLIS SOLIS SAJ,SOLIS / SOLIS / SAJ,1,17.0,3.3760038507732575e-05,
1X HUAWEI SUN2000 12KTL WEG SIW500H ST013 1X SMA,1x HUAWEI / SUN2000-12KTL (WEG SIW500H ST013) + 1x SMA /,1,17.0,3.3760038507732575e-05,
RENOVOGO,renovogo,3,17.0,3.3760038507732575e-05,
BELENERGY INVSBE TR 380V17KW 17KW,BELENERGY | INVSBE-TR-380V17KW 17KW,1,17.0,3.3760038507732575e-05,
FRIONIUS,frionius,2,17.0,3.3760038507732575e-05,
CANADION SOLAR,CANADION SOLAR,4,17.0,3.3760038507732575e-05,
CANADIANSOLAR INC CANADIANSOLAR,CanadianSolar Inc / CanadianSolar,1,17.0,3.3760038507732575e-05,
TRINA SOLAR TSM,TRINA SOLAR TSM,2,17.0,3.3760038507732575e-05,
HOYMILESQ,HOYMILESQ,3,17.0,3.3760038507732575e-05,
SOLPLANET E WEG,SOLPLANET E WEG,1,17.0,3.3760038507732575e-05,
CANEDIAN,CANEDIAN,3,17.0,3.3760038507732575e-05,
GOODWEGW8500 MS,GOODWEGW8500- MS,1,17.0,3.3760038507732575e-05,
SOLIS GROWATT LIVOLTEK,SOLIS | GROWATT | LIVOLTEK,1,17.0,3.3760038507732575e-05,
HUAWEI17,HUAWEI17,1,17.0,3.3760038507732575e-05,
SAJ SOLAR GROWATT NEW ENERGY LTD,SAJ SOLAR / GROWATT NEW ENERGY LTD,2,17.0,3.3760038507732575e-05,
RSM144RSM144,RSM144RSM144,2,17.0,3.3760038507732575e-05,
CSI 9K S22002 ED,CSI-9K-S22002-ED,2,16.98,3.372032081537054e-05,
GOODWAE,GOODWAE	,4,16.98,3.372032081537054e-05,
ABB E DEYE,ABB E DEYE,2,16.96,3.36806031230085e-05,
PHB4600SS,PHB4600SS,4,16.93,3.3621026584465446e-05,
ESPSC 390M,ESPSC-390M,3,16.91,3.3581308892103406e-05,
ECPSOLYS,ECPSOLYS,3,16.9,3.356145004592238e-05,
HT72 156MMC 405W,HT72-156MMC-405W,3,16.86,3.348201466119831e-05,
SIOLPLANET,SIOLPLANET	,2,16.83,3.3422438122655254e-05,
GRAOWATT,GRAOWATT,3,16.82,3.340257927647423e-05,
UL 400M 144,UL-400M-144,2,16.8,3.33628615841122e-05,
GROWATT MICRO INVERSOR HOYMILES,GROWATT / MICRO INVERSOR HOYMILES,1,16.8,3.33628615841122e-05,
SUNGROW DEYE SOLIS,SUNGROW | DEYE | SOLIS,1,16.8,3.33628615841122e-05,
14XHOYMILES,14XHOYMILES,1,16.8,3.33628615841122e-05,
AUSTRA,AUSTRA,3,16.78,3.332314389175016e-05,
ZHEJIANG BENYI ELECTRICAL,ZHEJIANG BENYI ELECTRICAL,5,16.75,3.32635673532071e-05,
GOODWE GOODWE DEYE,GOODWE- GOODWE- DEYE,1,16.75,3.32635673532071e-05,
HU,hu],3,16.72,3.320399081466404e-05,
JINKO JKM440M 6TL4 V 440W,JINKO JKM440M-6TL4-V 440W,1,16.72,3.320399081466404e-05,
LP210 M 66 MH 665W,LP210-M-66-MH 665W,1,16.7,3.3164273122302006e-05,
GROWSATT,growsatt,3,16.7,3.3164273122302006e-05,
PULLING SOLAR,PULLING SOLAR,3,16.7,3.3164273122302006e-05,
ETAPA,ETAPA,3,16.68,3.3124555429939966e-05,
TSM 510DE18M,TSM-510DE18M,2,16.65,3.306497889139691e-05,
330P6K36,330P6K36,1,16.6,3.2965684660491814e-05,
SOLPLANET SOLPLANET HOYMILES,SOLPLANET/SOLPLANET/HOYMILES,1,16.6,3.2965684660491814e-05,
8 3,"8,3",1,16.6,3.2965684660491814e-05,
CS3W 450 MS,461 - CS3W - 450 MS,2,16.6,3.2965684660491814e-05,
RENOVIGI 43 SOLIS 7 RENOVIGI,RENOVIGI / 43 - SOLIS / 7 - RENOVIGI,1,16.6,3.2965684660491814e-05,
REFUSON,REFUSON,3,16.6,3.2965684660491814e-05,
GROWATTQ,GROWATTQ,4,16.58,3.292596696812977e-05,
ASW6000 S,1673 - ASW6000-S,3,16.56,3.288624927576773e-05,
SOLAR MAXX TECH SOLAR MAXX TECH,SOLAR MAXX TECH / SOLAR MAXX TECH,2,16.56,3.288624927576773e-05,
DHM 72L9 BF 450W,DHM-72L9/BF-450W,2,16.55,3.286639042958672e-05,
MID20KTL3 XL2,MID20KTL3-XL2,1,16.53,3.282667273722468e-05,
SUN 2000 15KTL M2,SUN 2000 - 15KTL-M2,2,16.5,3.276709619868162e-05,
SIW400G T020 W,SIW400G T020 W,1,16.5,3.276709619868162e-05,
SOAR SOLAR,soar solar,2,16.5,3.276709619868162e-05,
AP SYSTEMS QS1A,AP SYSTEMS QS1A,3,16.5,3.276709619868162e-05,
BVK SOLAR,BVK Solar,4,16.5,3.276709619868162e-05,
APSYSTEM APSYSTEM APSYSTEM APSYSTEM,APSYSTEM | APSYSTEM | APSYSTEM | APSYSTEM,1,16.5,3.276709619868162e-05,
EMPALUZ,EMPALUZ,3,16.5,3.276709619868162e-05,
WEG GOODWE DEYE,WEG/GOODWE + DEYE,1,16.5,3.276709619868162e-05,
7 5KTLM G3 BR E 9KTLM G3,7.5KTLM-G3-BR E 9KTLM-G3,1,16.5,3.276709619868162e-05,
11HOYMILES,11HOYMILES,1,16.5,3.276709619868162e-05,
GROWATT DEYE SAJ,GROWATT + DEYE + SAJ,1,16.5,3.276709619868162e-05,
SUN1600G3 US 220,SUN1600G3-US-220,7,16.48,3.272737850631958e-05,
SUNWAYS 6KW,SunWays 6kW,3,16.45,3.266780196777653e-05,
NAMSEN,NAMSEN,3,16.41,3.258836658305245e-05,
SMA X000D,SMA_x000D_,1,16.4,3.2568507736871424e-05,
ASW7300,ASW7300,1,16.4,3.2568507736871424e-05,
PRIMO8 2 1,PRIMO8.2-1,2,16.4,3.2568507736871424e-05,
GROWATTW,GrowattW,1,16.4,3.2568507736871424e-05,
SOFA R SOLAR,SOFA R SOLAR,3,16.380000000000003,3.25287900445094e-05,
TSM DE08MII,TSM-DE08MII,5,16.38,3.2528790044509384e-05,
FOX FOX,FOX FOX,1,16.38,3.2528790044509384e-05,
AISWEI TECHNOLOGY SHANGHAI CO LTD,"AISWEI Technology (Shanghai) Co., Ltd.",1,16.38,3.2528790044509384e-05,
ZXM7 SPLD144,1506 - ZXM7-SPLD144,1,16.35,3.2469213505966335e-05,
PHBSOLAR PHB8500 MS,PHBSOLAR PHB8500-MS,1,16.35,3.2469213505966335e-05,
SOLYS SOLAR,SOLYS  SOLAR,1,16.35,3.2469213505966335e-05,
CANADIA N SOLAR,CANADIA N SOLAR,4,16.32,3.240963696742328e-05,
DEYE SUN WEG,DEYE SUN / WEG,1,16.29,3.2350060428880216e-05,
BELENEERGY,BELENEERGY,3,16.28,3.2330201582699206e-05,
MF00330,MF00330,3,16.27,3.231034273651818e-05,
SHENZEN INVT,SHENZEN INVT,5,16.259999999999998,3.229048389033716e-05,
DAJ,DAJ,3,16.25,3.227062504415614e-05,
R1 3K3,1841 - R1-3K3,5,16.25,3.227062504415614e-05,
EMST 340P HC,EMST 340P HC,3,16.2,3.217133081325104e-05,
FRONIUS DEYE SOLAR,FRONIUS/DEYE SOLAR,1,16.2,3.217133081325104e-05,
SIW200 M085 GW 8500 MS,SIW200 M085 GW 8500-MS,2,16.2,3.217133081325104e-05,
QS1 QS2 QS3 QS4 QS5 QS6,QS1 | QS2 | QS3 | QS4 | QS5 | QS6,1,16.2,3.217133081325104e-05,
JAS,JAS,2,16.2,3.217133081325104e-05,
RENOVIGI RENO20K SOLIS 3P20K,RENOVIGI * Reno20K - Solis 3P20K,1,16.2,3.217133081325104e-05,
FRONIUS SOLIS TECH POWER,FRONIUS/SOLIS/ TECH POWER,1,16.2,3.217133081325104e-05,
MBTECH,MBTECH,3,16.16,3.209189542852697e-05,
ECOLYS,ECOLYS,6,16.16,3.209189542852697e-05,
CR2MAXX,CR2MAXX,2,16.15,3.2072036582345945e-05,
EGING PV,Eging PV,2,16.14,3.205217773616493e-05,
GORWATT MIN10000TL X,GORWATT MIN10000TL-X,2,16.11,3.199260119762187e-05,
CPS SCA18KTL T AS,1220 - CPS SCA18KTL-T/AS,1,16.1,3.1972742351440856e-05,
SUN 5K G SUN 3K G,SUN-5K-G/SUN-3K-G,2,16.1,3.1972742351440856e-05,
GOODWE POWER GOODWE POWER ABB STRING INVERTERS,GOODWE POWER GOODWE POWER ABB STRING INVERTERS,1,16.1,3.1972742351440856e-05,
INTEALBRAS,INTEALBRAS,2,16.1,3.1972742351440856e-05,
PHK 36 SERIE 4BB 335W,PHK-36-Série-4BB 335W,1,16.08,3.1933024659078816e-05,
APYSISTEM,APYSISTEM,5,16.05,3.187344812053576e-05,
ES GT 16K,ES GT-16K,1,16.0,3.1774153889630664e-05,
GROWAT 8000MTL S 8KW,Growat-8000MTL-S – 8kW,2,16.0,3.1774153889630664e-05,
INVERSOR ELSYS,Inversor Elsys,2,16.0,3.1774153889630664e-05,
SUNGROIW,SUNGROIW,3,16.0,3.1774153889630664e-05,
SOL S6,SOL S6,3,16.0,3.1774153889630664e-05,
WEG HUAWEI SIW300H M040 SUN2000L 4KTL,WEG (HUAWEI) // SIW300H M040 (SUN2000L-4KTL),1,16.0,3.1774153889630664e-05,
INVERSOR 8 0 KW,"Inversor 8,0 kW",1,16.0,3.1774153889630664e-05,
TS570S8,TS570S8,1,16.0,3.1774153889630664e-05,
FRONIUS PRIMO DEYE,Fronius Primo / DEYE,1,16.0,3.1774153889630664e-05,
R6 6K S3 1104 R6 10K S3,1553 - R6-6K-S3;1104 - R6-10K-S3,1,16.0,3.1774153889630664e-05,
R6 10K T2 32 LV 652 R5 6K S2,1769 - R6-10K-T2-32-LV;652 - R5-6K-S2,1,16.0,3.1774153889630664e-05,
TSUNESS GOODWE,TSUNESS GOODWE,1,16.0,3.1774153889630664e-05,
R5 6K S2 15 1821 R6 10K S3 18,1390 - R5-6K-S2-15;1821 - R6-10K-S3-18,1,16.0,3.1774153889630664e-05,
BYS,BYS,1,16.0,3.1774153889630664e-05,
SOFAR SOLIS GOODWE,"SOFAR, SOLIS, GOODWE",1,16.0,3.1774153889630664e-05,
DEYEHOYMILES,DEYEHOYMILES,1,16.0,3.1774153889630664e-05,
DGZS,DGZS,1,16.0,3.1774153889630664e-05,
ANDRE DEU NA CA,André deu na ca,1,16.0,3.1774153889630664e-05,
DEYEDEYE SUN 5K G SUN 3K G,DEYEDEYE SUN-5K-G/ SUN-3K-G,1,16.0,3.1774153889630664e-05,
GUANGZHOU SANJING ELETRIC CO LTD,Guangzhou Sanjing Eletric co.ltd,2,16.0,3.1774153889630664e-05,
VERTYS RENA,VERTYS/ RENA,2,16.0,3.1774153889630664e-05,
HCM72X9 400W,HCM72X9 400W,2,16.0,3.1774153889630664e-05,
JGN,JGN,1,16.0,3.1774153889630664e-05,
DEYEELGIN,DeyeELGIN,1,16.0,3.1774153889630664e-05,
DEYE SAJ ELECTRIC,DEYE /SAJ ELECTRIC,1,16.0,3.1774153889630664e-05,
DEYEDEYE BELENERGY BELENERGY,DEYEDEYE / BELENERGY / BELENERGY,1,16.0,3.1774153889630664e-05,
MIN 6000TL X 755 SUN 10K G,368 - MIN 6000TL-X;755 - SUN 10K-G,1,16.0,3.1774153889630664e-05,
ABB LTDA 29 SOLIS,13 - ABB LTDA/29 - SOLIS,1,16.0,3.1774153889630664e-05,
ACE INGENIEUR TEAM GBR,ACE Ingenieur-Team GbR,1,16.0,3.1774153889630664e-05,
LEVEROS L LEVEROS,LEVEROS / L / LEVEROS,1,16.0,3.1774153889630664e-05,
FRONIUS FRONIUS DEYE,FRONIUS+FRONIUS + DEYE,1,16.0,3.1774153889630664e-05,
MIN 8000 MTL X E 8KW,MIN 8000 MTL-X (E) 8KW,1,16.0,3.1774153889630664e-05,
RENAC EMPALUX,RENAC Empalux,2,16.0,3.1774153889630664e-05,
9,9,12,16.0,3.1774153889630664e-05,
MIN 8000 TL X E,MIN 8000 TL-X(E),2,16.0,3.1774153889630664e-05,
800MTL S,800MTL-S,2,16.0,3.1774153889630664e-05,
HSM 2000 4T,HSM-2000-4T	,1,16.0,3.1774153889630664e-05,
SF8KTL,SF8KTL,2,16.0,3.1774153889630664e-05,
HYPON TECH HPS 8000,HYPON TECH HPS-8000,2,16.0,3.1774153889630664e-05,
WEC,WEC,2,16.0,3.1774153889630664e-05,
JKM530M72HL4 TV BIFACIAL,JKM530M72HL4-TV BIFACIAL,2,16.0,3.1774153889630664e-05,
NEP CHINT POWER,nep / chint power,1,16.0,3.1774153889630664e-05,
SOLARMAXXTECH SOLARMAXXTECH,SOLARMAXXTECH; SOLARMAXXTECH,1,16.0,3.1774153889630664e-05,
POWERNSUN,Powernsun,2,16.0,3.1774153889630664e-05,
SOLIS SOLIS HUAWEI,Solis Solis Huawei,1,16.0,3.1774153889630664e-05,
DAH SOLAR 72X10,DAH SOLAR / 72X10,1,16.0,3.1774153889630664e-05,
SUN 10K G 1426 S6 GR1P6K,755 - SUN 10K-G;1426 - S6-GR1P6K,1,16.0,3.1774153889630664e-05,
ASW4000 S,ASW4000-S,4,16.0,3.1774153889630664e-05,
SCHNEIDER ELECTRIC BRASIL LTDA,20 - SCHNEIDER ELECTRIC BRASIL LTDA,2,16.0,3.1774153889630664e-05,
LR6 720 PH 400M,LR6-720 PH-400M,1,16.0,3.1774153889630664e-05,
CPS SCA16KTL T1 SA,1290 - CPS SCA16KTL-T1/SA,1,16.0,3.1774153889630664e-05,
OMNIKSO,Omnikso,4,16.0,3.1774153889630664e-05,
DAYE SUN 8K G,DAYE SUN-8K-G,1,16.0,3.1774153889630664e-05,
HYPON TECH HPS 8000D,HYPON TECH HPS-8000D,2,16.0,3.1774153889630664e-05,
SUN 8K G02P1 EU AM2 490 SUN 8K G,1740 - SUN-8K-G02P1-EU-AM2;490 - SUN-8K-G,1,16.0,3.1774153889630664e-05,
MICROBELENERGY PLUS,MICROBELENERGY PLUS,4,16.0,3.1774153889630664e-05,
ENO,ENO,1,16.0,3.1774153889630664e-05,
HENERSUN,HENERSUN,2,16.0,3.1774153889630664e-05,
BELLNERGY,bellnergy,1,16.0,3.1774153889630664e-05,
BERLENERGY,BERLENERGY,2,16.0,3.1774153889630664e-05,
GROWAAT MIN 8000TL X,GROWAAT MIN 8000TL-X,2,16.0,3.1774153889630664e-05,
DHN 72X16 585W,DHN-72X16-585W,1,16.0,3.1774153889630664e-05,
SG10RS 1101 SG6 0RS,1118 - SG10RS;1101 - SG6.0RS,1,16.0,3.1774153889630664e-05,
EMSH 550HC,EMSH-550HC,1,16.0,3.1774153889630664e-05,
ASN 10TL LV 1834 R1 6K,1695 - ASN-10TL-LV;1834 - R1-6K,1,16.0,3.1774153889630664e-05,
JKM465M 7RL3 V,JKM465M-7RL3-V,1,16.0,3.1774153889630664e-05,
AS SOLAR,AS solar,2,16.0,3.1774153889630664e-05,
RENOVIGIRENO 8K,RENOVIGIRENO-8K,2,16.0,3.1774153889630664e-05,
RENOVIGIRENO,RenovigiRENO,3,16.0,3.1774153889630664e-05,
ONGIM,ONGIM,1,16.0,3.1774153889630664e-05,
APSYSTEM DS3D 220V,APSYSTEM DS3D 220V,2,16.0,3.1774153889630664e-05,
26 00,26.00,3,16.0,3.1774153889630664e-05,
HIPON,HIPON,3,16.0,3.1774153889630664e-05,
2P 50A,2P 50A,2,16.0,3.1774153889630664e-05,
SOLIS E HUAWEI,SOLIS E HUAWEI,1,16.0,3.1774153889630664e-05,
JKM575N 72HL4 V,JKM575N-72HL4-V,2,16.0,3.1774153889630664e-05,
GROQATT,GROQATT,2,16.0,3.1774153889630664e-05,
BEL ENERGYGROWATT,BEL ENERGYGROWATT,1,16.0,3.1774153889630664e-05,
BEL ENERGY PLUS SUN 8K G,BEL ENERGY PLUS SUN – 8K – G,1,16.0,3.1774153889630664e-05,
HIPONTECH HPS 8000,HIPONTECH HPS-8000,2,16.0,3.1774153889630664e-05,
EMPLALUX,EMPLALUX,2,16.0,3.1774153889630664e-05,
EMPULUX,EMPULUX,1,16.0,3.1774153889630664e-05,
EMSE 535M HC,EMSE 535M HC,2,16.0,3.1774153889630664e-05,
BELENERDY,BELENERDY	,2,16.0,3.1774153889630664e-05,
SB4 0 1AV 40,SB4.0-1AV-40,4,16.0,3.1774153889630664e-05,
BEL ENERGU,BEL ENERGU |,2,16.0,3.1774153889630664e-05,
EGT8000PRO,EGT8000PRO,2,16.0,3.1774153889630664e-05,
SOLPNALET,SOLPNALET,1,16.0,3.1774153889630664e-05,
DAH SOLAR DAH SOLAR DAH SOLAR DAH SOLAR,DAH SOLAR/DAH SOLAR/DAH SOLAR/DAH SOLAR,2,16.0,3.1774153889630664e-05,
FRONIUS 52 DEYE,FRONIUS / 52 - DEYE,1,16.0,3.1774153889630664e-05,
X000D BEL ENERGY,_x000D_ Bel Energy,3,16.0,3.1774153889630664e-05,
DASOLAR,DASOLAR,2,16.0,3.1774153889630664e-05,
SOFAR 17 WEG,34 - SOFAR / 17 - WEG,1,16.0,3.1774153889630664e-05,
CHNT POWER CHNT POWER,CHNT POWER/CHNT POWER,1,16.0,3.1774153889630664e-05,
S5 GR1P10K 1403 GW6000 DNS 30,1140 - S5-GR1P10K;1403 - GW6000-DNS-30,1,16.0,3.1774153889630664e-05,
S5 GR1P10K 1552 S6 GR1P6K S,1140 - S5-GR1P10K;1552 - S6-GR1P6K-S,1,16.0,3.1774153889630664e-05,
HNOR,HNOR,1,16.0,3.1774153889630664e-05,
ELENER GY,ELENER GY,1,16.0,3.1774153889630664e-05,
S5 GR1P10K 1426 S6 GR1P6K,1140 - S5-GR1P10K;1426 - S6-GR1P6K,1,16.0,3.1774153889630664e-05,
BEDIKN SOLAR,BEDIKN SOLAR,1,16.0,3.1774153889630664e-05,
120 V 500 V,120 V - 500 V,1,16.0,3.1774153889630664e-05,
SUWAYS,Suways,2,15.99,3.175429504344964e-05,
LR6 72HPH380M,LR6-72HPH380M,1,15.96,3.1694718504906585e-05,
DNS,DNS,3,15.940000000000001,3.165500081254455e-05,
DEYE CANADIAN GROWATT,Deye; CANADIAN; GROWATT,1,15.93,3.163514196636353e-05,
FRONIUS SOLAR SOLIS,"FRONIUS SOLAR, SOLIS",1,15.9,3.157556542782047e-05,
VSUNOVA,VSUNOVA,1,15.86,3.149613004309639e-05,
INVERSOR GROWT MICRO INVERSOR,Inversor: GROWT; Micro Inversor:,2,15.85,3.1476271196915376e-05,
GROWATTMIN8000TL X E,GROWATTMIN8000TL-X(E),2,15.84,3.145641235073436e-05,
HYPONTCH HPS 8000,HYPONTCH HPS-8000,2,15.84,3.145641235073436e-05,
1XFRONIUS SYMO 20 03 M,1XFRONIUS//SYMO 20.03-M,1,15.84,3.145641235073436e-05,
MICROINVERSOR BELENERGY,MICROINVERSOR BELENERGY,3,15.82,3.141669465837232e-05,
JAM72S30 550,JAM72S30 -550,2,15.8,3.137697696601028e-05,
KOPP KOPP KUARA 8 03 S,	KOPP KOPP KUARA 8.03-S,2,15.77,3.131740042746722e-05,
20KW,20kW,1,15.77,3.131740042746722e-05,
SUN M225G4 EU QO,SUN-M225G4-EU-QO,1,15.75,3.1277682735105185e-05,
RENAN,renan,3,15.740000000000002,3.125782388892417e-05,
INVERSOR FOXXES MICRO INVERSOR,Inversor: FOXXES; Micro Inversor:,3,15.73,3.1237965042743145e-05,
CHINR POWER,CHINR POWER,2,15.72,3.121810619656213e-05,
SOFAR SOLAR DEYE GROWATT SOFAR 5KTLM G3 SUN 2000 G3 MID15KTL3 X,SOFAR SOLAR + DEYE + GROWATT - SOFAR 5KTLM-G3 + SUN-2000-G3 + MID15KTL3-X,1,15.7,3.117838850420009e-05,
QXPV,QXPV,4,15.7,3.117838850420009e-05,
HOYMILES SOLIS SOFAR,HOYMILES/SOLIS/SOFAR,1,15.7,3.117838850420009e-05,
GROWATTPHB,GROWATTPHB,1,15.7,3.117838850420009e-05,
SUNGLOW,SUNGLOW,3,15.68,3.113867081183805e-05,
ENERSONIC,ENERSONIC,4,15.68,3.113867081183805e-05,
RENOVIGI B B POWER SOLIS RENO 8K,RENOVIGI/B&B Power/SOLIS - RENO-8K,1,15.62,3.101951773475194e-05,
EGT 1600 MICRO,egt 1600 micro,3,15.600000000000001,3.09798000423899e-05,
SOLP,SOLP,4,15.6,3.09798000423899e-05,
CR2,CR2,3,15.6,3.09798000423899e-05,
BYD400 M7K 36 5B,BYD400-M7K-36-5B,2,15.6,3.09798000423899e-05,
BLANK 5000 26 Z,Blank 5000 26 Z,1,15.6,3.09798000423899e-05,
INTELBRASDEYE,INTELBRASDEYE,2,15.6,3.09798000423899e-05,
APS SYSTEMS,Aps Systems,7,15.6,3.09798000423899e-05,
KOFV IN,kofv in,2,15.56,3.090036465766582e-05,
HOYLMILES,HOYLMILES,3,15.54,3.086064696530378e-05,
FRONIUS GROWATT INTELBRAS,FRONIUS + GROWATT + INTELBRAS,1,15.5,3.0781211580579705e-05,
2 GROWATT E SOFAR,2 GROWATT E SOFAR,1,15.5,3.0781211580579705e-05,
SOFAR SOLAR E SAJ ELECTRIC,SOFAR SOLAR E Saj Electric	,1,15.5,3.0781211580579705e-05,
CANASIAN SOLAR,CANASIAN SOLAR,3,15.5,3.0781211580579705e-05,
NAC5K DS 856 R1 10K5 DS,447 - NAC5K-DS;856 - R1-10K5-DS,1,15.5,3.0781211580579705e-05,
SANTERNO SUNWAY M PLUS SANTERNO SUNWAY MXS POWER ONE,Santerno Sunway M Plus/Santerno Sunway MXS /Power One,1,15.5,3.0781211580579705e-05,
HOUYMILES,HOUYMILES,2,15.5,3.0781211580579705e-05,
FABRICANTE1 GROWATT FABRICANTE2 WEG,Fabricante1: GROWATT Fabricante2: WEG,1,15.5,3.0781211580579705e-05,
SOLARXPOWER,SOLARXPOWER,3,15.5,3.0781211580579705e-05,
2 FRONIUS E WEG,2 FRONIUS E WEG,1,15.5,3.0781211580579705e-05,
SIW200G M105 W1 1876 SIW200G M050 W1,1822 - SIW200G M105 W1;1876 - SIW200G M050 W1,1,15.5,3.0781211580579705e-05,
INTALBRAS,INTALBRAS,3,15.45,3.068191734967461e-05,
SAJ ABB,"SAJ, ABB",2,15.45,3.068191734967461e-05,
3KTLM G2,3KTLM-G2,3,15.43,3.064219965731257e-05,
RNEOVIGI,RNEOVIGI,1,15.4,3.0582623118769514e-05,
RENO 7 7K,915 - RENO-7.7K,2,15.4,3.0582623118769514e-05,
ECORI COM IMP EXP,ECORI COM. IMP. EXP.,3,15.4,3.0582623118769514e-05,
NEO2000M X,NEO2000M-X,3,15.32,3.042375234932136e-05,
HELIUS SUN LINK PV,HELIUS SUN LINK PV,3,15.32,3.042375234932136e-05,
SS 410 72MD,SS-410-72MD,4,15.309999999999999,3.040389350314034e-05,
REFUSOL ABB ECOSOLYS FRONIUS WEG,REFUSOL/ABB/EcoSolys/Fronius/WEG,1,15.3,3.0384034656959322e-05,
PHB6000D WS 1682 PHB9300 MS,1778 - PHB6000D-WS;1682 - PHB9300-MS,1,15.3,3.0384034656959322e-05,
RENOVISI,RENOVISI,4,15.29,3.03641758107783e-05,
SOLES,SOLES,4,15.25,3.0284740426054226e-05,
SAJ SAJ DEYE,"SAJ, SAJ, DEYE",1,15.25,3.0284740426054226e-05,
RSM144 6 340P R,RSM144-6-340P-R,3,15.24,3.0264881579873206e-05,
CHNTV POWER,CHNTV POWER,1,15.21,3.020530504133015e-05,
NTELBRAS EGT 6000 PRO,NTELBRAS EGT 6000 PRO,3,15.21,3.020530504133015e-05,
DEYE E 34 SOFAR,64 - DEYE e 34 - SOFAR,1,15.21,3.020530504133015e-05,
LIVOTEK GT1 8K D,LIVOTEK GT1-8K-D,2,15.2,3.0185446195149127e-05,
INVERSORES SOLAR,Inversores Solar,3,15.2,3.0185446195149127e-05,
MID 17KTL3 X,MID 17KTL3-X,1,15.2,3.0185446195149127e-05,
FRONIUS E 11 GROWATT,FRONIUS E 11 - GROWATT,2,15.2,3.0185446195149127e-05,
PHB3000SS E PHB4600SS,PHB3000SS e PHB4600SS,2,15.2,3.0185446195149127e-05,
HYPONTEC HPS8000,HYPONTEC HPS8000,1,15.12,3.0026575425700975e-05,
ERGY PLUS,ERGY PLUS,2,15.1,2.998685773333894e-05,
IVNT,IVNT,2,15.06,2.9907422348614866e-05,
P6K 36 SERIES 5BB,P6K-36-SERIES-5BB,3,15.05,2.9887563502433843e-05,
HMF72P 335W,HMF72P 335W,3,15.04,2.986770465625282e-05,
EFUSOL,EFUSOL,4,15.02,2.9827986963890783e-05,
RENOVIGI SOLIS 20K LV,Renovigi / Solis / 20K-LV,1,15.02,2.9827986963890783e-05,
SOLARE DGE,SOLARE DGE,1,15.02,2.9827986963890783e-05,
INVERSOR GUA MICRO INVERSOR,Inversor: GUA; Micro Inversor:,2,15.0,2.9788269271528743e-05,
FRONUS SYMO,FRONUS SYMO,1,15.0,2.9788269271528743e-05,
5K PLUS,5K PLUS,2,15.0,2.9788269271528743e-05,
TSM 400 DE15H,TSM-400-DE15H,1,15.0,2.9788269271528743e-05,
TSM DE08M II,TSM-DE08M(II),1,15.0,2.9788269271528743e-05,
TSM 410DE15MII,TSM-410DE15MII,1,15.0,2.9788269271528743e-05,
INVERSOR FRONUIS SYMO,INVERSOR FRONUIS SYMO,1,15.0,2.9788269271528743e-05,
SOLPLANE T,SOLPLANE T,3,15.0,2.9788269271528743e-05,
SOLPANETK,SOLPANETK,1,15.0,2.9788269271528743e-05,
SOLPANET ASW20K UT G3,SOLPANET ASW20K-UT-G3,1,15.0,2.9788269271528743e-05,
KEHUATECH SPI06K,KEHUATECH SPI06K,1,15.0,2.9788269271528743e-05,
SOLPLANET 29 HUAWEI,129 - SOLPLANET / 29 - HUAWEI,1,15.0,2.9788269271528743e-05,
EGT3215X,EGT3215X,1,15.0,2.9788269271528743e-05,
BEL ENERGY BEL 15 G LV,BEL ENERGY BEL-15-G-LV,1,15.0,2.9788269271528743e-05,
BB POWER 5 00 KW SF5KTN,"BB POWER 5,00 KW SF5KTN",1,15.0,2.9788269271528743e-05,
SOLPLANRT,SOLPLANRT,1,15.0,2.9788269271528743e-05,
OCOSOLYS,OCOSOLYS,1,15.0,2.9788269271528743e-05,
YNGLI,YNGLI,1,15.0,2.9788269271528743e-05,
R6 10K S3 18 1272 R5 5K S2 15,1921 - R6-10K-S3-18;1272 - R5-5K-S2-15,1,15.0,2.9788269271528743e-05,
G7 5,2006 - G7.5,2,15.0,2.9788269271528743e-05,
455W MONO BIFACIAL,455W MONO BIFACIAL,1,15.0,2.9788269271528743e-05,
JA SOLAR HOLDINGS,JA SOLAR HOLDINGS,1,15.0,2.9788269271528743e-05,
HY M10 156H HONOR SOLAR,HY-M10-156H HONOR SOLAR,1,15.0,2.9788269271528743e-05,
RS6S M 340W,RS6S-M 340W,1,15.0,2.9788269271528743e-05,
RS3 RS3 455 460MB E3,RS3 RS3-455~460MB-E3,1,15.0,2.9788269271528743e-05,
1XRENOVIGI RENO 15K NG,1XRENOVIGI//RENO 15K-NG,1,15.0,2.9788269271528743e-05,
1XHUWAEI SUN2000 15KTL,1XHUWAEI SUN2000-15KTL-,1,15.0,2.9788269271528743e-05,
CPS SCA10KTL PSM EU 1912 CPS SCA5KTL PSM1 EU,1700 - CPS SCA10KTL-PSM/EU;1912 - CPS SCA5KTL-PSM1/EU,1,15.0,2.9788269271528743e-05,
SMA SMA SMA,SMA | SMA | SMA,1,15.0,2.9788269271528743e-05,
SIW300H M020,SIW300H M020,5,15.0,2.9788269271528743e-05,
SOLIS S5 GR1P10K DEYE SUN 5K G,SOLIS S5-GR1P10K / DEYE SUN-5K-G,1,15.0,2.9788269271528743e-05,
SOLIS RENOVIGI DEYE,SOLIS| Renovigi| Deye,1,15.0,2.9788269271528743e-05,
KENBY,KENBY,1,15.0,2.9788269271528743e-05,
SCRIBD,Scribd,1,15.0,2.9788269271528743e-05,
BELENERGY HYXIPOWER,Belenergy / HYXiPOWER,2,15.0,2.9788269271528743e-05,
ECOSOLYS CANADIAN,ECOSOLYS/CANADIAN,1,15.0,2.9788269271528743e-05,
SAJ GOODWE GOODWE,"SAJ, Goodwe, Goodwe",1,15.0,2.9788269271528743e-05,
1XHUWAEISUN2000 15KTL MO,1XHUWAEISUN2000-15KTL-MO,1,15.0,2.9788269271528743e-05,
PORTAL SOLAR,Portal Solar,1,15.0,2.9788269271528743e-05,
GOODWE0,GOODWE0,1,15.0,2.9788269271528743e-05,
GT1 7K5T2,2112 - GT1-7K5T2,2,15.0,2.9788269271528743e-05,
GT1 5K D,783 - GT1-5K-D,2,15.0,2.9788269271528743e-05,
WDCSOLAR 550W,WDCSOLAR 550W,1,15.0,2.9788269271528743e-05,
RISEN RSM144 6 340P,RISEN/RSM144-6-340P,2,15.0,2.9788269271528743e-05,
MIC3000TL X2,2063 - MIC3000TL-X2,5,15.0,2.9788269271528743e-05,
SOLIS 11 GROWATT 11 GROWATT,43 - SOLIS / 11 - GROWATT / 11 - GROWATT,1,15.0,2.9788269271528743e-05,
ECO SOLYS ECO SOLYS,ECO SOLYS ECO SOLYS,1,15.0,2.9788269271528743e-05,
CS3K 315MS,CS3K 315MS,1,15.0,2.9788269271528743e-05,
SIW400G K015 W00,2075 - SIW400G K015 W00,1,15.0,2.9788269271528743e-05,
LR5 72HPH 555MWEG,LR5-72HPH-555MWEG,1,15.0,2.9788269271528743e-05,
HOPESUN 5KTL 1547 HOPESUN 10KTL L,1203 - HOPESUN 5KTL;1547 - HOPESUN 10KTL-L,1,15.0,2.9788269271528743e-05,
SCFAR,SCFAR,1,15.0,2.9788269271528743e-05,
1XFRONIUS SYMO 15 0 3 M,1XFRONIUS//SYMO 15-0-3-M,1,15.0,2.9788269271528743e-05,
WEG HUAWEI SIW500H ST015 SUN2000,WEG/HUAWEI SIW500H-ST015(SUN2000,1,15.0,2.9788269271528743e-05,
INVERSOR SOLPKANET MICRO INVERSOR,Inversor: SOLPKANET; Micro Inversor:,1,15.0,2.9788269271528743e-05,
ASW 15K LT G2,ASW|15K-LT-G2,1,15.0,2.9788269271528743e-05,
JKM525M 72HL4 TV,JKM525M-72HL4-TV,1,15.0,2.9788269271528743e-05,
INVERSOR SOLAR ON GRID TRIFASICO,Inversor solar On Grid trifásico,1,15.0,2.9788269271528743e-05,
WEG ST015 HUAWEI,WEG ST015 Huawei,1,15.0,2.9788269271528743e-05,
14,14,15,15.0,2.9788269271528743e-05,
CPS SCA7 5KTL PSM EU,2064 - CPS SCA7.5KTL-PSM/EU,2,15.0,2.9788269271528743e-05,
CPS SCA10KTL SM EU 1452 CPS SCA5KTL SM1 EU,1224 - CPS SCA10KTL-SM/EU;1452 - CPS SCA5KTL-SM1/EU,1,15.0,2.9788269271528743e-05,
1XFRONIUS SYMO 15,1XFRONIUS//SYMO 15,1,15.0,2.9788269271528743e-05,
1X HIWAEI,1X HIWAEI,1,15.0,2.9788269271528743e-05,
PAINEL OSDA,PAINEL OSDA,3,15.0,2.9788269271528743e-05,
SOLAR FRO,SOLAR FRO,1,15.0,2.9788269271528743e-05,
BENELERGY,Benelergy,1,15.0,2.9788269271528743e-05,
SOLAR GINLONG,SOLAR GINLONG,1,15.0,2.9788269271528743e-05,
HUAWEI SUN2000 15KTL M0 WEG,HUAWEI - SUN2000-15KTL - M0 (WEG,1,15.0,2.9788269271528743e-05,
SOLAR MAX,SOLAR MAX,3,15.0,2.9788269271528743e-05,
RISEN MONO 40,RISEN MONO - 40,1,15.0,2.9788269271528743e-05,
SUN 15G03 LV,SUN-15G03-LV,1,15.0,2.9788269271528743e-05,
RENOVIGIS,RENOVIGIS,2,15.0,2.9788269271528743e-05,
SUN 10K G02P1 EU AM2 479 SUN 5K G,1777 - SUN-10K-G02P1-EU-AM2;479 - SUN-5K-G,1,15.0,2.9788269271528743e-05,
SG15RT,SG15RT,1,15.0,2.9788269271528743e-05,
DM605W M10RT B72HSW,DM605W-M10RT-B72HSW,1,15.0,2.9788269271528743e-05,
SUN2000 15KTL M0 SIW500H ST015,SUN2000-15KTL-M0/SIW500H ST015,1,15.0,2.9788269271528743e-05,
SUN2000 15KTL,SUN2000-15KTL,1,15.0,2.9788269271528743e-05,
LP182 199M72NB,LP182*199M72NB,1,15.0,2.9788269271528743e-05,
CMPALUX,CMPALUX,1,15.0,2.9788269271528743e-05,
SMA SUNNY TRIPOWER 15000TL,SMA / Sunny Tripower 15000TL,1,15.0,2.9788269271528743e-05,
SMA SUNNY BOY 4 0,SMA SUNNY BOY 4.0,4,15.0,2.9788269271528743e-05,
GROWAT T MIN5000TL X,GROWAT T/ MIN5000TL-X,2,15.0,2.9788269271528743e-05,
15 SIW 500H ST015,15	SIW 500H-ST015,1,15.0,2.9788269271528743e-05,
SUN2000 75K LC0,SUN2000-75K-LC0,2,15.0,2.9788269271528743e-05,
APSYSTEM QS1A BR 220,APSYSTEM - QS1A-BR-220,2,15.0,2.9788269271528743e-05,
ESPHSC 550M,ESPHSC 550M,1,15.0,2.9788269271528743e-05,
SUN 5K G04,1637 - SUN-5K-G04,3,15.0,2.9788269271528743e-05,
ESPC390,ESPC390,1,15.0,2.9788269271528743e-05,
SUN2000 5KTL L1 1896 SUN2000 10KTL LCO,1439 - SUN2000-5KTL-L1;1896 - SUN2000-10KTL-LCO,1,15.0,2.9788269271528743e-05,
HYPONTECH HOPEWIND,HYPONTECH / HOPEWIND,1,15.0,2.9788269271528743e-05,
B B POWER SF5KTN,B&B POWER - SF5KTN,1,15.0,2.9788269271528743e-05,
HUWAEI SUN2000 15KTL,HUWAEI SUN2000-15KTL-,1,15.0,2.9788269271528743e-05,
1XWEG SIW500H ST015,1XWEG//SIW500H ST015,1,15.0,2.9788269271528743e-05,
MAXPOWER CS6U 325P,MAXPOWER CS6U-325P,1,15.0,2.9788269271528743e-05,
1XKOMECO KOFV IN 15KW AR,1XKOMECO KOFV IN 15KW-AR,1,15.0,2.9788269271528743e-05,
1XGROWATT MID15KTL X,1XGROWATT//MID15KTL-X,1,15.0,2.9788269271528743e-05,
1XHUWAEI SUN2000L15KTL,1XHUWAEI//SUN2000L15KTL,1,15.0,2.9788269271528743e-05,
M2 2 25K S4 1390 R5 6K S2 15,1627 - M2-2.25K-S4;1390 - R5-6K-S2-15,1,15.0,2.9788269271528743e-05,
HUAWEI TECHNOLOGIES CO WEG,Huawei Technologies Co (WEG),2,15.0,2.9788269271528743e-05,
S6 GR1P5K 1343 S5 GR1P 10KW,1087 - S6 GR1P5K;1343 - S5 - GR1P 10KW,1,15.0,2.9788269271528743e-05,
HUAWEI WEG SIW500H ST015 SUN2000 15KTL M0,HUAWEI/WEG - SIW500H ST015/SUN2000-15KTL-M0,1,15.0,2.9788269271528743e-05,
HUAWEI WEG SIW500H ST015 SUN2000 15KTL,HUAWEI / WEG SIW500H ST015 (SUN2000-15KTL),1,15.0,2.9788269271528743e-05,
BEL ENERGYBEL ENERGY,BEL ENERGYBEL ENERGY,1,15.0,2.9788269271528743e-05,
GUANGHOU SANJING ELETRIC,GUANGHOU SANJING ELETRIC,1,15.0,2.9788269271528743e-05,
GOODWE 2 WEG,"1-GoodWE, 2-WEG",1,15.0,2.9788269271528743e-05,
INTERSOLAR SOUTH AMERICA,Intersolar South America,2,15.0,2.9788269271528743e-05,
2XHUWAEI SUN2000L 5KTL WEG SIW500H ST015 GOODWE,2XHUWAEI SUN2000L-5KTL(WEG SIW500H-ST015)GOODWE,1,15.0,2.9788269271528743e-05,
SUN200 7 5K LCO,SUN200-7.5K-LCO,2,15.0,2.9788269271528743e-05,
MID 15KTL3X,MID 15KTL3X,1,15.0,2.9788269271528743e-05,
RENOVIGI E DEYE,RENOVIGI E DEYE,1,15.0,2.9788269271528743e-05,
HYPONTECHHYPONTECHHYPONTECH,HYPONTECHHYPONTECHHYPONTECH,1,15.0,2.9788269271528743e-05,
SOGAR SOLAR,SOGAR SOLAR,2,15.0,2.9788269271528743e-05,
HUAWEI IND WEG,HUAWEI (Ind WEG)	,1,15.0,2.9788269271528743e-05,
GROWAA TT,GROWAA=TT,1,15.0,2.9788269271528743e-05,
GROVETT,GROVETT,1,15.0,2.9788269271528743e-05,
1XCHINT POWER CPS SCA15KTL T EU,1XCHINT POWER//CPS SCA15KTL-T/EU,1,15.0,2.9788269271528743e-05,
INVERSOR SOLIZ,INVERSOR SOLIZ,1,15.0,2.9788269271528743e-05,
15K LT G2,15K-LT-G2,1,15.0,2.9788269271528743e-05,
1908,1908,1,15.0,2.9788269271528743e-05,
GROWAT MID 15KTL3 XL,GROWAT MID 15KTL3-XL,1,15.0,2.9788269271528743e-05,
JKM 460 M 60 HL4 V,JKM 460 M - 60 HL4 - V,1,15.0,2.9788269271528743e-05,
SUNGROW 15 SAJ,4 - SUNGROW / 15 - SAJ,1,15.0,2.9788269271528743e-05,
RENOVIGI B B POWER SOLIS RENO 15K HC S5 GR3P15K,RENOVIGI/B&B Power/SOLIS - RENO-15K-HC/S5-GR3P15K,1,15.0,2.9788269271528743e-05,
MID15KTL3 XL 15KW 220,MID15KTL3-XL 15KW 220,1,15.0,2.9788269271528743e-05,
SGV SOLAR,SGV SOLAR,3,15.0,2.9788269271528743e-05,
SOFARSOLART,SOFARSOLART/,1,15.0,2.9788269271528743e-05,
SOFARSOLAR SOFAR7 5KTLM,SofarSolar SOFAR7.5KTLM,1,15.0,2.9788269271528743e-05,
SOIPTJINET,SOIPTJINET,1,15.0,2.9788269271528743e-05,
CAANDIAN,CAANDIAN,1,15.0,2.9788269271528743e-05,
KOOP,KOOP,1,15.0,2.9788269271528743e-05,
SOFARSOLAR 15000TL G2,SOFARSOLAR 15000TL-G2,1,15.0,2.9788269271528743e-05,
RENOVIGI B B POWER SOLIS SOLIS 1P10K 4G SOLIS 1P5K 4G,RENOVIGI/B&B Power/SOLIS - Solis-1P10K-4G + Solis-1P5K-4G ,1,15.0,2.9788269271528743e-05,
JINKO JKM460M 60HL4 V 460W,JINKO JKM460M-60HL4-V 460W,1,15.0,2.9788269271528743e-05,
SUNTRIO PLUS 15K,SUNTRIO PLUS 15K,1,15.0,2.9788269271528743e-05,
SUNTRIO PLUS 15 K,Suntrio Plus 15 K,1,15.0,2.9788269271528743e-05,
SHENZHEN INVT ELETRIC,SHENZHEN INVT ELETRIC,1,15.0,2.9788269271528743e-05,
CANADIANR,CanadianR,1,15.0,2.9788269271528743e-05,
KOPP KUARA 15 0 2 T,KOPP KUARA 15.0-2-T,1,15.0,2.9788269271528743e-05,
SUNOVA SUNOVA SUNOVA,SUNOVA | SUNOVA | SUNOVA,1,15.0,2.9788269271528743e-05,
GT3 15KD1,2002 - GT3-15KD1,1,15.0,2.9788269271528743e-05,
GUANGZHOU SANJING ELECTRIC R6 15K T2 32 LV,GUANGZHOU SANJING ELECTRIC R6-15K-T2-32-LV,1,15.0,2.9788269271528743e-05,
PV GRID TIED,PV GRID TIED,1,15.0,2.9788269271528743e-05,
GINLONGGINLONG,GinlongGinlong,1,15.0,2.9788269271528743e-05,
VIGI,VIGI,2,15.0,2.9788269271528743e-05,
MIN 5000TL X 1104 R6 10K S3,349 - MIN 5000TL-X;1104 - R6-10K-S3,1,15.0,2.9788269271528743e-05,
HAUWAII,HAUWAII,1,15.0,2.9788269271528743e-05,
SXXXXXXX,Sxxxxxxx,1,15.0,2.9788269271528743e-05,
SWEG,SWEG,1,15.0,2.9788269271528743e-05,
IMARS BG15KTR,iMARS BG15KTR,1,15.0,2.9788269271528743e-05,
RENOVIGE RENO 5K PLUS,RENOVIGE RENO 5K PLUS,2,15.0,2.9788269271528743e-05,
SUNWAYS 15,SunWays 15,1,15.0,2.9788269271528743e-05,
FOXESST15 G3,FOXESST15-G3,1,15.0,2.9788269271528743e-05,
FOXESSGROWATT,FOXESSGrowatt,1,15.0,2.9788269271528743e-05,
ELITE S,ELITE-S,1,15.0,2.9788269271528743e-05,
S5 GR1P10K 887 S6 GR1P5K,1140 - S5-GR1P10K;887 - S6-GR1P5K,1,15.0,2.9788269271528743e-05,
S5 GR1P10K 1535 S6 GR1P5K,1140 - S5-GR1P10K;1535 - S6-GR1P5K,1,15.0,2.9788269271528743e-05,
EES5K M1 1605 EES10K M1,1598 - EES5K-M1;1605 - EES10K-M1,1,15.0,2.9788269271528743e-05,
BEDINSOLALR,BEDINSOLALR,2,15.0,2.9788269271528743e-05,
PEP POWER RENOGIVI,PEP POWER RENOGIVI,1,15.0,2.9788269271528743e-05,
ELSYS ESM5000,ELSYS | ESM5000,3,15.0,2.9788269271528743e-05,
SPDG625 N132R12, SPDG625-N132R12,1,15.0,2.9788269271528743e-05,
JTSGH400,JTSGH400,1,15.0,2.9788269271528743e-05,
REFU DO BRASIL,Refu do Brasil,1,15.0,2.9788269271528743e-05,
MF00465,MF00465,1,15.0,2.9788269271528743e-05,
RSM150,RSM150,1,15.0,2.9788269271528743e-05,
RSM144 9 550M 550W,RSM144-9-550M 550W,1,15.0,2.9788269271528743e-05,
SOLPNAET ASW15K LT G2 PRO,SOLPNAET ASW15K-LT-G2 PRO,1,15.0,2.9788269271528743e-05,
MIK 36 5BB,400-MIK-36-5BB,1,15.0,2.9788269271528743e-05,
FORTUNETREE INTERNATIONAL CO LTD,"FORTUNETREE INTERNATIONAL CO., LTD.",3,15.0,2.9788269271528743e-05,
SUNGTROW,SUNGTROW,2,15.0,2.9788269271528743e-05,
SUNNY BOY TRIPOWER,SUNNY BOY TRIPOWER,1,15.0,2.9788269271528743e-05,
JINKI SOLAR,JINKI SOLAR,1,15.0,2.9788269271528743e-05,
IONS 15K T4 220V,2019 - IONS-15K T4-220V,1,15.0,2.9788269271528743e-05,
IONS 15K T2 AFCI,2007 - IONS-15K T2 AFCI,1,15.0,2.9788269271528743e-05,
INVT10KW INVT5KW,"INVT10KW, INVT5KW",1,15.0,2.9788269271528743e-05,
335PHK 36 335PHK 36,335PHK-36 | 335PHK-36,1,15.0,2.9788269271528743e-05,
PU595SNM101,PU595SNM101,1,15.0,2.9788269271528743e-05,
HUAIWEI,HUAIWEI,2,15.0,2.9788269271528743e-05,
LIVOTEK LIVOTEK,"LIVOTEK, LIVOTEK",1,15.0,2.9788269271528743e-05,
NINGBO GINLON,NINGBO GINLON,1,15.0,2.9788269271528743e-05,
RSM72 6 330P CS3U 360P RSM72 6 330P,RSM72-6-330P | CS3U-360P | RSM72-6-330P,1,15.0,2.9788269271528743e-05,
PS45M4H 2TH,PS45M4H-2TH,1,15.0,2.9788269271528743e-05,
PS4001H 24 TH,PS4001H-24/TH,1,15.0,2.9788269271528743e-05,
MIN 5000TL X2 1893 MIN 10000TL X2,1837 - MIN 5000TL-X2;1893 - MIN 10000TL-X2,1,15.0,2.9788269271528743e-05,
15000TL S,15000TL - S,1,15.0,2.9788269271528743e-05,
15000TL G2,15000TL-G2,1,15.0,2.9788269271528743e-05,
15000TL,175 - 15000TL,1,15.0,2.9788269271528743e-05,
ONIK,ONIK,2,15.0,2.9788269271528743e-05,
SHERNZHEN SOFARSALAR,SHERNZHEN SOFARSALAR,2,15.0,2.9788269271528743e-05,
SIW 300 M050,SIW 300 M050,3,15.0,2.9788269271528743e-05,
SIW 300 M015,SIW 300 M015,1,15.0,2.9788269271528743e-05,
SYMO 15 0 3 208 240,symo 15.0-3 208/240,1,15.0,2.9788269271528743e-05,
SYMO15,Symo15-,1,15.0,2.9788269271528743e-05,
SYMO BR 15 0 3,Symo BR 15.0.3,1,15.0,2.9788269271528743e-05,
MS 545,MS-545,1,15.0,2.9788269271528743e-05,
GFHCF,GFHCF,1,15.0,2.9788269271528743e-05,
GEP5,GEP5,3,15.0,2.9788269271528743e-05,
INTELBRASEGT 15000 MAX G2,INTELBRASEGT 15000 MAX G2,1,15.0,2.9788269271528743e-05,
SIW500H ST015 SUN 2000 15KTL M0,SIW500H ST015 (SUN 2000 - 15KTL-M0),1,15.0,2.9788269271528743e-05,
SIW500H ST015,SIW500H-ST015,1,15.0,2.9788269271528743e-05,
LEDVANCE LT 15K F5,LEDVANCE LT-15K F5,1,15.0,2.9788269271528743e-05,
INVERSOR MONOFASICO RENO RENOVOGI,inversor monofasico - reno - renovogi,1,15.0,2.9788269271528743e-05,
ZY700G12HNHB 132,ZY700G12HNHB-132,1,15.0,2.9788269271528743e-05,
CS6X 325P,CS6X 325P,1,15.0,2.9788269271528743e-05,
CS6W 555MS,CS6W-555MS,2,15.0,2.9788269271528743e-05,
CS3Y490MS,CS3Y490MS,1,15.0,2.9788269271528743e-05,
LEVOROS,LEVOROS,1,15.0,2.9788269271528743e-05,
LEVEROS PHT 15000LV,LEVEROS PHT-15000LV,1,15.0,2.9788269271528743e-05,
84 48,"84,48",1,15.0,2.9788269271528743e-05,
TECHNOLOGY,Technology,2,15.0,2.9788269271528743e-05,
RENERGY,Renergy,1,15.0,2.9788269271528743e-05,
MIN3000TL X,MIN3000TL-X,5,15.0,2.9788269271528743e-05,
INVERSOR FOTOVOLTAICO ON GRID MONOFASICO,Inversor Fotovoltaico On-Grid Monofásico,1,15.0,2.9788269271528743e-05,
R5 15K T2,1245 - R5-15K-T2,1,15.0,2.9788269271528743e-05,
MOSO SF5KTL,MOSO SF5KTL,3,15.0,2.9788269271528743e-05,
SMA STP15000TL 30,SMA STP15000TL-30,1,15.0,2.9788269271528743e-05,
HPT SOLAR,HPT SOLAR,1,15.0,2.9788269271528743e-05,
SOFAR 197 256 KSTAR SOLAR,SOFAR /197 / 256 - KSTAR SOLAR,1,15.0,2.9788269271528743e-05,
CELGROWATT,CELGROWATT,1,15.0,2.9788269271528743e-05,
SIW200G M090 W1 1775 SIW200G M060 W1,1854 - SIW200G M090 W1;1775 - SIW200G M060 W1,1,15.0,2.9788269271528743e-05,
3P15K 4G,3P15K-4G,1,15.0,2.9788269271528743e-05,
SIW500H ST015 SUN2000 15KTL M0,SIW500H-ST015 (SUN2000-15KTL-M0),1,15.0,2.9788269271528743e-05,
ZNSHINE 450M,ZNSHINE-450M,1,15.0,2.9788269271528743e-05,
MONO PERC RISEN 450 HALF CELL,MONO PERC RISEN 450 HALF-CELL,1,15.0,2.9788269271528743e-05,
MONO 144 CELULAS 550W,MONO 144 CELULAS 550W,1,15.0,2.9788269271528743e-05,
FRONIUS RENOVIGI B B POWER SOLIS GROWATT,FRONIUS + RENOVIGI/B&B Power/SOLIS + GROWATT,1,15.0,2.9788269271528743e-05,
TSM DE17 II 455W,TSM-DE17(II)-455W,1,15.0,2.9788269271528743e-05,
TSM DE15M 410W,TSM-DE15M-410W,1,15.0,2.9788269271528743e-05,
HACH,HACH,2,15.0,2.9788269271528743e-05,
R5 5K S2 15 1104 R6 10K S3,1272 - R5-5K-S2-15;1104 - R6-10K-S3,1,15.0,2.9788269271528743e-05,
MODULOS DAH,MODULOS DAH,3,15.0,2.9788269271528743e-05,
SIW300H M075 W00,2101 - SIW300H M075 W00,2,15.0,2.9788269271528743e-05,
SIW400G T015 W1,2113 - SIW400G T015 W1,1,15.0,2.9788269271528743e-05,
SMA SOLAR TECNOLOGY AG,SMA Solar Tecnology AG,3,15.0,2.9788269271528743e-05,
SOF AR SOL A R,Sof ar Sol a r,1,15.0,2.9788269271528743e-05,
INTELBRAS5,intelbras5,1,15.0,2.9788269271528743e-05,
SL370TU 36MD,SL370TU-36MD,1,15.0,2.9788269271528743e-05,
GREWATT,GREWATT,3,15.0,2.9788269271528743e-05,
PHB7500 MS,1901 - PHB7500-MS,2,15.0,2.9788269271528743e-05,
SOLISSUNGROW,SOLISSUNGROW,1,15.0,2.9788269271528743e-05,
ODA380 36M,ODA380-36M,1,15.0,2.9788269271528743e-05,
ODA380 36 M,ODA380-36-M,1,15.0,2.9788269271528743e-05,
NXN 460 120M 46,nxn 460 120m 46,1,15.0,2.9788269271528743e-05,
FRONIUS DEYE GROWATT,FRONIUS + DEYE + GROWATT,1,15.0,2.9788269271528743e-05,
FRONIUES,FRONIUES,1,15.0,2.9788269271528743e-05,
6X DEYE 1X TSUNESS,6X)DEYE/(1X)TSUNESS,1,15.0,2.9788269271528743e-05,
LEVEROS HPT 1500LV 220V,LEVEROS HPT- 1500LV-220V,1,15.0,2.9788269271528743e-05,
WEGBENERGY,WEGBENERGY,1,15.0,2.9788269271528743e-05,
NOS G,NÓS G,2,15.0,2.9788269271528743e-05,
GROWATT FRONIUS PRIMO,GROWATT FRONIUS PRIMO,2,15.0,2.9788269271528743e-05,
REFUONE REFU,REFUone - REFU,2,15.0,2.9788269271528743e-05,
EES10K M1 1674 EES5K M1,1715 - EES10K-M1;1674 - EES5K-M1,1,14.99,2.9768410425347727e-05,
BEL ENERGYSOLIS BEL ENERGY,BEL ENERGYSOLIS / BEL ENERGY,1,14.98,2.974855157916671e-05,
REONVIGI,REONVIGI,1,14.96,2.970883388680467e-05,
SMA SB3 0,SMA SB3.0-,5,14.92,2.9629398502080595e-05,
OMNIK SOL,OMNIK SOL,3,14.92,2.9629398502080595e-05,
MAXEON SOLAR,MAXEON SOLAR,2,14.91,2.960953965589957e-05,
SUN 2000L 5KTL,291 - SUN 2000L-5KTL,3,14.9,2.9589680809718555e-05,
INSTELBRAS,INSTELBRAS,3,14.9,2.9589680809718555e-05,
JAH SOLAR,JAH SOLAR,2,14.9,2.9589680809718555e-05,
COG20KTL,COG20KTL,1,14.88,2.9549963117356515e-05,
7K 2T,237 - 7K-2T,2,14.870000000000001,2.95301042711755e-05,
UP SOLAR,UP SOLAR,5,14.86,2.9510245424994476e-05,
H U A W E I,H U A W E I,1,14.85,2.949038657881346e-05,
WATTSUP SUNWAYS,WattsUp/Sunways,3,14.85,2.949038657881346e-05,
SOFR 5KTLM G3,SOFR 5KTLM-G3,2,14.85,2.949038657881346e-05,
T SUN POWER,T-SUN POWER,2,14.82,2.94308100402704e-05,
AISWEI NEW ENERGY TECHNOLOGY SHANGHAI CO LTD,"AISWEI New Energy Technology (Shanghai) Co.,Ltd",1,14.82,2.94308100402704e-05,
PHB6048 ES 1708 PHB8800D WS,1985 - PHB6048-ES;1708 - PHB8800D-WS,1,14.8,2.9391092347908367e-05,
LIVOLTEK E HOYMILES,LIVOLTEK E HOYMILES,2,14.8,2.9391092347908367e-05,
HOTMYLES,Hotmyles,2,14.8,2.9391092347908367e-05,
SOFAX,SOFAX,3,14.8,2.9391092347908367e-05,
PHB6000D WS 1708 PHB8800D WS,1635 - PHB6000D-WS;1708 - PHB8800D-WS,1,14.8,2.9391092347908367e-05,
RENO RENO 5K PLUS,RENO / RENO-5K-PLUS,3,14.76,2.9311656963184287e-05,
SOFARSOLAR SOLAR,SOFARSOLAR SOLAR,1,14.76,2.9311656963184287e-05,
1XGROWATT MID15KTL3 X,1XGROWATT//MID15KTL3-X,1,14.76,2.9311656963184287e-05,
SAJ 95 RENOVIGI,108 - SAJ 95 - RENOVIGI,1,14.75,2.929179811700327e-05,
CENTRAL 15 000W,Central 15.000W,1,14.74,2.9271939270822247e-05,
SUNGOW SG5K S,SUNGOW SG5K-S.,1,14.72,2.923222157846021e-05,
EGT 3000 LITE G2,1357 - EGT 3000 LITE G2,5,14.72,2.923222157846021e-05,
WEG HUAWEI SIW500H ST015 SUN2000 15KTL M0,WEG/HUAWEI-SIW500H-ST015/SUN2000-15KTL-M0,1,14.72,2.923222157846021e-05,
GROWATTT GROWATTT,GROWATTT| / GROWATTT,1,14.72,2.923222157846021e-05,
30 00,"30,00",2,14.719999999999999,2.9232221578460208e-05,
TECHNICAL DATA,TECHNICAL DATA,3,14.71,2.9212362732279188e-05,
RENAAC,RENAAC,3,14.7,2.919250388609817e-05,
ELETTRONICA SANTERNO,ELETTRONICA SANTERNO,1,14.7,2.919250388609817e-05,
LEASOLAR,Leasolar,2,14.7,2.919250388609817e-05,
UNO DM 5 0,UNO DM 5.0,3,14.690000000000001,2.9172645039917155e-05,
7 5 KTLM G3 BR,"7,5 KTLM-G3-BR",2,14.65,2.9093209655193076e-05,
WRG,WRG,3,14.65,2.9093209655193076e-05,
DEYE SOLIS SOLIS,deye | SOLIS | solis,1,14.64,2.907335080901206e-05,
SOLIS TSUNESS TSUNESS,"SOLIS, TSUNESS, TSUNESS",1,14.63,2.905349196283104e-05,
SMA SB 5000TL 21,SMA SB 5000TL-21,3,14.620000000000001,2.903363311665002e-05,
INVERSOR 5000W SOLAR FOTOVOLTAICO,Inversor 5000w Solar Fotovoltaico,3,14.620000000000001,2.903363311665002e-05,
DAR SOLAR,DAR SOLAR,3,14.6,2.8993915424287976e-05,
SOL PLANET ASW7300 S,SOL PLANET ASW7300-S,2,14.6,2.8993915424287976e-05,
SIW500H ST018 SUN2000 17KTL,siw500h st018(sun2000 17ktl),1,14.6,2.8993915424287976e-05,
INTELBRAS 1 UNIDADE SOLIS 1 UNIDADE,INTELBRAS (1 unidade) + SOLIS (1 unidade),1,14.6,2.8993915424287976e-05,
ENERGEASY,ENERGEASY,3,14.6,2.8993915424287976e-05,
SOLIS SOLIS SOLIS FRONIUS,Solis Solis Solis Fronius,1,14.58,2.8954197731925943e-05,
2 FRONIUS 3 HOYMILES,(2) FRONIUS / (3) Hoymiles,1,14.58,2.8954197731925943e-05,
CSI 3K S22002 ED,718 - CSI-3K-S22002-ED,5,14.55,2.8894621193382887e-05,
MINASOL SOLAR,MINASOL SOLAR,3,14.54,2.8874762347201864e-05,
WEG HUAWEI SIW300H M050 L1 SUN2000 5KTL L1,WEG/HUAWEI SIW300H-M050-L1/SUN2000-5KTL-L1,1,14.53,2.8854903501020848e-05,
TSMDE15 410W,TSMDE15-410W,1,14.52,2.8835044654839824e-05,
INGECONSUN 5 TL M,IngeconSun 5 TL M/,2,14.52,2.8835044654839824e-05,
ES GT10K V2,ES GT10K V2,1,14.52,2.8835044654839824e-05,
SOLPALENT,SOLPALENT,2,14.52,2.8835044654839824e-05,
GR SOLAR,GR SOLAR,3,14.51,2.8815185808658804e-05,
JA SOLAR BRASIL LTDA,118 - JA SOLAR BRASIL LTDA,2,14.5,2.8795326962477788e-05,
NYPONTECH,NYPONTECH,2,14.5,2.8795326962477788e-05,
MIN 10000TL X2 1627 M2 2 25K S4,1893 - MIN 10000TL-X2;1627 - M2-2.25K-S4,1,14.5,2.8795326962477788e-05,
GW6000 DNS B30 1444 GW8500 MS 30,1539 - GW6000-DNS-B30;1444 - GW8500-MS-30,1,14.5,2.8795326962477788e-05,
GOOWDE GW6000 DNS G3,GOOWDE GW6000-DNS G3,1,14.5,2.8795326962477788e-05,
PGB SOLAR,PGB SOLAR,2,14.5,2.8795326962477788e-05,
ELSY,Elsy,2,14.5,2.8795326962477788e-05,
PHONO SOLAR 550 W,PHONO SOLAR - 550 W,1,14.5,2.8795326962477788e-05,
SAY,SAY,2,14.5,2.8795326962477788e-05,
S6 GR1P7K2 1929 S6 GR1P7 5K2,1546 - S6-GR1P7K2;1929 - S6-GR1P7.5K2,1,14.5,2.8795326962477788e-05,
ALTENERGY,ALTENERGY,5,14.5,2.8795326962477788e-05,
JAM72S30540 MR,JAM72S30540/MR,1,14.5,2.8795326962477788e-05,
LEVEROS HYPONDECH,LEVEROS- HYPONDECH,1,14.5,2.8795326962477788e-05,
1 GROWATT 2 DEYE,1 GROwatt / 2 DEYE,2,14.5,2.8795326962477788e-05,
HUAWEI DEYE DEYE,HUAWEI + DEYE + DEYE,1,14.5,2.8795326962477788e-05,
HUAWEI E 64 DEYE,29 - HUAWEI E 64 - DEYE,1,14.5,2.8795326962477788e-05,
HOYMILES GOODWE SAJ GOODWE,"HOYMILES,GOODWE,SAJ,GOODWE",1,14.5,2.8795326962477788e-05,
LED SOLAR,LED SOLAR,2,14.5,2.8795326962477788e-05,
SAJSOLAR,SAJSOLAR,3,14.48,2.8755609270115748e-05,
NEP BYD,NEP/BYD,1,14.46,2.8715891577753715e-05,
B B SF5000TL,B&B SF5000TL,3,14.45,2.8696032731572692e-05,
R5 5K T2,956 - R5-5K-T2,3,14.42,2.8636456193029636e-05,
PBH ELETRONICA LTDA,PBH ELETRONICA LTDA,3,14.42,2.8636456193029636e-05,
CPS SCA10KTL PSM EU 1510 CPS SCA6KTL PSM1 EU,1504 - CPS SCA10KTL-PSM/EU;1510 - CPS SCA6KTL-PSM1/EU,1,14.4,2.8596738500667596e-05,
DEYE SUN KEHUA,DEYE SUN/ KEHUA,1,14.4,2.8596738500667596e-05,
MI 1200 MI 1200 MI 1200,Mi-1200/Mi-1200/Mi-1200,1,14.4,2.8596738500667596e-05,
GROWATT GODWE DEYE,"Growatt, Godwe, Deye",1,14.4,2.8596738500667596e-05,
14 40,"14,40",1,14.4,2.8596738500667596e-05,
1600,1600,1,14.4,2.8596738500667596e-05,
APSYSTEMIS,APSYSTEMIS,4,14.4,2.8596738500667596e-05,
21 07 2021,21/07/2021,1,14.4,2.8596738500667596e-05,
AC 440MH 144S,AC-440MH/144S,2,14.4,2.8596738500667596e-05,
GROWATT RENOVIGI INTELBRAS,GROWATT RENOVIGI INTELBRAS,1,14.4,2.8596738500667596e-05,
ZHEJIANG,ZHEJIANG,8,14.399999999999999,2.8596738500667596e-05,
SOFARQ,sofarq,2,14.379999999999999,2.8557020808305553e-05,
BEDIMSOLAR,BEDIMSOLAR,2,14.36,2.851730311594352e-05,
FORTLEV SOLAR,FORTLEV SOLAR,3,14.36,2.851730311594352e-05,
006508 2022,006508/2022,3,14.36,2.851730311594352e-05,
TSOL MP2250,1520 - TSOL-MP2250,3,14.32,2.8437867731219444e-05,
XANTREX,Xantrex ,3,14.32,2.8437867731219444e-05,
HOYMILES SOFAR SOLAR,HOYMILES/ SOFAR SOLAR,2,14.3,2.8398150038857405e-05,
OUROLUX 70092,OUROLUX 70092,1,14.3,2.8398150038857405e-05,
GROWZTT,GROWZTT,1,14.3,2.8398150038857405e-05,
PHB9300 MS PHB9300 MS,PHB9300-MS	/PHB9300-MS	,1,14.3,2.8398150038857405e-05,
WATT NEW ENERGY,WATT NEW ENERGY,1,14.3,2.8398150038857405e-05,
CR2 MAXX ENERGIA SOLAR,CR2 Maxx Energia Solar,2,14.3,2.8398150038857405e-05,
FRONIUS PRIMO 6 0 1 SUNGROW SG8K3 D,FRONIUS - PRIMO 6.0-1 / SUNGROW - SG8K3-D,1,14.3,2.8398150038857405e-05,
SUN 1300 G2,SUN 1300 G2,1,14.3,2.8398150038857405e-05,
3P 50A,3P 50A,1,14.3,2.8398150038857405e-05,
3KTM G2,3KTM-G2,5,14.3,2.8398150038857405e-05,
ESPHSC550W,ESPHSC550W,1,14.3,2.8398150038857405e-05,
ABB UNO SOFAR,ABB Uno / SOFAR,1,14.3,2.8398150038857405e-05,
TSM DE17M II C,TSM-DE17M (II) c,1,14.3,2.8398150038857405e-05,
TSM DE 15M 405W,TSM-DE 15M 405W,2,14.3,2.8398150038857405e-05,
SOLAR ONGRID INVERSOR,Solar Ongrid Inversor,3,14.29,2.837829119267638e-05,
3000MTL S,6 - 3000MTL-S,5,14.280000000000001,2.835843234649537e-05,
BRASIL SOLAR,BRASIL SOLAR,2,14.28,2.8358432346495365e-05,
WEG HUAWEI SIW 500H ST015 M2 SUN2000 15KTL M2,WEG/HUAWEI - SIW 500H ST015 M2/ SUN2000-15KTL-M2,1,14.28,2.8358432346495365e-05,
TSMDE08MII,TSMDE08MII,1,14.25,2.829885580795231e-05,
2 X SOFAR 1 DEYE,2 X SOFAR + 1 DEYE,1,14.25,2.829885580795231e-05,
F5000 G2,F5000-G2,3,14.239999999999998,2.8278996961771285e-05,
PRIMOS,PRIMOS,2,14.2,2.8199561577047213e-05,
FRONIUS 106 SOLIS,87 - FRONIUS 106 - SOLIS,1,14.2,2.8199561577047213e-05,
KUMAX CS3U 360P,KuMax CS3U-360P,1,14.2,2.8199561577047213e-05,
CANADIAR,canadiar,1,14.2,2.8199561577047213e-05,
ELGN,ELGN,3,14.2,2.8199561577047213e-05,
EA3KSI,314 - EA3KSI,5,14.2,2.8199561577047213e-05,
INVERSOR FRONIUS PRIMOS HUAWEI,INVERSOR FRONIUS PRIMOS / HUAWEI,1,14.2,2.8199561577047213e-05,
PRONIUS,pronius,2,14.2,2.8199561577047213e-05,
KEHUA E FRONIUS,KEHUA E FRONIUS,1,14.19,2.8179702730866193e-05,
TSM DE15H TSM DE15H TSM DE15H TSM DE15H,TSM-DE15H | TSM-DE15H | TSM-DE15H | TSM-DE15H,1,14.17,2.8139985038504153e-05,
SOIIS,SOIIS,2,14.16,2.8120126192323137e-05,
FOXXES T15 G3,FOXXES T15-G3,1,14.16,2.8120126192323137e-05,
NINGBO OSDA SOLAR CO LTD,"NINGBO OSDA SOLAR CO., LTD",4,14.149999999999999,2.8100267346142114e-05,
HUAMEI,HUAMEI,2,14.12,2.8040690807599057e-05,
DEYESUN 8K G,DEYESUN-8K-G,2,14.11,2.802083196141804e-05,
APSYSTEM MICRO,APSYSTEM (MICRO),3,14.1,2.800097311523702e-05,
DHM 72X10 FS 555W,DHM-72X10/FS-555W,2,14.1,2.800097311523702e-05,
FRONIUS 129 SOLPLANET,FRONIUS / 129 - SOLPLANET,1,14.1,2.800097311523702e-05,
SUN1300G,SUN1300G,5,14.1,2.800097311523702e-05,
PLANET,PLANET,2,14.1,2.800097311523702e-05,
BEL ENERGYWEG,BEL ENERGYWEG,1,14.09,2.7981114269056e-05,
HUAWEI WEG SUN2000 20KTL M0 SIW500H ST020M0,HUAWEI/WEG SUN2000-20KTL- M0/ SIW500H ST020M0,1,14.08,2.796125542287498e-05,
TRINA SOALR,TRINA SOALR,2,14.08,2.796125542287498e-05,
SUN 3 6K G,669 - SUN-3.6K-G,4,14.07,2.7941396576693965e-05,
GT1 3K S, GT1-3K-S,5,14.07,2.7941396576693965e-05,
1XKSG,1XKSG,1,14.06,2.792153773051295e-05,
BEDINSOLAR BS 4K G,BEDINSOLAR/BS-4K-G,4,14.05,2.7901678884331925e-05,
PHB3000 SS,PHB3000-SS,5,14.05,2.7901678884331925e-05,
FOESS,FOESS,1,14.04,2.7881820038150902e-05,
8000 MTL S,8000 MTL-S,2,14.030000000000001,2.7861961191969892e-05,
11XDEY,11XDEY,1,14.03,2.7861961191969885e-05,
TSM DE18M II 500W,TSM-DE18M(II) - 500W,2,14.0,2.780238465342683e-05,
GROWATT MIN SAJ,GROWATT MIN/SAJ,1,14.0,2.780238465342683e-05,
FRONIUS DO BRASIL COMERCIO INDUSTRIA E SERVICO LTDA 29 SOLIS,"5 - FRONIUS DO BRASIL COMÉRCIO, INDUSTRIA E SERVIÇO LTDA/29 - SOLIS",1,14.0,2.780238465342683e-05,
6000TL X 8000MTL S,6000TL-X/8000MTL-S,1,14.0,2.780238465342683e-05,
INTELB,intelb,2,14.0,2.780238465342683e-05,
INVERSOR ONGRID MONOFASICO,INVERSOR ONGRID MONOFASICO,2,14.0,2.780238465342683e-05,
X000D BELENERGY BELENERGY,_x000D_ BELENERGY / BELENERGY,1,14.0,2.780238465342683e-05,
52,52,2,14.0,2.780238465342683e-05,
00DEYE,00DEYE,4,14.0,2.780238465342683e-05,
YC500,yc500,4,14.0,2.780238465342683e-05,
ZXM7 SHLD144 555W,ZXM7-SHLD144/555W,1,14.0,2.780238465342683e-05,
INVERSOR MICRO INVERSOR TSUNES,Inversor: ; Micro Inversor: TSUNES,2,14.0,2.780238465342683e-05,
ZHEJIANG BENYI NEW ENERGY CO,ZHEJIANG BENYI NEW ENERGY CO,14,14.0,2.780238465342683e-05,
GROWATTBELENERGY,GROWATTBelEnergy,1,14.0,2.780238465342683e-05,
GROWATT8000MTL S,GROWATT8000MTL-S,2,14.0,2.780238465342683e-05,
GROWATT E 121 DEYE,97 - GROWATT e 121 - DEYE,1,14.0,2.780238465342683e-05,
GW7000 MS C30,1949 - GW7000-MS-C30,2,14.0,2.780238465342683e-05,
FRONIUS BRASIL SUNGROW POWER SUPLY,FRONIUS BRASIL - SUNGROW POWER SUPLY,1,14.0,2.780238465342683e-05,
GW7000 MS 30,1642 - GW7000-MS-30,2,14.0,2.780238465342683e-05,
R5 8K S2 15 1656 R5 6K S2 15,1056 - R5-8K-S2-15;1656 - R5-6K-S2-15,1,14.0,2.780238465342683e-05,
GE GEP7 0 1 10,GE GEP7.0-1-10,2,14.0,2.780238465342683e-05,
JAM72D30,JAM72D30,1,14.0,2.780238465342683e-05,
JAP72S03 335 SC,JAP72S03-335-SC,2,14.0,2.780238465342683e-05,
HALF CELL 560W TS560S8B 144,half-Cell 560W TS560S8B-144,1,14.0,2.780238465342683e-05,
RENOVIGI B B POWER SOLIS DEYE,RENOVIGI/B&B Power/SOLIS + DEYE,1,14.0,2.780238465342683e-05,
VERYS,VERYS,1,14.0,2.780238465342683e-05,
JING FU YUAN TECH,Jing Fu Yuan Tech,2,14.0,2.780238465342683e-05,
REFUSOL BELENERGY PHB MODELO,REFUSOL / BELENERGY / PHB; Modelo,1,14.0,2.780238465342683e-05,
80 00,"80,00",1,14.0,2.780238465342683e-05,
R5 6K S2 15 1056 R5 8K S2 15,1390 - R5-6K-S2-15;1056 - R5-8K-S2-15,1,14.0,2.780238465342683e-05,
APSYSYSTEMS,APSYSYSTEMS,4,14.0,2.780238465342683e-05,
MICRO HOYMILES E INTELBRAS,Micro Hoymiles e Intelbras,1,14.0,2.780238465342683e-05,
INVERSOR FOX SOLAR MICRO INVERSOR,Inversor: FOX SOLAR; Micro Inversor:,2,14.0,2.780238465342683e-05,
SOALR MAXX TECH,SOALR MAXX TECH,1,14.0,2.780238465342683e-05,
SOFAR SOLAR SOFAR SOLAR WEG,SOFAR SOLAR | SOFAR SOLAR | WEG,1,14.0,2.780238465342683e-05,
SG8 0RS 1101 SG6 0RS,1121 - SG8.0RS;1101 - SG6.0RS,1,14.0,2.780238465342683e-05,
BELENERGY POWE,Belenergy Powe,1,14.0,2.780238465342683e-05,
ASW6000 S G2 1286 ASW8000 S,1375 - ASW6000-S-G2;1286 - ASW8000-S,1,14.0,2.780238465342683e-05,
GOODWE E 16 KSTAR,60 - GOODWE E 16 - KSTAR,1,14.0,2.780238465342683e-05,
AUXSOL E 202 NANSEN SOLAR,198 - AUXSOL e 202 - NANSEN SOLAR,1,14.0,2.780238465342683e-05,
RENOVIGISOLIS,RENOVIGISOLIS,1,14.0,2.780238465342683e-05,
SUN2000G3US220,SUN2000G3US220,2,14.0,2.780238465342683e-05,
F6000 G2 2009 G8,1840 - F6000-G2;2009 - G8,1,14.0,2.780238465342683e-05,
JKM 530M 72HL4 TV,JKM 530M 72HL4 -TV,1,14.0,2.780238465342683e-05,
APSYETEM,APSYETEM,3,14.0,2.780238465342683e-05,
PRIMO PRIMO,PRIMO PRIMO,2,14.0,2.780238465342683e-05,
EMPALEX,EMPALEX,1,14.0,2.780238465342683e-05,
EMPALUX PHB,EMPALUX / PHB,1,14.0,2.780238465342683e-05,
RENOVIGI B B POWER SOLIS RENO 5K PLUS RENO 4K PLUS,Renovigi / B&B POWER / SOLIS / RENO-5k PLUS + RENO-4k PLUS,1,14.0,2.780238465342683e-05,
SUNWAYS 1 SUNWAYS 2,SUNWAYS(1)  SUNWAYS(2),1,14.0,2.780238465342683e-05,
ABB SUNGROW WEG,ABB/SUNGROW/WEG,1,14.0,2.780238465342683e-05,
MIN 6000TL X 808 MIN8000TL X E,368 - MIN 6000TL-X;808 - MIN8000TL-X(E),1,14.0,2.780238465342683e-05,
TECHO POWER,TECHO POWER,1,14.0,2.780238465342683e-05,
GEP7 0 1 10,GEP7.0-1-10,2,14.0,2.780238465342683e-05,
HY M10 144H 570WDEYE,HY-M10/144H-570WDEYE,2,14.0,2.780238465342683e-05,
ASW8000 S 1375 ASW6000 S G2,1286 - ASW8000-S;1375 - ASW6000-S-G2,1,14.0,2.780238465342683e-05,
GRGROWATT,GRGROWATT,2,14.0,2.780238465342683e-05,
MFVSU MO 144 410W,MFVSU-MO-144-410W,2,14.0,2.780238465342683e-05,
SERRANA TOURIGA 7000 26 Z,SERRANA TOURIGA 7000 26 Z,2,14.0,2.780238465342683e-05,
S5 GR1P7K,S5-GR1P7K,2,14.0,2.780238465342683e-05,
SOLIS GROWATT NEP,"SOLIS, GROWATT, NEP",1,14.0,2.780238465342683e-05,
GROWAII,GROWAII,4,14.0,2.780238465342683e-05,
KEHUA TECH GROWATT,"Kehua Tech, Growatt",1,14.0,2.780238465342683e-05,
BENYI NEW ENERGY,BENYI NEW ENERGY,1,14.0,2.780238465342683e-05,
WEGMOD,wegmod,3,14.0,2.780238465342683e-05,
DAH SOLAR CO LTD,DAH SOLAR CO LTD,1,14.0,2.780238465342683e-05,
WEGSIW200G M90 W0,WEGSIW200G M90 W0,1,14.0,2.780238465342683e-05,
CSI7K S22002 ED,CSI7K-S22002-ED,1,14.0,2.780238465342683e-05,
LR4,LR4-,2,14.0,2.780238465342683e-05,
EACH ENERGYEACH ENERGY,EACH ENERGYEACH ENERGY,2,14.0,2.780238465342683e-05,
GROWATTV,GROWATTV,3,14.0,2.780238465342683e-05,
HUAWEI STRING WEG,Huawei / String - WEG,1,14.0,2.780238465342683e-05,
BELENERGY BEL2000G3 US 220V,BELENERGY BEL2000G3 – US - 220V,2,14.0,2.780238465342683e-05,
SAJ GROWATT MIN8000TL X E,SAJ/GROWATT MIN8000TL-X(E),1,14.0,2.780238465342683e-05,
DEYESUNGROW,DeyeSUNGROW,1,14.0,2.780238465342683e-05,
SG6 0RS 1121 SG8 0RS,1101 - SG6.0RS;1121 - SG8.0RS,1,14.0,2.780238465342683e-05,
SG6 0RS SG8 0RS,"SG6.0RS, SG8.0RS",1,14.0,2.780238465342683e-05,
SG6 0RS 1626 SG8 0RS L,1101 - SG6.0RS;1626 - SG8.0RS-L,1,14.0,2.780238465342683e-05,
SOL PLANET ASW 6000 S,SOL PLANET+ ASW 6000-S,1,14.0,2.780238465342683e-05,
GROWA TT,GROWA TT,2,14.0,2.780238465342683e-05,
1 INVERSOR SOLIS 2 MICROINVERSOR HOYMILES,1 INVERSOR SOLIS 2 MICROINVERSOR HOYMILES,1,14.0,2.780238465342683e-05,
10WCHINT,10WCHINT,1,14.0,2.780238465342683e-05,
SIW200G M060 WO 966 SIW200G M080 W0,854 - SIW200G - M060 WO;966 - SIW200G M080 W0,1,14.0,2.780238465342683e-05,
CHINT POWER HYPONTECH,"CHINT POWER, HYPONTECH",1,14.0,2.780238465342683e-05,
SIW200G M070 WO,873 - SIW200G M070 WO,1,14.0,2.780238465342683e-05,
HOYMILESDEYE,HOYMILESDEYE,1,13.99,2.778252580724581e-05,
DEYE GROWATT BELENERGY,DEYE/  GROWATT / BELENERGY,1,13.98,2.7762666961064793e-05,
STS 5KTL,1074 - STS-5KTL,3,13.96,2.7722949268702753e-05,
B B POWER ST5000TL,B&B Power / ST5000TL,3,13.96,2.7722949268702753e-05,
GINLONGSOLIS,GinlongSolis,3,13.95,2.770309042252173e-05,
IGPLUS,IGPLUS,4,13.95,2.770309042252173e-05,
BELENERGY BEL3K G,BELENERGY / BEL3K-G,5,13.92,2.7643513883978674e-05,
INTELBRAS FRONIUS ELSYS,INTELBRAS/FRONIUS/ELSYS,1,13.9,2.7603796191616638e-05,
INTELBRAS WEG EGT12033X 3 3KW SIW300H M060 6KW,"INTELBRAS + WEG*EGT12033X -3,3kW + SIW300H-M060- 6kW ",1,13.9,2.7603796191616638e-05,
SAJ FOXESS,SAJ/FOXESS,1,13.9,2.7603796191616638e-05,
ECORI ENEGIA,ecori enegia,1,13.87,2.7544219653073578e-05,
BLUE SOL,BLUE SOL,3,13.850000000000001,2.750450196071155e-05,
SUN 8K G 622 SIW300H M060 L1,490 - SUN-8K-G;622 - SIW300H M060 L1,1,13.85,2.7504501960711542e-05,
BELENERGY ON GRID,BELENERGY ON GRID,3,13.85,2.7504501960711542e-05,
HOPE SUN,HOPE SUN,2,13.85,2.7504501960711542e-05,
ZHEJIANG ERA SOLAR TECHNOLOGY CO LTD,"Zhejiang ERA Solar Technology Co., Ltd.",3,13.85,2.7504501960711542e-05,
SERRANA TOURIGA 5000,SERRANA TOURIGA 5000,2,13.84,2.7484643114530525e-05,
MFVOS MO 144 410W,MFVOS-MO-144-410W,4,13.84,2.7484643114530525e-05,
BELENER,BELENER,5,13.83,2.7464784268349502e-05,
BEDINSOLAR BS 3K G,BEDINSOLAR BS-3K-G,5,13.82,2.7444925422168486e-05,
SOLA EDGE,SOLA EDGE,1,13.8,2.740520772980645e-05,
INTTELBRAS,INTTELBRAS,3,13.8,2.740520772980645e-05,
REN AC,REN AC,2,13.8,2.740520772980645e-05,
DEYEKOMECO,deyeKOMECO,1,13.8,2.740520772980645e-05,
BEL ENERGY BEL2000G3 US 220,Bel energy/ BEL2000G3-US-220,2,13.8,2.740520772980645e-05,
INTEBRAS EGT 12046X,Intebras EGT 12046X,1,13.8,2.740520772980645e-05,
SOLARESGE,SOLARESGE,2,13.8,2.740520772980645e-05,
REFOLSOL 36 TRINA SOLAR 16,REFOLSOL (36) / TRINA SOLAR (16),1,13.76,2.732577234508237e-05,
DEYE SUN 62 SAJ,63 - DEYE SUN / 62 - SAJ,2,13.76,2.732577234508237e-05,
GRAVATT,GRAVATT,1,13.75,2.7305913498901353e-05,
EACHY ENERGY,EACHY ENERGY,1,13.75,2.7305913498901353e-05,
SUN 8K G E SUN 5K G,SUN-8K-G E SUN-5K-G,1,13.75,2.7305913498901353e-05,
8000MTL MIN 6000,8000MTL   MIN 6000,1,13.7,2.7206619267996254e-05,
CERTIFICADO INTERNACIONAL,CERTIFICADO INTERNACIONAL,2,13.7,2.7206619267996254e-05,
SIW300H M040 L1,SIW300H – M040 L1,3,13.7,2.7206619267996254e-05,
SMA SB3 0 1AV 41,SMA / SB3.0-1AV-41,3,13.7,2.7206619267996254e-05,
RENOVIGI BB POWER MOSO FRONIUS,RENOVIGI / BB POWER / MOSO FRONIUS,1,13.7,2.7206619267996254e-05,
SUN72 370W,SUN72-370W,1,13.69,2.7186760421815234e-05,
GROWATT E LIVOLTEK,GROWATT E LIVOLTEK,2,13.69,2.7186760421815234e-05,
ASW10000 S 1338 ASW5000 S G2,1341 - ASW10000-S;1338 - ASW5000-S-G2,1,13.68,2.7166901575634214e-05,
BELENERGY BEL5KG,Belenergy/Bel5KG,3,13.68,2.7166901575634214e-05,
LR4 72HBD 445M,LR4-72HBD-445M,3,13.67,2.7147042729453198e-05,
GROWATTMID20000TL3 X,GROWATTMID20000TL3-x,1,13.65,2.7107325037091158e-05,
INVT BG15KTR,INVT - BG15KTR,1,13.64,2.7087466190910142e-05,
UAWEI SUN,uawei Sun,1,13.64,2.7087466190910142e-05,
FOX ESS SERIE G8,FOX ESS SÉRIE G8,2,13.6,2.7008030806186062e-05,
GROWATTMIN5000TL X,GROWATTMIN5000TL-X,3,13.6,2.7008030806186062e-05,
INTELBRASQ,intelbrasq,2,13.6,2.7008030806186062e-05,
JKM340PP,JKM340PP,1,13.6,2.7008030806186062e-05,
HOYMIL ES,Hoymil es  ,2,13.6,2.7008030806186062e-05,
HOYMILS,HOYMILS,5,13.6,2.7008030806186062e-05,
SUNTRIO PLUS 17K,SunTrio Plus 17K,1,13.6,2.7008030806186062e-05,
SMA E WEG HUAWEI,SMA e WEG/HUAWEI,1,13.6,2.7008030806186062e-05,
INVERSOR GRWOATT MICRO INVERSOR,Inversor: GRWOATT; Micro Inversor:,2,13.6,2.7008030806186062e-05,
BELENERGY BE 8K G,BELENERGY / BE-8K-G,2,13.59,2.6988171960005046e-05,
SOLIS DEYE SUN,"Solis, Deye Sun",1,13.56,2.6928595421461986e-05,
SOFARSOLAR BRASIL LTDA,SOFARSOLAR BRASIL LTDA,5,13.54,2.6888877729099947e-05,
WEG HUAWEI E GOODWE,Weg / Huawei e Goodwe,1,13.5,2.6809442344375874e-05,
MINVDE MO 220 2 25KW,"MINVDE-MO-220-2,25KW",1,13.5,2.6809442344375874e-05,
APSYSTEMAS,Apsystemas,5,13.5,2.6809442344375874e-05,
WEG GOODWE GOODWE,WEG (GOODWE) / GOODWE,1,13.5,2.6809442344375874e-05,
SIW200G M075 W1 1775 SIW200G M060 W1,1969 - SIW200G M075 W1;1775 - SIW200G M060 W1,1,13.5,2.6809442344375874e-05,
GOOD W,GOOD W,1,13.5,2.6809442344375874e-05,
EGT 2 250 MICRO,1977 - EGT 2.250 MICRO,2,13.5,2.6809442344375874e-05,
AP SYSTEMS MICROINVERSOR,AP SYSTEMS - MICROINVERSOR,1,13.5,2.6809442344375874e-05,
25K 2T 13 5KW,"445 - 25K-2T (13,5KW)",1,13.5,2.6809442344375874e-05,
SOFAS SOLAR,SOFAS SOLAR,1,13.5,2.6809442344375874e-05,
BVK ENERGIA,bvk energia,3,13.5,2.6809442344375874e-05,
2XHUWAEI SUN2000 5KTL,2XHUWAEI SUN2000-5KTL,1,13.5,2.6809442344375874e-05,
DHN 66Z16 DG610WDEYE,DHN-66Z16-DG610WDEYE,2,13.5,2.6809442344375874e-05,
JKM530M 7TL4 V,JKM530M-7TL4-V,1,13.5,2.6809442344375874e-05,
KEHUA TECH SOFAR SOLAR,KEHUA TECH  SOFAR SOLAR,1,13.5,2.6809442344375874e-05,
S6 GC60K LV,S6-GC60K-LV,1,13.5,2.6809442344375874e-05,
VERTYS REN,VERTYS/REN,1,13.5,2.6809442344375874e-05,
HUAWEI WEG GOODWE WEG,Huawei (WEG) / GoodWe (WEG)	,1,13.5,2.6809442344375874e-05,
TECHINICAL DATA,TECHINICAL DATA,2,13.5,2.6809442344375874e-05,
COPYRIGHT 2020 SHENZHEN SOFARSOLAR CO LTD,"Copyright © 2020 Shenzhen SOFARSOLAR Co., Ltd",1,13.5,2.6809442344375874e-05,
PHB SOLAR BYD,PHB Solar / BYD,1,13.5,2.6809442344375874e-05,
UNITECH,UNITECH,2,13.5,2.6809442344375874e-05,
DEYE INVERTER INTELBRAS,DEYE INVERTER INTELBRAS,1,13.5,2.6809442344375874e-05,
WEG GOODWE WEG HAUWEI,WEG (GOODWE) WEG (HAUWEI),1,13.5,2.6809442344375874e-05,
INVERSOR SOLAR REFUSOOL,inversor solar refusool,1,13.5,2.6809442344375874e-05,
TP7F60M 440W,TP7F60M-440W,1,13.5,2.6809442344375874e-05,
WEG GOODWE SIW200 M085,WEG + GOODWE*SIW200 M085,1,13.5,2.6809442344375874e-05,
10 5 3,"10,5/3",1,13.5,2.6809442344375874e-05,
7 5KTLM G3 BR 946 6KTLM G3,"1846 - 7,5KTLM-G3-BR;946 - 6KTLM-G3",1,13.5,2.6809442344375874e-05,
JKM550M 72HL4,JKM550M-72HL4,1,13.5,2.6809442344375874e-05,
PHBA,PHBA/,1,13.5,2.6809442344375874e-05,
SIW200G M060 W1 1969 SIW200G M075 W1,1875 - SIW200G-M060 W1;1969 - SIW200G M075 W1,1,13.5,2.6809442344375874e-05,
SIW200G M105 W1 2001 SIW300 M030 W00,1822 - SIW200G M105 W1;2001 - SIW300 M030 W00,1,13.5,2.6809442344375874e-05,
SIW200G M105 E SIW300H M030,SIW200G M105 e SIW300H – M030,1,13.5,2.6809442344375874e-05,
SOFAR SOLAR E HOYMILES,SOFAR SOLAR E HOYMILES,1,13.5,2.6809442344375874e-05,
SOFARSOLAR BEDINSOLAR,SOFARSOLAR; BEDINSOLAR,1,13.5,2.6809442344375874e-05,
AP SYSTEN,AP Systen,3,13.5,2.6809442344375874e-05,
SIW200G M105 W0 1173 SIW200G M030 W0,1028 - SIW200G M105 W0;1173 - SIW200G M030 W0,1,13.5,2.6809442344375874e-05,
G SERIES,G SERIES,2,13.45,2.6710148113470775e-05,
EYE SUN,EYE SUN,1,13.44,2.669028926728976e-05,
ASW 24,ASW 24,1,13.44,2.669028926728976e-05,
PHB3000D NS,"PHB3000D-NS,",3,13.43,2.6670430421108735e-05,
CPS SCA6KTL SM1 EU 1139 CPS SCA8KTL SM EU,1453 - CPS SCA6KTL-SM1/EU;1139 - CPS SCA8KTL-SM/EU,1,13.42,2.665057157492772e-05,
JAM72S10 400 PR,JAM72S10-400/PR,2,13.4,2.661085388256568e-05,
BELENERGYHOYMILES,BelEnergyHOYMILES,1,13.4,2.661085388256568e-05,
SUNCROW,SUNCROW,3,13.4,2.661085388256568e-05,
REFUELETRONIK,REFUELETRONIK,2,13.4,2.661085388256568e-05,
LP182 M 78 MH 590W,LP182-M-78-MH (590W),1,13.4,2.661085388256568e-05,
INVERSOR INTEL MICRO INVERSOR,Inversor: INTEL; Micro Inversor:,2,13.4,2.661085388256568e-05,
HUPONTECH,HUPONTECH,2,13.4,2.661085388256568e-05,
HUIAWEI,HUIAWEI,2,13.4,2.661085388256568e-05,
SAJMOD,sajmod,4,13.399999999999999,2.661085388256568e-05,
JT335PAG 1500 335W,JT335PAg (1500) 335W,3,13.399999999999999,2.661085388256568e-05,
SERRANA OMNIK,SERRANA / OMNIK,2,13.379999999999999,2.657113619020364e-05,
PRODUCT HOLDER CERTIFICATION SOLUTIONS LTDA ME,Product Holder Certification Solutions Ltda-ME,3,13.370000000000001,2.6551277344022626e-05,
GT1 6KDS,GT1-6KDS,2,13.36,2.6531418497841603e-05,
PHB5000 NS,PHB5000-NS,3,13.36,2.6531418497841603e-05,
RENOVIGI B B POWER SOLIS SOLIS 1P7K 5G 1P8K 4G,RENOVIGI/B&B Power/SOLIS - Solis-1P7K-5G + 1P8K-4G,1,13.34,2.6491700805479563e-05,
SOLAR GRID,SOLAR GRID,2,13.34,2.6491700805479563e-05,
CPS SCA16 18KTL T1 SA,1392 - CPS SCA16/18KTL-T1/SA,1,13.32,2.645198311311753e-05,
AU8K1P,AU8K1P,2,13.32,2.645198311311753e-05,
E,E,3,13.31,2.6432124266936507e-05,
BEL EMERGY,BEL EMERGY,3,13.309999999999999,2.6432124266936507e-05,
HOYMILES E FRONIUS,HOYMILES E FRONIUS,2,13.3,2.641226542075549e-05,
SUNGROW GROWATT NEW ENERGY GROWATT,SUNGROW / GROWATT NEW ENERGY GROWATT,1,13.3,2.641226542075549e-05,
GOODWE POWER DEYE INVERTER,GOODWE POWER // DEYE INVERTER,1,13.3,2.641226542075549e-05,
SG5K D 201 SG8K3 D,66 - SG5K-D;201 - SG8K3-D,1,13.3,2.641226542075549e-05,
NOME,#NOME?,2,13.28,2.637254772839345e-05,
1XRENOVIGI RENO 15K,1XRENOVIGI//RENO-15K,1,13.26,2.6332830036031408e-05,
ELGIN EMPALUX,ELGIN|EMPALUX,1,13.26,2.6332830036031408e-05,
APSYSTEM QS1 BR,APSYSTEM QS1 BR,3,13.2,2.6213676958945295e-05,
DEEP BLUE MONO HALF CELL,DEEP BLUE MONO HALF CELL,1,13.2,2.6213676958945295e-05,
SOLAR GWROWATT,SOLAR GWROWATT|,1,13.2,2.6213676958945295e-05,
INVERSORES STRING NEO SOLAR,INVERSORES STRING - NEO SOLAR,1,13.2,2.6213676958945295e-05,
SUN2000 12KTL,SUN2000-12KTL (,1,13.2,2.6213676958945295e-05,
FRONIUS SOLAR SOFAR SOLAR,FRONIUS SOLAR/ SOFAR SOLAR,1,13.2,2.6213676958945295e-05,
AJA IMPORTACAO INDUSTRIA E COMERCIO EIRELI,AJA IMPORTAÇÃO INDUSTRIA E COMERCIO EIRELI,3,13.2,2.6213676958945295e-05,
ENERGY POWER,ENERGY POWER,2,13.2,2.6213676958945295e-05,
SOLAR POWER SPE 15K,SOLAR POWER - SPE 15K,1,13.2,2.6213676958945295e-05,
FRONUS INTERNATIONAL,Fronus International,2,13.2,2.6213676958945295e-05,
SANTERO,SANTERO,3,13.2,2.6213676958945295e-05,
HELTE SOFAR FRONIUS,HELTE SOFAR FRONIUS,1,13.2,2.6213676958945295e-05,
APSYESTM,APSYESTM,1,13.2,2.6213676958945295e-05,
HTTPS WWWGINV ERTERCOM,https://wwwginv ertercom/,1,13.2,2.6213676958945295e-05,
FRONIUS DEYE REFUSOL,FRONIUS + DEYE + REFUSOL,1,13.2,2.6213676958945295e-05,
JAM 72D30 540 MB,JAM 72D30 - 540 MB,1,13.2,2.6213676958945295e-05,
CS3W 415,CS3W-415,2,13.2,2.6213676958945295e-05,
APSYSREMS,APSYSREMS,4,13.17,2.615410042040224e-05,
PS405M1 24 TH,PS405M1-24/TH,3,13.17,2.615410042040224e-05,
DHM72X10 545,DHM72x10-545,1,13.08,2.5975370804773067e-05,
TSUN BYD,TSUN | BYD,1,13.07,2.5955511958592048e-05,
BESIN,BESIN,2,13.04,2.5895935420048985e-05,
G00DWE,G00DWE,2,13.04,2.5895935420048985e-05,
KSG 12K LV,KSG-12K-LV,1,13.04,2.5895935420048985e-05,
OMNIKSOL 5K TL2,OMNIKSOL 5K-TL2,3,13.02,2.585621772768695e-05,
SUN 2000G3 US 220,SUN 2000G3 - US- 220,5,13.01,2.5836358881505935e-05,
ELECTRIC CO,Electric Co.,1,13.01,2.5836358881505935e-05,
SF 5KTN SF 3KTN,SF 5KTN /SF 3KTN,1,13.0,2.5816500035324912e-05,
RENO 5KPLUS RENO 8K,RENO 5KPLUS RENO 8K,1,13.0,2.5816500035324912e-05,
10XCR2 MAXX,10XCR2 MAXX,1,13.0,2.5816500035324912e-05,
SOLIS 97 GROWATT,106 - SOLIS 97 - GROWATT,1,13.0,2.5816500035324912e-05,
INVERSOR MONOFASICO INVERSOR MONOFASICO,Inversor Monofásico / Inversor Monofásico,2,13.0,2.5816500035324912e-05,
SOLIS DEYE BELENERGY,SOLIS/DEYE/BELENERGY,1,13.0,2.5816500035324912e-05,
SOLARSYS,Solarsys,3,13.0,2.5816500035324912e-05,
NANSEN TSUN,NANSEN TSUN,1,13.0,2.5816500035324912e-05,
PHB5000D NS 1768 PHB3000N XS,2106 - PHB5000D-NS;1768 - PHB3000N-XS,1,13.0,2.5816500035324912e-05,
GROWATTMIN 5000TL X MIN 8000MTL S,GROWATTMIN 5000TL-X MIN 8000MTL-S,1,13.0,2.5816500035324912e-05,
R6 10K S3 18 1496 R5 3K S2 15,1821 - R6-10K-S3-18;1496 - R5-3K-S2-15,1,13.0,2.5816500035324912e-05,
CRA MAXX,CRA MAXX,1,13.0,2.5816500035324912e-05,
CS3W 430P,CS3W-430P,1,13.0,2.5816500035324912e-05,
LONGI LR5,LONGI|LR5-,2,13.0,2.5816500035324912e-05,
NVDBE MO 220V 5KW 832 BEL 4K G,844 - NVDBE-MO-220V-5KW;832 - BEL-4K-G,1,13.0,2.5816500035324912e-05,
JNG SOLAR,JNG SOLAR,2,13.0,2.5816500035324912e-05,
CHINTPOWER CHINTPOWER,"CHINTPOWER, CHINTPOWER",1,13.0,2.5816500035324912e-05,
HT72 18X 550W,HT72-18X-550W,2,13.0,2.5816500035324912e-05,
ASW3000 S G2 1341 ASW10000 S,1271 - ASW3000-S-G2;1341 - ASW10000-S,1,13.0,2.5816500035324912e-05,
HIHYPONTECH,HIHYPONTECH,2,13.0,2.5816500035324912e-05,
BELENERGYGROWATT,BELENERGYGROWATT,2,13.0,2.5816500035324912e-05,
LEVEREOS,LEVEREOS,1,13.0,2.5816500035324912e-05,
AUXSOLMOD,AUXSOLMOD,3,13.0,2.5816500035324912e-05,
JKM545M 72HL4,JKM545M-72HL4,2,13.0,2.5816500035324912e-05,
SUNERGY SUNOVA,SUNERGY / SUNOVA,1,13.0,2.5816500035324912e-05,
JKM470N 60HL4,JKM470N-60HL4,2,13.0,2.5816500035324912e-05,
R5 5K S2 15 1056 R5 8K S2 15,1468 - R5-5K-S2-15;1056 - R5-8K-S2-15,1,13.0,2.5816500035324912e-05,
DROWATT,DROWATT,2,13.0,2.5816500035324912e-05,
BELENERGY SUN,BELENERGY; SUN,2,13.0,2.5816500035324912e-05,
B B POWER KRIPT SOLAR,B&B POWER KRIPT SOLAR,1,13.0,2.5816500035324912e-05,
RENOVIGI MOSO B B POWER SOLIS,Renovigi / MOSO / B&B POWER / SOLIS,1,13.0,2.5816500035324912e-05,
WEGGOODWE,WEGGOODWE,2,13.0,2.5816500035324912e-05,
JKM470N 60HL4 V,JKM470N-60HL4-V,2,13.0,2.5816500035324912e-05,
DEYYE,DEYYE,2,13.0,2.5816500035324912e-05,
SUN2000G3 US 220 MIN6000TL X MIC3000TL X MIC2000TL X,SUN2000G3-US-220 / MIN6000TL-X / MIC3000TL-X / MIC2000TL-X,1,13.0,2.5816500035324912e-05,
500W,500W,1,13.0,2.5816500035324912e-05,
CSI CANDIAN SOLAR,CSI Candian Solar,1,13.0,2.5816500035324912e-05,
SOLPLANER,SOLPLANER,2,13.0,2.5816500035324912e-05,
GROWATT 102 WEG,97 - GROWATT 102 - WEG,1,13.0,2.5816500035324912e-05,
NET,NET,2,13.0,2.5816500035324912e-05,
2XRENOVIGI RENO 5K PLUS,2XRENOVIGI//RENO 5K PLUS/,1,13.0,2.5816500035324912e-05,
INVERSOR TRINA MICRO INVERSOR,Inversor: TRINA; Micro Inversor:,2,13.0,2.5816500035324912e-05,
2X HUAWEI SUN2000L 5KTL WEG SIW300H M050 E,2x HUAWEI / SUN2000L-5KTL (WEG SIW300H M050) e,1,13.0,2.5816500035324912e-05,
SOFARSOALR,SOFARSOALR,2,13.0,2.5816500035324912e-05,
OMNIK OMNIKSOL 5K TL2,OMNIK OMNIKSOL-5K-TL2,2,13.0,2.5816500035324912e-05,
SAJ LIVOLTEK GOODWE,SAJ/LIVOLTEK/GOODWE,1,13.0,2.5816500035324912e-05,
WEG GOODWE SIW200 M100 GW 10000 MS,WEG/ GOODWE / SIW200 M100/ GW 10000-MS,2,13.0,2.5816500035324912e-05,
DEYESOLIS BELENERGY,DeyeSOLIS (BELENERGY),1,13.0,2.5816500035324912e-05,
LIVOLTEK KSTAR,LIVOLTEK / KSTAR,1,13.0,2.5816500035324912e-05,
SIW200G M060 W0 SIW200G M070 W0,SIW200G M060 W0 / SIW200G M070 W0,1,13.0,2.5816500035324912e-05,
APSYSTEMS GOODWE,APSYSTEMS + GOODWE,1,13.0,2.5816500035324912e-05,
ENERGIA SOLAR,Energia Solar,1,13.0,2.5816500035324912e-05,
SOLAR ENERGY DO B,SOLAR ENERGY DO B,1,13.0,2.5816500035324912e-05,
EES10K M1 1832 EES3K M1,1715 - EES10K-M1;1832 - EES3K-M1,1,13.0,2.5816500035324912e-05,
450 MGK 36,450 MGK-36,1,13.0,2.5816500035324912e-05,
HAUWAY,HAUWAY,2,13.0,2.5816500035324912e-05,
NHS SITEMAS ELETRONICOS,NHS SITEMAS ELETRONICOS,2,13.0,2.5816500035324912e-05,
HUPONTCH HPS 6500D,HUPONTCH HPS-6500D,2,13.0,2.5816500035324912e-05,
B B SF500TL E B B SF300TL,B&B SF500TL e B&B SF300TL,1,13.0,2.5816500035324912e-05,
HYPOM TECH,HYPOM TECH,1,13.0,2.5816500035324912e-05,
ENERGY ON,Energy on,2,13.0,2.5816500035324912e-05,
SUNGRROW,SUNGRROW,1,13.0,2.5816500035324912e-05,
COSOLYS,COSOLYS,4,13.0,2.5816500035324912e-05,
PHB CHINT,PHB+CHINT,1,13.0,2.5816500035324912e-05,
DEYE FRONIUS 2X SUN 5K G 1X PRIMO 3 0 1,DEYE + FRONIUS*(2x)SUN-5K-G +(1x)PRIMO 3.0-1,1,13.0,2.5816500035324912e-05,
GROLWATT,Grolwatt,2,13.0,2.5816500035324912e-05,
STORAGE INVERTER,Storage Inverter	,2,13.0,2.5816500035324912e-05,
SERRANO,SERRANO,1,13.0,2.5816500035324912e-05,
KEHUA RENOVIGI,KEHUA | RENOVIGI,1,13.0,2.5816500035324912e-05,
ONIK NEW ENERGY,Onik New Energy,1,13.0,2.5816500035324912e-05,
1 PBH SOLAR PHB3000N XS 2 PBH SOLAR PHB5000T DS,1 PBH SOLAR (PHB3000N-XS) / 2 PBH SOLAR (PHB5000T-DS),1,13.0,2.5816500035324912e-05,
APSYSTENS APSYSTENS APSYSTENS APSYSTENS,Apsystens | Apsystens | Apsystens | Apsystens,1,13.0,2.5816500035324912e-05,
GROWATT 97 GROWATT 108 SAJ,97 - GROWATT 97 - GROWATT 108 - SAJ,1,13.0,2.5816500035324912e-05,
HUAWEI 97 GROWATT,124 - HUAWEI / 97 - GROWATT,1,13.0,2.5816500035324912e-05,
DEYE SUN GROWATT,DEYE SUN/ GROWATT,1,13.0,2.5816500035324912e-05,
GRIOWATT,GRIOWATT,1,13.0,2.5816500035324912e-05,
CHT POWER CHT POWER,CHT POWER CHT POWER,1,13.0,2.5816500035324912e-05,
SOLPLANETC,SOLPLANETc,2,13.0,2.5816500035324912e-05,
MINASOL IMS 6500,MINASOL IMS 6500,1,13.0,2.5816500035324912e-05,
SB3,SB3,2,12.98,2.5776782342962876e-05,
INTELBRAS E DEYE,Intelbras e Deye,3,12.969999999999999,2.5756923496781856e-05,
BELENERGY PLUS BEL 5K G,BELENERGY PLUS BEL-5K-G,3,12.96,2.5737064650600836e-05,
RENO MICRO,RENO MICRO,1,12.96,2.5737064650600836e-05,
CSI 15KTL GI LFL,CSI-15KTL-GI-LFL,1,12.96,2.5737064650600836e-05,
SMA SUNNY POWER,SMA Sunny Power,1,12.96,2.5737064650600836e-05,
1XKSG KSG DM15KW,1XKSG//KSG-DM15KW,1,12.92,2.5657629265876757e-05,
2XGROWATT 1XMIN5000TL 1XMIN8000MTL S,2XGROWATT//1XMIN5000TL/1XMIN8000MTL-S,1,12.92,2.5657629265876757e-05,
APSYSTEMS INTELBRAS,APSYSTEMS / INTELBRAS,2,12.9,2.5617911573514724e-05,
LP210 210 M 66 MH 665W,LP210*210-M-66-MH-665W,1,12.9,2.5617911573514724e-05,
KOMERO,KOMERO					,2,12.9,2.5617911573514724e-05,
EDC,EDC,2,12.89,2.5598052727333704e-05,
JINKO SOLAR CO LT,JINKO SOLAR CO. LT.,1,12.88,2.5578193881152684e-05,
HYPONTEH,HYPONTEH,1,12.88,2.5578193881152684e-05,
GROWATTJKM460M 60HL4 V,GROWATTJKM460M-60HL4-V,1,12.88,2.5578193881152684e-05,
INVERSOR SUNGROWN MICRO INVERSOR,Inversor: SUNGROWN; Micro Inversor:,2,12.879999999999999,2.5578193881152684e-05,
ECOSOLSYS,ECOSOLSYS,7,12.870000000000001,2.5558335034971664e-05,
ENPHASEENPHASE,ENPHASEENPHASE,1,12.87,2.555833503497166e-05,
ELGINV,ELGINV,1,12.87,2.555833503497166e-05,
CPS SCA8KTL SM EU 1453 CPS SCA6KTL SM1 EU,1139 - CPS SCA8KTL-SM/EU;1453 - CPS SCA6KTL-SM1/EU,1,12.81,2.5439181957885552e-05,
1 GROWATT 1 DEYE,(1) GROWATT + (1) DEYE,1,12.8,2.5419323111704535e-05,
MICROINVERTER,MICROINVERTER,2,12.8,2.5419323111704535e-05,
KOFV FR 400 AR,KOFV FR 400-AR,3,12.8,2.5419323111704535e-05,
ANGZHOU SANJING,angzhou Sanjing,1,12.8,2.5419323111704535e-05,
BYD400MIK 36,BYD400MIK-36,3,12.8,2.5419323111704535e-05,
AE550HM6L 72,AE550HM6L-72,2,12.8,2.5419323111704535e-05,
HMS 2000,HMS-2000,2,12.8,2.5419323111704535e-05,
INTLBRAS,INTLBRAS,3,12.799999999999999,2.541932311170453e-05,
EPHASE,EPHASE,3,12.780000000000001,2.5379605419342496e-05,
HOYMILES 62 SAJ,28 - HOYMILES/62 - SAJ,1,12.76,2.5339887726980452e-05,
FRONIUS HOYMILES HOYMILES,FRONIUS | HOYMILES | HOYMILES,1,12.76,2.5339887726980452e-05,
335PHK 36 POLICRISTALINO 144 CEL,335PHK-36 POLICRISTALINO 144 CEL,1,12.73,2.5280311188437396e-05,
GROWATT GROWATT SAJ,GROWATT GROWATT SAJ,1,12.73,2.5280311188437396e-05,
RENOIGI,RENOIGI,2,12.72,2.526045234225638e-05,
R6 10K S3 1770 R6 8K S3,1104 - R6-10K-S3;1770 - R6-8K-S3,1,12.71,2.5240593496075357e-05,
RENO 5K PLUS 915 RENO 7 7K,384 - RENO-5K-PLUS;915 - RENO-7.7K,1,12.7,2.522073464989434e-05,
FRONIUS 47 INTELBRAS,FRONIUS / 47 - INTELBRAS,1,12.7,2.522073464989434e-05,
GINVERTER,ginverter,2,12.7,2.522073464989434e-05,
FRONIUS DEYE DEYE,FRONIUS / DEYE / DEYE,1,12.7,2.522073464989434e-05,
INVERSOR SOLPLANETE MICRO INVERSOR,Inversor: SOLPLANETE; Micro Inversor:,2,12.69,2.5200875803713317e-05,
SOLAR SINE ENERGY,SOLAR SINE ENERGY,2,12.68,2.51810169575323e-05,
SUN 3K G BEL 3K G,SUN-3K-G / BEL-3K-G,4,12.68,2.51810169575323e-05,
INVERSOR HUA MICRO INVERSOR,Inversor: HUA; Micro Inversor:,2,12.66,2.514129926517026e-05,
B B POWER SF3000TL,B&B Power / SF3000TL,3,12.65,2.512144041898924e-05,
BE ENERGY,BE ENERGY,2,12.629999999999999,2.50817227266272e-05,
JAM72D30 545 MB,JAM72D30-545/MB,2,12.620000000000001,2.5061863880446185e-05,
APSYSTEM5,APSYSTEM5,3,12.600000000000001,2.5022146188084152e-05,
HOYMILLES HMS 1800 4T,HOYMILLES HMS-1800-4T,2,12.600000000000001,2.5022146188084152e-05,
DEYE 97 GROWATT,121 - DEYE 97 - GROWATT,1,12.6,2.5022146188084145e-05,
SUNUNO PLUS 6K M,SUNUNO PLUS 6K-M,2,12.6,2.5022146188084145e-05,
APSYSTENS APSYSTENS,Apsystens | Apsystens,3,12.6,2.5022146188084145e-05,
CANADINA SOLAR,CANADINA SOLAR,3,12.6,2.5022146188084145e-05,
PHB9300 MS 1836 PHB3300 XS,1682 - PHB9300-MS;1836 - PHB3300-XS,1,12.6,2.5022146188084145e-05,
OMNIK ENERGY,OMNIK ENERGY,2,12.6,2.5022146188084145e-05,
KHEUA,KHEUA,2,12.58,2.4982428495722112e-05,
SOLA X,SOLA X,3,12.58,2.4982428495722112e-05,
EACH ENERGY EES6K M1,EACH ENERGY EES6K-M1,3,12.58,2.4982428495722112e-05,
EAST 5KTLM G2,EAST 5KTLM-G2,3,12.56,2.4942710803360072e-05,
SARRANA,SARRANA,2,12.55,2.4922851957179053e-05,
HIPONTECH HPS 6500D,HIPONTECH HPS-6500D,2,12.55,2.4922851957179053e-05,
AECONVERSION GMBH CO KG,AEconversion GmbH & Co.KG,14,12.55,2.4922851957179053e-05,
INVERSOR SOLAR REFULSOL,INVERSOR SOLAR REFULSOL,2,12.5,2.4823557726273957e-05,
1XFRONIUS SYMO 12 5 3 M,1XFRONIUS//SYMO 12.5-3-M,1,12.5,2.4823557726273957e-05,
LR4 72HBD 440M,LR4-72HBD-440M,1,12.5,2.4823557726273957e-05,
MFVRI MO 150 500W,MFVRI-MO-150-500W,1,12.5,2.4823557726273957e-05,
FROMIUS 12 5,FROMIUS 12.5,1,12.5,2.4823557726273957e-05,
PVI 12 5 TL OUTD,PVI 12.5-TL-OUTD,1,12.5,2.4823557726273957e-05,
FR,FR,1,12.5,2.4823557726273957e-05,
BELENERGY 1P7K 5G,BELENERGY 1P7K-5G,2,12.5,2.4823557726273957e-05,
FRONIOUS SYMO,FRONIOUS SYMO,1,12.5,2.4823557726273957e-05,
GROWATT E FOXESS,Growatt e Foxess,1,12.5,2.4823557726273957e-05,
1XFRONIUS SYMO,1XFRONIUS SYMO,1,12.5,2.4823557726273957e-05,
REFU ELEKTRO NIK,REFU ELEKTRO NIK,2,12.5,2.4823557726273957e-05,
WEGV,WEGV,3,12.5,2.4823557726273957e-05,
LONGI RISEN,LONGI | RISEN,1,12.5,2.4823557726273957e-05,
SUN M225G4 EU Q0 1167 S5 GR1P8K,1669 - SUN-M225G4-EU-Q0;1167 - S5-GR1P8K,1,12.5,2.4823557726273957e-05,
SOFAR SOLAR 29 SOLIS,26 - SOFAR SOLAR/29 - SOLIS,1,12.5,2.4823557726273957e-05,
SUN2000G3 US 220 1727 SUN M225G4 EU Q0,1525 - SUN2000G3-US-220;1727 - SUN-M225G4-EU-Q0,1,12.5,2.4823557726273957e-05,
KLEVENTA,Kleventa,1,12.5,2.4823557726273957e-05,
HONOR RISEN,HONOR | RISEN,1,12.5,2.4823557726273957e-05,
5KTLM G2 7 5KTLM,5Ktlm-G2/7.5Ktlm,1,12.5,2.4823557726273957e-05,
INVERSOR FOFAR SOLAR,inversor fofar solar,2,12.5,2.4823557726273957e-05,
SOFAT,SOFAT,2,12.5,2.4823557726273957e-05,
SHENZHEN KSTAR 1 GROWATT 2,Shenzhen kstar (1) /Growatt (2),1,12.5,2.4823557726273957e-05,
WEG S A SOFAR SOLAR,WEG S.A. - SOFAR SOLAR,1,12.5,2.4823557726273957e-05,
INVERSOR FRONIUS MICRO INVERSOR DEYE,Inversor: FRONIUS; Micro Inversor: DEYE,1,12.5,2.4823557726273957e-05,
MIC 2500TL X 705 MIN10000TL X,504 - MIC 2500TL-X;705 - MIN10000TL-X,1,12.5,2.4823557726273957e-05,
REFU ELEKTRONICK,Refu Elektronick,2,12.5,2.4823557726273957e-05,
VERTYS ERA SOLAR,VERTYS/ERA SOLAR,2,12.5,2.4823557726273957e-05,
SHENZHEN SOFARSOLAR CO 5KTL G2 E SHENZHEN,Shenzhen SOFARSOLAR Co - 5KTL-G2 e Shenzhen,1,12.5,2.4823557726273957e-05,
REFUSONE,REFUSONE,2,12.5,2.4823557726273957e-05,
12500,12500,1,12.5,2.4823557726273957e-05,
DEYE 34 SOFAR,64 - DEYE / 34 - SOFAR,1,12.5,2.4823557726273957e-05,
SHEZEN SOFAR SOLIS,SHEZEN SOFAR / SOLIS,1,12.5,2.4823557726273957e-05,
SYMO12 5,"SYMO12,5",1,12.5,2.4823557726273957e-05,
CIASOLAR WDSOLAR,CiaSolar WDSolar,1,12.5,2.4823557726273957e-05,
JKM410M 72H MBB BDVP,Jkm410m-72h-Mbb-Bdvp,1,12.5,2.4823557726273957e-05,
335PHK,335PHK,1,12.5,2.4823557726273957e-05,
SHENZHEN SOFARSOLAR CO 5KTL G2 E,Shenzhen SOFARSOLAR Co - 5KTL-G2 e,1,12.5,2.4823557726273957e-05,
RSM72 6 330PC,RSM72-6-330Pc,1,12.5,2.4823557726273957e-05,
BOFAR,BOFAR,1,12.5,2.4823557726273957e-05,
LEAPTHON,LEAPTHON,1,12.5,2.4823557726273957e-05,
SOFARUA SOLAR,SOFARUA SOLAR,2,12.49,2.480369888009294e-05,
BELENERGY BEL 5K,BELENERGY / BEL-5K,2,12.49,2.480369888009294e-05,
QUALITY QS545 144HM8,QUALITY QS545-144HM8,2,12.45,2.4724263495368857e-05,
BEYENERGY,BeyEnergy,4,12.45,2.4724263495368857e-05,
SOLARDEGE,SOLARDEGE,2,12.44,2.4704404649187838e-05,
GOODDWE,GOODDWE,2,12.44,2.4704404649187838e-05,
X1 SMT 8K G2,1910 - X1-SMT-8K-G2,2,12.43,2.4684545803006818e-05,
JKM440M6TL4 V,JKM440M6TL4-V,2,12.4,2.462496926446376e-05,
WPV 550 HMM3,WPV 550 HMM3,3,12.4,2.462496926446376e-05,
SOLAR XPOWER,Solar XPower,2,12.4,2.462496926446376e-05,
D E YE,D E YE,3,12.4,2.462496926446376e-05,
HOYMELIS,Hoymelis,4,12.4,2.462496926446376e-05,
TSM DE15M II 410,TSM-DE15M (II) 410,2,12.4,2.462496926446376e-05,
FABRICANTE 1 FRONIUS FABRICANTE 2 GROWATT,FABRICANTE 1 Fronius FABRICANTE 2 GROWATT,1,12.36,2.454553387973969e-05,
MICRO INVERSOR RENO,Micro inversor Reno,2,12.36,2.454553387973969e-05,
BEL ENERGY ENERGIA SOLAR,BEL ENERGY ENERGIA SOLAR,2,12.350000000000001,2.452567503355867e-05,
ENPHASE E NEP,ENPHASE E NEP,1,12.35,2.4525675033558666e-05,
GRAWATT MIN 8000TL X,GRAWATT - MIN 8000TL-X,2,12.32,2.4466098495015613e-05,
HOYMILEO,HOYMILEO,2,12.32,2.4466098495015613e-05,
SOLIS FOXESS,SOLIS+FOXESS,1,12.3,2.4426380802653573e-05,
WEG SOLPLANET,WEG / SOLPLANET,1,12.3,2.4426380802653573e-05,
SUNGROW POWER SUPPLY CO DEYE,236 - SUNGROW POWER SUPPLY CO / DEYE,1,12.3,2.4426380802653573e-05,
COM RATEIO,COM RATEIO,2,12.3,2.4426380802653573e-05,
SMA SOLAR TECNOLOGIES SUNNY TRIPOWER,SMA SOLAR TECNOLOGIES - SUNNY TRIPOWER,1,12.3,2.4426380802653573e-05,
RE SOLAR,RE Solar,2,12.29,2.440652195647255e-05,
ELVYS,ELVYS,1,12.29,2.440652195647255e-05,
NINGBO OSDA,NINGBO OSDA,3,12.260000000000002,2.4346945417929497e-05,
DEYE E 29 HUAWEI,64 - DEYE e 29 - HUAWEI,1,12.25,2.4327086571748477e-05,
R6 10K S3 18 1727 SUN M225G4 EU Q0,1921 - R6-10K-S3-18;1727 - SUN-M225G4-EU-Q0,1,12.25,2.4327086571748477e-05,
R6 10K S3 1727 SUN M225G4 EU Q0,1104 - R6-10K-S3;1727 - SUN-M225G4-EU-Q0,1,12.25,2.4327086571748477e-05,
SUN M225G4,SUN M225G4,3,12.25,2.4327086571748477e-05,
SUN M225G4 EU Q0 1140 S5 GR1P10K,1727 - SUN-M225G4-EU-Q0;1140 - S5-GR1P10K,1,12.25,2.4327086571748477e-05,
INVERSOR HUAWEI MICRO INVERSOR DEYE,Inversor: Huawei; Micro Inversor: DEYE,1,12.25,2.4327086571748477e-05,
INVERSOR WEG HUAWEI,INVERSOR WEG HUAWEI,1,12.24,2.4307227725567458e-05,
HYPONTEC H,HYPONTEC H,3,12.22,2.4267510033205418e-05,
2X INTELBRAS 1X SOLIS,(2X)INTELBRAS/(1X)SOLIS,1,12.2,2.4227792340843378e-05,
TELBRAS,TELBRAS,3,12.2,2.4227792340843378e-05,
SOFARESOLIS,SOFARESOLIS,1,12.2,2.4227792340843378e-05,
DEYE SUN2000G3 US 220 FRONIUS PRIMO 8 1 2,DEYE SUN2000G3-US-220/FRONIUS PRIMO 8.1-2,1,12.2,2.4227792340843378e-05,
ELG,Elg,2,12.2,2.4227792340843378e-05,
FRONBIUS,FRONBIUS,1,12.2,2.4227792340843378e-05,
INTELLBRAS,INTELLBRAS,2,12.19,2.420793349466236e-05,
NANSEM SOLAR,nansem SOLAR,2,12.18,2.418807464848134e-05,
GROWATTMOD 15KTL3 X,GROWATTMOD 15KTL3-X,1,12.16,2.4148356956119305e-05,
SUN5KG,SUN5KG,3,12.14,2.4108639263757266e-05,
PVI 10 0 TL OUTD SUN2000G3 US 220,PVI-10.0-TL-OUTD//SUN2000G3-US-220,1,12.12,2.4068921571395226e-05,
W M LAUDISIO JU W M LAUDISIO J,W M LAUDISIO JU W M LAUDISIO J,1,12.1,2.402920387903319e-05,
FRONIUS APSYSTEMS HOYMILES,FRONIUS/APSYSTEMS/HOYMILES,1,12.1,2.402920387903319e-05,
CS3W 550MS,CS3W-550MS,1,12.1,2.402920387903319e-05,
MOSOB B,MosoB&B,2,12.07,2.3969627340490134e-05,
SOLIS 87 FRONIUS,106 - SOLIS/87 - FRONIUS,1,12.07,2.3969627340490134e-05,
GWOWATT,GWOWATT,3,12.06,2.3949768494309114e-05,
SYMO 12 5,SYMO 12.5,1,12.06,2.3949768494309114e-05,
DEYE E INTELBRAS,DEYE E INTELBRAS,2,12.06,2.3949768494309114e-05,
Q CELLS POLI POWER,Q CELLS POLI POWER,1,12.06,2.3949768494309114e-05,
2P 40A,2P 40A,2,12.059999999999999,2.394976849430911e-05,
SERAPHIM SOLAR,Seraphim Solar,2,12.05,2.3929909648128094e-05,
SOFRAR SOLAR,SOFRAR SOLAR,2,12.05,2.3929909648128094e-05,
BENY APSYSTEMMS,"BENY, APSYSTEMMS",1,12.04,2.391005080194707e-05,
APSYSISTEMS,APSYSISTEMS,2,12.030000000000001,2.3890191955766058e-05,
EXOSOLYS,EXOSOLYS -,2,12.03,2.3890191955766054e-05,
CS6W550MS,CS6W550MS,1,12.0,2.3830615417222998e-05,
1 GROWATT 2 SOLIS,1 GROWATT / 2 SOLIS,1,12.0,2.3830615417222998e-05,
GROOWED,GROOWED,2,12.0,2.3830615417222998e-05,
SG12KTL N,SG12KTL-N,1,12.0,2.3830615417222998e-05,
UN SUN 4K 8K G G,"UN SUN- -4K 8K- -G, G",1,12.0,2.3830615417222998e-05,
T12,T12,1,12.0,2.3830615417222998e-05,
BELENERGGY,BelEnerggy,2,12.0,2.3830615417222998e-05,
ROWATT NEW ENERGY,ROWATT NEW ENERGY,4,12.0,2.3830615417222998e-05,
STUDYLIBPT,studylibpt,1,12.0,2.3830615417222998e-05,
SG3 0RS,1544 - SG3.0RS,4,12.0,2.3830615417222998e-05,
PHB12K SDT,1974 - PHB12K-SDT,1,12.0,2.3830615417222998e-05,
ALTENERGY POWER SYSTEMS INC,ALTENERGY POWER SYSTEMS INC.,2,12.0,2.3830615417222998e-05,
HUAWEY SUN2000,HUAWEY SUN2000,1,12.0,2.3830615417222998e-05,
1 5,"1,5",8,12.0,2.3830615417222998e-05,
FRONIOS PRIMO 6 0 1,FRONIOS PRIMO 6.0-1,1,12.0,2.3830615417222998e-05,
APSYSTEMS DEYE APSYSTEMS,Apsystems / DEYE / APSYSTEMS,2,12.0,2.3830615417222998e-05,
KEHUUA,Kehuua,1,12.0,2.3830615417222998e-05,
DEY3,dey3,2,12.0,2.3830615417222998e-05,
SOL PLANET ASW6000 S G2,SOL PLANET ASW6000-S-G2,2,12.0,2.3830615417222998e-05,
BS 12K G02,BS-12K-G02,1,12.0,2.3830615417222998e-05,
JAM72D30 535 MBAPSYSTEMS,JAM72D30-535/MBAPSYSTEMS,3,12.0,2.3830615417222998e-05,
GROWAYY,GROWAYY,1,12.0,2.3830615417222998e-05,
GODWEE GE,GODWEE / GE,1,12.0,2.3830615417222998e-05,
S5 GR1P10K 1475 HMS 2000DW 4T,1140 - S5-GR1P10K;1475 - HMS-2000DW-4T,1,12.0,2.3830615417222998e-05,
APYSTEM S,APYSTEM´S,1,12.0,2.3830615417222998e-05,
ORIZON ORI PLUS 12K,ORIZON//ORI PLUS 12K,1,12.0,2.3830615417222998e-05,
ASG 4SL ZH,ASG-4SL-ZH,1,12.0,2.3830615417222998e-05,
HOAPEWIND,Hoapewind,1,12.0,2.3830615417222998e-05,
RUNENERGY SOLAR,RUNENERGY SOLAR,1,12.0,2.3830615417222998e-05,
DEYE SOLAR GROWATT SOLAR,DEYE SOLAR / GROWATT SOLAR,1,12.0,2.3830615417222998e-05,
SOLAR EDGE SE6000H,SOLAR EDGE SE6000H,2,12.0,2.3830615417222998e-05,
SOLPLANETASW6000 S G2,SOLPLANETASW6000-S-G2,2,12.0,2.3830615417222998e-05,
2XWEG,2XWEG,1,12.0,2.3830615417222998e-05,
HUAWEI SUN2000L 5KTL WEG SIW300H M050 E HUAWEI,HUAWEI / SUN2000L-5KTL (WEG SIW300H M050) e HUAWEI /,1,12.0,2.3830615417222998e-05,
PRIMO 6 0 1 723 SUN 2000 G3 US,30 - PRIMO 6.0-1;723 - SUN 2000 G3-US,1,12.0,2.3830615417222998e-05,
TSM PEG15H 345W,TSM-PEG15H-345W,1,12.0,2.3830615417222998e-05,
SAI SUNUMO,"SAI, SUNUMO",1,12.0,2.3830615417222998e-05,
4TKTM G2,4TKTM-G2,3,12.0,2.3830615417222998e-05,
4X HOYMILES SOLPLANET,4X HOYMILES/SOLPLANET,1,12.0,2.3830615417222998e-05,
SAH,SAH,2,12.0,2.3830615417222998e-05,
SOLSIST SOLUCOE,SOLSIST Soluçõe,1,12.0,2.3830615417222998e-05,
B B POWER SF3KTN,B&B POWER/SF3KTN,4,12.0,2.3830615417222998e-05,
CHSM72M HC 545,CHSM72M-HC 545,1,12.0,2.3830615417222998e-05,
SUN 2000G3,SUN 2000G3,1,12.0,2.3830615417222998e-05,
CHSM72N DG F BH 575,CHSM72N(DG)/F- BH-575,2,12.0,2.3830615417222998e-05,
31 56,31.56,2,12.0,2.3830615417222998e-05,
30,30,4,12.0,2.3830615417222998e-05,
MINASOL ENVERTCH,MINASOL/ENVERTCH,1,12.0,2.3830615417222998e-05,
HUUAWEI,HUUAWEI,1,12.0,2.3830615417222998e-05,
INTELGRAS,Intelgras,2,12.0,2.3830615417222998e-05,
VSUN450 144MH,VSUN450-144MH,1,12.0,2.3830615417222998e-05,
KERUAN,KERUAN,1,12.0,2.3830615417222998e-05,
SMA SB4 0,SMA SB4.0-,3,12.0,2.3830615417222998e-05,
HAUWAI SUN2000 12KTL M0,HAUWAI SUN2000-12KTL-M0,1,12.0,2.3830615417222998e-05,
SUNTRIO PLUS 12K,SUNTRIO PLUS 12K,1,12.0,2.3830615417222998e-05,
JUST SOLAR,JUST SOLAR,1,12.0,2.3830615417222998e-05,
SOLAR HELTE,SOLAR HELTE,1,12.0,2.3830615417222998e-05,
MIN 10000 TL X,MIN 10000 TL-X,2,12.0,2.3830615417222998e-05,
GOODWE LIVOLTEK,GOODWE / LIVOLTEK,1,12.0,2.3830615417222998e-05,
SPI 12K B,SPI-12K-B,1,12.0,2.3830615417222998e-05,
GE 12 KW,GE 12 KW,1,12.0,2.3830615417222998e-05,
SINOSOLA SOLAR,sinosola solar,1,12.0,2.3830615417222998e-05,
HUAWEI SUN2000 12KTL WEG SIW500H ST012,HUAWEI // SUN2000-12KTL (WEG SIW500H ST012),1,12.0,2.3830615417222998e-05,
RESUN RESUN,"RESUN , RESUN",2,12.0,2.3830615417222998e-05,
SUNNY12000TL,SUNNY12000TL,1,12.0,2.3830615417222998e-05,
SUNOVA SOLAR POWER GMBH,Sunova-Solar Power GmbH,1,12.0,2.3830615417222998e-05,
HUAWEIMOD,huaweimod,2,12.0,2.3830615417222998e-05,
MIN6000TL X2,MIN6000TL-X2,2,12.0,2.3830615417222998e-05,
CONECTOR CA H,CONECTOR CA   H,3,12.0,2.3830615417222998e-05,
HUAWEI WEG SUN2000 12KTL M0 SIW500H ST012 M0,HUAWEI/WEG SUN2000-12KTL- M0/ SIW500H ST012 M0,1,12.0,2.3830615417222998e-05,
HUAWEI WEG SUN2000 12KTL M2 SIW500H ST012 M2,HUAWEI/WEG - SUN2000 12KTL-M2/SIW500H ST012 M2,1,12.0,2.3830615417222998e-05,
APSYSTEM QS 1,APSYSTEM QS-1,2,12.0,2.3830615417222998e-05,
HOYMLIES,HOYMLIES,3,12.0,2.3830615417222998e-05,
SIW400G T012 W1,2091 - SIW400G T012 W1,1,12.0,2.3830615417222998e-05,
NRENAC,NRENAC,1,12.0,2.3830615417222998e-05,
SUN2000 4KTL L1 1812 SUN2000 8KTL LC0,585 - SUN2000-4KTL-L1;1812 - SUN2000-8KTL-LC0,1,12.0,2.3830615417222998e-05,
HIKU 400W,HIKU 400W,1,12.0,2.3830615417222998e-05,
MICR,MICR,1,12.0,2.3830615417222998e-05,
X1 MICRO 2000,2062 - X1-MICRO 2000,2,12.0,2.3830615417222998e-05,
RENO 335P POLI FULL CELL,RENO - 335P - Poli - Full Cell,2,12.0,2.3830615417222998e-05,
OSDAOSDA,OSDAOSDA,2,12.0,2.3830615417222998e-05,
AP SYSTEMS DS3D,AP SYSTEMS DS3D,2,12.0,2.3830615417222998e-05,
SHENZEN SOFAR GOODWE,SHENZEN SOFAR+GOODWE,1,12.0,2.3830615417222998e-05,
SHENZEN SOFAR TSUNESS,SHENZEN SOFAR + TSUNESS,1,12.0,2.3830615417222998e-05,
2X FRONIS PRIMO,2X FRONIS PRIMO,1,12.0,2.3830615417222998e-05,
27 04 2021,27/04/2021,1,12.0,2.3830615417222998e-05,
ESCOMS,ESCOMS,1,12.0,2.3830615417222998e-05,
2XGROWATT MIN60000TL X,2XGROWATT//MIN60000TL-X,1,12.0,2.3830615417222998e-05,
SUNUNO PLUS 6K M SUNUNO PLUS 6K M,SUNUNO PLUS 6K-M | SUNUNO PLUS 6K-M,2,12.0,2.3830615417222998e-05,
TSM DE08MII 375W HONEY,TSM-DE08MII 375W HONEY,4,12.0,2.3830615417222998e-05,
BEIN SOLAR,BEIN SOLAR,2,12.0,2.3830615417222998e-05,
GW12KLV MT,667 - GW12KLV-MT,1,12.0,2.3830615417222998e-05,
GW12KLV SDT C30,2056 - GW12KLV-SDT-C30,1,12.0,2.3830615417222998e-05,
HOPESUN SOLAR,HOPESUN SOLAR,1,12.0,2.3830615417222998e-05,
HOPEWEND,HOPEWEND,1,12.0,2.3830615417222998e-05,
SAJ KEHUA TECH,SAJ KEHUA TECH,1,12.0,2.3830615417222998e-05,
HOYMILIES MI 1200,HOYMILIES MI-1200,1,12.0,2.3830615417222998e-05,
INVERSOR SONGROW MICRO INVERSOR,Inversor: SONGROW; Micro Inversor:,1,12.0,2.3830615417222998e-05,
ASW 12K LT G PRO,ASW 12K-LT-G-PRO,1,12.0,2.3830615417222998e-05,
DEYESUN SUN 12K G02,DEYESUN SUN-12K-G02,1,12.0,2.3830615417222998e-05,
TRINA HONOR,TRINA | HONOR,1,12.0,2.3830615417222998e-05,
TRINA SOLAR BRASIL,TRINA SOLAR BRASIL,1,12.0,2.3830615417222998e-05,
TRINA SOLAR TSM DEG15H 20 II 405W,TRINA SOLAR TSM-DEG15H.20(II)-405W,1,12.0,2.3830615417222998e-05,
DEYE SUN2000G3 US 220 GROWATT MIN8000TL X E,DEYE SUN2000G3-US-220/ GROWATT MIN8000TL-X(E),1,12.0,2.3830615417222998e-05,
2 X ABB 1 FRONIUS,2 x ABB + 1 FRONIUS,1,12.0,2.3830615417222998e-05,
1XSUNONO,1XSUNONO,1,12.0,2.3830615417222998e-05,
MFVHO MO156 600W,MFVHO-MO156-600W,1,12.0,2.3830615417222998e-05,
HAWUE,HAWUE,1,12.0,2.3830615417222998e-05,
6 00,"6,00",2,12.0,2.3830615417222998e-05,
NEO 2000M X 808 MIN8000TL X E,1730 - NEO 2000M-X;808 - MIN8000TL-X(E),1,12.0,2.3830615417222998e-05,
LP210 M66MH665W,LP210-M66MH665W,1,12.0,2.3830615417222998e-05,
GOODWEGW6000 DNS 30,GOODWEGW6000-DNS-30,1,12.0,2.3830615417222998e-05,
ABBHOYMILES,abbHOYMILES,1,12.0,2.3830615417222998e-05,
SOALAR EDGE,SOALAR EDGE,1,12.0,2.3830615417222998e-05,
SUN 12K G02,SUN-12K-G02,1,12.0,2.3830615417222998e-05,
SUZIHOU NORTHERN ELECTRIC POWER TECHNOLOGY CO LTDA,"SUZIHOU NORTHERN ELECTRIC POWER TECHNOLOGY CO., LTDA",1,12.0,2.3830615417222998e-05,
SUNGROUND,SUNGROUND,1,12.0,2.3830615417222998e-05,
1XWEG HUWAEI SUN2000 12KTL,1XWEG/HUWAEI//SUN2000-12KTL,1,12.0,2.3830615417222998e-05,
WEG HUAWEI SIW500HST012 M2 SUN2000 12KTL M2,WEG/HUAWEI - SIW500HST012 M2/SUN2000-12KTL-M2,1,12.0,2.3830615417222998e-05,
AC 250P 156 60S,AC-250P/156-60S,1,12.0,2.3830615417222998e-05,
F SERIES,F SERIES,2,12.0,2.3830615417222998e-05,
TRIINA,Triina,1,12.0,2.3830615417222998e-05,
GTOWATT,GTOWATT,3,12.0,2.3830615417222998e-05,
PHBSOLAR PHB12KF DT,PHBSOLAR PHB12KF-DT,1,12.0,2.3830615417222998e-05,
SOFAR25,SOFAR25,1,12.0,2.3830615417222998e-05,
EATS,EATS,2,12.0,2.3830615417222998e-05,
EUROPE SOLAR,Europe Solar,2,12.0,2.3830615417222998e-05,
HT66,HT66-,1,12.0,2.3830615417222998e-05,
JKM 530W M 72 V,JKM- 530W M-72-V,1,12.0,2.3830615417222998e-05,
NAC3K SS,433 - NAC3K-SS,4,12.0,2.3830615417222998e-05,
WEG HUAWEI SIW500H ST012 M2 SUN2000 12KTL M2,WEG/HUAWEI - SIW500H ST012-M2/SUN2000-12KTL-M2,1,12.0,2.3830615417222998e-05,
JKM260PP 60,JKM260PP -60 +,1,12.0,2.3830615417222998e-05,
RAY 345W,RAY-345W,2,12.0,2.3830615417222998e-05,
RE,RE,2,12.0,2.3830615417222998e-05,
RENOVIGI B B POWER SOLIS SOLIS 3P12K 4G,RENOVIGI/B&B Power/SOLIS - Solis-3P12K-4G,1,12.0,2.3830615417222998e-05,
SALVEX SOLAR,salvex solar,1,12.0,2.3830615417222998e-05,
LP210 210 M 66 MH 670WAPSYSTEMS,LP210*210-M-66-MH-670WAPsystems,3,12.0,2.3830615417222998e-05,
HOPEWINDI,HOPEWINDI,1,12.0,2.3830615417222998e-05,
HOPEWING HOPESUN 12KTL,HOPEWING | HOPESUN-12KTL,1,12.0,2.3830615417222998e-05,
HOPWIN,hopwin,1,12.0,2.3830615417222998e-05,
WEG HUAWEI SIW 500,WEG HUAWEI SIW 500,1,12.0,2.3830615417222998e-05,
SIW200F M060,SIW200F-M060,1,12.0,2.3830615417222998e-05,
APSYSTM,APSYSTM,1,12.0,2.3830615417222998e-05,
HOYMILESSOLIS,HOYMILESSOLIS,2,12.0,2.3830615417222998e-05,
DS3D 220V,DS3D-220V,2,12.0,2.3830615417222998e-05,
GR0WATT,GR0WATT,2,12.0,2.3830615417222998e-05,
EA3KSI 354 CSI 3KTL1P GI FL 368 MIN 6000TL X,314 - EA3KSI;354 - CSI-3KTL1P-GI-FL;368 - MIN 6000TL-X,1,12.0,2.3830615417222998e-05,
72 00,"72,00",1,12.0,2.3830615417222998e-05,
MFVOS MO 144 550W,MFVOS-MO-144-550W,2,12.0,2.3830615417222998e-05,
BELENERGYPLU,BELENERGYPLU,1,12.0,2.3830615417222998e-05,
HM 1500 HM 1500 HM 1500 HM 1500 HM 1500 HM 1500 HM 1500 HM 1500,HM-1500 | HM-1500 | HM-1500 | HM-1500 | HM-1500 | HM-1500 | HM-1500 | HM-1500,1,12.0,2.3830615417222998e-05,
FRONUS PRIMOS,fronus primos,1,12.0,2.3830615417222998e-05,
WEG HUAWEI SIW500H ST012 M2 SUN2000 12KTL M0,WEG/HUAWEI-SIW500H ST012 M2/SUN2000-12KTL-M0,1,12.0,2.3830615417222998e-05,
SUN 8K G SUN 4K G,SUN-8K-G/SUN-4K-G,1,12.0,2.3830615417222998e-05,
NINGBO DEYEINVERTERTECHNOLOGYCO,NINGBO DEYEINVERTERTECHNOLOGYCO,1,12.0,2.3830615417222998e-05,
APSYSTEMSHOYMILES,ApsystemsHOYMILES,1,12.0,2.3830615417222998e-05,
AW6000 S G2,AW6000-S-G2,1,12.0,2.3830615417222998e-05,
GROWATT SOFAR 6KTLM G3,GROWATT SOFAR 6KTLM - G3,1,12.0,2.3830615417222998e-05,
1XHUWAEI SUN 2000 12KTL MO,1XHUWAEI SUN 2000-12KTL-MO,1,12.0,2.3830615417222998e-05,
1X HUWAE,1X HUWAE,1,12.0,2.3830615417222998e-05,
DM605M10RT B72HSW,DM605M10RT-B72HSW,1,12.0,2.3830615417222998e-05,
ST12000LT,ST12000LT,1,12.0,2.3830615417222998e-05,
LONGI 450W HI MO4 LR4 72HPH,LONGI 450W Hi-MO4 LR4-72HPH,2,12.0,2.3830615417222998e-05,
SERRANA SUNTRIO PLUS 12KVA,SERRANA SUNTRIO PLUS 12KVA,1,12.0,2.3830615417222998e-05,
RENOVIGI B B POWER SOLIS SOLIS 1P 12K 4G,RENOVIGI/B&B Power/SOLIS - SOLIS 1P-12K-4G,1,12.0,2.3830615417222998e-05,
GROWATT12000TL3 S,GROWATT12000TL3-S,1,12.0,2.3830615417222998e-05,
SOLIS GROWATT S6 GR1P6K GROWATT MIN 6000TL X,SOLIS/ GROWATT| S6-GR1P6K| GROWATT/MIN 6000TL-X,1,12.0,2.3830615417222998e-05,
SCHNAIDER,SCHNAIDER,2,12.0,2.3830615417222998e-05,
SYMO 12 5 3,SYMO 12.5-3,1,12.0,2.3830615417222998e-05,
SYMO 12 0 3 208 240,	SYMO 12.0-3 208-240,1,12.0,2.3830615417222998e-05,
SYMO BRASIL 12 0 3,SYMO BRASIL 12.0-3,1,12.0,2.3830615417222998e-05,
GT1 3K SS,1522 - GT1-3K-SS,3,12.0,2.3830615417222998e-05,
INTELBRAS SOLPLANET,INTELBRAS /SOLPLANET,1,12.0,2.3830615417222998e-05,
SUNFROW SG4K D,124 - SUNFROW SG4K-D,2,12.0,2.3830615417222998e-05,
BELENERGY SOLAR BEL 12K G,BELENERGY SOLAR / BEL-12K-G,1,12.0,2.3830615417222998e-05,
SOLIS1P4K,SOLIS1P4K,1,12.0,2.3830615417222998e-05,
SOLAPLANET,SOLAPLANET,1,12.0,2.3830615417222998e-05,
3XHUWAEI SUN2000,3XHUWAEI SUN2000-,1,12.0,2.3830615417222998e-05,
SOFAR GROWATT SAJ,SOFAR / GROWATT / SAJ,1,12.0,2.3830615417222998e-05,
BLUE G 6000D,BLUE G 6000D,2,12.0,2.3830615417222998e-05,
RISEN RSM156 6 440M,Risen - RSM156-6-440M,1,12.0,2.3830615417222998e-05,
EMS,EMS,2,12.0,2.3830615417222998e-05,
RS8I MHC560W,RS8I-MHC560W,1,12.0,2.3830615417222998e-05,
DEYE INVERTER GOODWE POWER,DEYE INVERTER    // GOODWE POWER,1,12.0,2.3830615417222998e-05,
TUV,TUV,1,12.0,2.3830615417222998e-05,
KEHUA SUNGROW,KEHUA/SUNGROW,1,12.0,2.3830615417222998e-05,
DEYE GROWATT DEY,"DEYE, GROWATT, DEY",1,12.0,2.3830615417222998e-05,
WEG SUNGROW PHB,WEG / SUNGROW / PHB,1,12.0,2.3830615417222998e-05,
SUN2000G3 US,SUN2000G3-US,1,12.0,2.3830615417222998e-05,
SUN2000G3 US 200,SUN2000G3-US-200,2,12.0,2.3830615417222998e-05,
RMI 2000,RMI 2000,1,12.0,2.3830615417222998e-05,
TUSUNESS,TUSUNESS,3,12.0,2.3830615417222998e-05,
SUN445,SUN445,1,12.0,2.3830615417222998e-05,
SUN335 72P,SUN335-72P,2,12.0,2.3830615417222998e-05,
WEG SHENZEN SOFAR,WEG / SHENZEN SOFAR,1,12.0,2.3830615417222998e-05,
MICROINVERSOR APSYTEMS,MICROINVERSOR APsytems,1,12.0,2.3830615417222998e-05,
FOXESS E DEYE,FOXESS E DEYE,1,12.0,2.3830615417222998e-05,
12000,12000,1,12.0,2.3830615417222998e-05,
SG40RS L,SG40RS-L,3,12.0,2.3830615417222998e-05,
SUGNROW,SUGNROW,2,12.0,2.3830615417222998e-05,
HOYMALLE,HOYMALLE,1,12.0,2.3830615417222998e-05,
INVERSOR LIVOLTEX MICRO INVERSOR,Inversor: LIVOLTEX; Micro Inversor:,1,12.0,2.3830615417222998e-05,
ASW3000 S,1449 - ASW3000-S,4,12.0,2.3830615417222998e-05,
ASW4000 S G2,ASW4000-S-G2,3,12.0,2.3830615417222998e-05,
RENACR1 6K,RENACR1-6K,1,12.0,2.3830615417222998e-05,
YINGLI YL330P 35B,Yingli YL330P - 35B,1,12.0,2.3830615417222998e-05,
INVERSOR MICRO INVERSOR HOYMILLE,Inversor: ; Micro Inversor: HOYMILLE,1,12.0,2.3830615417222998e-05,
ZXP6 LD72 335 P,ZXP6-LD72-335/P.,1,12.0,2.3830615417222998e-05,
BELENERGYBEL 15K G LV,BELENERGYBEL-15K-G-LV,1,11.99,2.3810756571041978e-05,
SOFAR SOLAR RENOVIGI B B POWER SOLIS,SOFAR SOLAR + RENOVIGI/B&B Power/SOLIS,1,11.98,2.379089772486096e-05,
MICROS INVERSORES,MICROS INVERSORES,2,11.98,2.379089772486096e-05,
SOFR,SOFR/,2,11.969999999999999,2.377103887867994e-05,
B B POWER GROWATT RENOVIGI,"B&B Power , Growatt , Renovigi",1,11.96,2.3751180032498922e-05,
DEYE E 11 GROWATT,64 - DEYE e 11 - GROWATT,1,11.96,2.3751180032498922e-05,
FOXSSES,FOXSSES,2,11.96,2.3751180032498922e-05,
SUNUNO PLUS 4K M,Sununo Plus 4K-M,3,11.92,2.3671744647774843e-05,
1XKOMECO KOFV IN 12KW AR,1XKOMECO KOFV IN 12KW-AR,1,11.9,2.3632026955412806e-05,
HUAWEI RENOVIGI RENOVIGI,Huawei RENOVIGI RENOVIGI,1,11.9,2.3632026955412806e-05,
TALESUN SOLAR CO LTD,Talesun Solar Co. Ltd.,2,11.88,2.359230926305077e-05,
BBPOWER MOSO,BBPOWER/MOSO,1,11.88,2.359230926305077e-05,
Q PEAK DUO L G7 395,Q.PEAK DUO L-G7-395,1,11.85,2.353273272450771e-05,
SUNWAYS STS 6KTL P,SUNWAYS STS-6KTL-P,2,11.85,2.353273272450771e-05,
MICROINVERSOR H,MICROINVERSOR H,2,11.85,2.353273272450771e-05,
ANENJI,ANENJI,2,11.85,2.353273272450771e-05,
24 00,"24,00",2,11.84,2.351287387832669e-05,
WEGSI2,WEGSI2,1,11.84,2.351287387832669e-05,
MINI 3000 4G,MINI 3000 4G,4,11.8,2.3433438493602615e-05,
FRINIUS,FRINIUS,3,11.79,2.341357964742159e-05,
ALUMIFIX,ALUMIFIX,3,11.76,2.335400310887854e-05,
REONIVIGI,Reonivigi,3,11.76,2.335400310887854e-05,
AUXSOLASN 6SL PLUS,AUXSOLASN-6SL-PLUS,2,11.75,2.333414426269752e-05,
EMPLAUX,EMPLAUX,2,11.75,2.333414426269752e-05,
WEG HUAWEI SUN2000 12KTL M0,WEG HUAWEI//SUN2000-12KTL-M0,1,11.73,2.329442657033548e-05,
BELENERGIY,BELENERGIY,1,11.73,2.329442657033548e-05,
CANADIAN SOLAR CHINT POWER,CANADIAN SOLAR Chint Power,1,11.73,2.329442657033548e-05,
FOXESSQ1,FOXESSQ1,1,11.7,2.323485003179242e-05,
INVERSOR GROAWTT MICRO INVERSOR,Inversor: GROAWTT; Micro Inversor:,2,11.7,2.323485003179242e-05,
GEP12 3 10,GEP12-3-10,1,11.7,2.323485003179242e-05,
ODA400 36 M,ODA400-36-M,3,11.68,2.3195132339430383e-05,
GROAWT,groawt,3,11.68,2.3195132339430383e-05,
GROWAT MIN 6000 TL X 6KW,Growat/MIN 6000-TL-X – 6kW,2,11.64,2.3115696954706307e-05,
RENCAC VERTYS,RENCAC/VERTYS,1,11.6,2.3036261569982228e-05,
KSG 12K KSG 12K,KSG-12K | KSG-12K,1,11.6,2.3036261569982228e-05,
BELENOS DO BRASIL,BELENOS DO BRASIL,2,11.6,2.3036261569982228e-05,
ABB STRING INVERTERS SUNGROW POWER SUPLY,ABB STRING INVERTERS / SUNGROW POWER SUPLY,1,11.6,2.3036261569982228e-05,
SE20 1K,SE20.1K,1,11.6,2.3036261569982228e-05,
GROWATT 97 GROWATT 121 DEYE,97 - GROWATT 97 - GROWATT 121 - DEYE,1,11.6,2.3036261569982228e-05,
GOODWEE GD3000D NS,Goodwee / GD3000D-NS,2,11.58,2.299654387762019e-05,
SOXESS,soxess,3,11.58,2.299654387762019e-05,
ECOS 2000,73 - ECOS 2000,5,11.58,2.299654387762019e-05,
SOFAR E HOYMILES,SOFAR E HOYMILES,2,11.57,2.2976685031439175e-05,
MODULO MONOCRISTALINO 445 WP RISEN,Módulo Monocristalino 445 Wp - RISEN,1,11.57,2.2976685031439175e-05,
1XKOMECO KOFV,1XKOMECO KOFV,1,11.56,2.2956826185258155e-05,
WEG HUAWEI SIW 500H ST015 SUN2000 15KTL M0,WEG/HUAWEI - SIW 500H ST015 / SUN2000-15KTL-M0,1,11.55,2.293696733907714e-05,
GROWAQTT,growaqtt,2,11.55,2.293696733907714e-05,
SOFAR SOFAR GROWATT,SOFAR SOFAR / GROWATT,1,11.55,2.293696733907714e-05,
INVERSOR MICRO INVERSOR HYXIPOWER,Inversor: ; Micro Inversor: HYXiPower,3,11.51,2.2857531954353056e-05,
HUAWEU,HUAWEU,2,11.51,2.2857531954353056e-05,
CANADIAN SOLAR E PHB SOLAR,CANADIAN SOLAR e PHB SOLAR,1,11.5,2.283767310817204e-05,
CSI SINGLE,csi single,3,11.5,2.283767310817204e-05,
SAFAR SOLAR,SAFAR SOLAR,2,11.5,2.283767310817204e-05,
ASYSTEM,asystem,2,11.5,2.283767310817204e-05,
MIN8000TL X 1103 SPF3500ES DC48V,764 - MIN8000TL-X;1103 - SPF3500ES DC48V,1,11.5,2.283767310817204e-05,
HCC HCC,"HCC, HCC",1,11.5,2.283767310817204e-05,
TSM PE15 350W,TSM-PE15-350W,1,11.5,2.283767310817204e-05,
HYPONTE,HYPONTE,2,11.5,2.283767310817204e-05,
TRINA BIFACIAL,TRINA BIFACIAL,2,11.48,2.279795541581e-05,
1XSOLAREGE,1XSOLAREGE,1,11.48,2.279795541581e-05,
1XGOODWE GW12KN DT,1XGOODWE//GW12KN-DT,1,11.48,2.279795541581e-05,
GROWATTI,GROWATTI,2,11.47,2.2778096569628983e-05,
HUA WEI,HUA WEI,1,11.45,2.273837887726694e-05,
GROWATTMID15KTL3 3X15,GROWATTMID15KTL3-3X15,1,11.44,2.2718520031085924e-05,
SOLIS GROWATT HOYMILES,SOLIS GROWATT HOYMILES,1,11.43,2.2698661184904904e-05,
ENFHASE ENERGY,enfhase energy,1,11.4,2.2639084646361848e-05,
EMPAPLUX,EMPAPLUX,2,11.4,2.2639084646361848e-05,
YOU ON ENERGIA,YOU.ON ENERGIA,1,11.4,2.2639084646361848e-05,
GROWAT MIN 6000TL X 6KW,Growat/MIN 6000TL-X – 6kW,2,11.4,2.2639084646361848e-05,
1 FRONIUS 2 APSYSTEMS,1 FRONIUS / 2 APSYSTEMS,2,11.399999999999999,2.2639084646361844e-05,
SUN 15K G,SUN-15K-G,2,11.39,2.2619225800180828e-05,
BEL NERGY,bel nergy,2,11.39,2.2619225800180828e-05,
SICES SOLAR SINGLE PHASE STRING,SICES Solar single phase string,1,11.39,2.2619225800180828e-05,
INTELEBRAS,INTELEBRAS,1,11.39,2.2619225800180828e-05,
RENOVIGI FRONIUS E SAJ,"Renovigi, Fronius e SAJ",1,11.37,2.2579508107818788e-05,
DHN 72X16 DG 585FAB INVERSOR,DHN-72X16/DG-585fab inversor,2,11.36,2.2559649261637768e-05,
BEDINSOLAR BS 6K G,BEDINSOLAR/BS-6K-G,2,11.35,2.2539790415456752e-05,
TSM DE15M 405W,TSM-DE15M-405W,1,11.34,2.2519931569275732e-05,
RENO RENO 7 7K,"RENO RENO 7,7K",1,11.34,2.2519931569275732e-05,
TSM DE15M,TSM-DE15M,1,11.34,2.2519931569275732e-05,
SUNGROWSG12,SUNGROWSG12,1,11.34,2.2519931569275732e-05,
ZXM7 SP144 550,ZXM7-SP144-550,2,11.3,2.2440496184551656e-05,
33000TL G2,33000TL-G2,2,11.3,2.2440496184551656e-05,
2 ABB E 1 FRONIUS,2 ABB E 1 Fronius,1,11.3,2.2440496184551656e-05,
NANSEN RENAC,NANSEN / RENAC,1,11.3,2.2440496184551656e-05,
NHS QUAD,NHS QUAD,2,11.3,2.2440496184551656e-05,
R5 6K T2,1757 - R5-6K-T2,2,11.27,2.2380919646008596e-05,
SORAR,SORAR,2,11.27,2.2380919646008596e-05,
HYPONYECH,HYPONYECH,2,11.26,2.236106079982758e-05,
SOLTSUNESS,SOLTSUNESS,1,11.25,2.234120195364656e-05,
M2,M2,1,11.25,2.234120195364656e-05,
KSTAR E HOYMILES,KSTAR e HOYMILES,2,11.25,2.234120195364656e-05,
ASTRO E,ASTRO-E,1,11.25,2.234120195364656e-05,
TSOL MP3000 3KW 1520 TSOL MP2250,1928 - TSOL-MP3000 - 3KW;1520 - TSOL-MP2250,1,11.25,2.234120195364656e-05,
BE,BE,2,11.24,2.232134310746554e-05,
9XHOYMILES,9XHOYMILES,1,11.22,2.2281625415103504e-05,
WEG HUAWEI EQUIVALENTE IMPORTADO,WEG/HUAWEI (EQUIVALENTE/IMPORTADO),1,11.22,2.2281625415103504e-05,
BENDINSOLAR,BENDINSOLAR,2,11.21,2.2261766568922484e-05,
JA SOLAR JAN72S30 540 MR APSYSTEM,JA SOLAR	 JAN72S30-540/MR	APSYSTEM,1,11.2,2.224190772274146e-05,
APSIYSTEMS,APsiystems,2,11.2,2.224190772274146e-05,
REFU ELEKTRONIC GMBH,Refu Elektronic GmbH,1,11.2,2.224190772274146e-05,
NORTHERN ELETRIC POWER,NORTHERN ELETRIC POWER,1,11.2,2.224190772274146e-05,
APA SYSTEMS,APA SYSTEMS,1,11.2,2.224190772274146e-05,
FRONI,FRONI,1,11.2,2.224190772274146e-05,
DHM 72X 550W,DHM-72X-550w,1,11.2,2.224190772274146e-05,
SOLPLANET NOVO FRONIUS EXISTENTE,SOLPLANET (NOVO) / FRONIUS (EXISTENTE),1,11.2,2.224190772274146e-05,
BS 12K G,BS-12K-G,1,11.2,2.224190772274146e-05,
FRONUIUS PRIMO,FRONUIUS PRIMO,1,11.2,2.224190772274146e-05,
DEYS SUN,DEYS SUN,2,11.18,2.2202190030379424e-05,
KACO NEW,Kaco New,1,11.18,2.2202190030379424e-05,
ECOS 3000,ecos-3000,4,11.16,2.2162472338017388e-05,
RISEN RSM,RISEN RSM,1,11.13,2.2102895799474332e-05,
SURGROW,SURGROW,2,11.11,2.2063178107112292e-05,
EHUA,EHUA,2,11.1,2.2043319260931272e-05,
RIO SOLAR,RIO SOLAR,2,11.1,2.2043319260931272e-05,
SOLPLANET E GROWATT,SOLPLANET E GROWATT,1,11.09,2.2023460414750253e-05,
SOLAR LIVRE,SOLAR LIVRE,2,11.09,2.2023460414750253e-05,
OPTI SOLAR,Opti Solar,2,11.04,2.1924166183845157e-05,
BEL ENERGY BEL 2000G3 US 220,BEL ENERGY BEL 2000G3-US-220,1,11.04,2.1924166183845157e-05,
ASSYSTEM,assystem,2,11.01,2.18645896453021e-05,
LIVOLTEK E 129 SOLPLANET,109 - LIVOLTEK e 129 - SOLPLANET,1,11.0,2.184473079912108e-05,
CHINTY POWER CHINTY POWER,CHINTY POWER CHINTY POWER,1,11.0,2.184473079912108e-05,
RENOVIGI 4 SUNGROW,7 - RENOVIGI / 4 - SUNGROW,1,11.0,2.184473079912108e-05,
SUNESS,SUNESS,1,11.0,2.184473079912108e-05,
1500S,1500S,1,11.0,2.184473079912108e-05,
FEONIUS,FEONIUS,2,11.0,2.184473079912108e-05,
NXN 575 144MT,NXN - 575 - 144MT,2,11.0,2.184473079912108e-05,
SW200,SW200,1,11.0,2.184473079912108e-05,
TS560S8B 144SAJ,TS560S8B-144SAJ,1,11.0,2.184473079912108e-05,
ILUMISOL ILUMISOL,ILUMISOL | ILUMISOL,1,11.0,2.184473079912108e-05,
144 HALF CEL MONO 21 33 EFICIENCIAGROWATT,"144 HALF CEL MONO 21,33% EFICIENCIAGROWATT",1,11.0,2.184473079912108e-05,
SOLARSOFAR6KTLM,SOLARSOFAR6KTLM,1,11.0,2.184473079912108e-05,
SOFAR E GROWATT,SOFAR e GROWATT,1,11.0,2.184473079912108e-05,
MICROBELENERGYPLUS,MICROBELENERGYPLUS,2,11.0,2.184473079912108e-05,
WEGSIW200F,WEGSIW200F,2,11.0,2.184473079912108e-05,
WOLDWIDE ENERGY AND MANUFACTORING,WOLDWIDE ENERGY AND MANUFACTORING,11,11.0,2.184473079912108e-05,
ABB 15 SAJ,ABB / 15 - SAJ,1,11.0,2.184473079912108e-05,
DEYU SUN,DEYU SUN,1,11.0,2.184473079912108e-05,
SERRANA SISTEMAS DE ENERGIA EIRELI EPP,Serrana Sistemas de Energia EIRELI EPP,3,11.0,2.184473079912108e-05,
HYPONETCH HYPONETCH,HYPONETCH//HYPONETCH,1,11.0,2.184473079912108e-05,
SG12RT P2,SG12RT-P2,1,11.0,2.184473079912108e-05,
SYNGROW,SYNGROW,2,11.0,2.184473079912108e-05,
HY M10 144H550WDEYE,HY-M10/144H550WDEYE,3,11.0,2.184473079912108e-05,
ZN SHINE SOLAR,ZN SHINE SOLAR,2,11.0,2.184473079912108e-05,
LIVOLTEK E 43 SOLIS,109 - LIVOLTEK e 43 - SOLIS,1,11.0,2.184473079912108e-05,
TRINA DAH,"TRINA, DAH",1,11.0,2.184473079912108e-05,
JNG JNG,JNG JNG,1,11.0,2.184473079912108e-05,
JINKO JINKO,JINKO | JINKO,2,11.0,2.184473079912108e-05,
BELENERGY POWERGROWATT,BELENERGY POWERGROWATT,1,11.0,2.184473079912108e-05,
11000,11000,1,11.0,2.184473079912108e-05,
NVERSOR SOLAR G,NVERSOR SOLAR G,2,11.0,2.184473079912108e-05,
CSI CANADIAN SOLAR BYD COMPANY LIMITED,CSI CANADIAN SOLAR + BYD Company Limited,1,11.0,2.184473079912108e-05,
KSTAR SAJ,KSTAR SAJ,1,11.0,2.184473079912108e-05,
REFU ELECTRONIC,REFU ELECTRONIC,1,11.0,2.184473079912108e-05,
SAJTEC,SAJTEC,2,11.0,2.184473079912108e-05,
SAJQ,SAJQ,3,11.0,2.184473079912108e-05,
SAJI,SAJI,2,11.0,2.184473079912108e-05,
HYPORNTECH,HYPORNTECH,1,11.0,2.184473079912108e-05,
HY M10 144H,HY-M10/144H,2,11.0,2.184473079912108e-05,
8000MTL S E MIN3000TL X,8000MTL-S E MIN3000TL-X,1,11.0,2.184473079912108e-05,
PAINEL SOLAR JINKO JKM440M 60HL4 V 440W TIGER PRO MONO PERC HALF CEL 20 39 EFIC 120 CEL,"PAINEL SOLAR JINKO JKM440M-60HL4-V 440W TIGER PRO MONO PERC HALF CEL 20,39% EFIC 120 CEL",2,11.0,2.184473079912108e-05,
ABB E 11 GROWATT,6 - ABB e 11 - GROWATT,1,11.0,2.184473079912108e-05,
GW6000 DNS 30 1459 GW5000 DNS 30,1403 - GW6000-DNS-30;1459 - GW5000-DNS-30,1,11.0,2.184473079912108e-05,
B B POWER RENOVIGI GOODWE,B&B Power RENOVIGI GOODWE,1,11.0,2.184473079912108e-05,
DEYE SUN 19 GROWATT,63 - DEYE SUN/19 - GROWATT,1,11.0,2.184473079912108e-05,
PRIMO 5 0 1 30 PRIMO 6 0 1,29 - PRIMO 5.0-1;30 - PRIMO 6.0-1,1,11.0,2.184473079912108e-05,
BF 450W,BF 450W,3,11.0,2.184473079912108e-05,
JA SOLLAR,JA SOLLAR,2,11.0,2.184473079912108e-05,
SIW200 M050 1775 SIW200G M060 W1,850 - SIW200 M050;1775 - SIW200G M060 W1,1,11.0,2.184473079912108e-05,
INVERSOR SOLAR SMA SUNNY BOY,inversor solar - SMA Sunny Boy,2,11.0,2.184473079912108e-05,
INTELBRAS WEG SOLIS,"INTELBRAS, WEG, SOLIS",1,11.0,2.184473079912108e-05,
BB POWER RENOGIVI,BB POWER/RENOGIVI,3,11.0,2.184473079912108e-05,
HAUWEI BELENERGY,"HAUWEI, BELENERGY",1,11.0,2.184473079912108e-05,
GROWATT 4 SUNGROW,11 - GROWATT / 4 - SUNGROW,1,11.0,2.184473079912108e-05,
GROWATT MIN 8000TL X E GOODWE GW3000N XS,GROWATT MIN 8000TL-X(E)/GOODWE GW3000N-XS,1,11.0,2.184473079912108e-05,
APYSUSTEMS,APYSUSTEMS,2,11.0,2.184473079912108e-05,
BEDINSOLR BDINSOLAR,BEDINSOLR; BDINSOLAR,1,11.0,2.184473079912108e-05,
MIN 6000 TL X,MIN 6000 TL-X,1,11.0,2.184473079912108e-05,
GROWATT MIN6000TL X DEYE SUN 5K SG04LP1 EU,GROWATT MIN6000TL-X / DEYE SUN-5K-SG04LP1-EU,1,11.0,2.184473079912108e-05,
SUNERGY USA WORDS LLC,35 - SUNERGY USA WORDS LLC,1,11.0,2.184473079912108e-05,
SUNGRONW SUNGRONW,"Sungronw, Sungronw",1,11.0,2.184473079912108e-05,
S6 GR1P7K2 1739 S6 GR1P4K S,1546 - S6-GR1P7K2;1739 - S6-GR1P4K-S,1,11.0,2.184473079912108e-05,
3XWEG HUWAEI,3XWEG HUWAEI,1,11.0,2.184473079912108e-05,
TSOL MP3000 897 R1 8K DS,1370 - TSOL-MP3000;897 - R1-8K-DS,1,11.0,2.184473079912108e-05,
BELENERGY SOLAR BEL 15K G LV,BELENERGY SOLAR BEL-15K-G-LV,1,11.0,2.184473079912108e-05,
BELENERGYDEYE,BELENERGYDEYE,2,11.0,2.184473079912108e-05,
SONGROW SONGROW,"Songrow, Songrow",1,11.0,2.184473079912108e-05,
KEHUA FRONIUS,KEHUA-FRONIUS,1,11.0,2.184473079912108e-05,
S6 GR1P5K 1426 S6 GR1P6K,1087 - S6 GR1P5K;1426 - S6-GR1P6K,1,11.0,2.184473079912108e-05,
HS 210 B132DS710,HS-210-B132DS710,1,11.0,2.184473079912108e-05,
INTELBRAD,intelbrad,2,11.0,2.184473079912108e-05,
ELG550 M72HCH,ELG550-M72HCH,2,11.0,2.184473079912108e-05,
RENOVIGI B B POWER SOLIS VERTYS RENAC,RENOVIGI/B&B Power/SOLIS + VERTYS/RENAC,1,11.0,2.184473079912108e-05,
INVT INVT,"INVT, INVT",1,11.0,2.184473079912108e-05,
SUN 8K G SUN 3K G,SUN-8K-G | SUN-3K-G,1,11.0,2.184473079912108e-05,
SIW200G M050 W1 1775 SIW200G M060 W1,1798 - SIW200G M050 W1;1775 - SIW200G M060 W1,1,11.0,2.184473079912108e-05,
RGT M 6K 220V,RGT-M 6K 220V,1,11.0,2.184473079912108e-05,
OMNIK INVERTER,OMNIK INVERTER,2,11.0,2.184473079912108e-05,
W,W,3,11.0,2.184473079912108e-05,
INTELBTRAS,INTELBTRAS,2,11.0,2.184473079912108e-05,
VERTYSRENAC,VERTYSRENAC,2,11.0,2.184473079912108e-05,
BEEDIN SOLAR,BEEDIN SOLAR,2,11.0,2.184473079912108e-05,
R5 8K S2 15 1370 TSOL MP3000,1056 - R5-8K-S2-15;1370 - TSOL-MP3000,1,11.0,2.184473079912108e-05,
WEG HUAWEI FRONIUS,WEG-HUAWEI FRONIUS,1,11.0,2.184473079912108e-05,
GROWATT 106 SOLIS,97 - GROWATT 106 - SOLIS,1,11.0,2.184473079912108e-05,
GROWATTZ,GROWATTZ,2,11.0,2.184473079912108e-05,
SMA SB5 0 1AV,SMA*SB5.0-1AV,1,11.0,2.184473079912108e-05,
KESHUA TECH,KESHUA TECH,2,11.0,2.184473079912108e-05,
VESA,Vesa,1,11.0,2.184473079912108e-05,
RENOVIGI ENERGIA SOLAR 63 DEYE SUN,7 - RENOVIGI ENERGIA SOLAR/63 - DEYE SUN,1,11.0,2.184473079912108e-05,
HUAWEI A SER INSTALADO RENOVIGI INSTALADO,HUAWEI (A SER INSTALADO |)/RENOVIGI (INSTALADO),1,11.0,2.184473079912108e-05,
ZXP6 LD72 340 P,ZXP6-LD72-340/P,3,11.0,2.184473079912108e-05,
WEG DEYE ECOSOLYS,WEG + DEYE + ECOSOLYS,1,11.0,2.184473079912108e-05,
27 95,"27,95",2,11.0,2.184473079912108e-05,
KOPP KUARA KOPP KUARA,KOPP KUARA- KOPP KUARA,1,11.0,2.184473079912108e-05,
GROWATT E 29 HUAWEI,11 - GROWATT E 29 - HUAWEI,1,11.0,2.184473079912108e-05,
SUNGROW KEHUA TECH,SUNGROW / KEHUA TECH,1,11.0,2.184473079912108e-05,
KOMECCO,KOMECCO,1,11.0,2.184473079912108e-05,
BEINSOLAR,Beinsolar,1,11.0,2.184473079912108e-05,
MICRO INVERSOR DEYEKSTAR,MICRO INVERSOR DEYEKSTAR,1,11.0,2.184473079912108e-05,
INVERSOR LEDVANCE MICRO INVERSOR,Inversor: LEDVANCE; Micro Inversor:,2,11.0,2.184473079912108e-05,
FRONIUS DO BRASIL 29 SOLIS,5 - FRONIUS DO BRASIL ; 29 - SOLIS,1,11.0,2.184473079912108e-05,
SOLEOS ENERGY GMBH,Soleos Energy GmbH,1,11.0,2.184473079912108e-05,
INVERSOR LEVEROS MICRO INVERSOR,Inversor: LEVEROS; Micro Inversor:,1,11.0,2.184473079912108e-05,
ASW3000 S G2 665 SB5 0 1AV 41,1271 - ASW3000-S-G2;665 - SB5.0-1AV-41,1,11.0,2.184473079912108e-05,
TCL,TCL,2,11.0,2.184473079912108e-05,
HOYILES,HOYILES,3,10.98,2.180501310675904e-05,
KEHUUA TECH,KEHUUA TECH,2,10.95,2.174543656821598e-05,
HUAWEI KSTAR,HUAWEI/ KSTAR,4,10.95,2.174543656821598e-05,
BELENERGY DAYE,BELENERGY DAYE,3,10.95,2.174543656821598e-05,
SOLARCLARITY,Solarclarity,1,10.94,2.1725577722034965e-05,
SUN 15K G03 LV,SUN-15K-G03-LV,1,10.9,2.164614233731089e-05,
1XSOFAR 12KTL X,1XSOFAR//12KTL-X,1,10.89,2.162628349112987e-05,
IMARS BG,iMars BG,1,10.89,2.162628349112987e-05,
BYD330P6K 36B 1500,BYD330P6K-36B-1500,1,10.89,2.162628349112987e-05,
SIW300H M040 SUN200L4KTL E,SIW300H M040 (SUN200L4KTL) e,1,10.88,2.1606424644948853e-05,
SSI SOLAR,SSI SOLAR,2,10.879999999999999,2.160642464494885e-05,
JKM340PP 72,JKM340PP-72,2,10.879999999999999,2.160642464494885e-05,
CSOLIS,CSOLIS,2,10.85,2.1546848106405793e-05,
SOLAR ERA,SOLAR ERA,2,10.85,2.1546848106405793e-05,
ENPALUX,ENPALUX,2,10.84,2.1526989260224773e-05,
WEG GOODWE APSYSTEMS,WEG(GOODWE/ APSYSTEMS),1,10.84,2.1526989260224773e-05,
INVERSOR SUNGROW MICRO INVERSOR SAJ,Inversor: SUNGROW; Micro Inversor: SAJ,1,10.83,2.1507130414043757e-05,
ZHENZHEN ZHENZHEN,"ZHENZHEN, ZHENZHEN",1,10.8,2.1447553875500697e-05,
GEP3 6 1 10,GEP3.6-1-10,2,10.8,2.1447553875500697e-05,
TSM 410DE15M II,TSM-410DE15M(II),1,10.8,2.1447553875500697e-05,
AISWEI NEW ENERGY TECHNOLOGY JIANGSU CO LTD,AISWEI NEW ENERGY TECHNOLOGY(JIANGSU)CO.LTD,1,10.8,2.1447553875500697e-05,
NERGY PLUS,NERGY PLUS,1,10.8,2.1447553875500697e-05,
SHENZEN SOFA,SHENZEN SOFA,2,10.8,2.1447553875500697e-05,
ASN 3 6KSL PLUS,"2081 - ASN-3,6KSL-PLUS",3,10.8,2.1447553875500697e-05,
MIC,MIC,4,10.8,2.1447553875500697e-05,
MICROINVERSOR HOMILES,Microinversor Homiles,1,10.8,2.1447553875500697e-05,
HOYRRILES,HOYRRILES,1,10.8,2.1447553875500697e-05,
RSM144 6 405P,RSM144-6-405P,1,10.8,2.1447553875500697e-05,
HMS1800,HMS1800,2,10.8,2.1447553875500697e-05,
HAYMILLES,haymilles,1,10.8,2.1447553875500697e-05,
3XDEYE,3XDEYE,1,10.8,2.1447553875500697e-05,
JKM400M 6TL4 V,JKM400M-6TL4-V,3,10.8,2.1447553875500697e-05,
DHM 72L9 450WAPSYSTEMS,DHM-72L9-450WAPSYSTEMS,3,10.8,2.1447553875500697e-05,
AAUXSOL,AAUXSOL,2,10.8,2.1447553875500697e-05,
DHM 72L9 450WBELENERGY,DHM-72L9-450WBELENERGY,1,10.8,2.1447553875500697e-05,
FRONIUS DEYE HOYMILES,FRONIUS + DEYE + HOYMILES,1,10.79,2.1427695029319677e-05,
MICRO BEL ENERGY PLUS,MICRO BEL ENERGY PLUS,2,10.73,2.1308541952233565e-05,
B BPOWER SF3KTN,B&BPOWER/SF3KTN,2,10.72,2.1288683106052545e-05,
1XDEYE SUN 15K G03,1XDEYE SUN 15K-G03,1,10.72,2.1288683106052545e-05,
1XSOFAR SOLAR 6KTLM G2,1XSOFAR SOLAR//6KTLM-G2,1,10.72,2.1288683106052545e-05,
BEYE,BEYE,2,10.72,2.1288683106052545e-05,
RENOGIVI RENO 7 7K,RENOGIVI / RENO 7.7K,2,10.7,2.1248965413690505e-05,
FRONUS SOLAR PRIMO 3 0 1,FRONUS SOLAR PRIMO 3.0-1,1,10.7,2.1248965413690505e-05,
ECSOLYS,ECSOLYS,2,10.7,2.1248965413690505e-05,
CHSM72M HC 555W,CHSM72M-HC-555W,1,10.7,2.1248965413690505e-05,
1X SOLIS 1X TSUNESS,(1X)SOLIS/(1X)TSUNESS,1,10.7,2.1248965413690505e-05,
01,01,2,10.7,2.1248965413690505e-05,
28 00,"28,00",2,10.690000000000001,2.122910656750949e-05,
SMA SOLAR TCHNOLOGY,SMA SOLAR TCHNOLOGY,3,10.68,2.1209247721328466e-05,
RENOVIGI B B POWER SOLIS SOLIS S5 GR3P12K,RENOVIGI/B&B Power/SOLIS - Solis-S5-GR3P12K,1,10.68,2.1209247721328466e-05,
GROWATT SHENZEN SOFAR,GROWATT / SHENZEN SOFAR,2,10.68,2.1209247721328466e-05,
FOXCESS,FOXCESS,3,10.68,2.1209247721328466e-05,
AMERICA SOLAR,AMERICA SOLAR,4,10.67,2.1189388875147446e-05,
JY410M6 FS 9,JY410M6-FS-9,1,10.66,2.116953002896643e-05,
TSM DEG15M II 410W,TSM-DEG15M(II)-410W,1,10.66,2.116953002896643e-05,
GROWAT MIN,GROWAT MIN,2,10.66,2.116953002896643e-05,
ZSHINE,ZSHINE,2,10.65,2.114967118278541e-05,
ZXP6 72 330 P,ZXP6-72-330/P,3,10.64,2.1129812336604393e-05,
RENIVIGI RENO560,RENIVIGI RENO560,1,10.64,2.1129812336604393e-05,
INTE LBRAS,Inte lbras,1,10.62,2.109009464424235e-05,
DHM 72L9 BF450W,DHM-72L9/BF450W,1,10.6,2.1050376951880314e-05,
GROWATT REFUSOL DEYE,GROWATT + REFUSOL + DEYE,1,10.6,2.1050376951880314e-05,
SAJ 47 INTELBRAS,15 - SAJ / 47 - INTELBRAS,1,10.6,2.1050376951880314e-05,
APSYSTEMS APSYSTEMS DEYE,APSYSTEMS / APSYSTEMS / DEYE,1,10.6,2.1050376951880314e-05,
AMPHASE,AMPHASE,1,10.6,2.1050376951880314e-05,
EGT9000PRO,EGT9000PRO,1,10.6,2.1050376951880314e-05,
WEG SIW500H ST012 HUAWEI,WEG - SIW500H - ST012 / HUAWEI -,1,10.56,2.0970941567156238e-05,
FOFAR,FOFAR,2,10.56,2.0970941567156238e-05,
HMS 2000DW,HMS-2000DW,1,10.56,2.0970941567156238e-05,
UAXSOL,UAXSOL,2,10.559999999999999,2.0970941567156234e-05,
R6 6K S3 18,2014 - R6-6K-S3-18,2,10.559999999999999,2.0970941567156234e-05,
INVERSOR SHENZHEN SENERGY TECHNOLOGY MICRO INVERSOR,Inversor: SHENZHEN SENERGY TECHNOLOGY; Micro Inversor:,2,10.55,2.095108272097522e-05,
CSI 10KTL1P GI FL 1390 R5 6K S2 15,383 - CSI-10KTL1P-GI-FL;1390 - R5-6K-S2-15,1,10.53,2.0911365028613178e-05,
INVERSOR AFORE NEW ENERGY MICRO INVERSOR,Inversor: Afore New Energy ; Micro Inversor:,3,10.52,2.0891506182432162e-05,
YD P6D 36 SERIES,YD P6D-36 SERIES,1,10.5,2.0851788490070122e-05,
HYPONTEC HPS10500,HYPONTEC HPS10500,1,10.5,2.0851788490070122e-05,
YPONTEC,YPONTEC,1,10.5,2.0851788490070122e-05,
KH10 5AFC,KH10.5AFC,1,10.5,2.0851788490070122e-05,
WEG HUAWEI S,WEG / HUAWEI S,1,10.5,2.0851788490070122e-05,
ONTECH,ONTECH,1,10.5,2.0851788490070122e-05,
105KTLM G3,105KTLM-G3,1,10.5,2.0851788490070122e-05,
YPONTCH,YPONTCH,1,10.5,2.0851788490070122e-05,
GESOLAS,Gesolas,1,10.5,2.0851788490070122e-05,
TSUNESS HOYMILES APSYSTEM,"Tsuness, Hoymiles, Apsystem",1,10.5,2.0851788490070122e-05,
S0FAR,S0FAR,2,10.5,2.0851788490070122e-05,
1XGROWATT NEW ENERGY 10500MTLP S,1XGROWATT NEW ENERGY//10500MTLP-S,1,10.5,2.0851788490070122e-05,
335W EMSZ 335P DG,335W EMSZ-335P DG,1,10.5,2.0851788490070122e-05,
RSM120 8 605MSOFAR,RSM120-8-605MSOFAR,1,10.5,2.0851788490070122e-05,
RS8I 560 M F30,RS8I 560 M-F30,1,10.5,2.0851788490070122e-05,
AMERISOLAR AS 7M144,Amerisolar AS-7M144-,2,10.5,2.0851788490070122e-05,
VERTYS TRENAC,VERTYS TRENAC,1,10.5,2.0851788490070122e-05,
DEYE 108 SAJ,121 - DEYE 108 - SAJ,1,10.5,2.0851788490070122e-05,
INVERSOR 105KTLM G3,INVERSOR 105KTLM-G3,1,10.5,2.0851788490070122e-05,
64,64,1,10.5,2.0851788490070122e-05,
SHENZHEN SOFARSOLAR CO 10 5KTLM G3,Shenzhen SOFARSOLAR Co - 10.5KTLM-G3,1,10.5,2.0851788490070122e-05,
SUN M225G4 EU Q0 1390 R5 6K S2 15,1727 - SUN-M225G4-EU-Q0;1390 - R5-6K-S2-15,1,10.5,2.0851788490070122e-05,
1XHOYMILES MI15000 220V,1XHOYMILES//MI15000-220V,1,10.5,2.0851788490070122e-05,
SIW200G M10 5,"SIW200G M10,5",1,10.5,2.0851788490070122e-05,
LUMISOL,LUMISOL,2,10.5,2.0851788490070122e-05,
HPS 10500,1254 - HPS-10500,1,10.5,2.0851788490070122e-05,
GROWATT SOFAR MIC 3000TL X SOFAR 7 5KTLM,GROWATT + SOFAR*MIC 3000TL-X + SOFAR 7.5KTLM,1,10.5,2.0851788490070122e-05,
MICROINVERSORHOMILES,MicroinversorHomiles,1,10.5,2.0851788490070122e-05,
SOFARV,SOFARV,1,10.5,2.0851788490070122e-05,
HYPOTECH HPS 10500T,HYPOTECH HPS-10500T,1,10.5,2.0851788490070122e-05,
SENSOLAR,SENSOLAR,3,10.5,2.0851788490070122e-05,
SSOFARUA SOLAR,SSOFARUA SOLAR,1,10.5,2.0851788490070122e-05,
SUZHOU HYPOMTECH CO,SUZHOU HYPOMTECH Co,1,10.5,2.0851788490070122e-05,
SFM18 144555,SFM18/144555,1,10.5,2.0851788490070122e-05,
FRONIUS TSUNESS,FRONIUS | TSUNESS,1,10.5,2.0851788490070122e-05,
HYNPONTECH HPS 10500T,HYNPONTECH HPS-10500T,1,10.5,2.0851788490070122e-05,
HYPONTECHSAJ,HYPONTECHSAJ,1,10.5,2.0851788490070122e-05,
NANSEN E TSUN,NANSEN E TSUN,1,10.5,2.0851788490070122e-05,
HYPON TECHM,HYPON TECHM,1,10.5,2.0851788490070122e-05,
WEGSOLAR,WEGSOLAR,1,10.5,2.0851788490070122e-05,
10 50,"10,50",1,10.5,2.0851788490070122e-05,
DEP,DEP,2,10.47,2.0792211951527066e-05,
SMA SB 2 5 1VL 40 E,SMA/ SB 2.5-1VL-40 e,2,10.46,2.0772353105346046e-05,
RENO 5KPLUS,RENO-5KPLUS,2,10.45,2.0752494259165023e-05,
LEVDANCE,LEVDANCE,2,10.45,2.0752494259165023e-05,
NINGBO AUSTA,NINGBO AUSTA,2,10.440000000000001,2.073263541298401e-05,
BEDINSOLR,BEDINSOLR,3,10.43,2.0712776566802986e-05,
20 00,"20,00",3,10.42,2.069291772062197e-05,
KEHA,KEHA,2,10.4,2.0653200028259934e-05,
64049650,64049650,1,10.4,2.0653200028259934e-05,
HEHUA TECH,HEHUA TECH |,3,10.4,2.0653200028259934e-05,
SOLISA,SOLISA,2,10.4,2.0653200028259934e-05,
2 HOYMILES 1 SOLIS,2 HOYMILES 1 SOLIS,1,10.4,2.0653200028259934e-05,
ODA 40036M,ODA-40036M,2,10.4,2.0653200028259934e-05,
SOLSIST SOLUCOES ENGENHARIA,Solsist Soluções Engenharia,2,10.370000000000001,2.0593623489716874e-05,
REWFUSOL,REWFUSOL,2,10.370000000000001,2.0593623489716874e-05,
1XHUWAE SUN2000,1XHUWAE SUN2000-,1,10.35,2.0553905797354834e-05,
PHK335 36,PHK335-36,3,10.34,2.0534046951173815e-05,
QMNIK,QMNIK,3,10.32,2.0494329258811778e-05,
ROMAGNOLE,Romagnole,1,10.3,2.0454611566449742e-05,
LPLANET,LPLANET,2,10.3,2.0454611566449742e-05,
2,2,3,10.3,2.0454611566449742e-05,
GROWATY,GROWATY,2,10.29,2.043475272026872e-05,
5500MTL S 5KW,2 - 5500MTL-S (5KW),2,10.280000000000001,2.0414893874087702e-05,
32 00,"32,00",2,10.280000000000001,2.0414893874087702e-05,
B B POWER SF12000TL,B&B Power SF12000TL,1,10.26,2.037517618172566e-05,
M2 2 25K S4 1908 S6 GR1P8K2,1759 - M2-2.25K-S4;1908 - S6-GR1P8K2,1,10.26,2.037517618172566e-05,
HUAWEI 121 DEYE,124 - HUAWEI 121 - DEYE,1,10.25,2.0355317335544643e-05,
SOLAR ENERGY DO BRASIL SE TL2K,Solar Energy do Brasil SE-TL2K,4,10.25,2.0355317335544643e-05,
SOLISQ,SOLISQ,2,10.24,2.0335458489363623e-05,
BEDIN SOLAR REFUSOL,Bedin Solar; REFUsol,1,10.22,2.0295740797001586e-05,
ARSYSTEM,Arsystem,2,10.2,2.0256023104639547e-05,
1XKOMECO KOFV IN 12KW,1XKOMECO KOFV IN 12KW,1,10.2,2.0256023104639547e-05,
SOLIS KEHUA TECH,SOLIS|KEHUA TECH,1,10.19,2.0236164258458527e-05,
FOFAR SOLAR,FOFAR SOLAR,2,10.14,2.0136870027553434e-05,
JKM410PP 72 V,JKM410PP-72-V,2,10.1,2.0057434642829355e-05,
ECCOSOLYS,ECCOSOLYS,1,10.1,2.0057434642829355e-05,
NASEN GROWAT,NASEN/GROWAT,1,10.1,2.0057434642829355e-05,
HHYPONTECH HSP 10500 T,HHYPONTECH HSP-10500-T,1,10.08,2.001771695046732e-05,
HUAWEI SUNGROW GROWATT,HUAWEI / SUNGROW / GROWATT,1,10.08,2.001771695046732e-05,
HAUWA,HAUWA,1,10.07,1.99978581042863e-05,
DEYE SUN 2000G RENOVIGI RENO 5K,DEYE|SUN-2000G / RENOVIGI|RENO-5K,1,10.06,1.997799925810528e-05,
DEYE WEG SMA,DEYE / WEG / SMA,1,10.05,1.995814041192426e-05,
OMNIK OMNIKSOL,Omnik Omniksol,3,10.04,1.993828156574324e-05,
SE6000H,SE6000H,2,10.03,1.991842271956222e-05,
JKM575N 72HL4,JKM575N-72HL4,2,10.02,1.9898563873381203e-05,
TSM DE 17M 455,TSM-DE-17M-455,1,10.01,1.9878705027200183e-05,
MODULO MONOCRISTALINO 445 WP,Módulo Monocristalino 445 Wp,2,10.01,1.9878705027200183e-05,
ODA 555 36V MH,ODA-555-36V-MH,1,10.0,1.9858846181019163e-05,
SMA 5KW,SMA 5KW,1,10.0,1.9858846181019163e-05,
SMA B B,SMA;B&B,1,10.0,1.9858846181019163e-05,
HOYMILLES E PRIMO,HOYMILLES E PRIMO,1,10.0,1.9858846181019163e-05,
SUN MICRO,SUN Micro,1,10.0,1.9858846181019163e-05,
CRIOWATT,CRIOWATT,1,10.0,1.9858846181019163e-05,
GROWATT FRONIUS INTERNATIONAL,GROWATT // FRONIUS INTERNATIONAL,1,10.0,1.9858846181019163e-05,
KSG 5K SM,KSG-5K-SM,1,10.0,1.9858846181019163e-05,
KSG 5KDM,KSG-5KDM,1,10.0,1.9858846181019163e-05,
DAH SOLARX,DAH SOLARX,1,10.0,1.9858846181019163e-05,
DAHSOALR,DAHSOALR,1,10.0,1.9858846181019163e-05,
SHNEIDER ELECTRIC,Shneider Electric,1,10.0,1.9858846181019163e-05,
DC SOLAR,DC SOLAR,1,10.0,1.9858846181019163e-05,
GROWATTMIN 5000TL X,GROWATTMIN 5000TL-X,2,10.0,1.9858846181019163e-05,
SMA DEYR,SMA|DEYR,1,10.0,1.9858846181019163e-05,
GROWATTMIN10000TL,GROWATTMIN10000TL,1,10.0,1.9858846181019163e-05,
SUNGROW DEYE 2 SUNGROW 1,Sungrow+DEYE (2) + SUNGROW (1),1,10.0,1.9858846181019163e-05,
KOPP KUARA 5 0 2 S,KOPP KUARA 5.0-2-S,2,10.0,1.9858846181019163e-05,
SUNGROW FRONIUS INTERNATIONAL,SUNGROW ; FRONIUS INTERNATIONAL,1,10.0,1.9858846181019163e-05,
SIW INVERSORES STRING WE,siw - inversores string - WE,1,10.0,1.9858846181019163e-05,
GROWATT DEYE SUN,GROWATT/ DEYE SUN,1,10.0,1.9858846181019163e-05,
GROWATT 239 SOFAR,197 - GROWATT / 239 - SOFAR,1,10.0,1.9858846181019163e-05,
HUAWEAI,HUAWEAI,1,10.0,1.9858846181019163e-05,
AMERISOL,AMERISOL,1,10.0,1.9858846181019163e-05,
SUNNY BOY SOLAR INVERTER SMA,SUNNY BOY SOLAR INVERTER SMA,1,10.0,1.9858846181019163e-05,
ALSYS,ALSYS,1,10.0,1.9858846181019163e-05,
HUAWEI 106 SOLIS,124 - HUAWEI 106 - SOLIS,1,10.0,1.9858846181019163e-05,
ANEEL,ANEEL,1,10.0,1.9858846181019163e-05,
ANTRONERGY,Antronergy,1,10.0,1.9858846181019163e-05,
KLIMA AR CONDICIONADO,Klima Ar Condicionado,1,10.0,1.9858846181019163e-05,
GROWATTMODELO DO INVERSORGROWATT MIN10000TL,GROWATTMODELO DO INVERSORGROWATT MIN10000TL,1,10.0,1.9858846181019163e-05,
SUN 5K G05 P1 EU AM2,SUN-5K-G05 P1-EU-AM2,2,10.0,1.9858846181019163e-05,
SMA HOYMILE S,SMA/HOYMILE S,1,10.0,1.9858846181019163e-05,
SUNNY BOY 1300TL,SUNNY BOY 1300TL,1,10.0,1.9858846181019163e-05,
OMNKISOL,omnkisol,1,10.0,1.9858846181019163e-05,
SUNPOWER,SUNPOWER,1,10.0,1.9858846181019163e-05,
SHENZHEN GROY WATT NEW ENERG,SHENZHEN GROY WATT NEW ENERG,1,10.0,1.9858846181019163e-05,
ONMIK SOLAR,Onmik Solar,1,10.0,1.9858846181019163e-05,
OPEN RENEWABLES,Open Renewables,1,10.0,1.9858846181019163e-05,
OPHB,OPHB,1,10.0,1.9858846181019163e-05,
KEHUA APSYSTEMS,KEHUA APSYSTEMS,1,10.0,1.9858846181019163e-05,
SMA SB5 0 1AV 40,SMA SB5.0-1AV-40,2,10.0,1.9858846181019163e-05,
LIVOLLTEK,Livolltek,1,10.0,1.9858846181019163e-05,
SUN 5K,SUN-5K,1,10.0,1.9858846181019163e-05,
CP18 72HT560W,CP18-72HT560W,1,10.0,1.9858846181019163e-05,
CPS CPS SCA10KTL PSM EU,CPS CPS SCA10KTL-PSM/EU,1,10.0,1.9858846181019163e-05,
CPS SCA10KTL PS,CPS SCA10KTL-PS,1,10.0,1.9858846181019163e-05,
GROWATYT,GROWATYT,1,10.0,1.9858846181019163e-05,
HUAWEI WEG SUN2000L 5KTL SIW300H M050,HUAWEI/WEG-SUN2000L-5KTL(SIW300H M050),2,10.0,1.9858846181019163e-05,
DEYERSUM,DEYERSUM,1,10.0,1.9858846181019163e-05,
SG9 0 10RS L,SG9.0|10RS-L,1,10.0,1.9858846181019163e-05,
OURLUX,ourlux,1,10.0,1.9858846181019163e-05,
GROWAT MIN 10KTL X,GROWAT MIN 10KTL-X,1,10.0,1.9858846181019163e-05,
PAINEL SOLAR NPLUS,PAINEL SOLAR NPLUS,1,10.0,1.9858846181019163e-05,
SG6 0RS L 1630 SG4 0RS L,1599 - SG6.0RS-L;1630 - SG4.0RS-L,1,10.0,1.9858846181019163e-05,
DEYESUN 10K G,DEYESUN 10K G,1,10.0,1.9858846181019163e-05,
HUAWEISUNGROW,HUAWEISUNGROW,1,10.0,1.9858846181019163e-05,
SUNPLANET,Sunplanet,2,10.0,1.9858846181019163e-05,
ORIZON ORI PLUS 10K,Orizon / Ori Plus 10K,1,10.0,1.9858846181019163e-05,
ORIZON R5 10K T2,ORIZON / R5-10K-T2,1,10.0,1.9858846181019163e-05,
HOYMILESMO,hoymilesmo,1,10.0,1.9858846181019163e-05,
NEXEN ELGIN,NEXEN ; ELGIN,1,10.0,1.9858846181019163e-05,
SO PLANET,SO PLANET,1,10.0,1.9858846181019163e-05,
CHIINT POWER,CHIINT POWER,1,10.0,1.9858846181019163e-05,
JKM550M,JKM550M-,1,10.0,1.9858846181019163e-05,
SYMO 10 0,SYMO 10.0,1,10.0,1.9858846181019163e-05,
GROWALT MIN 10000 TL X,GROWALT MIN 10000 TL-X,1,10.0,1.9858846181019163e-05,
GROWALTT 10KW,GROWALTT 10KW,1,10.0,1.9858846181019163e-05,
PAINEL SOLAR,PAINEL SOLAR,1,10.0,1.9858846181019163e-05,
SMA TECHNOLOCIE,SMA TECHNOLOCIE,2,10.0,1.9858846181019163e-05,
ASTRO570W,ASTRO570W,1,10.0,1.9858846181019163e-05,
LIVOLTEK X GROWATT,LIVOLTEK x Growatt,1,10.0,1.9858846181019163e-05,
AFORE ENERGY,AFORE ENERGY,1,10.0,1.9858846181019163e-05,
HUYMILES,Huymiles,2,10.0,1.9858846181019163e-05,
HY M10 144550W,HY-M10/144550w,1,10.0,1.9858846181019163e-05,
SUNWAYS 10K,SunWays 10K,1,10.0,1.9858846181019163e-05,
SUNWAYS 15KW,SunWays 15kw,1,10.0,1.9858846181019163e-05,
CENTRAL RENO,central reno,2,10.0,1.9858846181019163e-05,
SOFAR 4 SUNGROW,34 - SOFAR / 4 - SUNGROW,1,10.0,1.9858846181019163e-05,
SUGROW SG10 0RS,"SUGROW SG10,0RS",1,10.0,1.9858846181019163e-05,
SUMGROW SG10RS,SUMGROW SG10RS,1,10.0,1.9858846181019163e-05,
HYPONTE CH,HYPONTE CH,2,10.0,1.9858846181019163e-05,
TALMAX,TALMAX,1,10.0,1.9858846181019163e-05,
PHB RENAC,PHB / RENAC,1,10.0,1.9858846181019163e-05,
SG10 0RS S RS,SG10-0RS-S RS,1,10.0,1.9858846181019163e-05,
SG10KTL M,132 - SG10KTL-M,1,10.0,1.9858846181019163e-05,
SUNWAYS STS 10KTL,SUNWAYS STS-10KTL,1,10.0,1.9858846181019163e-05,
JKM555 565N 72HL4 V,JKM555-565N-72HL4-V,1,10.0,1.9858846181019163e-05,
LIVOLTEKGT1 10K D,LIVOLTEKGT1-10K-D,1,10.0,1.9858846181019163e-05,
HOYMILES AUXSOL TSUNESS,HOYMILES/AUXSOL/TSUNESS,1,10.0,1.9858846181019163e-05,
SUN 10KG02P1 EU,SUN 10KG02P1 EU,1,10.0,1.9858846181019163e-05,
GROWTATT,GROWTATT,2,10.0,1.9858846181019163e-05,
AUGUSTA,AUGUSTA,1,10.0,1.9858846181019163e-05,
HOY ILES,"HOY,ILES",2,10.0,1.9858846181019163e-05,
GT1 GT1 10K D,GT1 GT1-10K-D,1,10.0,1.9858846181019163e-05,
NANASEN SOLAR,NANASEN SOLAR,1,10.0,1.9858846181019163e-05,
PHB5000D NS 5KW,PHB5000D-NS-5kW,2,10.0,1.9858846181019163e-05,
PHB5000T,PHB5000T,2,10.0,1.9858846181019163e-05,
TECHOPWER,techopwer,1,10.0,1.9858846181019163e-05,
GRIWTT,GRIWTT/,1,10.0,1.9858846181019163e-05,
SERRANA SUNUNO PLUS 5K M,SERRANA - SUNUNO PLUS 5K-M,2,10.0,1.9858846181019163e-05,
DH,DH,1,10.0,1.9858846181019163e-05,
DHM 72L9 440W,DHM-72L9-440W,2,10.0,1.9858846181019163e-05,
GROWAAT MIN 10000TL X,GROWAAT MIN-10000TL-X,1,10.0,1.9858846181019163e-05,
GROWAITGROWAIT,GROWAITGROWAIT,1,10.0,1.9858846181019163e-05,
DEYO,DEYO,2,10.0,1.9858846181019163e-05,
SG10RS L 220V 3MPPT,SG10RS-L - 220V - 3MPPT,1,10.0,1.9858846181019163e-05,
GT1 10KT2,GT1-10KT2,1,10.0,1.9858846181019163e-05,
AW MIP2 5,AW-MIP2.5,1,10.0,1.9858846181019163e-05,
NAC10KDT,NAC10KDT,1,10.0,1.9858846181019163e-05,
GUANGZHOU SANJING TDA,GUANGZHOU SANJING TDA,1,10.0,1.9858846181019163e-05,
SB4 0 1AV 41,SB4.0-1AV-41,1,10.0,1.9858846181019163e-05,
EACH ENERGY ES10K M1,EACH ENERGY ES10K-M1,1,10.0,1.9858846181019163e-05,
EACH ENRGY,each enrgy,1,10.0,1.9858846181019163e-05,
TOURIGA SOLAR,TOURIGA SOLAR,1,10.0,1.9858846181019163e-05,
EA5KSI,EA5KSI,2,10.0,1.9858846181019163e-05,
TECH POWE,TECH POWE,2,10.0,1.9858846181019163e-05,
DHN,DHN-,1,10.0,1.9858846181019163e-05,
DHN 66Z216 DG FS 610W,DHN-66Z216/DG/FS-610W,1,10.0,1.9858846181019163e-05,
DHN 72R18 610W MONO,DHN-72R18-610W MONO	,1,10.0,1.9858846181019163e-05,
TALESUN TSM472H 550,TALESUN | TSM472H-550,1,10.0,1.9858846181019163e-05,
SOFAR SOLAR GROWATT E SOFAR E DEYE,SOFAR SOLAR/GROWATT E SOFAR E DEYE,1,10.0,1.9858846181019163e-05,
CANADENSE,Canadense,1,10.0,1.9858846181019163e-05,
SS 585 66MDH G13 T,SS-585-66MDH G13(T),1,10.0,1.9858846181019163e-05,
SSOLIS S5 GR1P10K,SSOLIS S5-GR1P10K,1,10.0,1.9858846181019163e-05,
LP182 182 M 78 MH 590,LP182*182-M-78-MH-590,1,10.0,1.9858846181019163e-05,
BYDSOLAR,BYDSOLAR,1,10.0,1.9858846181019163e-05,
GOODWESOLAR,GOODWESOLAR,1,10.0,1.9858846181019163e-05,
JINKO JKM550M60HL 4 V 550W TIGER PRO MONO,JINKO JKM550M60HL 4-V 550W TIGER PRO MONO,1,10.0,1.9858846181019163e-05,
TRINA SOLAR QCELLS,TRINA SOLAR//QCELLS//,1,10.0,1.9858846181019163e-05,
SANGROW SG10RS,SANGROW SG10RS,1,10.0,1.9858846181019163e-05,
GOODWWE,GOODWWE,1,10.0,1.9858846181019163e-05,
GOORDWER,GOORDWER,1,10.0,1.9858846181019163e-05,
EACH ENERFY,EACH ENERFY,2,10.0,1.9858846181019163e-05,
SCHUTTEN,Schutten,2,10.0,1.9858846181019163e-05,
NANSENASN 10 SL,NANSENASN 10-SL,1,10.0,1.9858846181019163e-05,
HOQMILES,HOQMILES,1,10.0,1.9858846181019163e-05,
GW 10K MS 30,GW 10K-MS-30,1,10.0,1.9858846181019163e-05,
GW10K DT,GW10K-DT,1,10.0,1.9858846181019163e-05,
GW10KMS,GW10KMS,1,10.0,1.9858846181019163e-05,
SOFARMOD,sofarmod ,2,10.0,1.9858846181019163e-05,
5KTLM G3 PRIMO 5,5KTLM-G3 /PRIMO 5,1,10.0,1.9858846181019163e-05,
5X AP SYSTEMS,(5x) AP SYSTEMS,1,10.0,1.9858846181019163e-05,
HYX IPOWER,HYX IPOWER,1,10.0,1.9858846181019163e-05,
SAJA SOLAR,SAJA SOLAR,1,10.0,1.9858846181019163e-05,
PLANET SOLAR,PLANET SOLAR,1,10.0,1.9858846181019163e-05,
EAST SOLAR,EAST SOLAR,2,10.0,1.9858846181019163e-05,
EAEST,EAEST,1,10.0,1.9858846181019163e-05,
EAST EA3KSI EA7KSI,EAST EA3KSI/EA7KSI,1,10.0,1.9858846181019163e-05,
SOFAR SOLAR FRONIUS SOLAR,"SOFAR SOLAR, FRONIUS SOLAR",1,10.0,1.9858846181019163e-05,
B B POWER 5KTN E SOLIS 1P5K 4G E RENOVIGI,B&B POWER / 5KTN e SOLIS / 1P5K-4G e RENOVIGI -,1,10.0,1.9858846181019163e-05,
LR 5 72 HPH545M,LR 5-72 HPH545M,2,10.0,1.9858846181019163e-05,
HOPESUN 10KTL L,HOPESUN 10KTL-L,1,10.0,1.9858846181019163e-05,
SPECSHEET,specsheet,1,10.0,1.9858846181019163e-05,
ECOSOLYES,ECOSOLYES,1,10.0,1.9858846181019163e-05,
SAJ GOODWE TSUN,SAJ / GOODWE / TSUN,1,10.0,1.9858846181019163e-05,
JFY OMINIK,JFY/OMINIK,1,10.0,1.9858846181019163e-05,
JFY SUNTRE,JFY-SUNTRE,1,10.0,1.9858846181019163e-05,
JHSOLAR,JHSOLAR,1,10.0,1.9858846181019163e-05,
TSM 400 DE15H II,TSM-400 DE15H(II),2,10.0,1.9858846181019163e-05,
GOODWEGROWATT,GOODWEGROWATT,1,10.0,1.9858846181019163e-05,
540MLK 3,540MLK-3,1,10.0,1.9858846181019163e-05,
JINKO SOLAR JKM400M 72H V,JINKO SOLAR JKM400M-72H-V,2,10.0,1.9858846181019163e-05,
BYD335P6K 36,BYD335P6K-36,1,10.0,1.9858846181019163e-05,
SS 460 60MDH,SS-460-60MDH,1,10.0,1.9858846181019163e-05,
GOODWE SOLAR 298 DEYE,280 - GOODWE SOLAR / 298 - DEYE,1,10.0,1.9858846181019163e-05,
ECOSOLIYS,ECOSOLIYS,1,10.0,1.9858846181019163e-05,
ECOSOLORYS,EcoSolorys,1,10.0,1.9858846181019163e-05,
SOLIS DEYE INVERSORES,SOLIS / DEYE INVERSORES,1,10.0,1.9858846181019163e-05,
SP N16 144HG,SP-N16/144HG	,1,10.0,1.9858846181019163e-05,
BS5K,BS5K,1,10.0,1.9858846181019163e-05,
SOFER SOLAR,SOFER SOLAR,1,10.0,1.9858846181019163e-05,
GOODWAY,GOODWAY,1,10.0,1.9858846181019163e-05,
TSM DE15MII,TSM-DE15MII,2,10.0,1.9858846181019163e-05,
JAM72S30 535MR,JAM72S30-535MR,3,10.0,1.9858846181019163e-05,
JAM72S30 545MR,JAM72S30-545MR,2,10.0,1.9858846181019163e-05,
TSM DE17M II 455,TSM-DE17M(II) 455,2,10.0,1.9858846181019163e-05,
TSM DE17M TSM DE17M TSM DE17M,TSM-DE17M | TSM-DE17M | TSM-DE17M,1,10.0,1.9858846181019163e-05,
006030 2021,006030/2021,2,10.0,1.9858846181019163e-05,
PHN SOLAR,PHN SOLAR,1,10.0,1.9858846181019163e-05,
SOFARSOFARSOFARSOFAR,SOFARSOFARSOFARSOFAR,1,10.0,1.9858846181019163e-05,
RENAVIGI,RENAVIGI,1,10.0,1.9858846181019163e-05,
SOLTPLANET,SOLTPLANET,2,10.0,1.9858846181019163e-05,
B B POWERT,B&B Powert,1,10.0,1.9858846181019163e-05,
LUXEN LNVT 505M,LUXEN LNVT-505M,1,10.0,1.9858846181019163e-05,
B P POWER,B&P POWER,1,10.0,1.9858846181019163e-05,
EEG,EEG,2,10.0,1.9858846181019163e-05,
S6 GR1P5K 3 5000MTL S,887 - S6-GR1P5K;3 - 5000MTL-S,1,10.0,1.9858846181019163e-05,
TSM DE18M II 500,TSM-DE18M(II)-500,1,10.0,1.9858846181019163e-05,
JAM72S01 375 PR,JAM72S01-375/PR,1,10.0,1.9858846181019163e-05,
INMETRO CERTIFICATE,Inmetro Certificate,2,10.0,1.9858846181019163e-05,
INNOVA ENERGY,INNOVA ENERGY,2,10.0,1.9858846181019163e-05,
ECOSOLYSL,ECOSOLYSL,1,10.0,1.9858846181019163e-05,
EGT 10000 PRO G2,EGT 10000 PRO G2,1,10.0,1.9858846181019163e-05,
EGT 10000 PRO G2 10KW,895 - EGT 10000 PRO G2 10KW,1,10.0,1.9858846181019163e-05,
TSM PE15H 350,TSM-PE15H-350,1,10.0,1.9858846181019163e-05,
TSM DE15M 410C,TSM-DE15M/410c,1,10.0,1.9858846181019163e-05,
GOODEWE GW10K MS,GOODEWE - GW10K-MS,1,10.0,1.9858846181019163e-05,
PRO550WGROWATT,Pro550wGROWATT,1,10.0,1.9858846181019163e-05,
FOXSESS,FOXSESS,1,10.0,1.9858846181019163e-05,
SOLPLNAET 10K,SOLPLNAET 10K,1,10.0,1.9858846181019163e-05,
MONO HALF CELL 440W,MONO HALF-CELL 440W,2,10.0,1.9858846181019163e-05,
MONO HALF JAM72S30 550 MR 550 W,Mono Half - JAM72S30-550 MR 550 W,1,10.0,1.9858846181019163e-05,
MONO OSDA 400W,MONO OSDA 400W,1,10.0,1.9858846181019163e-05,
MONO PERC RISEN HALF CELL,Mono-perc Risen Half-Cell,1,10.0,1.9858846181019163e-05,
SOJA,SOJA,1,10.0,1.9858846181019163e-05,
MODULO 435WP MONO HC JKM435M 6TL4 V JINKO PROMO,- MODULO 435WP - MONO - HC (JKM435M-6TL4-V) JINKO - PROMO,2,10.0,1.9858846181019163e-05,
BALFAR SOLLAR,BALFAR Sollar,1,10.0,1.9858846181019163e-05,
JAM66D45 610 LB,JAM66D45-610/LB,1,10.0,1.9858846181019163e-05,
GLOWATT,GLOWATT,2,10.0,1.9858846181019163e-05,
S5 GR1P5K,S5-GR1P5K,1,10.0,1.9858846181019163e-05,
ELGI,ELGI,3,10.0,1.9858846181019163e-05,
REN OVIGI,Ren ovigi,1,10.0,1.9858846181019163e-05,
GINLONE,Ginlone,1,10.0,1.9858846181019163e-05,
RENOVICI,RENOVICI,2,10.0,1.9858846181019163e-05,
RENOVIFI,RENOVIFI,1,10.0,1.9858846181019163e-05,
BELEGERGY,BelEgergy,2,10.0,1.9858846181019163e-05,
BELENENERGY,BELENENERGY,2,10.0,1.9858846181019163e-05,
BEL2000G3 US 2000,BEL2000G3-US-2000,1,10.0,1.9858846181019163e-05,
BEL ENERRGY,BEL ENERRGY |,1,10.0,1.9858846181019163e-05,
HENZEN SOFA,HENZEN SOFA,1,10.0,1.9858846181019163e-05,
MIC2000TL X,MIC2000TL-X,5,10.0,1.9858846181019163e-05,
FRONIUS E SOFAR SOLAR,FRONIUS e SOFAR SOLAR,1,10.0,1.9858846181019163e-05,
FOX ESS SOLA,FOX ESS SOLA,2,10.0,1.9858846181019163e-05,
15 12 2022,15/12/2022,1,10.0,1.9858846181019163e-05,
FOX ESS SOLAR,FOX ESS SOLAR,1,10.0,1.9858846181019163e-05,
FRONIUS SHENZEN SOFAR,FRONIUS; SHENZEN SOFAR,1,10.0,1.9858846181019163e-05,
19 83,"19,83",1,10.0,1.9858846181019163e-05,
INVERSOR HOYMILLES MICRO INVERSOR,Inversor: HOYMILLES; Micro Inversor:,2,10.0,1.9858846181019163e-05,
INVTSOLIS,INVTSolis,1,10.0,1.9858846181019163e-05,
IONS 10K,1850 - IONS-10K,1,10.0,1.9858846181019163e-05,
IONS 10K M7,2015 - IONS-10K M7,1,10.0,1.9858846181019163e-05,
ELGIM ELGIM,ELGIM | ELGIM,1,10.0,1.9858846181019163e-05,
400M7K 36,400M7K-36,1,10.0,1.9858846181019163e-05,
430W ZXM6 NH144 MONO HALF CELL,430W - ZXM6-NH144 - Mono - Half Cell,1,10.0,1.9858846181019163e-05,
SOLPLANT ASW,SOLPLANT ASW,1,10.0,1.9858846181019163e-05,
BRDIN,BRDIN,1,10.0,1.9858846181019163e-05,
GWOATT,GWOATT,2,10.0,1.9858846181019163e-05,
BLS 5K,BLS 5K,2,10.0,1.9858846181019163e-05,
BLUE G5000D,BluE-G5000D,1,10.0,1.9858846181019163e-05,
RSM110 8 550M 550W,RSM110-8-550M 550W,1,10.0,1.9858846181019163e-05,
GINLONG TECHNOLO GIE,GINLONG TECHNOLO GIE,1,10.0,1.9858846181019163e-05,
ELOSOLYS,ELOSOLYS,1,10.0,1.9858846181019163e-05,
ELGIN PHB,ELGIN / PHB,1,10.0,1.9858846181019163e-05,
ELG580 M16NSO,ELG580-M16NSO,1,10.0,1.9858846181019163e-05,
BELENERGY INVSBE MO 220V 5KW,BELENERGY INVSBE-MO-220V-5KW,2,10.0,1.9858846181019163e-05,
RGT M 5K 220V,RGT-M 5K 220V,2,10.0,1.9858846181019163e-05,
INVSBE MO 220V 10KW,INVSBE-MO-220V-10KW,1,10.0,1.9858846181019163e-05,
UXOL,uxol,2,10.0,1.9858846181019163e-05,
RENOVIIGI,RENOVIIGI,2,10.0,1.9858846181019163e-05,
SOLFAR 10K,SOLFAR 10K,1,10.0,1.9858846181019163e-05,
ULICA ULICA UL 505M 132HV,ULICA ULICA UL-505M 132HV,1,10.0,1.9858846181019163e-05,
Q POWER L G5 365W,Q.Power L–G5 365W,1,10.0,1.9858846181019163e-05,
SOLFAR10KTLMG3,SOLFAR10KTLMG3,1,10.0,1.9858846181019163e-05,
RS8I 560M F30,RS8I-560M-F30,1,10.0,1.9858846181019163e-05,
TSUNESSE,TSUNESSE,1,10.0,1.9858846181019163e-05,
RISEN RSM144 6 410M,RISEN RSM144-6-410M,2,10.0,1.9858846181019163e-05,
RM 575W 182M 144TBSOLIS,RM-575W-182M/144TBSOLIS,1,10.0,1.9858846181019163e-05,
EMAPALUX,EMAPALUX,1,10.0,1.9858846181019163e-05,
MIN10000 TL X,MIN10000 TL-X,1,10.0,1.9858846181019163e-05,
SOLFAR10KTLMG32,SOLFAR10KTLMG32,1,10.0,1.9858846181019163e-05,
BENDINI,BENDINI,1,10.0,1.9858846181019163e-05,
ERA RC 66HD620M,ERA-RC-66HD620M,1,10.0,1.9858846181019163e-05,
INVERSOR ZNSHINE MICRO INVERSOR,Inversor: ZNSHINE; Micro Inversor:,1,10.0,1.9858846181019163e-05,
2XELGIN SUN 5K G,2XELGIN//SUN-5K-G,1,10.0,1.9858846181019163e-05,
2DEYE,2DEYE,1,10.0,1.9858846181019163e-05,
ERA RCC66HD600M 6,ERA-RCC66HD600M 6,1,10.0,1.9858846181019163e-05,
R5 10K T2,757 - R5-10K-T2,1,10.0,1.9858846181019163e-05,
10000,10000,1,10.0,1.9858846181019163e-05,
QXPV SOLAR,QXPV SOLAR,1,10.0,1.9858846181019163e-05,
MIN8000TLX,MIN8000TLX,1,10.0,1.9858846181019163e-05,
SOLPLANET ASW E GROWATT,SOLPLANET ASW e GROWATT,1,10.0,1.9858846181019163e-05,
SOLPLANET E 106 SOLIS,164 - SOLPLANET e 106 - SOLIS,1,10.0,1.9858846181019163e-05,
SOLPLANET E 15 SAJ,129 - SOLPLANET e 15 - SAJ,1,10.0,1.9858846181019163e-05,
10000TL3S,10000TL3S,1,10.0,1.9858846181019163e-05,
MIN 5000TL XH,1225 - MIN 5000TL-XH,2,10.0,1.9858846181019163e-05,
HANARSUN,HANARSUN,1,10.0,1.9858846181019163e-05,
MEDIN,MEDIN,1,10.0,1.9858846181019163e-05,
SOLPIANEI,SOLPIANEÍ,1,10.0,1.9858846181019163e-05,
MFVHO MO 120460W,MFVHO-MO-120460W,1,10.0,1.9858846181019163e-05,
MFVHO MO 132 665W,MFVHO-MO-132-665W,1,10.0,1.9858846181019163e-05,
RENOVIGI SOLIS RENO 5K PLUS 1P5K 4G,RENOVIGI (SOLIS)/RENO 5K PLUS (1P5K-4G),1,10.0,1.9858846181019163e-05,
GE GEP5,GE GEP5,2,10.0,1.9858846181019163e-05,
GE GEP5 0 1 30,GE GEP5.0-1-30,2,10.0,1.9858846181019163e-05,
GCL M10 72H 550WP,GCL M10/72H 550Wp,1,10.0,1.9858846181019163e-05,
WDC 10KTL G2,WDC|10KTL-G2,1,10.0,1.9858846181019163e-05,
GEROWATT,GEROWATT,1,10.0,1.9858846181019163e-05,
10KW,10kW,1,10.0,1.9858846181019163e-05,
BEDINSOLARSOLAR,BEDINSOLARSOLAR,1,10.0,1.9858846181019163e-05,
INVERSOR ON GRID 10KW IONS 10K M7,INVERSOR ON GRID 10KW IONS-10K M7,1,10.0,1.9858846181019163e-05,
MIN 10000TLX,MIN 10000TLX,1,10.0,1.9858846181019163e-05,
MIN 5000 TL X,MIN 5000 TL-X	,2,10.0,1.9858846181019163e-05,
10 08,"10,08",1,10.0,1.9858846181019163e-05,
SOLAR ONGRID INVERSOR SUN,Solar Ongrid Inversor Sun,1,10.0,1.9858846181019163e-05,
SOLAR PV,SOLAR PV,2,10.0,1.9858846181019163e-05,
FOXG,FOXG,1,10.0,1.9858846181019163e-05,
RENO PLUS,RENO PLUS,1,10.0,1.9858846181019163e-05,
G5K D,G5K-D,2,10.0,1.9858846181019163e-05,
RENOVIGI DEYE SUN,RENOVIGI     DEYE SUN,1,10.0,1.9858846181019163e-05,
ESM 5000,1303 - ESM-5000,2,10.0,1.9858846181019163e-05,
INVERSOR 5KLM G3,INVERSOR 5KLM-G3,2,10.0,1.9858846181019163e-05,
RENO RENO 10K,RENO/ RENO 10K,1,10.0,1.9858846181019163e-05,
RENOVIGIRENO 5K PLUS,RENOVIGIRENO 5K PLUS,2,10.0,1.9858846181019163e-05,
BENYI ELECTRICAL,BENYI ELECTRICAL,2,10.0,1.9858846181019163e-05,
SOLAR MAXX TECH SMT 10KW S,SOLAR MAXX TECH SMT-10KW-S,1,10.0,1.9858846181019163e-05,
SOLOIS,SOLOIS,1,10.0,1.9858846181019163e-05,
SOLPALNET A,SOLPALNET A,1,10.0,1.9858846181019163e-05,
HMS20004T,HMS20004T,2,10.0,1.9858846181019163e-05,
MECH POWER,MECH POWER,1,10.0,1.9858846181019163e-05,
WEG HUAWEI SIW200G M100,WEG / HUAWEI SIW200G M100,1,10.0,1.9858846181019163e-05,
INVERSOR MICRO INVERSOR TECHPOWER,Inversor: ; Micro Inversor: TECHPOWER,1,10.0,1.9858846181019163e-05,
SOLISCANADIAN,SOLISCANADIAN,1,10.0,1.9858846181019163e-05,
HL 144M 550W,HL-144M 550W,1,10.0,1.9858846181019163e-05,
BELENERGYA,belenergya,1,10.0,1.9858846181019163e-05,
MID10KTL3,MID10KTL3,1,10.0,1.9858846181019163e-05,
GROWATT00,Growatt00,1,10.0,1.9858846181019163e-05,
1XGROWATT EXISTENTE E 1XHOYMILES AMPLIACAO,1XGROWATT (EXISTENTE) E 1XHOYMILES (AMPLIAÇÃO),1,10.0,1.9858846181019163e-05,
EYE SUN 10K G,EYE SUN-10K-G,1,10.0,1.9858846181019163e-05,
FRONUS INVERSOR,FRONUS INVERSOR,1,10.0,1.9858846181019163e-05,
INVERSOR SUNGOW MICRO INVERSOR,Inversor: SUNGOW; Micro Inversor:,1,10.0,1.9858846181019163e-05,
VERTYS ESPHSC450M,VERTYS / ESPHSC450M,2,10.0,1.9858846181019163e-05,
GCL P6 72 330,GCL-P6/72-330,1,10.0,1.9858846181019163e-05,
BEL BEL 5K G,BEL / BEL-5K-G,2,10.0,1.9858846181019163e-05,
BEL 4K G 840 NAC6K DS,832 - BEL-4K-G;840 - NAC6K-DS,1,10.0,1.9858846181019163e-05,
SOLAR MAXX TECH SMT 5KW S,SOLAR MAXX TECH SMT 5KW-S,2,10.0,1.9858846181019163e-05,
RENOVIG RENO,RENOVIG RENO,1,10.0,1.9858846181019163e-05,
FOTOV LONGI,FOTOV. LONGI,2,10.0,1.9858846181019163e-05,
1UN WEG 2UN DEYE SOLAR,1un WEG 2un DEYE SOLAR,1,10.0,1.9858846181019163e-05,
INVERSOR FRONUS PRIMOS,INVERSOR FRONUS PRIMOS,2,10.0,1.9858846181019163e-05,
1P10K4G,1P10K4G,1,10.0,1.9858846181019163e-05,
SIW300H M050 SUN2000L 5KTL,SIW300H M050 / SUN2000L-5KTL,1,10.0,1.9858846181019163e-05,
FORNIUS DO BRSIL,FORNIUS DO BRSIL,1,10.0,1.9858846181019163e-05,
FIENC VIGL,fiENC)VIGl,1,10.0,1.9858846181019163e-05,
INVERSOR GW10K MS 30 MICRO INVERSOR,Inversor: GW10K-MS-30; Micro Inversor:,1,10.0,1.9858846181019163e-05,
INVERSOR SOFA MICRO INVERSOR,Inversor: sofa; Micro Inversor:,1,10.0,1.9858846181019163e-05,
RENOUGI,RENOUGI,1,10.0,1.9858846181019163e-05,
SUNGEOW,SUNGEOW,1,10.0,1.9858846181019163e-05,
2 583 00,"2.583,00",1,10.0,1.9858846181019163e-05,
G R O W AT T,G R O W AT T,1,10.0,1.9858846181019163e-05,
RENOVIGI DEYE SOFAR,RENOVIGI DEYE  SOFAR,1,10.0,1.9858846181019163e-05,
INVERSOR DEVE MICRO INVERSOR,Inversor: DEVE; Micro Inversor:,1,10.0,1.9858846181019163e-05,
REISEN ENERGY,Reisen Energy/,2,10.0,1.9858846181019163e-05,
HPS 500D,hps 500d,1,10.0,1.9858846181019163e-05,
INVERSOR INGECON SUN 10TL MICRO INVERSOR,Inversor: Ingecon Sun 10TL; Micro Inversor:,1,10.0,1.9858846181019163e-05,
INVERSOR MICRO INVERSOR NOTHERN ELETRIC POWER,Inversor: ; Micro Inversor: NOTHERN ELETRIC POWER,1,10.0,1.9858846181019163e-05,
SOLID,SOLID,2,10.0,1.9858846181019163e-05,
BELENERGY BEL 50K G LV,Belenergy /BEL-50K-G-LV,2,10.0,1.9858846181019163e-05,
SOLIS DEYE SOLIS DEYE,Solis Deye Solis Deye,2,10.0,1.9858846181019163e-05,
MIC3000TL X MONO,MIC3000TL-X MONO,1,10.0,1.9858846181019163e-05,
RENO 10K HC,RENO-10K-HC,1,10.0,1.9858846181019163e-05,
ZNSHIONE SOLAR,znshione solar,1,10.0,1.9858846181019163e-05,
INVERSOR MBTECH MICRO INVERSOR,Inversor: MBTech ; Micro Inversor:,1,10.0,1.9858846181019163e-05,
KSART,ksart,1,10.0,1.9858846181019163e-05,
SOLIS SUNGROW HOYMILES,Solis Sungrow  HOYMILES,1,10.0,1.9858846181019163e-05,
SOLIS1P10 K 4G BIFASICO WIFI,solis1p10 k-4g bifasico- wifi,1,10.0,1.9858846181019163e-05,
SOLIS1P10K4G,Solis1P10k4G,1,10.0,1.9858846181019163e-05,
FRONIUS 19 SOLIS,Fronius / 19 - SOLIS,1,10.0,1.9858846181019163e-05,
RENOCIGI,RENOCIGI,2,10.0,1.9858846181019163e-05,
ZXP6 72,ZXP6-72,1,10.0,1.9858846181019163e-05,
RENCIVIGI,RENCIVIGI,1,10.0,1.9858846181019163e-05,
FROMIOUS,FROMIOUS,1,10.0,1.9858846181019163e-05,
NTELBRAS EGT 10000 PRO G2,NTELBRAS EGT 10000 PRO G2,1,10.0,1.9858846181019163e-05,
HOYMLILES,HOYMLILES,1,10.0,1.9858846181019163e-05,
CS6W 545,CS6W-545,1,10.0,1.9858846181019163e-05,
SUN TRIO,SUN TRIO,1,10.0,1.9858846181019163e-05,
SUN10KG,SUN10KG,1,10.0,1.9858846181019163e-05,
GROWATTMIN10000,GROWATTMIN10000,1,10.0,1.9858846181019163e-05,
NTELBRAS IONS 10K M7,NTELBRAS IONS-10K M7,1,10.0,1.9858846181019163e-05,
NVERSOR 10 0 KW RENO 10K,"nversor 10,0 kW - RENO-10K",1,10.0,1.9858846181019163e-05,
SUN5K G,SUN5K-G,2,10.0,1.9858846181019163e-05,
DAH SOLA,DAH SOLA,1,10.0,1.9858846181019163e-05,
RENO B550 EX MONO HALFCELL,RENO-B550-Ex-Mono-HalfCell,1,10.0,1.9858846181019163e-05,
WWEG SIW200G M060 W0,WWEG / SIW200G M060 W0,2,10.0,1.9858846181019163e-05,
SOLPMNET,SOLPMNET,2,9.99,1.9838987334838147e-05,
NHK,NHK,1,9.99,1.9838987334838147e-05,
GINKO TIGER NEO,GINKO TIGER NEO,1,9.99,1.9838987334838147e-05,
SHGNZEN,SHGNZEN,1,9.99,1.9838987334838147e-05,
SUWGROW,SUWGROW,1,9.99,1.9838987334838147e-05,
NENXEN,NENXEN,2,9.99,1.9838987334838147e-05,
DEYE SOLAR E APSYSTEMS,Deye Solar e APSystems,2,9.969999999999999,1.9799269642476104e-05,
UL 415M 144,UL-415M-144,1,9.96,1.9779410796295087e-05,
ECOLOLYS,ECOLOLYS,3,9.95,1.9759551950114064e-05,
DMEGC SPCAR,DMEGC SPÇAR,1,9.94,1.9739693103933048e-05,
ROMNA SOLAR,ROMNA SOLAR,1,9.92,1.969997541157101e-05,
WIRELESS SOLAR CHARGE CONTROLLER MONITOR,Wireless Solar Charge Controller Monitor,1,9.92,1.969997541157101e-05,
APSYSTEM ALTERNEGY POWER,APsystem- Alternegy Power,1,9.9,1.9660257719208975e-05,
VERTYS SOLAR GROUP,VERTYS SOLAR GROUP,1,9.9,1.9660257719208975e-05,
SUNENERG,SUNENERG,1,9.9,1.9660257719208975e-05,
YC1000 3 YC1000 3,YC1000-3 | YC1000-3,1,9.9,1.9660257719208975e-05,
INVERSOR SOLAR ONGRID,Inversor Solar Ongrid,1,9.9,1.9660257719208975e-05,
SHUNEFAR,SHUNEFAR,1,9.9,1.9660257719208975e-05,
SOLAREDEDGE,SOLAREDEDGE,1,9.9,1.9660257719208975e-05,
GILONG SMA,GILONG - SMA,1,9.9,1.9660257719208975e-05,
3X DEYE 3X HOYMILES,3X DEYE 3X HOYMILES,1,9.9,1.9660257719208975e-05,
1XFRONIUS SOLAR,1XFRONIUS SOLAR,1,9.9,1.9660257719208975e-05,
HCC SP 5K,HCC-SP-5K,2,9.9,1.9660257719208975e-05,
INVERSORES KSG DM,INVERSORES KSG-DM,1,9.9,1.9660257719208975e-05,
POWMR,PowMR,1,9.9,1.9660257719208975e-05,
SIW200 085 GW8500 MS SIW200G M050 W0,SIW200-085/GW8500-MS - SIW200G-M050-W0,1,9.9,1.9660257719208975e-05,
OMNKNEWENERGY,OMNKNEWENERGY,1,9.9,1.9660257719208975e-05,
TP672M350W,TP672M350W,2,9.9,1.9660257719208975e-05,
SB30 1AV 40,SB30-1AV-40,3,9.9,1.9660257719208975e-05,
CANADIUM,CANADIUM,2,9.870000000000001,1.9600681180665915e-05,
ERA SOLAR TECHNOLOGY CO LTD,"ERA Solar Technology Co., Ltd.",2,9.87,1.9600681180665915e-05,
HY HIPONTECH,HY HIPONTECH,1,9.86,1.9580822334484896e-05,
001299 2020,001299/2020,2,9.86,1.9580822334484896e-05,
BEENERGY,BEENERGY,2,9.85,1.9560963488303876e-05,
INVERSOR INTELBR MICRO INVERSOR,Inversor: INTELBR; Micro Inversor:,2,9.85,1.9560963488303876e-05,
SOL S,Sol s,2,9.85,1.9560963488303876e-05,
SERRANA SISTEMAS DE ENERGIA EIRELI,Serrana Sistemas de Energia Eireli-,2,9.84,1.9541104642122856e-05,
BELENER G,BELENER G,1,9.84,1.9541104642122856e-05,
HOPESUN 5KTL,HOPESUN 5KTL,2,9.81,1.9481528103579803e-05,
FOXX,FOXX,1,9.81,1.9481528103579803e-05,
BEL ENERGY BEL 12K G,Bel energy/BEL-12K-G,1,9.81,1.9481528103579803e-05,
ODA 550 36V MH,ODA-550-36V-MH,1,9.8,1.9461669257398783e-05,
ANENJI ENERGY,ANENJI ENERGY,1,9.8,1.9461669257398783e-05,
SUN2000 12KTL M2,SUN2000-12KTL-M2,1,9.79,1.944181041121776e-05,
SENRGY,SENRGY,2,9.78,1.9421951565036744e-05,
SOLIS E 208 TSUNESS,43 - SOLIS e 208 - TSUNESS,1,9.76,1.9382233872674704e-05,
S9LPLANET,S9LPLANET,1,9.76,1.9382233872674704e-05,
EAST ON GRID 5KVA,EAST - ON GRID - 5KVA,1,9.72,1.9302798487950628e-05,
GRANGELO COMERCIAL LTDA,GRANGELO COMERCIAL LTDA,2,9.719999999999999,1.9302798487950624e-05,
ESCOSOLYS,ESCOSOLYS,2,9.7,1.9263080795588588e-05,
GRWARTT,GRWARTT,2,9.690000000000001,1.9243221949407575e-05,
UNO DM 5 0 TL,UNO-DM-5.0-TL,2,9.690000000000001,1.9243221949407575e-05,
NASSEM,NASSEM,1,9.68,1.9223363103226552e-05,
ECO SOLYS ES GT,ECO SOLYS ES GT,1,9.68,1.9223363103226552e-05,
JKM440M 6HL4 V,JKM440M-6HL4-V,4,9.68,1.9223363103226552e-05,
A9B,A9B,1,9.68,1.9223363103226552e-05,
DEYER SUN 10K G,DEYER SUN-10K-G,1,9.66,1.9183645410864512e-05,
JKM555N 72HL4 V,JKM555N-72HL4-V,2,9.65,1.9163786564683492e-05,
UNO DM 3 3 TL PLUS,35 - UNO-DM-3.3-TL-PLUS,3,9.65,1.9163786564683492e-05,
RISEN SOLAR TECHNOLOGY,Risen Solar Technology,3,9.65,1.9163786564683492e-05,
EGT 1600 LITE,EGT 1600 LITE,4,9.600000000000001,1.90644923337784e-05,
TUSN,TUSN,1,9.6,1.9064492333778396e-05,
GINLONG TECHNOLOGIES SOLIS1P5K 4G,GINLONG TECHNOLOGIES /SOLIS1P5K-4G,2,9.6,1.9064492333778396e-05,
NTELBRAS EGT 6000 PRO EGT 3600 PRO,NTELBRAS EGT 6000 PRO/ EGT 3600 PRO,1,9.6,1.9064492333778396e-05,
APSYSTEM QS1BR 220,APSYSTEM QS1BR 220,1,9.6,1.9064492333778396e-05,
EMSZ 335P,EMSZ 335P,2,9.6,1.9064492333778396e-05,
NINGBO DEYE SAJ,NINGBO DEYE /// SAJ,1,9.6,1.9064492333778396e-05,
M LAUDISIO JUNIOR ME HOYLMILE,M LAUDISIO JUNIOR - ME (HOYLMILE),1,9.6,1.9064492333778396e-05,
TSM DE09 08 400W,"TSM-DE09,08 400W",1,9.6,1.9064492333778396e-05,
LR5 72HPH,LR5-72HPH,1,9.6,1.9064492333778396e-05,
KRITT,KRITT,1,9.6,1.9064492333778396e-05,
ABB E HOYMILES,ABB e Hoymiles,2,9.6,1.9064492333778396e-05,
SOLIS E ABB,SOLIS E ABB,1,9.6,1.9064492333778396e-05,
AP SYSTEMS AP SYSTEMS AP SYSTEMS,AP SYSTEMS | AP SYSTEMS | AP SYSTEMS,1,9.6,1.9064492333778396e-05,
GROWATT 93 INTELBRAS,97 - GROWATT 93 - INTELBRAS,1,9.6,1.9064492333778396e-05,
AR SOLAR,ar solar,1,9.6,1.9064492333778396e-05,
HIKU,HIKU,2,9.6,1.9064492333778396e-05,
WEG DEYE PHB,WEG DEYE PHB,1,9.6,1.9064492333778396e-05,
T SUM,T-SUM,1,9.6,1.9064492333778396e-05,
AUSXOL,AUSXOL,2,9.559999999999999,1.898505694905432e-05,
HOMILLIS,homillis,4,9.559999999999999,1.898505694905432e-05,
5KTML G2,5KTML-G2,1,9.55,1.89651981028733e-05,
GROXATT MIN 10000TL X,GROXATT MIN 10000TL-X,1,9.52,1.8905621564330244e-05,
HELTE SPFAR,HELTE-SPFAR,2,9.52,1.8905621564330244e-05,
PU560SPM101,PU560SPM101,1,9.52,1.8905621564330244e-05,
SOLPLANTSOLPLANT,SOLPLANTSOLPLANT,1,9.52,1.8905621564330244e-05,
ZHEJIANG HYXI,ZHEJIANG HYXI,2,9.51,1.8885762718149224e-05,
ORIZON R5 4K S2,ORIZON / R5-4K-S2,3,9.51,1.8885762718149224e-05,
JUNKO,JUNKO,2,9.5,1.8865903871968205e-05,
TP7F72M 550,TP7F72M-550,1,9.5,1.8865903871968205e-05,
DH SOLAR,DH Solar,3,9.5,1.8865903871968205e-05,
REFUSOL ECOSOLYS,REFUSOL/ECOSOLYS,1,9.5,1.8865903871968205e-05,
ELESYS,ELESYS,2,9.5,1.8865903871968205e-05,
BELENERGY MINVDBE MO 220V,BELENERGY MINVDBE- MO-220V,2,9.5,1.8865903871968205e-05,
SMA HAUWEI,SMA | HAUWEI,1,9.5,1.8865903871968205e-05,
APSYSTEMS 129 SOLPLANET,19 - APSYSTEMS / 129 - SOLPLANET,1,9.5,1.8865903871968205e-05,
HOWMILES,HOWMILES,3,9.5,1.8865903871968205e-05,
DYEE,DYEE,2,9.5,1.8865903871968205e-05,
DIGELS,DIGELS,2,9.5,1.8865903871968205e-05,
PHB3000D,PHB3000D,3,9.48,1.882618617960617e-05,
SUNWAYS STT 10KTL,SUNWAYS/ STT-10KTL,2,9.48,1.882618617960617e-05,
EPEVER,EPEVER,3,9.45,1.876660964106311e-05,
ELTEK THEIA E B B POWER,ELTEK THEIA e B&B POWER,1,9.45,1.876660964106311e-05,
BELENE,BELENE,1,9.45,1.876660964106311e-05,
SUNGROWSG5 0RS,SungrowSG5.0RS,2,9.440000000000001,1.8746750794882092e-05,
SINENGY,SINENGY,2,9.440000000000001,1.8746750794882092e-05,
SUN 5K SG04LP1 EU,1681 - SUN-5K-SG04LP1-EU,2,9.440000000000001,1.8746750794882092e-05,
GROWATT 26 SOFAR SOLAR,19 - GROWATT/26 - SOFAR SOLAR,1,9.44,1.874675079488209e-05,
CANADIAN SOLAR HOYMILES E DEYE,"Canadian Solar, Hoymiles e Deye",1,9.4,1.8667315410158016e-05,
CLAMPER,CLAMPER,3,9.4,1.8667315410158016e-05,
MIN1000TL X,MIN1000TL-X,1,9.4,1.8667315410158016e-05,
AP SISTENS,AP SISTENS,3,9.4,1.8667315410158016e-05,
SIW200H M050 W00,1991 - SIW200H M050 W00,2,9.4,1.8667315410158016e-05,
INTELBRASBELENERGY PLUS,INTELBRASBELENERGY PLUS,1,9.4,1.8667315410158016e-05,
FRONIUS E MICRO INVERSOR DEYE,Fronius e Micro Inversor Deye,1,9.4,1.8667315410158016e-05,
GROWATTONGRIDMIN,GROWATTONGRIDMIN,1,9.38,1.862759771779598e-05,
SMART STRIG INVERTER,SMART STRIG INVERTER,1,9.38,1.862759771779598e-05,
3 0,"3,0",4,9.370000000000001,1.860773887161496e-05,
INVERSOR HYPONTEC MICRO INVERSOR,Inversor: HYPONTEC; Micro Inversor:,1,9.36,1.8587880025433937e-05,
ZTROON,ZTROON,1,9.36,1.8587880025433937e-05,
HOYMILESFRONIUS,HOYMILESFRONIUS,1,9.36,1.8587880025433937e-05,
HELIIUS,HELIIUS,1,9.36,1.8587880025433937e-05,
41 60,"41,60",1,9.36,1.8587880025433937e-05,
BENY BYM,BENY BYM,1,9.36,1.8587880025433937e-05,
SUN 6 6K G05 P1 EU AM2 498 SUN 3K G,1723 - SUN-6.6K-G05 P1-EU-AM2;498 - SUN-3K-G,1,9.36,1.8587880025433937e-05,
SUN SUN 10K G,SUN SUN-10K-G,1,9.35,1.8568021179252917e-05,
RENCAC,RENCAC/,1,9.35,1.8568021179252917e-05,
MOSO B B SF5000TL,"MOSO, B&B SF5000TL",2,9.35,1.8568021179252917e-05,
ODA 545 36V MH,ODA\545-36V-MH,1,9.35,1.8568021179252917e-05,
RENO10K HC,RENO10K-HC,1,9.35,1.8568021179252917e-05,
OMNIKNEWENERGY,OmnikNewEnergy,1,9.35,1.8568021179252917e-05,
SOLPLANETINTELBRAS,SOLPLANETINTELBRAS,1,9.35,1.8568021179252917e-05,
SOLPLANET SOLPLANET RENOVIGI,SOLPLANET/SOLPLANET/RENOVIGI,1,9.32,1.850844464070986e-05,
SUNWAY 10K,SUNWAY 10K,1,9.31,1.848858579452884e-05,
DM610M10RT B72HSW,DM610M10RT-B72HSW,1,9.3,1.8468726948347825e-05,
9 3,"9,3",1,9.3,1.8468726948347825e-05,
BEL ENEREGY,BEL ENEREGY,1,9.3,1.8468726948347825e-05,
SUN 72M HF 410W,SUN 72M-HF-410W,1,9.3,1.8468726948347825e-05,
INTELBRAS SOFAR,Intelbras SOFAR,1,9.3,1.8468726948347825e-05,
RMS144 6 340P,RMS144-6-340P,1,9.3,1.8468726948347825e-05,
MB TECH,MB TECH,4,9.3,1.8468726948347825e-05,
HUAWEI ABB,HUAWEI /ABB,1,9.3,1.8468726948347825e-05,
GROWATT 34 SOFAR,11 - GROWATT / 34 - SOFAR,1,9.3,1.8468726948347825e-05,
SAJ SOLAR GOODWE SOLAR,SAJ SOLAR / GOODWE SOLAR,1,9.3,1.8468726948347825e-05,
1 INVERSOR SERRANA TOURIGA 3000 W EA3KSI 1 INVERSOR SERRANA TOURIGA 7000 W EA7KSI,1 inversor Serrana Touriga 3000 W (EA3KSi); 1 inversor Serrana Touriga 7000 W (EA7KSi),1,9.24,1.8349573871261705e-05,
WEG MOD HUAWEI,WEG - MOD HUAWEI,1,9.24,1.8349573871261705e-05,
B B POWER OMNIK,B&B POWER / OMNIK,1,9.24,1.8349573871261705e-05,
RINOGOGI,RINOGOGI,1,9.24,1.8349573871261705e-05,
UNO DM 4 6 TL PLUS,UNO-DM-4.6-TL-PLUS,2,9.24,1.8349573871261705e-05,
JKM440M 6TL4 V JKM440M 6TL4 V,JKM440M-6TL4-V | JKM440M-6TL4-V,1,9.24,1.8349573871261705e-05,
NHHHH,nhhhh,1,9.24,1.8349573871261705e-05,
ENHPASE,Enhpase,2,9.24,1.8349573871261705e-05,
OLAR EDGE,OLAR EDGE,1,9.2,1.827013848653763e-05,
INVERSOR SHENZHEN MICRO INVERSOR,Inversor: Shenzhen ; Micro Inversor:,1,9.2,1.827013848653763e-05,
HN1,HN1,1,9.2,1.827013848653763e-05,
RENOSOLA,RenoSola,2,9.2,1.827013848653763e-05,
140 2022,140 2022,1,9.2,1.827013848653763e-05,
HIKU5 500,HiKu5 - 500,1,9.2,1.827013848653763e-05,
PHB4600 SS,PHB4600-SS,1,9.2,1.827013848653763e-05,
RENOVIGI GROWATT RENO 5K PLUS MIN 5000TL X,RENOVIGI/GROWATT | RENO-5K PLUS/MIN 5000TL-X,1,9.2,1.827013848653763e-05,
KACO NEW ENERGY GMBH,Kaco New Energy GmbH,2,9.2,1.827013848653763e-05,
EGT 12046X,EGT / 12046X,1,9.2,1.827013848653763e-05,
EGT12046X,EGT12046X,2,9.2,1.827013848653763e-05,
SOLAR EDGE SOLAR,SOLAR EDGE SOLAR,1,9.2,1.827013848653763e-05,
FOXESSWEG,FOXESSWEG,1,9.18,1.8230420794175593e-05,
CS3U 365MS,CS3U-365MS,2,9.18,1.8230420794175593e-05,
SI POLY,SI-POLY,2,9.16,1.8190703101813557e-05,
LEVEROS HYPONTEC,LEVEROS (HYPONTEC),2,9.16,1.8190703101813557e-05,
DEYE DEYE RENOVIGI,DEYE / DEYE / RENOVIGI,1,9.16,1.8190703101813557e-05,
SAJ INTELBRAS,"SAJ, INTELBRAS",2,9.14,1.8150985409451517e-05,
SAJR6 15K T2 32,SAJR6-15K-T2-32	,1,9.12,1.8111267717089474e-05,
M2 2 25K S4 1104 R6 10K S3,1627 - M2-2.25K-S4;1104 - R6-10K-S3,1,9.12,1.8111267717089474e-05,
SERIE ASWS,SERIE ASWS,1,9.12,1.8111267717089474e-05,
INVERSOR LUX POWER MICRO INVERSOR,Inversor: Lux Power; Micro Inversor:,2,9.11,1.8091408870908458e-05,
SOLPLENET ASW9100 S,SOLPLENET ASW9100-S,1,9.1,1.8071550024727438e-05,
ODA620 33VMHDRZ,ODA620-33VMHDRZ,1,9.1,1.8071550024727438e-05,
DEYE E SOLIS BELENERGY,DEYE E SOLIS (BELENERGY),1,9.1,1.8071550024727438e-05,
SOLPI ANEI,SOLPI-ÁNEI,1,9.1,1.8071550024727438e-05,
NENAC,NENAC,1,9.1,1.8071550024727438e-05,
SOLFLANET,SOLFLANET,1,9.1,1.8071550024727438e-05,
SOLPLANT ASW 1100 S,SOLPLANT ASW-1100-S,1,9.1,1.8071550024727438e-05,
LEAPTON LP182 199 M 66 MH 585W,LEAPTON LP182*199-M-66-MH-585W,1,9.1,1.8071550024727438e-05,
SOL PLANET ASW9100 S,SOL PLANET ASW9100-S,1,9.1,1.8071550024727438e-05,
SOLPLASOLPLANET,SOLPLASOLPLANET,1,9.1,1.8071550024727438e-05,
RENCA,RENCA,2,9.1,1.8071550024727438e-05,
VSOLPLANET,VSOLPLANET,1,9.1,1.8071550024727438e-05,
DEYE 106 SOLIS,121 - DEYE 106 - SOLIS,1,9.08,1.80318323323654e-05,
HUAWEI WEG SUN2000L 5KTL,HUAWEI/WEG/SUN2000L-5KTL,2,9.08,1.80318323323654e-05,
5000D NS,5000D-NS,2,9.05,1.7972255793822345e-05,
BOLD ENERGY,BOLD ENERGY,2,9.05,1.7972255793822345e-05,
BELENERGYBEL,BelenergyBEL,1,9.02,1.7912679255279282e-05,
PHB13KT DT,PHB13KT-DT,1,9.01,1.7892820409098266e-05,
35,35,1,9.0,1.7872961562917246e-05,
SIW300 M030 W00,2001 - SIW300 M030 W00,3,9.0,1.7872961562917246e-05,
DAHH SOLAR,DAHH SOLAR,1,9.0,1.7872961562917246e-05,
SIW200G M090 WO,1129 - SIW200G-M090 WO,1,9.0,1.7872961562917246e-05,
SG9 0RS TRINA SOLAR,SG9.0RS - TRINA SOLAR,1,9.0,1.7872961562917246e-05,
ANSEN,ANSEN,1,9.0,1.7872961562917246e-05,
1X GROWATT 3X DEYE,1x (GROWATT) + 3x (DEYE) ,1,9.0,1.7872961562917246e-05,
DAH DHM 72X10 545W,DAH DHM-72X10-545W,2,9.0,1.7872961562917246e-05,
SOLPLA NET,SOLPLA NET,2,9.0,1.7872961562917246e-05,
HOLMES,HOLMES|,1,9.0,1.7872961562917246e-05,
TSSUNESS,TSSUNESS,1,9.0,1.7872961562917246e-05,
BEDINSOAR,BEDINSOAR,2,9.0,1.7872961562917246e-05,
HUAWEI WEG SUN2000L 3KTL SIW300H M030,huawei-weg / sun2000l-3ktl(siw300h m030),3,9.0,1.7872961562917246e-05,
S O L P L A N E T,S O L P L A N E T,2,9.0,1.7872961562917246e-05,
ELGINPHB,ELGINPHB,1,9.0,1.7872961562917246e-05,
HUAW,HUAW,2,9.0,1.7872961562917246e-05,
ELGIN BEDIN SOLAR,"ELGIN, BEDIN SOLAR",1,9.0,1.7872961562917246e-05,
430,430,2,9.0,1.7872961562917246e-05,
OMNIK SERRANA,OMNIK / SERRANA,1,9.0,1.7872961562917246e-05,
156 GE,156 GE,1,9.0,1.7872961562917246e-05,
AP SYSTEMSHOYMILES,AP SYSTEMSHOYMILES,1,9.0,1.7872961562917246e-05,
KRIPT TECH POWER,KRIPT //TECH POWER,1,9.0,1.7872961562917246e-05,
DEYESOLIS,DEYESOLIS,1,9.0,1.7872961562917246e-05,
DEYE TSUN TSUNESS,DEYE/TSUN/TSUNESS,1,9.0,1.7872961562917246e-05,
MODELO1 MODELO2,modelo1/modelo2,1,9.0,1.7872961562917246e-05,
SOLPLANET FRONIUS SOLAR,SOLPLANET/FRONIUS SOLAR,1,9.0,1.7872961562917246e-05,
JAM72D30 535 MB,JAM72D30- 535/MB,2,9.0,1.7872961562917246e-05,
DEYE MONO 220V SOLPLANET,DEYE MONO 220V SOLPLANET,1,9.0,1.7872961562917246e-05,
11 76,"11,76",1,9.0,1.7872961562917246e-05,
S3000 G2,1417 - S3000-G2,3,9.0,1.7872961562917246e-05,
BS 6K G BS 3K G,BS-6K-G; BS-3K-G,1,9.0,1.7872961562917246e-05,
INTELBRAS S A GROWATT,INTELBRAS S/A / GROWATT,1,9.0,1.7872961562917246e-05,
GROWATT LIVOLTEK MIN 6000TL X GT1 3K S,GROWATT/LIVOLTEK | MIN 6000TL-X/GT1-3K-S,1,9.0,1.7872961562917246e-05,
FEXESS,FEXESS,1,9.0,1.7872961562917246e-05,
SIW300H M040 E SIW300H M050,SIW300H M040 e SIW300H M050,1,9.0,1.7872961562917246e-05,
INTELBRASDEYEDEYE,INTELBRASDeyeDeye,3,9.0,1.7872961562917246e-05,
1X SIW300H 1X SIW300H,1x SIW300H + 1x SIW300H,1,9.0,1.7872961562917246e-05,
BS 3K 1762 BS 6K,1801 - BS-3K;1762 - BS-6K,1,9.0,1.7872961562917246e-05,
BGENERAL,BGENERAL,1,9.0,1.7872961562917246e-05,
FRONIUS PRIMO 3 0 1 E GROWATT MIN6000TL X,FRONIUS / PRIMO 3.0-1 e GROWATT / MIN6000TL-X,1,9.0,1.7872961562917246e-05,
FRONIUS E WEG,FRONIUS E WEG,1,9.0,1.7872961562917246e-05,
R5 6K S2 15 833 BEL 3K G,1390 - R5-6K-S2-15;833 - BEL-3K-G,1,9.0,1.7872961562917246e-05,
SMA SUUNY BOY,SMA SUUNY BOY,2,9.0,1.7872961562917246e-05,
SOALREDGE,SOALREDGE|,2,9.0,1.7872961562917246e-05,
ERA SOLAR ERA SOLAR ERA SOLAR ERA SOLAR,ERA SOLAR | ERA SOLAR | ERA SOLAR | ERA SOLAR,1,9.0,1.7872961562917246e-05,
CHINTCPS,CHINTCPS,1,9.0,1.7872961562917246e-05,
12KLT X5KW12KW,12KLT-X5Kw12kw,1,9.0,1.7872961562917246e-05,
DEYE 17 WEG,64 - DEYE/17 - WEG,1,9.0,1.7872961562917246e-05,
KECHUA,KECHUA,1,9.0,1.7872961562917246e-05,
HUAWEI WEG SIW300H M030 SUN2000 5KTL,HUAWEI / WEG SIW300H M030 (SUN2000-5KTL) +,1,9.0,1.7872961562917246e-05,
ORIZON ORI PLUS 3K M,ORIZON - ORI PLUS 3K-M,3,9.0,1.7872961562917246e-05,
6 X HOYMILLES,6 X HOYMILLES,1,9.0,1.7872961562917246e-05,
PINOTAGE,Pinotage,3,9.0,1.7872961562917246e-05,
WEG 104 FOXESS,17 - WEG / 104 - FOXESS,1,9.0,1.7872961562917246e-05,
SATSUN,SATSUN,1,9.0,1.7872961562917246e-05,
HIKU 455,HiKu-455,2,9.0,1.7872961562917246e-05,
SOLAR INVERTER SIW300H M040,Solar inverter SIW300H M040,2,9.0,1.7872961562917246e-05,
HMS18004T,HMS18004T,1,9.0,1.7872961562917246e-05,
ASTRONERGY CHSM6612P 345,Astronergy-CHSM6612P-345,2,9.0,1.7872961562917246e-05,
HOYMILES DEYE BELENERGY,HOYMILES+DEYE+BELENERGY,1,9.0,1.7872961562917246e-05,
140DE21 03 2022,140DE21-03-2022,1,9.0,1.7872961562917246e-05,
SOLI S,SOLI S,1,9.0,1.7872961562917246e-05,
RENEVIG,RENEVIG,2,9.0,1.7872961562917246e-05,
1 8,"1,8",1,9.0,1.7872961562917246e-05,
MICRO HOYMILES E SOLIS,Micro Hoymiles e Solis,1,9.0,1.7872961562917246e-05,
SOLIS 4 SUNGROW,19 - SOLIS / 4 - SUNGROW,1,9.0,1.7872961562917246e-05,
004132 2024,004132/2024,1,9.0,1.7872961562917246e-05,
SOF AR SOLAR,Sof ar Solar,1,9.0,1.7872961562917246e-05,
HOYMILES HUAWEI HOYMILES,HOYMILES/ HUAWEI/ HOYMILES,1,9.0,1.7872961562917246e-05,
HOYMILES HOYMILES WEG WEG,Hoymiles Hoymiles  WEG WEG,1,9.0,1.7872961562917246e-05,
LONGI GREEN ENERGY TECHNOLOGY CO LTD,LONGI Green Energy Technology Co. Ltd.,3,9.0,1.7872961562917246e-05,
LONG1,LONG1,1,9.0,1.7872961562917246e-05,
GE BRASIL,GE BRASIL,1,9.0,1.7872961562917246e-05,
ATACADO SOLAR,Atacado Solar,1,9.0,1.7872961562917246e-05,
LIVOLTEK WEG,LIVOLTEK + WEG,1,9.0,1.7872961562917246e-05,
ASTRONERG,ASTRONERG,1,9.0,1.7872961562917246e-05,
HOYMILESHMS,HOYMILESHMS,1,9.0,1.7872961562917246e-05,
ECORI ENERGY,ecori energy,1,9.0,1.7872961562917246e-05,
JKM 450,JKM 450,2,9.0,1.7872961562917246e-05,
POTENCIA DO MODULO,Potência do MODULO,2,9.0,1.7872961562917246e-05,
SUN 3K G 754 SUN 6K G,498 - SUN-3K-G;754 - SUN-6K-G,1,9.0,1.7872961562917246e-05,
NH SOLAR,NH SOLAR,2,9.0,1.7872961562917246e-05,
CANADIA SOLAR BRASIL,CANADIA SOLAR BRASIL,1,9.0,1.7872961562917246e-05,
WDC 3KTL G2,WDC 3KTL-G2,3,9.0,1.7872961562917246e-05,
GROWATTRENOVIGI,GROWATTRENOVIGI,1,9.0,1.7872961562917246e-05,
SSUNGROW,SSUNGROW,1,9.0,1.7872961562917246e-05,
WDC SOLAR BEL ENERGY SOLAR,WDC SOLAR|BEL ENERGY SOLAR,1,9.0,1.7872961562917246e-05,
SUN 5K G 1473 R5 4K S2 15,479 - SUN-5K-G;1473 - R5-4K-S2-15,1,9.0,1.7872961562917246e-05,
2 PHB 1 REFUSOL,(2)PHB (1)REFUSOL,1,9.0,1.7872961562917246e-05,
DS3D 2000 SIW200M030,DS3D 2000 / SIW200M030,1,9.0,1.7872961562917246e-05,
HEXING,Hexing,3,9.0,1.7872961562917246e-05,
SUN2000L 3KTL,SUN2000L - 3KTL,2,9.0,1.7872961562917246e-05,
NTELBRAS EGT 4600 PRO,NTELBRAS EGT 4600 PRO,2,9.0,1.7872961562917246e-05,
GROVVATT,GROVVATT,1,9.0,1.7872961562917246e-05,
TALESUN TP6L72M 445W,TALESUN TP6L72M-445W,1,9.0,1.7872961562917246e-05,
5000TL X 1739 S6 GR1P4K S,410 - 5000TL-X;1739 - S6-GR1P4K-S,1,9.0,1.7872961562917246e-05,
SOFAR SOLAR SOLIS GROWATT,SOFAR SOLAR; SOLIS; GROWATT,1,9.0,1.7872961562917246e-05,
DHM72L9 450,501 - DHM72L9-450,1,9.0,1.7872961562917246e-05,
LEVEROS HPK 3000,LEVEROS HPK-3000,2,9.0,1.7872961562917246e-05,
SOFARSOLARSOFAR4KTLM,SOFARSOLARSOFAR4KTLM,2,9.0,1.7872961562917246e-05,
HOYMILLES MI 1500,HOYMILLES - MI 1500,1,9.0,1.7872961562917246e-05,
APSYSTEMSSOFAR,APSYSTEMSSOFAR,1,9.0,1.7872961562917246e-05,
SOFAR3,SOFAR3,2,9.0,1.7872961562917246e-05,
ILUMISOL SOLAR,ILUMISOL SOLAR,2,9.0,1.7872961562917246e-05,
9000,9000,1,9.0,1.7872961562917246e-05,
TECH POWER WEG HUAWEI,TECH POWER/ WEG/HUAWEI,1,9.0,1.7872961562917246e-05,
SL320TU 36P,SL320TU-36P,1,9.0,1.7872961562917246e-05,
WEWG,WEWG,1,9.0,1.7872961562917246e-05,
SMA SUNNY BOY 3 0,SMA SUNNY BOY 3.0,3,9.0,1.7872961562917246e-05,
CKW TRADING,ckw trading,1,9.0,1.7872961562917246e-05,
INVERSOR STRING WEB,INVERSOR STRING - WEB,2,9.0,1.7872961562917246e-05,
SPI9000 B X2,SPI9000-B X2,1,9.0,1.7872961562917246e-05,
SERANA,SERANA,2,9.0,1.7872961562917246e-05,
BYD WEG GOODWE,BYD/WEG/GOODWE,1,9.0,1.7872961562917246e-05,
SUN2000 6KTL L1 1636 SUN2000 3KTL L1,1039 - SUN2000-6KTL-L1;1636 - SUN2000-3KTL-L1,1,9.0,1.7872961562917246e-05,
SIW300H M050 SUN2000L 5KTL SIW300H M040 SUN2000L 4KTL,SIW300H M050 (SUN2000L-5KTL) & SIW300H M040 (SUN2000L-4KTL),1,9.0,1.7872961562917246e-05,
SIW300H M040 SUN2000L 4KTL E SIW300H M050,SIW300H M040 / SUN2000L-4KTL e SIW300H M050,1,9.0,1.7872961562917246e-05,
POWERDOR,Powerdor,1,9.0,1.7872961562917246e-05,
G E SOLAR,G.E SOLAR,1,9.0,1.7872961562917246e-05,
MONOCRISTALINO,MONOCRISTALINO,2,9.0,1.7872961562917246e-05,
GROWATTG 8 00KW E 5 00KW,"GROWATTG 8,00KW E 5,00KW",1,9.0,1.7872961562917246e-05,
RENO RENO 3K HC,RENO / RENO-3K-HC,3,9.0,1.7872961562917246e-05,
9000TL3 S,9000TL3-S,1,9.0,1.7872961562917246e-05,
9KTLM,9KTLM,1,9.0,1.7872961562917246e-05,
FABRICANTE DO INVERSORBELENERGY,FABRICANTE DO INVERSORBELENERGY,2,9.0,1.7872961562917246e-05,
GROVAT,grovat,2,9.0,1.7872961562917246e-05,
SMA BELENERGY,SMA / BELENERGY,1,9.0,1.7872961562917246e-05,
ULICA 440 MONO UL 440M 144,ULICA 440 MONO - UL-440M-144,2,8.98,1.783324387055521e-05,
HIPONRECH,Hiponrech,1,8.96,1.7793526178193173e-05,
1DEYE,1DEYE,1,8.96,1.7793526178193173e-05,
WEG HUAWEI SOLPLANET,WEG / HUAWEI | SOLPLANET,1,8.96,1.7793526178193173e-05,
LEVEROSV,LEVEROSV,1,8.96,1.7793526178193173e-05,
DAYER 10K 220V,DAYER 10K 220V,1,8.96,1.7793526178193173e-05,
GW5000D,GW5000D-,2,8.96,1.7793526178193173e-05,
OMIKSOL,OMIKSOL,2,8.96,1.7793526178193173e-05,
BENYI NEW,BENYI NEW,2,8.96,1.7793526178193173e-05,
LEAPTON LP182 199 M 66 NHDEYE,LEAPTON LP182*199 M 66 NHDEYE,1,8.94,1.7753808485831134e-05,
THEIA,THEIA,2,8.9,1.7674373101107058e-05,
RISEN MONO PERC HALF 445W,RISEN MONO PERC HALF 445W,1,8.9,1.7674373101107058e-05,
RS6 555M E3,RS6-555M-E3,1,8.9,1.7674373101107058e-05,
GOIODWE,GOIODWE,1,8.9,1.7674373101107058e-05,
PS UPSOLAR,PS-UpSolar,1,8.88,1.763465540874502e-05,
MICRO INVERSOR QS1,Micro Inversor QS1,2,8.879999999999999,1.7634655408745015e-05,
RAJ,RAJ,2,8.86,1.7594937716382978e-05,
NHS NHS SOLAR,NHS/ NHS SOLAR-,3,8.82,1.7515502331658902e-05,
BEL 5K G 5 0KW 1739 S6 GR1P4K S,"834 - BEL-5K-G 5,0KW;1739 - S6-GR1P4K-S",1,8.8,1.7475784639296866e-05,
PV INVERTER,PV-Inverter,1,8.8,1.7475784639296866e-05,
MEGACOMM,MEGACOMM,2,8.8,1.7475784639296866e-05,
HPT 15K,HPT-15K,1,8.8,1.7475784639296866e-05,
TIGER PRO MONO,TIGER PRO MONO,2,8.8,1.7475784639296866e-05,
1XFRONIUS 1XSOLIS,1xFRONIUS 1xSOLIS,1,8.8,1.7475784639296866e-05,
SUN 3K SG04LP1 EU,1354 - SUN-3K-SG04LP1-EU,3,8.8,1.7475784639296866e-05,
PHB8800 D WS,PHB8800 D-WS	,1,8.8,1.7475784639296866e-05,
BS 4K G,BS-4K-G,3,8.8,1.7475784639296866e-05,
BAKSOLAR BAKSOLAR,BAKSOLAR | BAKSOLAR	,1,8.8,1.7475784639296866e-05,
APSSYTEMS,APSSYTEMS,1,8.8,1.7475784639296866e-05,
AUXSOL TSUN,"AuxSol, TSUN",1,8.78,1.7436066946934826e-05,
HPS 6500,846 - HPS-6500,2,8.77,1.7416208100753806e-05,
EGT3600PRO,EGT3600PRO,3,8.75,1.737649040839177e-05,
BELENUS BELENERGY,Belenus/Belenergy,3,8.75,1.737649040839177e-05,
RENO RENO 4KPLUS,RENO / RENO-4KPLUS,2,8.75,1.737649040839177e-05,
INTELBRAS E SAJ,INTELBRAS E SAJ,1,8.75,1.737649040839177e-05,
INVERSOR ON GRID 6KW IONS 6K M5,INVERSOR ON GRID 6KW IONS-6K M5,2,8.75,1.737649040839177e-05,
MASTERVOLT,MasterVolt,4,8.73,1.733677271602973e-05,
HPK 3000,918 - HPK-3000,3,8.73,1.733677271602973e-05,
S3000,S3000,3,8.73,1.733677271602973e-05,
QSOLARWORKS LLC,QsolarWORKS LLC,1,8.72,1.731691386984871e-05,
GEGEP 9KW,GEGEP 9KW,1,8.72,1.731691386984871e-05,
SOLIS SUNWAYS GROWATT,SOLIS/SUNWAYS/GROWATT,1,8.72,1.731691386984871e-05,
FRIMO 8 2 1,Frimo 8.2-1,1,8.71,1.7297055023667694e-05,
INVERSOR HAWEI MICRO INVERSOR,Inversor: HAWEI ; Micro Inversor:,2,8.7,1.727719617748667e-05,
SHENZHENKSTAR,SHENZHENKSTAR,2,8.7,1.727719617748667e-05,
QCELLS 335 P,QCELLS 335 P,1,8.7,1.727719617748667e-05,
MSGW10K MS,MSGW10K-MS,1,8.7,1.727719617748667e-05,
FOXEXX,FOXEXX,2,8.7,1.727719617748667e-05,
S6 GR1P3K,S6-GR1P3K,3,8.7,1.727719617748667e-05,
LR4 72HBD 450M,LR4-72HBD-450M,2,8.7,1.727719617748667e-05,
B B POWER ST12000 TL,B&B POWER ST12000-TL,1,8.7,1.727719617748667e-05,
HJT,HJT,2,8.7,1.727719617748667e-05,
SHNEIDER,Shneider,2,8.68,1.7237478485124634e-05,
INVERSOR HUWEI MICRO INVERSOR,Inversor: HUWEI; Micro Inversor:,2,8.66,1.7197760792762598e-05,
GROWATTMIN3000TL,GROWATTMIN3000TL,3,8.64,1.715804310040056e-05,
BELENERGYS PLUS,BELENERGYS PLUS,2,8.64,1.715804310040056e-05,
APSYSTEMS RENOVIGI,APSystems/RENOVIGI,1,8.62,1.711832540803852e-05,
SOLPLANET WEG HUAWEI,SOLPLANET / WEG/HUAWEI,1,8.62,1.711832540803852e-05,
EGT 9000 PRO,621 - EGT 9000 PRO,1,8.6,1.707860771567648e-05,
FIMER ABB DEYE,FIMER ABB  DEYE,1,8.6,1.707860771567648e-05,
SIW300HM030W00,SIW300HM030W00,2,8.6,1.707860771567648e-05,
GROWATTINTELBRAS,GROwattINTELBRAS,2,8.6,1.707860771567648e-05,
RENOVIGI E ABB,RENOVIGI E ABB,1,8.6,1.707860771567648e-05,
EAST SUNUNO,EAST  /SUNUNO,1,8.58,1.7038890023314443e-05,
AEG LONGI SOLAR,AEG | LONGI Solar,1,8.58,1.7038890023314443e-05,
FELICITYSOLAR,Felicitysolar,2,8.57,1.7019031177133423e-05,
AMERISOLA,Amerisola,2,8.56,1.6999172330952406e-05,
ASW10000 S G2,1337 - ASW10000-S-G2,1,8.55,1.6979313484771387e-05,
ZANSHINE SOLAR,ZANSHINE SOLAR,1,8.55,1.6979313484771387e-05,
SOLAR MAX TECH,SOLAR MAX TECH,2,8.55,1.6979313484771387e-05,
GROWAT MIN 5000TL X 5KW,Growat/ MIN 5000TL-X – 5kW,2,8.55,1.6979313484771387e-05,
SOLIS1P5K4G,SOLIS1P5K4G,2,8.55,1.6979313484771387e-05,
55 05,"55,05",1,8.55,1.6979313484771387e-05,
ELG570 M72HCH,ELG570-M72HCH,1,8.55,1.6979313484771387e-05,
IQ8P 72 2 BR,1622 - IQ8P-72-2-BR,1,8.55,1.6979313484771387e-05,
SOLPLAENT,SOLPLAENT,1,8.54,1.6959454638590367e-05,
PHB8500D NS,PHB8500D-NS,1,8.5,1.6880019253866287e-05,
TP6H72M,TP6H72M,1,8.5,1.6880019253866287e-05,
GOODWGOODWE,GOODWGOODWE,1,8.5,1.6880019253866287e-05,
RSM 156 6 445M 445W,RSM-156-6-445M 445W,1,8.5,1.6880019253866287e-05,
SUN2000 G3 US 220 1727 SUN M225G4 EU Q0,917 - SUN2000 G3-US-220;1727 - SUN-M225G4-EU-Q0,1,8.5,1.6880019253866287e-05,
GOODWEWEG,Goodweweg,1,8.5,1.6880019253866287e-05,
GOODWEX,GOODWEx,1,8.5,1.6880019253866287e-05,
CS3W 395W CS3W 395W CS3W 395W,CS3W-395W | CS3W-395W | CS3W-395W,1,8.5,1.6880019253866287e-05,
GROWATTAPSYSTEM,GROWATTAPSYSTEM,1,8.5,1.6880019253866287e-05,
MS GW8500 MS,MS - GW8500-MS,1,8.5,1.6880019253866287e-05,
WEG SOLAR GOODWE,Weg solar/goodwe,1,8.5,1.6880019253866287e-05,
GODWIE,GODWIE,1,8.5,1.6880019253866287e-05,
GOODWEA,GOODWEÂ ,1,8.5,1.6880019253866287e-05,
PIIB,PIIB,1,8.5,1.6880019253866287e-05,
PB,PB,1,8.5,1.6880019253866287e-05,
WEG GROWATT SOLAR,WEG / GROWATT SOLAR,1,8.5,1.6880019253866287e-05,
HYONTECH TECHPOWER,Hyontech / Techpower,1,8.5,1.6880019253866287e-05,
GODWER,GODWER,1,8.5,1.6880019253866287e-05,
PHB8500 MS PHB8500 MS,PHB8500-MS PHB8500-MS,1,8.5,1.6880019253866287e-05,
ALPSYSTEMS,ALPSYSTEMS,2,8.5,1.6880019253866287e-05,
GODWEO,GODWEO,1,8.5,1.6880019253866287e-05,
3 HOYMILES E 1 SUNGROW,3 HOYMILES e 1 Sungrow,1,8.5,1.6880019253866287e-05,
13 43,"13,43",1,8.5,1.6880019253866287e-05,
JAM72S30 550 M,JAM72S30-550/M,1,8.5,1.6880019253866287e-05,
PGB PHB8500MS,PGB PHB8500MS,1,8.5,1.6880019253866287e-05,
HUAWEI SUN2000 17KTL WEG SIW500H ST018,HUAWEI / SUN2000-17KTL (WEG SIW500H ST018),1,8.5,1.6880019253866287e-05,
BEL2000G3 US 220 SUN M225G4 EU Q0,BEL2000G3-US-220 + SUN-M225G4-EU-Q0,1,8.5,1.6880019253866287e-05,
8 50,"8,50",1,8.5,1.6880019253866287e-05,
GW8500 MS I,GW8500-MS I,1,8.5,1.6880019253866287e-05,
SUN 8K G MI 500,SUN-8K-G+MI-500,1,8.5,1.6880019253866287e-05,
WEG REFERE SE GOODWE,WEG (Refere-se Goodwe),1,8.5,1.6880019253866287e-05,
TESUNESS,TESUNESS,2,8.5,1.6880019253866287e-05,
WEGSIW200,WEGSIW200 -,1,8.5,1.6880019253866287e-05,
GGROWAT,GGROWAT,1,8.46,1.6800583869142215e-05,
SOLAR EDGE SE9200H,SOLAR EDGE SE9200H,1,8.45,1.678072502296119e-05,
MIME,MIME,1,8.45,1.678072502296119e-05,
NASOLAR,NASolar,2,8.440000000000001,1.676086617678018e-05,
GTROWATT,GTROWATT,2,8.4,1.66814307920561e-05,
GOODWEE GW8500 MS,Goodwee/GW8500-MS,1,8.4,1.66814307920561e-05,
KEGUA TECH,KEGUA TECH,1,8.4,1.66814307920561e-05,
DH72 330,DH72-330,1,8.4,1.66814307920561e-05,
DEYES SUN,DEYES SUN,2,8.4,1.66814307920561e-05,
HIPONTE,HIPONTE,1,8.4,1.66814307920561e-05,
ASW S,ASW S,1,8.4,1.66814307920561e-05,
SOLAR MINAS SOL,Solar Minas Sol,2,8.4,1.66814307920561e-05,
JKM450M 60HL4 V 450W,JKM450M-60HL4-V 450W,2,8.4,1.66814307920561e-05,
QS1APSYSTEMS,QS1APSYSTEMS,1,8.4,1.66814307920561e-05,
HPUMILES,HPUMILES,1,8.4,1.66814307920561e-05,
QS1 BR,QS1-BR,2,8.4,1.66814307920561e-05,
GENIX,GENIX,2,8.4,1.66814307920561e-05,
APSYSMTES,Apsysmtes,1,8.4,1.66814307920561e-05,
SIW200 M085 GW8500 MS,SIW200-M085 (GW8500-MS),1,8.38,1.6641713099694063e-05,
GOORWE,goorwe,1,8.37,1.662185425351304e-05,
MINASOL IMS500,MINASOL IMS500,1,8.36,1.660199540733202e-05,
GWT,GWT,2,8.36,1.660199540733202e-05,
GROWTTAS,GROWTTAS,1,8.36,1.660199540733202e-05,
SINO SOLA,Sino Sola,3,8.34,1.6562277714969983e-05,
KSTAR INTELBRAS,KSTAR; INTELBRAS,1,8.33,1.6542418868788963e-05,
B B TOWER,B&B TOWER,1,8.32,1.6522560022607944e-05,
NSH SOLAR,NSH solar,2,8.3,1.6482842330245907e-05,
007492 2019,007492/2019,2,8.3,1.6482842330245907e-05,
LEAD,Lead,2,8.3,1.6482842330245907e-05,
MODULO FV 455WP MONO HALF CELL TRINA,MODULO FV 455WP MONO HALF-CELL TRINA,1,8.3,1.6482842330245907e-05,
TRINA TALLMAX,Trina Tallmax,1,8.3,1.6482842330245907e-05,
NADIAN SOLAR,NADIAN SOLAR,1,8.3,1.6482842330245907e-05,
TSM410 DE15M II,TSM410-DE15M(II),1,8.3,1.6482842330245907e-05,
JKM530M 72HL4 TV TIGER PRO,JKM530M-72HL4-TV TIGER PRO,2,8.3,1.6482842330245907e-05,
SMA SONNY BOY,SMA – SONNY BOY,2,8.3,1.6482842330245907e-05,
BEIDN,BEIDN,2,8.3,1.6482842330245907e-05,
17082021,17082021,1,8.3,1.6482842330245907e-05,
AUXUSOL,AUXUSOL,2,8.3,1.6482842330245907e-05,
SUNDRPW,SUNDRPW,1,8.3,1.6482842330245907e-05,
SUNGROEW,SUNGROEW,1,8.3,1.6482842330245907e-05,
SUNGROWN SG8K3 D 2,Sungrown/SG8K3-D -2,1,8.3,1.6482842330245907e-05,
ECOSOLYS ABB FRONIUS,ECOSOLYS ABB FRONIUS,1,8.3,1.6482842330245907e-05,
SUNGR0W,SUNGR0W,1,8.3,1.6482842330245907e-05,
CSI 5KTL,CSI-5KTL,2,8.290000000000001,1.6462983484064887e-05,
ENPAHASE,ENPAHASE,2,8.290000000000001,1.6462983484064887e-05,
INVT IMARS MG6KTL,INVT iMARS MG6KTL -,2,8.280000000000001,1.644312463788387e-05,
BEL ENERGY BEL,BEL ENERGY BEL,1,8.28,1.6443124637883864e-05,
R66,R66,1,8.28,1.6443124637883864e-05,
BELENEGYS,BELENEGYS,1,8.28,1.6443124637883864e-05,
R5 6K S2 15 1902 M2 2 25K S4,1390 - R5-6K-S2-15;1902 - M2-2.25K-S4,1,8.25,1.638354809934081e-05,
2XCANADIAN SOLAR APSYSTEM CSI 8KTL1P GI FL QS1,2XCANADIAN SOLAR//APSYSTEM//CSI-8KTL1P-GI-FL&QS1,1,8.25,1.638354809934081e-05,
MODULO DAH,MODULO DAH,1,8.25,1.638354809934081e-05,
SOFAR E 108 SAJ,105 - SOFAR e 108 - SAJ,1,8.25,1.638354809934081e-05,
ASN 6SL PLUS 1759 M2 2 25K S4,2033 - ASN-6SL-PLUS;1759 - M2-2.25K-S4,1,8.25,1.638354809934081e-05,
HY M10 144H 550W,HY-M10/144H 550W,3,8.25,1.638354809934081e-05,
TECHPOWER DEYE GROWATT,Techpower|DEYE|Growatt,1,8.25,1.638354809934081e-05,
TSOL MP3000 1972 TSOL MX2250,1370 - TSOL-MP3000;1972 - TSOL-MX2250,1,8.25,1.638354809934081e-05,
SOLAR SOLARSOFAR SOLAR,SOLAR SOLARSOFAR SOLAR,1,8.25,1.638354809934081e-05,
KEHUA TECH E 15 SAJ,99 - KEHUA TECH e 15 - SAJ,1,8.25,1.638354809934081e-05,
SOLAR EDGE HD WAVE,SOLAR EDGE HD-WAVE,1,8.25,1.638354809934081e-05,
SOFAR E SAJ,SOFAR E SAJ,1,8.25,1.638354809934081e-05,
HIKU CS3W 450MS,HIKU CS3W-450MS,1,8.2,1.6284253868435712e-05,
64 00,"64,00",1,8.2,1.6284253868435712e-05,
TERMOMAX DE YE,TERMOMAX DE YE,3,8.2,1.6284253868435712e-05,
DYD,DYD,1,8.2,1.6284253868435712e-05,
SOLARIZAR,Solarizar,1,8.2,1.6284253868435712e-05,
FRONUS DO BRASIL,FRONUS DO BRASIL,1,8.2,1.6284253868435712e-05,
JINKO 435W,JINKO 435W,1,8.2,1.6284253868435712e-05,
SOLAR FRONUIS,SOLAR FRONUIS,1,8.2,1.6284253868435712e-05,
SOLAR FRONIU,SOLAR FRONIU,1,8.2,1.6284253868435712e-05,
AFRONIUS,AFRONIUS,1,8.2,1.6284253868435712e-05,
TSNUSS,TSNUSS,2,8.2,1.6284253868435712e-05,
FRONIUS E 43 SOLIS,2 - FRONIUS e 43 - SOLIS,1,8.2,1.6284253868435712e-05,
TSM DEG15MC 20 II 405W,"TSM-DEG15MC,20(II)-405W",1,8.2,1.6284253868435712e-05,
002134,002134/,1,8.2,1.6284253868435712e-05,
PRIMO 8 2,PRIMO 8.2,1,8.2,1.6284253868435712e-05,
RSM150 8 1500M 500W,RSM150-8-1500M 500W,1,8.2,1.6284253868435712e-05,
FRONTIUS,FRONTIUS,1,8.2,1.6284253868435712e-05,
Q POWER,Q.POWER,1,8.2,1.6284253868435712e-05,
GROWATT FRONIUS SYMO 12 5 3 M,Growatt / Fronius	Symo 12.5-3-M	,1,8.2,1.6284253868435712e-05,
FRONTIE PRIMO 8 2,FRONTIE PRIMO 8.2,1,8.2,1.6284253868435712e-05,
FONIUS INTERNATIONAL GMBH,FONIUS INTERNATIONAL GMBH,1,8.2,1.6284253868435712e-05,
RENO 3000HD,RENO 3000HD,1,8.2,1.6284253868435712e-05,
TRINA SOLAR TSM DE15MII 400W,TRINA SOLAR TSM-DE15MII-400W,1,8.2,1.6284253868435712e-05,
Q POWER 335,Q.Power 335,1,8.2,1.6284253868435712e-05,
1XFRONIUS PRIMO 8 2K,1XFRONIUS//PRIMO 8.2K,1,8.2,1.6284253868435712e-05,
FRONIUSPRIMO 8 2 1,FRONIUSPrimo 8.2-1,1,8.2,1.6284253868435712e-05,
FRONLUS,FRONLUS,1,8.2,1.6284253868435712e-05,
RINA SOLAR,RINA SOLAR,1,8.2,1.6284253868435712e-05,
RONIUS SOLAR,RONIUS SOLAR,1,8.2,1.6284253868435712e-05,
FRONIU S,FRONIU S,1,8.2,1.6284253868435712e-05,
1 DEYE 2 APSYSTEMS,1 Deye / 2 APSYSTEMS,1,8.2,1.6284253868435712e-05,
FREONIUS,FREONIUS,1,8.2,1.6284253868435712e-05,
JINKO PRIMO 8 2 1,JINKO	PRIMO 8.2 - 1,1,8.2,1.6284253868435712e-05,
DEYE E KEHUA,DEYE E KEHUA,1,8.19,1.6264395022254692e-05,
OSDA NINGBO SOLAR,osda ningbo solar,1,8.19,1.6264395022254692e-05,
SUNENERGY,SUNENERGY,2,8.19,1.6264395022254692e-05,
JAM 72S09 390 PR,JAM 72S09-390/PR,1,8.19,1.6264395022254692e-05,
HALFCELL,HALFCELL,3,8.18,1.6244536176073676e-05,
FRONIUS FRONIUS RENOVIGI GALVO 1 5 1 PRIMO 5 0 1 RENO560,Fronius ; Fronius ;Renovigi/ Galvo 1.5-1 ; Primo 5.0-1;RENO560,1,8.18,1.6244536176073676e-05,
SOLAREDGE NEP,SOLAREDGE + NEP,1,8.18,1.6244536176073676e-05,
B B POWER SF 3KTN,B&B POWER/SF-3KTN,3,8.16,1.620481848371164e-05,
GOOOWE,GOOOWE,3,8.16,1.620481848371164e-05,
INVERSOR MICRO INVERSOR NORTHERN ELECTRIC POWER TECHNOLOGY INC,Inversor: ; Micro Inversor: Northern Electric Power Technology Inc,2,8.16,1.620481848371164e-05,
SUNUNO PLUS 6K M 115 SUNUNO PLUS 4K M,302 - SUNUNO PLUS 6K-M;115 - SUNUNO PLUS 4K-M,1,8.14,1.6165100791349603e-05,
VALENIA,VALENIA,3,8.100000000000001,1.6085665406625524e-05,
FS1U 405MS,FS1U-405MS,1,8.1,1.608566540662552e-05,
MODULO FV 405WP MONO HALF CELL TRINA TSM DE15M,MODULO FV 405WP MONO HALF-CELL TRINA TSM-DE15M,1,8.1,1.608566540662552e-05,
SUNGRUOW,SUNGRUOW,1,8.1,1.608566540662552e-05,
SUNGROWPOWERSUPPLY,SungrowPowerSupply,1,8.1,1.608566540662552e-05,
WEGSIW,WEGSIW,1,8.1,1.608566540662552e-05,
NAO INFORNOU SEM ANEXO,nao infornou sem anexo,1,8.1,1.608566540662552e-05,
JKM335PP 72 V,JKM335PP-72-V,3,8.1,1.608566540662552e-05,
HT SAAE HT66 18X 505W,HT-SAAE HT66-18X 505W,2,8.08,1.6045947714263484e-05,
IRANDIR,IRANDIR,1,8.06,1.6006230021901448e-05,
BELENERGY BEL3KG,BELENERGY / Bel3KG,3,8.059999999999999,1.6006230021901444e-05,
SAJ SMA LIVOLTEK,"SAJ, SMA, LIVOLTEK",1,8.05,1.5986371175720428e-05,
SIW300H M050 640 SIW300H M040 L1 SUN2000L 4KTL L1,186 - SIW300H M050;640 - SIW300H M040 L1 (SUN2000L-4KTL-L1),1,8.04,1.5966512329539408e-05,
MS SOLAR,Ms solar,1,8.04,1.5966512329539408e-05,
FRNIUS INTERNATIONAL,FRNIUS INTERNATIONAL,1,8.02,1.592679463717737e-05,
SIW200H M085,SIW200H M085 /,1,8.01,1.5906935790996352e-05,
JINKO SOALR,JINKO SOALR,1,8.0,1.5887076944815332e-05,
JINKO SOLAR 450 W MONOCRISTALINO,JINKO SOLAR 450 W MONOCRISTALINO,1,8.0,1.5887076944815332e-05,
HYPTECH,HYPTECH,1,8.0,1.5887076944815332e-05,
SAJR5 8K S2 15,SAJR5-8K-S2-15,1,8.0,1.5887076944815332e-05,
YE SUN 8K G,YE SUN-8K-G,1,8.0,1.5887076944815332e-05,
BELENERGY BEL8K G,BELENERGY BEL8K G,1,8.0,1.5887076944815332e-05,
006746 2023,006746 2023,1,8.0,1.5887076944815332e-05,
SOLIS RENOVIGI BB POWER RENOVIGI,SOLIS/RENOVIGI BB POWER / RENOVIGI,1,8.0,1.5887076944815332e-05,
SOLIS RENOVIGI E B B POWER,SOLIS / RENOVIGI e B&B POWER,1,8.0,1.5887076944815332e-05,
DAH DHM 72L9 440W,DAH | DHM-72L9 - 440W,1,8.0,1.5887076944815332e-05,
INVERSOR SOLAR SF 5KTN RISEN ENERGY,Inversor Solar Sf 5ktn/Risen Energy,1,8.0,1.5887076944815332e-05,
UNO DM 4 0,UNO-DM-4.0-,2,8.0,1.5887076944815332e-05,
CS3W290MS,CS3W290MS,2,8.0,1.5887076944815332e-05,
CS3W350MS,CS3W350MS,2,8.0,1.5887076944815332e-05,
SKRIPT PAYLASIMI SKRIPT PAYLASIMI,Skript Paylasimi/Skript Paylasimi,1,8.0,1.5887076944815332e-05,
SUN 8K SG01LP1 EU,849 - SUN-8K-SG01LP1-EU,1,8.0,1.5887076944815332e-05,
SUN 8KSG01LP1 EU,2104 - SUN-8KSG01LP1-EU,1,8.0,1.5887076944815332e-05,
BS585M 144,BS585M-144,1,8.0,1.5887076944815332e-05,
MONOCARGA,monocarga,1,8.0,1.5887076944815332e-05,
MONOCRYSTALLINE PERC RSM144 6 415M,MONOCRYSTALLINE PERC RSM144-6-415M,1,8.0,1.5887076944815332e-05,
HOOYMILES,HOOYMILES,1,8.0,1.5887076944815332e-05,
APSYSYEM,APSYSYEM,1,8.0,1.5887076944815332e-05,
SUN 8K G 60HZ,SUN-8K-G(60HZ),1,8.0,1.5887076944815332e-05,
SUN 8K G 8KW,SUN -8K- G - 8KW,1,8.0,1.5887076944815332e-05,
SAJR6 8K S3,SAJR6-8K-S3,1,8.0,1.5887076944815332e-05,
NTELBRASNTELBRAS,NTELBRASNTELBRAS,1,8.0,1.5887076944815332e-05,
SUN20008KLCO,SUN20008KLCO,1,8.0,1.5887076944815332e-05,
SUN2000K,SUN2000K,1,8.0,1.5887076944815332e-05,
EMPALUIX,EMPALUIX	,1,8.0,1.5887076944815332e-05,
INVERSOR FIXESS MICRO INVERSOR,Inversor: FIXESS; Micro Inversor:,1,8.0,1.5887076944815332e-05,
INVERSOR SOLAR SIW300H M050 INVERSOR MONOFASICO SIW300,Inversor solar SIW300H M050/Inversor Monofásico SIW300,1,8.0,1.5887076944815332e-05,
G R O W A TT,G r o w a tt,1,8.0,1.5887076944815332e-05,
RENOVIGI BB POWER MOSO SOLIS,RENOVIGI/BB POWER/MOSO // SOLIS,1,8.0,1.5887076944815332e-05,
INVERSOR DS3D MICRO INVERSOR,Inversor: DS3D; Micro Inversor:,1,8.0,1.5887076944815332e-05,
INVERSOR ECOSOLAR ENERGIA,INVERSOR ECOSOLAR ENERGIA,1,8.0,1.5887076944815332e-05,
CSI 3K MTL CSI 5K MTL,CSI-3K-MTL / CSI-5K-MTL,1,8.0,1.5887076944815332e-05,
GROWATT8000 MTL S,Growatt8000 MTL-S,1,8.0,1.5887076944815332e-05,
GROWATTA,GROWATTa,1,8.0,1.5887076944815332e-05,
GROWATTGROWATTGROWATTGROWATT,GROWATTGROWATTGROWATTGROWATT,1,8.0,1.5887076944815332e-05,
DAG,DAG,1,8.0,1.5887076944815332e-05,
HOYUMILES,HOYUMILES,1,8.0,1.5887076944815332e-05,
SUNBGROW,SUNBGROW,1,8.0,1.5887076944815332e-05,
SOL PLANET ASW8000S,SOL PLANET ASW8000S,1,8.0,1.5887076944815332e-05,
MODULO DAS,MODULO DAS,1,8.0,1.5887076944815332e-05,
BOSCH BENDIX,Bosch Bendix,1,8.0,1.5887076944815332e-05,
FABRICANTE DO INVERSORDEYE,FABRICANTE DO INVERSORDeye,1,8.0,1.5887076944815332e-05,
B BPOWER B BPOWER,"B&BPOWER, B&BPOWER",1,8.0,1.5887076944815332e-05,
BS 5K 1801 BS 3K,1735 - BS-5K;1801 - BS-3K,1,8.0,1.5887076944815332e-05,
LR5 66HPH 500M,LR5-66HPH-500M,2,8.0,1.5887076944815332e-05,
LR5 72HPH 550M,LR5-72HPH-550M,1,8.0,1.5887076944815332e-05,
LSYS,LSYS,1,8.0,1.5887076944815332e-05,
IONS 2K M1 MICRO,IONS-2K M1 MICRO,1,8.0,1.5887076944815332e-05,
335PHK36,335PHK36,1,8.0,1.5887076944815332e-05,
USNUNO,USNUNO,1,8.0,1.5887076944815332e-05,
ULICA UL 505M 132HV,ULICA UL-505M 132HV,1,8.0,1.5887076944815332e-05,
ULICASOLAR,ULICASOLAR,1,8.0,1.5887076944815332e-05,
INVT MG,Invt - MG,1,8.0,1.5887076944815332e-05,
RGT M 8K 220V,RGT-M 8K 220V,1,8.0,1.5887076944815332e-05,
RISEN 450WP,RISEN 450WP,1,8.0,1.5887076944815332e-05,
WEG HUAWEI SIW300H M040,WEG (HUAWEI) SIW300H-M040,2,8.0,1.5887076944815332e-05,
WEG HUAWEI NEOSOLAR HUAWEI,WEG/Huawei/NeoSolar/Huawei,1,8.0,1.5887076944815332e-05,
SS 505 66MDH,SS-505-66MDH,1,8.0,1.5887076944815332e-05,
SS 575 72MDH T,SS-575-72MDH(T),1,8.0,1.5887076944815332e-05,
BYD340 PHK 36 5B,456 - BYD340-PHK-36-5B,2,8.0,1.5887076944815332e-05,
HOPESUN 8KTL,HOPESUN 8KTL.,1,8.0,1.5887076944815332e-05,
EXIOM SOLUTION,EXIOM SOLUTION,1,8.0,1.5887076944815332e-05,
RENOVIGI E LIVOLTEK,RENOVIGI e LIVOLTEK,1,8.0,1.5887076944815332e-05,
RENOVIGI ENERGIA SOLAR DEYE,RENOVIGI ENERGIA SOLAR / DEYE,1,8.0,1.5887076944815332e-05,
ELSYS SOLAR ESM 8000,ELSYS SOLAR/ESM-8000,1,8.0,1.5887076944815332e-05,
RS 8K S2 15,RS-8K-S2-15,1,8.0,1.5887076944815332e-05,
RS6S400M,RS6S400M,1,8.0,1.5887076944815332e-05,
RSM,RSM-,2,8.0,1.5887076944815332e-05,
SUNGRFOW,Sungrfow,1,8.0,1.5887076944815332e-05,
INVERSOR SOLAR INVERSOR SOLAR,Inversor solar/Inversor solar,1,8.0,1.5887076944815332e-05,
SIW300 M050 868 SIW200G M030 WO,41 - SIW300 M050;868 - SIW200G M030 WO,1,8.0,1.5887076944815332e-05,
DAH MONO HALF CELL,DAH MONO HALF-CELL,1,8.0,1.5887076944815332e-05,
DAH POLI HALF CELL,DAH POLI HALF CELL,2,8.0,1.5887076944815332e-05,
GROWATT5500MTL S,GROWATT5500MTL-S,1,8.0,1.5887076944815332e-05,
SIW300H M030 SUN2000L 3KTL,SIW300H.M030 (SUN2000L-3KTL),1,8.0,1.5887076944815332e-05,
HPS 8000 HPS 8000,HPS-8000 HPS-8000,1,8.0,1.5887076944815332e-05,
MO 120 460,MO-120-460,1,8.0,1.5887076944815332e-05,
INVERSOR SOFFAR MICRO INVERSOR,Inversor: SOFFAR; Micro Inversor:,1,8.0,1.5887076944815332e-05,
INVERSOR GODWEE MICRO INVERSOR,Inversor: GODWEE; Micro Inversor:,2,8.0,1.5887076944815332e-05,
INVERSOR 5000W SOLAR INVERSOR MONOFASICO,Inversor 5000w Solar /Inversor Monofásico,1,8.0,1.5887076944815332e-05,
CPS SCA8KTLSM EU,CPS SCA8KTLSM/EU,1,8.0,1.5887076944815332e-05,
NIGBO,NIGBO,1,8.0,1.5887076944815332e-05,
NINGBO AUSTA SOLAR TECH,NINGBO AUSTA SOLAR TECH,2,8.0,1.5887076944815332e-05,
APSYTSMES,APSYTSMES,1,8.0,1.5887076944815332e-05,
APSYTSTEMS QSI,APSYTSTEMS QSI,1,8.0,1.5887076944815332e-05,
CS3U 360PB AG,CS3U-360PB-AG,1,8.0,1.5887076944815332e-05,
CRINTPOWER,CRINTPOWER,1,8.0,1.5887076944815332e-05,
GROWATTMIN 8 000TL X E,GROWATTMIN 8.000TL-X (E),1,8.0,1.5887076944815332e-05,
GROWATTMIN 8000TL X E,GROWATTMIN 8000TL-X(E),1,8.0,1.5887076944815332e-05,
CRIWATT,CRIWATT,1,8.0,1.5887076944815332e-05,
CANADIANSOLAR SERRANA,canadiansolar/serrana,1,8.0,1.5887076944815332e-05,
GROWATTSAJ,GROWATTSAJ,1,8.0,1.5887076944815332e-05,
LIVLTEK,LIVLTEK,1,8.0,1.5887076944815332e-05,
SOL PLANET ASW8000 S,SOL PLANET ASW8000-S,1,8.0,1.5887076944815332e-05,
340,340,1,8.0,1.5887076944815332e-05,
MINI3000 4G,MINI3000 4G,1,8.0,1.5887076944815332e-05,
ODA400 36 MH,608 - ODA400-36-MH,2,8.0,1.5887076944815332e-05,
NXN8K,1269 - NXN8K,1,8.0,1.5887076944815332e-05,
TSUNPOWER,TSUNPOWER,1,8.0,1.5887076944815332e-05,
TUSD,TUSD,1,8.0,1.5887076944815332e-05,
J A,J A,1,8.0,1.5887076944815332e-05,
JA MONO,JA MONO,1,8.0,1.5887076944815332e-05,
3GROWATT,3GROWATT,1,8.0,1.5887076944815332e-05,
3KTLM G3 954 5KTLM G3,1090 - 3KTLM-G3;954 - 5KTLM-G3,1,8.0,1.5887076944815332e-05,
RSM 72 6 340P,RSM-72-6-340P,1,8.0,1.5887076944815332e-05,
ELSYS ESM 800,ELSYS-ESM-800,1,8.0,1.5887076944815332e-05,
DAYA,DAYA,1,8.0,1.5887076944815332e-05,
DAYE SUN2000 G3 US 220,DAYE SUN2000 G3-US-220,1,8.0,1.5887076944815332e-05,
SIW200G M030 W0 E SIW200G M050 W0,SIW200G-M030-W0 e SIW200G-M050-W0,1,8.0,1.5887076944815332e-05,
ESPHSC 540W,ESPHSC 540W,1,8.0,1.5887076944815332e-05,
INVERSOR SOUPLANET MICRO INVERSOR,Inversor: SOUPLANET ; Micro Inversor:,1,8.0,1.5887076944815332e-05,
DASTHECK,Dastheck,2,8.0,1.5887076944815332e-05,
ELIGN,ELIGN,1,8.0,1.5887076944815332e-05,
ELG570W M72HRM,ELG570W-M72HRM,1,8.0,1.5887076944815332e-05,
4,4,4,8.0,1.5887076944815332e-05,
INTELBERAS,INTELBERAS,1,8.0,1.5887076944815332e-05,
OMINKSOL OMINKSOL,OMINKSOL | OMINKSOL	,1,8.0,1.5887076944815332e-05,
SIW200G M080,SIW200G-M080,1,8.0,1.5887076944815332e-05,
HPYIPOWER,HPYIPOWER,1,8.0,1.5887076944815332e-05,
HPYNOTECH,HPYNOTECH	,1,8.0,1.5887076944815332e-05,
HT 66 18X 505WP,HT-66 - 18X 505WP,1,8.0,1.5887076944815332e-05,
MODELOS DOS MICROINVERSORES HMS 2000 4T3 8 POTENCIA DE PICO DOS MODULOS SOMA DAS POTENCIAS DOS MOD,modelos dos Microinversores:HMS-2000-4T3.8) Potência de pico dos módulos (soma das potencias dos mód,2,8.0,1.5887076944815332e-05,
MODO B B POWER,MODO B&B Power,1,8.0,1.5887076944815332e-05,
SOLAI SOLAR,SOLAI SOLAR,1,8.0,1.5887076944815332e-05,
SOLAPLANET ASW8000 S,SOLAPLANET ASW8000-S,1,8.0,1.5887076944815332e-05,
GW8500 MS 3MPPT,GW8500-MS - 3MPPT,1,8.0,1.5887076944815332e-05,
GW8K DT,1956 - GW8K-DT,1,8.0,1.5887076944815332e-05,
SIW 300H M030 E,SIW 300H M030 e,1,8.0,1.5887076944815332e-05,
BISTAR,BISTAR,1,8.0,1.5887076944815332e-05,
BLANK 5000,Blank 5000,1,8.0,1.5887076944815332e-05,
18981617450,18981617450,1,8.0,1.5887076944815332e-05,
INVERSOR SINEN MICRO INVERSOR,Inversor: SINEN; Micro Inversor:,1,8.0,1.5887076944815332e-05,
1P8K 4G 3,1P8K- 4G 3,1,8.0,1.5887076944815332e-05,
1PSYSTEMS,1PSYSTEMS,1,8.0,1.5887076944815332e-05,
1SOLIS,1SOLIS,1,8.0,1.5887076944815332e-05,
BAJ,BAJ,1,8.0,1.5887076944815332e-05,
SOLPLANEY,SOLPLANEY,1,8.0,1.5887076944815332e-05,
SOLPLANEY ASW8000 S,SOLPLANEY ASW8000-S,1,8.0,1.5887076944815332e-05,
OLARX POWER,OLARX POWER,1,8.0,1.5887076944815332e-05,
OLIMAR FARAGO PALMA,OLIMAR FARAGO PALMA,1,8.0,1.5887076944815332e-05,
GROWATT E SOFAR,GROWATT E SOFAR,1,8.0,1.5887076944815332e-05,
DC,DC,1,8.0,1.5887076944815332e-05,
APSSTEMS,APSSTEMS,1,8.0,1.5887076944815332e-05,
INVERSORES SOLAR BLANK,INVERSORES SOLAR BLANK,2,8.0,1.5887076944815332e-05,
2XPHB 3000N XS,2xPHB/3000N-XS,1,8.0,1.5887076944815332e-05,
ENERGIA SOLAR FRONIUS PRIMO E RENOVIGI,ENERGIA SOLAR- FRONIUS PRIMO E RENOVIGI,1,8.0,1.5887076944815332e-05,
INVOCARE SOLAR,Invocare Solar,1,8.0,1.5887076944815332e-05,
VTY ESPHSC 450M,VTY ESPHSC-450M;,1,8.0,1.5887076944815332e-05,
SUN 8K G M,SUN-8K-G M,1,8.0,1.5887076944815332e-05,
N INFORMADO,ñ informado,2,8.0,1.5887076944815332e-05,
AXITEC DO BRASIL,Axitec do Brasil,1,8.0,1.5887076944815332e-05,
SS 450 72MDX9,SS-450-72MDX9,1,8.0,1.5887076944815332e-05,
ENVERTCH,ENVERTCH,2,8.0,1.5887076944815332e-05,
APSSYSTEMS DS3D,APSSYSTEMS DS3D,1,8.0,1.5887076944815332e-05,
SIW 200G M050 W0 SIW 200G M030,SIW 200G M050 W0/ SIW 200G M030,1,8.0,1.5887076944815332e-05,
MODELO,MODELO,1,8.0,1.5887076944815332e-05,
DEHE,DEHE,1,8.0,1.5887076944815332e-05,
DEIE,deie,1,8.0,1.5887076944815332e-05,
SUNGROW E 108 SAJ,120 - SUNGROW e 108 - SAJ,1,8.0,1.5887076944815332e-05,
HUAEW,HUAEW,2,8.0,1.5887076944815332e-05,
KOPP KUARA8 0 3 S,KOPP KUARA8.0-3-S,1,8.0,1.5887076944815332e-05,
43 40,"43,40",1,8.0,1.5887076944815332e-05,
43 59,"43,59",1,8.0,1.5887076944815332e-05,
JAM72,JAM72,1,8.0,1.5887076944815332e-05,
RSM726,RSM726,1,8.0,1.5887076944815332e-05,
MIN 8000TL,MIN 8000TL,1,8.0,1.5887076944815332e-05,
MIN8000T L X E,MIN8000T L-X(E),1,8.0,1.5887076944815332e-05,
MIN8000TL,MIN8000TL,1,8.0,1.5887076944815332e-05,
SOLPLANET E 208 TSUNESS,129 - SOLPLANET E 208 - TSUNESS,1,8.0,1.5887076944815332e-05,
HN18 72H575W,HN18-72H575W,1,8.0,1.5887076944815332e-05,
DAYEMOD,dayemod,1,8.0,1.5887076944815332e-05,
HANERSUN HN18 72HT585W,HANERSUN HN18-72HT585W,1,8.0,1.5887076944815332e-05,
SOLAR GRID B B POWER,Solar Grid / B&B Power,1,8.0,1.5887076944815332e-05,
HN18N 72H 585 EN,HN18N-72H-585-EN,1,8.0,1.5887076944815332e-05,
BE AIR,BE AIR,2,8.0,1.5887076944815332e-05,
GK 4 66HT 610M F,GK-4-66HT-610M-F,1,8.0,1.5887076944815332e-05,
GLOBO,GLOBO,1,8.0,1.5887076944815332e-05,
OMNIKSOL 4K LT2,OMNIKSOL-4K-LT2,1,8.0,1.5887076944815332e-05,
SINGLE PHASE STRING INVERTER,SINGLE PHASE STRING INVERTER,1,8.0,1.5887076944815332e-05,
SUNGROW LIVOLTEK,"SUNGROW, LIVOLTEK",1,8.0,1.5887076944815332e-05,
HUAWEI SUN2000L 5KTL WEG SIW300H M050 E,HUAWEI / SUN2000L-5KTL (WEG SIW300H M050) e,1,8.0,1.5887076944815332e-05,
HUAWEI SUN2000L 5KTL WEG SIW300H M050,HUAWEI / SUN2000L-5KTL (WEG SIW300H M050),1,8.0,1.5887076944815332e-05,
SUNM225G4 EUQ0,SUNM225G4-EUQ0,2,8.0,1.5887076944815332e-05,
SUNNWAYS,SUNNWAYS,1,8.0,1.5887076944815332e-05,
OMNIKSOL 4K TL2 D,Omniksol-4K-TL2 d,1,8.0,1.5887076944815332e-05,
NHS NHS,NHS NHS,1,8.0,1.5887076944815332e-05,
INVERSOR 8 0 KW RENO 8K,"Inversor 8,0 kW - RENO-8K -",1,8.0,1.5887076944815332e-05,
WEG GOODWE WEG GOODWE,Weg (GoodWe)\Weg (GoodWe),1,8.0,1.5887076944815332e-05,
STAR,STAR,2,8.0,1.5887076944815332e-05,
CANADIANM SOLAR,CANADIANM SOLAR,3,8.0,1.5887076944815332e-05,
CANADIANQ,CANADIANQ,2,8.0,1.5887076944815332e-05,
GUANGZHOU SANJING ELETRIC CO LTDA,GUANGZHOU SANJING ELETRIC CO. LTDA,1,8.0,1.5887076944815332e-05,
HOWEPIND,Howepind,1,8.0,1.5887076944815332e-05,
SOFAR KEHUA TECH,SOFAR / KEHUA TECH,1,8.0,1.5887076944815332e-05,
R5 8K S3,1718 - R5-8K-S3,1,8.0,1.5887076944815332e-05,
R5 8K T2,1436 - R5-8K-T2,1,8.0,1.5887076944815332e-05,
ESPHSC450,ESPHSC450,1,8.0,1.5887076944815332e-05,
ONIUS,ONIUS,1,8.0,1.5887076944815332e-05,
BEDDIN SOLAR,BEDDIN SOLAR,1,8.0,1.5887076944815332e-05,
BDEINSOLAR,BDEINSOLAR,1,8.0,1.5887076944815332e-05,
BDM 2000 2KW,BDM-2000 2KW	,1,8.0,1.5887076944815332e-05,
MINASOL HPS 8000T,MINASOL HPS-8000T,1,8.0,1.5887076944815332e-05,
SOLAR ENERGY BRASIL LTDA,SOLAR ENERGY BRASIL LTDA,3,8.0,1.5887076944815332e-05,
AMERISOLAR AS6P 340,AMERISOLAR / AS6P-340,1,8.0,1.5887076944815332e-05,
ANADIAN SOLAR SMA,anadian Solar | SMA,1,8.0,1.5887076944815332e-05,
KEHUA TECH SOFAR,"KEHUA TECH, SOFAR",1,8.0,1.5887076944815332e-05,
KEHUA WEG,KEHUA / WEG,1,8.0,1.5887076944815332e-05,
KEHUARTECH,kehuartech,1,8.0,1.5887076944815332e-05,
KEAHTECH,keahtech,1,8.0,1.5887076944815332e-05,
SUNONO PLUS,SUNONO PLUS,1,8.0,1.5887076944815332e-05,
SOLPALNT,SOLPALNT,1,8.0,1.5887076944815332e-05,
FOX ESSFOX ESS,FOX ESSFOX ESS,1,8.0,1.5887076944815332e-05,
FOX SOOLAR,FOX SOOLAR,1,8.0,1.5887076944815332e-05,
GROWAT MTL S 8000MTL S,GROWAT MTL-S 8000MTL-S,1,8.0,1.5887076944815332e-05,
GROWAT X000D,GROWAT_x000D_,1,8.0,1.5887076944815332e-05,
DEYE E 16 KSTAR,64 - DEYE E 16 - KSTAR,1,8.0,1.5887076944815332e-05,
WDC 5K WDC 3K,WDC 5K WDC 3K,1,8.0,1.5887076944815332e-05,
HUWAREI,HUWAREI,1,8.0,1.5887076944815332e-05,
HUWE,HUWE,1,8.0,1.5887076944815332e-05,
FRONIUS RENOVIGI SOLIS,Fronius / Renovigi / Solis,1,8.0,1.5887076944815332e-05,
FRONIUS INTERNATION AL APSYSTEMS,FRONIUS INTERNATION AL/ APSYSTEMS,1,8.0,1.5887076944815332e-05,
KEHUA DEYE,KEHUA/DEYE,1,8.0,1.5887076944815332e-05,
KEHUA E RENOVIGI,KEHUA E RENOVIGI,1,8.0,1.5887076944815332e-05,
SUNNY BOY INVERSOR SOLAR SMA ALDO SOLAR,SUNNY BOY / Inversor Solar Sma Aldo Solar,1,8.0,1.5887076944815332e-05,
EL G 550 M72 H,EL G 550 – M72 H,1,8.0,1.5887076944815332e-05,
EGT 8000,EGT 8000,1,8.0,1.5887076944815332e-05,
EGT 2000 LITE G2,EGT 2000 LITE G2,2,8.0,1.5887076944815332e-05,
BEL EERGY,BEL EERGY,1,8.0,1.5887076944815332e-05,
BELLENERGY BELL2000G3 US 220,BellEnergy/Bell2000G3-US-220,2,8.0,1.5887076944815332e-05,
BELPLUS,BELPLUS,2,8.0,1.5887076944815332e-05,
INVERSOR OSDA MICRO INVERSOR,Inversor: OSDA; Micro Inversor:,1,8.0,1.5887076944815332e-05,
RENOG,RENOG,2,8.0,1.5887076944815332e-05,
FRO NIUS,FRO NIUS,2,8.0,1.5887076944815332e-05,
AJUSTAR,AJUSTAR,1,8.0,1.5887076944815332e-05,
DEYER SUN 2000,DEYER SUN 2000,1,8.0,1.5887076944815332e-05,
GROWAT 8KW,GROWAT 8Kw,1,8.0,1.5887076944815332e-05,
DEYEINVDE MO 220V8KW,DEYEINVDE-MO-220V8KW,1,8.0,1.5887076944815332e-05,
DEYEMICRO,DEYEMICRO,1,8.0,1.5887076944815332e-05,
INVERSOR SERRANA,Inversor Serrana,2,8.0,1.5887076944815332e-05,
MAXX TECH SMT 8KW S,MAXX TECH SMT 8KW-S,1,8.0,1.5887076944815332e-05,
EGT 2000 M,EGT 2000 M,1,8.0,1.5887076944815332e-05,
PS450M4H 24 TH CS3W 445MS,PS450M4H-24/TH CS3W-445MS,1,8.0,1.5887076944815332e-05,
PULLING BIFACIAL 580W,PULLING BIFACIAL 580W,1,8.0,1.5887076944815332e-05,
DEYE11,DEYE11,1,8.0,1.5887076944815332e-05,
DEYE SOLISDEYE SOLIS,DEYE & SOLISDEYE & SOLIS,1,8.0,1.5887076944815332e-05,
OSDA E TRINA SOLAR,OSDA E TRINA SOLAR,1,8.0,1.5887076944815332e-05,
SHENZHEN SENERGY TECHNOLOGY,SHENZHEN SENERGY TECHNOLOGY,1,8.0,1.5887076944815332e-05,
AGIN,AGIN,1,8.0,1.5887076944815332e-05,
SUNUNO PLUS 3K SUNUNO PLUS 5K M,SUNUNO PLUS 3K - SUNUNO PLUS 5K-M,1,8.0,1.5887076944815332e-05,
INVERSORES ECOSOLAR,Inversores – ECOSOLAR,1,8.0,1.5887076944815332e-05,
WE G,WE G,1,8.0,1.5887076944815332e-05,
CHUNT,CHUNT,1,8.0,1.5887076944815332e-05,
NEXN,NEXN,1,8.0,1.5887076944815332e-05,
NEXSOLAR,Nexsolar,2,8.0,1.5887076944815332e-05,
CIVICSOLAR,CivicSolar,1,8.0,1.5887076944815332e-05,
LIVOLETK,LIVOLETK,1,8.0,1.5887076944815332e-05,
SUN 4K G BEL 4K G,SUN-4K-G/ BEL-4K-G,2,8.0,1.5887076944815332e-05,
CP18 72H555W,CP18-72H555W,2,8.0,1.5887076944815332e-05,
ASN 8SL E1,1792 - ASN-8SL-E1,1,8.0,1.5887076944815332e-05,
CANAIDAN,CANAIDAN,2,8.0,1.5887076944815332e-05,
LIVOLTEK E SOLPLANET,LIVOLTEK E SOLPLANET,1,8.0,1.5887076944815332e-05,
SUN 2000 G3 US 1370 TSOL MP3000,723 - SUN 2000 G3-US;1370 - TSOL-MP3000,1,8.0,1.5887076944815332e-05,
GROWAT MIN 8000TL X E,GROWAT MIN 8000TL-X(E),1,8.0,1.5887076944815332e-05,
GROWAT MIN 8000TL X2,GROWAT MIN 8000TL- X2,1,8.0,1.5887076944815332e-05,
AJ R5 8K S2 15,AJ R5-8K-S2-15,1,8.0,1.5887076944815332e-05,
SUNYBOYDM 5 0 SUNYBOYDM 3 0,SUNYBOYDM-5.0 / SUNYBOYDM-3.0,1,8.0,1.5887076944815332e-05,
HVAWEI,Hvawei,2,8.0,1.5887076944815332e-05,
JKM530 72HL4 TH,JKM530-72HL4-TH,1,8.0,1.5887076944815332e-05,
TSM472H N 570,	TSM472H-N-570,1,8.0,1.5887076944815332e-05,
TSMDE15MIII,TSMDE15MIII,1,8.0,1.5887076944815332e-05,
JAM72D42 620 LBENPHASE,JAM72D42-620/LBENPHASE,2,8.0,1.5887076944815332e-05,
HCC HCC SP 8K,HCC HCC-SP-8K,1,8.0,1.5887076944815332e-05,
BELERNERGY ENERGIA SOLAR,BELERNERGY - ENERGIA SOLAR,1,8.0,1.5887076944815332e-05,
SOLAR PS535M6H 24,SOLAR PS535M6H-24,1,8.0,1.5887076944815332e-05,
BELENERY PLUS,BELENERY PLUS,2,8.0,1.5887076944815332e-05,
HDT ENERGY IMPORTACAO EXPORTACAO LTDA,HDT ENERGY IMPORTACAO & EXPORTACAO LTDA.,2,8.0,1.5887076944815332e-05,
SOLAR SUNWAYS,SOLAR SUNWAYS,1,8.0,1.5887076944815332e-05,
TOURIGA EAST EA5KSI,TOURIGA EAST- EA5KSI,1,8.0,1.5887076944815332e-05,
SHENSHEN,SHENSHEN,2,8.0,1.5887076944815332e-05,
SHENZEM SOFA SOLAR,SHENZEM SOFA SOLAR,1,8.0,1.5887076944815332e-05,
RENOVIGI ENERGIA SOLAR SOLIS INVERTER,RENOVIGI ENERGIA SOLAR / SOLIS INVERTER,1,8.0,1.5887076944815332e-05,
400MIK 36C,400MIK-36c,1,8.0,1.5887076944815332e-05,
PRO 550WGROWATT,Pro 550wGrowatt,1,8.0,1.5887076944815332e-05,
PROAUTO DEHN,PROAUTO & DEHN,1,8.0,1.5887076944815332e-05,
S6 GR1P3K M 887 S6 GR1P5K,1371 - S6-GR1P3K-M;887 - S6-GR1P5K,1,8.0,1.5887076944815332e-05,
S6 GR1P5K 976 S6 GR1P3K M,887 - S6-GR1P5K;976 - S6-GR1P3K-M,1,8.0,1.5887076944815332e-05,
INMETRO 006913 2018,Inmetro 006913/2018,1,8.0,1.5887076944815332e-05,
48 00,"48,00",1,8.0,1.5887076944815332e-05,
HYPONRTECH,HYPONRTECH,1,8.0,1.5887076944815332e-05,
SOLIS2,SOLIS2,1,8.0,1.5887076944815332e-05,
MF00605,MF00605,1,8.0,1.5887076944815332e-05,
MFV HO MO 156 600W,MFV HO-MO-156-600W,1,8.0,1.5887076944815332e-05,
SOLIX,Solix,1,8.0,1.5887076944815332e-05,
ABB UNO GROWATT,ABB-UNO/Growatt,1,8.0,1.5887076944815332e-05,
DEYESUN 4K G,DEYESUN-4K-G	,2,8.0,1.5887076944815332e-05,
SG8 0 RS,SG8.0/RS,1,8.0,1.5887076944815332e-05,
SUNWEG,SUNWEG,1,8.0,1.5887076944815332e-05,
PH ELETRONICA,Ph Eletronica,2,8.0,1.5887076944815332e-05,
HYNPOTEH,HYNPOTEH,1,8.0,1.5887076944815332e-05,
HYPONTCJ,HYPONTCJ,1,8.0,1.5887076944815332e-05,
MFVRE MO 144,MFVRE-MO-144,1,8.0,1.5887076944815332e-05,
1 X B B POWER 1 X BELENERGY,1 X (B&B Power) 1 X (BELENERGY),1,8.0,1.5887076944815332e-05,
1 X SOLIS 1 X DEYE,1 x SOLIS + 1 x DEYE,1,8.0,1.5887076944815332e-05,
FOXEES G,FOXEES(G),1,8.0,1.5887076944815332e-05,
FOXESS E HOYMILES,FOXESS E HOYMILES,1,8.0,1.5887076944815332e-05,
12 12 2022 17 17 52,12/12/2022 17:17:52	,1,8.0,1.5887076944815332e-05,
12 12 2024,12/12/2024,1,8.0,1.5887076944815332e-05,
PASYSTEMS,PASYSTEMS,1,8.0,1.5887076944815332e-05,
PCYES,PCYES,2,8.0,1.5887076944815332e-05,
PENAC NAC8K DS,PENAC / NAC8K-DS,1,8.0,1.5887076944815332e-05,
ACH ENERGY,ACH ENERGY,1,8.0,1.5887076944815332e-05,
INSTELBRAS IONS 8K M7,INSTELBRAS IONS-8K M7,1,8.0,1.5887076944815332e-05,
TSOL MP3000 917 SUN2000 G3 US 220,1370 - TSOL-MP3000;917 - SUN2000 G3-US-220,1,8.0,1.5887076944815332e-05,
DHM 72X10 530,782 - DHM-72X10 - 530,1,8.0,1.5887076944815332e-05,
WEG DEYE DEYE,WEG DEYE DEYE,1,8.0,1.5887076944815332e-05,
26,26,4,8.0,1.5887076944815332e-05,
R5 5K S2 15 3000 TL G3,R5-5K-S2-15/3000 TL -G3,1,8.0,1.5887076944815332e-05,
R5 5K S2 15 R5 3K S2 15,R5-5K-S2-15 / R5-3K-S2-15,1,8.0,1.5887076944815332e-05,
RENOVIGIC,RENOVIGIc,1,8.0,1.5887076944815332e-05,
ERA PRO 72HC585M,ERA Pro-72HC585M,1,8.0,1.5887076944815332e-05,
INV3,"INV3,",1,8.0,1.5887076944815332e-05,
NAC8K,NAC8K,1,8.0,1.5887076944815332e-05,
NANSESN,NANSESN,1,8.0,1.5887076944815332e-05,
AUSTS,AUSTS,1,8.0,1.5887076944815332e-05,
LONGI MONOCRISTALINO HALF CELL 440W,LONGI MONOCRISTALINO HALF CELL 440W,2,8.0,1.5887076944815332e-05,
INVERSOR SUWGROU MICRO INVERSOR,Inversor: suwgrou; Micro Inversor:,1,8.0,1.5887076944815332e-05,
CHSM72M,chsm72m-                   ,1,8.0,1.5887076944815332e-05,
NEOSOLAR INVERSOR ON GRID,NeoSolar / Inversor On grid,1,8.0,1.5887076944815332e-05,
GROWA T T,GROWA T T,1,8.0,1.5887076944815332e-05,
BELENERGY REGISTRO 005090 2021,BELENERGY (Registro 005090/2021),2,8.0,1.5887076944815332e-05,
HMF144T10 585W,HMF144T10-585W,1,8.0,1.5887076944815332e-05,
MFVOS MO120 460W,MFVOS-MO120-460W,1,8.0,1.5887076944815332e-05,
SALAR MAXX,SALAR MAXX,1,8.0,1.5887076944815332e-05,
WEGSOFAR,WEGSOFAR,1,8.0,1.5887076944815332e-05,
8000MTLS S,8000MTLS-S,1,8.0,1.5887076944815332e-05,
888,888,1,8.0,1.5887076944815332e-05,
PHB ELGIN,PHB / ELGIN,1,8.0,1.5887076944815332e-05,
GROTWAY,GROTWAY,1,8.0,1.5887076944815332e-05,
DHM72L9 450W,DHM72L9-450W,1,8.0,1.5887076944815332e-05,
GOODWE E 17 WEG,60 - GOODWE e 17 - WEG,1,8.0,1.5887076944815332e-05,
JAM72S30 530 555 MRGROWATT,JAM72S30 530-555/MRGROWATT,1,8.0,1.5887076944815332e-05,
9 44,"9,44",1,8.0,1.5887076944815332e-05,
JKM410M 72H BDVP,JKM410M-72H-BDVP,1,8.0,1.5887076944815332e-05,
HYPONTECHHPS 8000,HYPONTECHHPS-8000,1,8.0,1.5887076944815332e-05,
HYPOBTECH,HYPOBTECH,1,8.0,1.5887076944815332e-05,
SERRANA TOURIGA 3000 26 Z E,Serrana/ Touriga 3000 26 Z e,1,8.0,1.5887076944815332e-05,
9 12,"9,12",1,8.0,1.5887076944815332e-05,
DMEGC SOLAR BRASIL,DMEGC SOLAR BRASIL,1,8.0,1.5887076944815332e-05,
GROAT,GROAT,1,8.0,1.5887076944815332e-05,
SERRANA 5000 3000,SERRANA 5000 / 3000,1,8.0,1.5887076944815332e-05,
SERRANA ENERGIA SERRANA ENERGIA,Serrana Energia / Serrana Energia,1,8.0,1.5887076944815332e-05,
DHN 72X16 DG 585NAO INFORMADO,DHN-72X16/DG-585Não_Informado,2,8.0,1.5887076944815332e-05,
GROHATT,GROHATT,1,8.0,1.5887076944815332e-05,
JETION SOLAR JT400SGH 1500,Jetion Solar / JT400SGh(1500),1,8.0,1.5887076944815332e-05,
GOODWE POWER SOFAR SOLAR,GOODWE POWER / SOFAR SOLAR,1,8.0,1.5887076944815332e-05,
ECOSOLY FOX ESS,ECOSOLY /FOX ESS,1,8.0,1.5887076944815332e-05,
TS700S9T,TS700S9T,1,8.0,1.5887076944815332e-05,
INVERSOR ON GRID 8 0KW EGT 8000 PRO G2,"Inversor On Grid 8,0kW EGT 8000 PRO G2",1,8.0,1.5887076944815332e-05,
WEW,wew,1,8.0,1.5887076944815332e-05,
HELLIUS,HELLIUS,2,8.0,1.5887076944815332e-05,
BEL ENGERGY,bel engergy,1,8.0,1.5887076944815332e-05,
TOPCON SOLAR,TOPCON SOLAR,1,8.0,1.5887076944815332e-05,
MICROINVERSORBELENERGY,MICROINVERSORBELENERGY,1,8.0,1.5887076944815332e-05,
MICROINVERSORDEYE,MICROINVERSORDEYE,2,8.0,1.5887076944815332e-05,
BELENERGY P LUS,BELENERGY P´LUS,1,8.0,1.5887076944815332e-05,
SOLARMAXX TECH SMT 8K S,SOLARMAXX TECH SMT 8K-S,1,8.0,1.5887076944815332e-05,
1 RENOVIGI 2 DEYE,1 RENOVIGI / 2 Deye,1,8.0,1.5887076944815332e-05,
X1 MICRO2000,X1-MICRO2000,1,8.0,1.5887076944815332e-05,
RENO 8K PLUS,RENO 8K-PLUS,1,8.0,1.5887076944815332e-05,
FRONIUS DO BRASIL WEG,Fronius do Brasil/WEG,1,8.0,1.5887076944815332e-05,
BELENERGYH,BELENERGYH;,1,8.0,1.5887076944815332e-05,
TSHM535 144HV,TSHM535-144HV,1,8.0,1.5887076944815332e-05,
JHUAWEI,JHUAWEI,1,8.0,1.5887076944815332e-05,
IGEN TECH CO LTD,IGEN TECH CO. LTD,2,8.0,1.5887076944815332e-05,
JKM400PP 72 V,JKM400PP-72-V,2,8.0,1.5887076944815332e-05,
TEHC POWER,tehc power,1,8.0,1.5887076944815332e-05,
PHB3000 PHB5000,PHB3000/PHB5000,1,8.0,1.5887076944815332e-05,
JKM400M 72,JKM400M-72,1,8.0,1.5887076944815332e-05,
SMA SURRYBOY 4 00,SMA SURRYBOY 4.00,2,8.0,1.5887076944815332e-05,
28,28,2,8.0,1.5887076944815332e-05,
WEG EQUIPAMENTOS ELETRICOS S A SOLIS,WEG EQUIPAMENTOS ELÉTRICOS S.A. + SOLIS,1,8.0,1.5887076944815332e-05,
INVERSOR SUNGRIW MICRO INVERSOR,Inversor: SUNGRIW; Micro Inversor:,1,8.0,1.5887076944815332e-05,
STM 550144 S3,STM-550144-S3,1,8.0,1.5887076944815332e-05,
LNVU 555M,LNVU-555M,1,8.0,1.5887076944815332e-05,
LNVU 585N,LNVU-585N,1,8.0,1.5887076944815332e-05,
HOYEMILES,HOYEMILES,1,8.0,1.5887076944815332e-05,
AUSTAR SOLAR,AUSTAR SOLAR,1,8.0,1.5887076944815332e-05,
GT1 8KT1,1456 - GT1-8KT1,1,8.0,1.5887076944815332e-05,
GT18KD,GT18KD,1,8.0,1.5887076944815332e-05,
YH450W 36MH,462 - YH450W-36MH ,1,8.0,1.5887076944815332e-05,
CENTRAL 8KW,central 8kw,1,8.0,1.5887076944815332e-05,
THIMKPOWER,thimkpower,2,8.0,1.5887076944815332e-05,
HYPONTEDCH,HYPONTEDCH,1,8.0,1.5887076944815332e-05,
SOLARMAXX TECH STM 8KW S,SOLARMAXX TECH STM-8KW-S,1,8.0,1.5887076944815332e-05,
MICRO POWER HYX,MICRO POWER HYX,1,8.0,1.5887076944815332e-05,
FRONIUS 5 SAJ,FRONIUS / 5 - SAJ,1,8.0,1.5887076944815332e-05,
SCLPLANET,SCLPLANET,1,8.0,1.5887076944815332e-05,
DOYO,doyo,1,8.0,1.5887076944815332e-05,
570WGROWATT,/ 570WGROWATT,1,8.0,1.5887076944815332e-05,
5KTLM 3000TL,5KTLM/ 3000TL,1,8.0,1.5887076944815332e-05,
ECORI ENERGIA SOLAR LTDA,Ecori Energia solar LTDA,2,8.0,1.5887076944815332e-05,
PONTECH,PONTECH,2,8.0,1.5887076944815332e-05,
MICRO HOY 2000W,MICRO HOY 2000W,2,8.0,1.5887076944815332e-05,
62 994861040,(62) 994861040 	,1,8.0,1.5887076944815332e-05,
740 UM,740 UM,1,8.0,1.5887076944815332e-05,
SCANNER,Scanner,1,8.0,1.5887076944815332e-05,
DYEY SUN2000 G3 US 220,DYEY SUN2000 G3 US 220/,1,8.0,1.5887076944815332e-05,
E C O S OLYS,E C O S OLYS,1,8.0,1.5887076944815332e-05,
BELENERGY BEL 3K G BEL 5K G,BELENERGY / BEL-3K-G BEL-5K-G,1,8.0,1.5887076944815332e-05,
TP6H72M H 400W TP6H72M H 400W,TP6H72M(H)-400W | TP6H72M(H)-400W,1,8.0,1.5887076944815332e-05,
HYXIPO WER,HYXiPO WER,2,8.0,1.5887076944815332e-05,
HYZY,HYZY,2,8.0,1.5887076944815332e-05,
JINKJO,JinKJO,1,8.0,1.5887076944815332e-05,
PLANETSOLAR,PLANETSOLAR,1,8.0,1.5887076944815332e-05,
GORWATT MIN8000TL X,GORWATT MIN8000TL-X,1,8.0,1.5887076944815332e-05,
8 63,"8,63",1,8.0,1.5887076944815332e-05,
80,80,1,8.0,1.5887076944815332e-05,
8000MTL S 8KW,551 - 8000MTL-S (8KW)**,1,8.0,1.5887076944815332e-05,
8000MTLP S,8000MTLP-S,1,8.0,1.5887076944815332e-05,
HYTPONTECH,HYTPONTECH,1,8.0,1.5887076944815332e-05,
TRIMAX SOLAR GMBH,TRIMAX Solar GmbH,1,8.0,1.5887076944815332e-05,
BELENEERG,BELENEERG,1,8.0,1.5887076944815332e-05,
BEL8KG,BEL8KG,1,8.0,1.5887076944815332e-05,
BELBEL,BELBEL,1,8.0,1.5887076944815332e-05,
SOLARMAXX TECH SMT8KW S,SOLARMAXX TECH SMT8KW-S,1,8.0,1.5887076944815332e-05,
CENTRAL RENO 8K PLUS,Central RENO 8K PLUS,1,8.0,1.5887076944815332e-05,
TRINA SOLAR TRINA SOLAR,trina solar | trina solar,2,8.0,1.5887076944815332e-05,
ZNSHIME SOLAR,ZNSHIME SOLAR,1,8.0,1.5887076944815332e-05,
RENACE,RENACE,1,8.0,1.5887076944815332e-05,
INVERSOR MICRO INVERSOR AP SYSTEM,Inversor: ; Micro Inversor: AP SYSTEM,1,8.0,1.5887076944815332e-05,
POLI DAH,POLI DAH,1,8.0,1.5887076944815332e-05,
TRINA SOLAR TSM PE15H 350W,TRINA SOLAR/ TSM-PE15H-350W,1,8.0,1.5887076944815332e-05,
REN POWER,REN POWER,1,8.0,1.5887076944815332e-05,
0NEPNEP,0NEPNEP,1,8.0,1.5887076944815332e-05,
INVERSOR MICRO INVERSOR BENYI,Inversor: ; Micro Inversor: BENYI,1,8.0,1.5887076944815332e-05,
TRINA TSM DE45M 405,TRINA / TSM DE45M 405,1,8.0,1.5887076944815332e-05,
BELENERGY BEL 8K G BELENERGY BEL 8K G 005750 2021,BELENERGY / BEL-8K-G	BELENERGY / BEL-8K-G	005750/2021,1,8.0,1.5887076944815332e-05,
BELENERGY BEL 8KG,BELENERGY BEL 8KG,1,8.0,1.5887076944815332e-05,
HI HIPOTECH,HI-HIPOTECH,1,8.0,1.5887076944815332e-05,
HI HYPOTECH,HI - HYPOTECH,1,8.0,1.5887076944815332e-05,
004397 2024,004397/2024,1,8.0,1.5887076944815332e-05,
BELENERGUPLUS,belenerguplus,1,8.0,1.5887076944815332e-05,
SOFAL,sofal,1,8.0,1.5887076944815332e-05,
LIVOTEL SOLAR,LIVOTEL SOLAR,1,8.0,1.5887076944815332e-05,
HOYMIELS,HOYMIELS,2,8.0,1.5887076944815332e-05,
CHNT SCA78KTL SM,CHNT SCA78KTL-SM,1,8.0,1.5887076944815332e-05,
SN 550W,SN-550W,1,8.0,1.5887076944815332e-05,
GCL MANO HALF CELL 405W,GCL MANO HALF CELL 405W,1,8.0,1.5887076944815332e-05,
RENOVIGI SAJ SOLAR,RENOVIGI / SAJ SOLAR,1,8.0,1.5887076944815332e-05,
ERAMOD,ERAMOD,1,8.0,1.5887076944815332e-05,
INVERSOR MICRO INVERSOR AP SYSTEMS,Inversor: ; Micro Inversor: AP SYSTEMS,2,8.0,1.5887076944815332e-05,
000MTL S,000MTL-S,1,8.0,1.5887076944815332e-05,
HENGDIAN GROUP DMEGC MAGNETICS CO,Hengdian Group DMEGC Magnetics Co,1,8.0,1.5887076944815332e-05,
HERA SOLAR,HERA SOLAR,1,8.0,1.5887076944815332e-05,
PHBDEYE SOLAR,PHBDEYE SOLAR,1,8.0,1.5887076944815332e-05,
TOURIGA BLANK,TOURIGA / BLANK,1,8.0,1.5887076944815332e-05,
FROIUS PRIMO,FROIUS PRIMO,1,8.0,1.5887076944815332e-05,
MFVOS MO 144 570W,MFVOS-MO-144-570W	,1,7.98,1.5847359252453292e-05,
HY M10 144H 570 WATTS,HY-M10/144H /570 Watts,1,7.98,1.5847359252453292e-05,
INVERSOR 4 MICRO INVERSOR,Inversor: 4; Micro Inversor:,1,7.98,1.5847359252453292e-05,
RONMA SOLAR GROUP,RONMA SOLAR GROUP,1,7.98,1.5847359252453292e-05,
SUN3KG,SUN3KG,3,7.98,1.5847359252453292e-05,
CS3W 420P,CS3W-420P,2,7.98,1.5847359252453292e-05,
APSYSTEMS E RENOVIGI,APSYSTEMS E RENOVIGI,2,7.96,1.5807641560091256e-05,
BELENERGY BRL 3K G,BELENERGY/BRL-3K-G,2,7.95,1.5787782713910236e-05,
GROWATT TSUNESS,"GROWATT, TSUNESS",2,7.95,1.5787782713910236e-05,
BEL ENERGY PLUS BEL 3K G,BEL ENERGY PLUS / BEL-3K-G,2,7.95,1.5787782713910236e-05,
1P3K4G,1P3K4G,3,7.949999999999999,1.5787782713910233e-05,
BELLFONE,Bellfone,1,7.93,1.5748065021548196e-05,
BPOWER,BPOWER,2,7.92,1.572820617536718e-05,
FRONIONS,Fronions,1,7.92,1.572820617536718e-05,
CSI 3K TL CSI 5K MTL,CSI-3K-TL / CSI-5K-MTL,1,7.92,1.572820617536718e-05,
SUNNY BOY 3 0,SUNNY BOY 3.0,3,7.92,1.572820617536718e-05,
STL,STL,1,7.92,1.572820617536718e-05,
CIASOLAR SUNWAY ENGINEERING,CiaSolar/sunway engineering,1,7.92,1.572820617536718e-05,
DAH POLI HALF CELL 360W,"DAH POLI, HALF-CELL 360W",1,7.92,1.572820617536718e-05,
SOLAAR ON GRID,solaar on grid,1,7.92,1.572820617536718e-05,
EBPOWER,eBPOWER,1,7.92,1.572820617536718e-05,
TECHNICAL DATA TECHNICAL DATA,Technical Data | Technical Data,1,7.92,1.572820617536718e-05,
RENO 10K INVERSOR ONGRID,RENO-10K INVERSOR ONGRID,1,7.92,1.572820617536718e-05,
APSSYSTEM,APSSYSTEM,3,7.9,1.568848848300514e-05,
9 00,"9,00",1,7.9,1.568848848300514e-05,
INVERSOR 880TL M345 DCA INDOOR MICRO INVERSOR,Inversor: 880TL M345 DCA Indoor; Micro Inversor:,2,7.89,1.5668629636824117e-05,
CHSM72MHC415,CHSM72MHC415,1,7.89,1.5668629636824117e-05,
FRONIUS 121 DEYE,87 - FRONIUS 121 - DEYE,1,7.88,1.56487707906431e-05,
CSI 5KTL1P GI F,CSI-5KTL1P-GI-F,2,7.88,1.56487707906431e-05,
EPALUX,EPALUX,1,7.87,1.562891194446208e-05,
BELENERGY BEL 4K G 4 KW,BELENERGY / BEL-4K-G 4 kW,2,7.85,1.5589194252100044e-05,
BELE,BELE,2,7.85,1.5589194252100044e-05,
SG4KD,SG4KD,2,7.85,1.5589194252100044e-05,
SOLPLANETASW10000 S,SOLPLANETASW10000-S,1,7.84,1.5569335405919025e-05,
GODWEE GW8500 MS,GODWEE GW8500-MS,1,7.84,1.5569335405919025e-05,
SAL R5 8K S2 15,SAL R5-8K-S2-15,1,7.84,1.5569335405919025e-05,
SPI8000,SPI8000-,1,7.84,1.5569335405919025e-05,
INVERSOR MICRO INVERSOR NEP DEYE SAJ GROWATT,Inversor: ; Micro Inversor: NEP/DEYE/SAJ/GROWATT,2,7.84,1.5569335405919025e-05,
JKM435M,JKM435M,1,7.83,1.5549476559738008e-05,
FROMIUS PRIMO 4 0,Fromius Primo 4.0,2,7.83,1.5549476559738008e-05,
GW 8500 MS SIW200H M085,GW 8500-MS (SIW200H M085),1,7.82,1.5529617713556988e-05,
PORTAL SOLAR SOLAR GRID,Portal Solar / Solar Grid,1,7.8,1.548990002119495e-05,
FREQ PRIMO,FREQ PRIMO,1,7.8,1.548990002119495e-05,
BYD400M7K 36,BYD400M7K-36,2,7.8,1.548990002119495e-05,
B7B POWER,B7B POWER,2,7.8,1.548990002119495e-05,
AWS S SERIES,AWS S SERIES,1,7.8,1.548990002119495e-05,
APSYSTERMS,APSYSTERMS,2,7.8,1.548990002119495e-05,
FOX EES,FOX EES,1,7.8,1.548990002119495e-05,
DHM 72X10 555W,DHM-72X10-555W,2,7.779999999999999,1.545018232883291e-05,
HOPIWED,HOPIWED,1,7.77,1.543032348265189e-05,
STT 10KTL P,STT-10KTL-P,1,7.77,1.543032348265189e-05,
DAYE SUN 10K G,DAYE SUN-10K-G,1,7.77,1.543032348265189e-05,
TECH POWER MICR,TECH POWER MICR,1,7.77,1.543032348265189e-05,
MIN 8000TL X,MIN 8000TL-X,1,7.77,1.543032348265189e-05,
HROWATT,HROWATT,2,7.75,1.5390605790289853e-05,
XM6 NH144,XM6-NH144,1,7.74,1.5370746944108833e-05,
RLIVOLTEK,RLIVOLTEK,1,7.74,1.5370746944108833e-05,
ZXM6,ZXM6,1,7.74,1.5370746944108833e-05,
ALGIN,ALGIN,2,7.720000000000001,1.5331029251746797e-05,
RENO 3K,RENO-3K,2,7.720000000000001,1.5331029251746797e-05,
SOKIS,sokis,2,7.720000000000001,1.5331029251746797e-05,
EAD SOLAR,EAD SOLAR,1,7.7,1.5291311559384757e-05,
BEL BEL ENERGY,Bel (Bel Energy),2,7.7,1.5291311559384757e-05,
MFREN MO144 455W,MFREN-MO144-455W,1,7.7,1.5291311559384757e-05,
SUN2000L 8KTL,SUN2000L - 8KTL,1,7.7,1.5291311559384757e-05,
R E N O V,R E N O V,1,7.7,1.5291311559384757e-05,
WDC WDC 8KTL G2,WDC/ WDC-8KTL-G2,1,7.7,1.5291311559384757e-05,
CHINTI SOLAR,CHINTI SOLAR,1,7.7,1.5291311559384757e-05,
GEYE,GEYE,1,7.7,1.5291311559384757e-05,
NAO INFORMADA,NAO INFORMADA,1,7.7,1.5291311559384757e-05,
BELENERGY I,BELENERGY I,1,7.7,1.5291311559384757e-05,
SIW300H M030 W00 1798 SIW200G M050 W1,2048 - SIW300H M030 W00;1798 - SIW200G M050 W1,1,7.7,1.5291311559384757e-05,
SOLAR SMART,Solar Smart,3,7.7,1.5291311559384757e-05,
GRCWATI,GRCWATÍ,1,7.7,1.5291311559384757e-05,
X000D BELLENERGY,_x000D_ BELLENERGY,1,7.7,1.5291311559384757e-05,
HY M10,HY-M10,1,7.7,1.5291311559384757e-05,
HY M10 144,HY-M10/144,1,7.7,1.5291311559384757e-05,
HB,HB,1,7.7,1.5291311559384757e-05,
RENO 77K,RENO-77K,1,7.7,1.5291311559384757e-05,
ZNSHINE SOLAR 550WP,ZNSHINE SOLAR 550WP,1,7.7,1.5291311559384757e-05,
DEYER SUN 8 K G,DEYER SUN 8-K-G,1,7.7,1.5291311559384757e-05,
DEYERDEYER,DEYERDEYER,1,7.7,1.5291311559384757e-05,
HYPONECH,HYPONECH,1,7.7,1.5291311559384757e-05,
RENOVGI RENO 7 7K,RENOVGI / RENO-7.7K,1,7.7,1.5291311559384757e-05,
QGROWATT,QGROWATT,2,7.69,1.5271452713203737e-05,
ORI,ORI,2,7.6899999999999995,1.5271452713203737e-05,
BELENERGY BEL4KG,BELENERGY / Bel4KG,2,7.68,1.5251593867022719e-05,
REFUSEL,REFUSEL,2,7.68,1.5251593867022719e-05,
NENSEN,Nensen,2,7.68,1.5251593867022719e-05,
Q PEAK,Q. PEAK,2,7.67,1.5231735020841699e-05,
EMSZ,EMSZ-,1,7.65,1.5192017328479661e-05,
DAH SOLAR DHTM60X10 450W,DAH SOLAR DHTM60X10-450W,2,7.65,1.5192017328479661e-05,
HUAWEY SUN2000 12KTL M2,HUAWEY / SUN2000-12KTL-M2,1,7.65,1.5192017328479661e-05,
SIW200 M0100,SIW200- M0100,1,7.65,1.5192017328479661e-05,
DETE SUN,DETE SUN,1,7.65,1.5192017328479661e-05,
JONO SOLAR,jono solar,1,7.65,1.5192017328479661e-05,
FRONIUSDEYE,FRONIUSDEYE,1,7.65,1.5192017328479661e-05,
CANARDIAN SOLAR INC,CANARDIAN SOLAR INC,2,7.640000000000001,1.5172158482298644e-05,
TRINA RISEN,"TRINA, RISEN",1,7.64,1.5172158482298641e-05,
MICROINVERSORES,MICROINVERSORES,2,7.64,1.5172158482298641e-05,
MFVZN MO,MFVZN-MO,1,7.63,1.5152299636117621e-05,
MINVDBE MO 220V 2KW,MINVDBE-MO-220V-2KW,1,7.63,1.5152299636117621e-05,
INVERSOR GRWATT MICRO INVERSOR,Inversor: GRWATT; Micro Inversor:,2,7.63,1.5152299636117621e-05,
MICROINVERSORE S HOYMILLES,Microinversore s Hoymilles,1,7.63,1.5152299636117621e-05,
HOLEYMILLES,Holeymilles,1,7.63,1.5152299636117621e-05,
HONEY TRINA,HONEY TRINA,2,7.62,1.5132440789936603e-05,
KSG SM,KSG-SM,2,7.62,1.5132440789936603e-05,
D EYE,D EYE,2,7.62,1.5132440789936603e-05,
NINGBO AUSTA SOLAR TECH CO LTD,"NINGBO AUSTA SOLAR TECH CO., LTD",1,7.61,1.5112581943755583e-05,
PHSOLAR,PHSOLAR,2,7.6,1.5092723097574563e-05,
S O L A X POWER,S o l a X Power,1,7.6,1.5092723097574563e-05,
APSYSTEMS E SOLPLANET,Apsystems E SOLPLANET,1,7.6,1.5092723097574563e-05,
AS,AS-,2,7.6,1.5092723097574563e-05,
INTEKBRAS,INTEKBRAS,2,7.6,1.5092723097574563e-05,
GANCHO,GANCHO,1,7.6,1.5092723097574563e-05,
FOXESS SAJ,FOXESS / SAJ,1,7.6,1.5092723097574563e-05,
TALESUN EA3KSI,Talesun-EA3KSI,2,7.6,1.5092723097574563e-05,
SYSTEM,System,2,7.6,1.5092723097574563e-05,
INVERSOR SOLAR SF 5KTN SF 5KTN,Inversor Solar Sf 5ktn/Sf 5ktn,1,7.59,1.5072864251393547e-05,
FRONIUSFRONIUS SYMO 12 5 3 M,FRONIUSFRONIUS SYMO 12.5-3-M,1,7.59,1.5072864251393547e-05,
TS570S8B,TS570S8B,2,7.56,1.5013287712850487e-05,
10540W,10540W,1,7.56,1.5013287712850487e-05,
2X TSUNESS 1X WEG,(2X)TSUNESS/(1X)WEG,1,7.53,1.4953711174307433e-05,
HUAWEI WEG GOODWE,HUAWEI//WEG//GOODWE,1,7.51,1.4913993481945391e-05,
REFUONE 3 7K 2T,REFUone 3...7K-2T,1,7.5,1.4894134635764372e-05,
FRONIUS HOYMILES MICROINVERSOR,FRONIUS / HOYMILES MICROINVERSOR,1,7.5,1.4894134635764372e-05,
HE 100 430M,HE-100.430M,1,7.5,1.4894134635764372e-05,
4APSYSTEMS,4APSystems,1,7.5,1.4894134635764372e-05,
REFULONE,REFULONE,1,7.5,1.4894134635764372e-05,
SUNNY BOY INVERT,SUNNY BOY INVERT,1,7.5,1.4894134635764372e-05,
PS450M4 24 TH,PS450M4-24/TH,1,7.5,1.4894134635764372e-05,
HOLYMILLES,Holymilles 	,2,7.5,1.4894134635764372e-05,
MIN 5000TL X E MIC 2500TL X,MIN 5000TL-X e MIC 2500TL-X,1,7.5,1.4894134635764372e-05,
SHANSHEN,SHANSHEN,1,7.5,1.4894134635764372e-05,
BB POWER SF5000TL E SF3000TL,BB Power SF5000TL e SF3000TL,1,7.5,1.4894134635764372e-05,
TSM DE15M II 400W,TSM DE15M(II)-400W,1,7.5,1.4894134635764372e-05,
SAFA,SAFA,1,7.5,1.4894134635764372e-05,
SAF,SAF,1,7.5,1.4894134635764372e-05,
SOLAR SOFA,Solar Sofa,1,7.5,1.4894134635764372e-05,
7 5KTLM G2,"7,5KTLM-G2",1,7.5,1.4894134635764372e-05,
7 50,"7,50",1,7.5,1.4894134635764372e-05,
7 5 KTLM,"7,5 KTLM",1,7.5,1.4894134635764372e-05,
7 5 KT LM G3 BR,7 . 5 KT LM–G3-BR,1,7.5,1.4894134635764372e-05,
75 KTLM,75 KTLM,1,7.5,1.4894134635764372e-05,
TSM 375DE08M,TSM-375DE08M,1,7.5,1.4894134635764372e-05,
SOLIS INTELBRAS GROWATT,SOLIS / INTELBRAS / GROWATT,1,7.5,1.4894134635764372e-05,
MIC 1500 TL X,601 - MIC 1500 TL-X,3,7.5,1.4894134635764372e-05,
75KTLM G3 BR,75KTLM-G3-BR,1,7.5,1.4894134635764372e-05,
GRIP 2 7 5KW,"GRIP-2 7,5KW",1,7.5,1.4894134635764372e-05,
JANOUSEK,JANOUSEK,1,7.5,1.4894134635764372e-05,
ZXMR UHLD132 550,ZXMR-UHLD132/ 550,1,7.5,1.4894134635764372e-05,
1 MIC1500TL X 2 MIN6000TL X,(1) MIC1500TL-X/(2) MIN6000TL-X,1,7.5,1.4894134635764372e-05,
ZXMR UHLD132 5,ZXMR-UHLD132/ 5,1,7.5,1.4894134635764372e-05,
003359 2020,003359/2020,1,7.5,1.4894134635764372e-05,
SOLIS I DEYE I DEYE,SOLIS I DEYE I DEYE,1,7.5,1.4894134635764372e-05,
550W ZXMR UHLD132,550W ZXMR-UHLD132,1,7.5,1.4894134635764372e-05,
HELTE SOLFAR,HELTE - SOLFAR,1,7.5,1.4894134635764372e-05,
HELIOS,HELIOS,1,7.5,1.4894134635764372e-05,
SAJ E FOXESS,SAJ E FOXESS,1,7.5,1.4894134635764372e-05,
HD WAVE,HD WAVE,1,7.5,1.4894134635764372e-05,
FRONIUS EXISTENTE SOLIS AMPLIACAO,FRONIUS (EXISTENTE) + SOLIS (AMPLIAÇÃO),1,7.5,1.4894134635764372e-05,
BENYI HOYMILLES,BENYI / HOYMILLES,1,7.5,1.4894134635764372e-05,
INVERSOR REUSOL ALDO SOLAR,INVERSOR REUSOL - ALDO SOLAR,1,7.5,1.4894134635764372e-05,
PERC RSM144 6 415M,PERC RSM144-6-415M,1,7.5,1.4894134635764372e-05,
INMETRO 003359 2020,Inmetro 003359/2020,1,7.5,1.4894134635764372e-05,
S6 GR1P75K2,S6-GR1P75K2,1,7.5,1.4894134635764372e-05,
DEYSUN,DEYSUN,1,7.5,1.4894134635764372e-05,
ABB POWER ONE ITALY S P A DEYE,ABB POWER-ONE ITALY S.P.A + DEYE,1,7.5,1.4894134635764372e-05,
REFU ELEKTRONIK GMBW,REFU ELEKTRONIK GMBW,1,7.5,1.4894134635764372e-05,
REFUESOL,REFUESOL,1,7.5,1.4894134635764372e-05,
RENONIGI,RENONIGI,3,7.5,1.4894134635764372e-05,
SOIFAR SOLAR,Soifar Solar,1,7.5,1.4894134635764372e-05,
BS 7 5K,"2046 - BS-7,5K",1,7.5,1.4894134635764372e-05,
REFESUL,REFESUL,1,7.5,1.4894134635764372e-05,
REDUSOL,REDUSOL,1,7.5,1.4894134635764372e-05,
DEYE55641 970,DEYE55641-970,1,7.5,1.4894134635764372e-05,
HOLMYLES,HOLMYLES,1,7.5,1.4894134635764372e-05,
GROWATT NEP HUAWEI,GROWATT / NEP / HUAWEI,1,7.5,1.4894134635764372e-05,
27 08 2025,27.08.2025,1,7.5,1.4894134635764372e-05,
SOFAR7 5KTLM G2,SOFAR7.5KTLM-G2,1,7.5,1.4894134635764372e-05,
APSY STEM,APSY STEM,2,7.5,1.4894134635764372e-05,
RSM 120 8 605M,RSM 120-8-605M,1,7.5,1.4894134635764372e-05,
ODA585 36V,oda585-36v,1,7.5,1.4894134635764372e-05,
SS 440 72MD,SS-440-72MD,1,7.5,1.4894134635764372e-05,
SSOFAR 7 5KTLM G3 BR,"SSOFAR 7,5KTLM-G3-BR",1,7.5,1.4894134635764372e-05,
HOY,HOY,4,7.5,1.4894134635764372e-05,
LP182 199 M 66 NH,LP182*199 M 66 NH,1,7.5,1.4894134635764372e-05,
JA BIFACIAL,JA BIFACIAL,1,7.5,1.4894134635764372e-05,
INVERSOR SOLAR REFUSO,inversor solar refuso,1,7.5,1.4894134635764372e-05,
INVERSOR SOLAR RUFUSOL,INVERSOR SOLAR RUFUSOL,1,7.5,1.4894134635764372e-05,
AP SYSTEMS MICRO INVERSORES,AP SYSTEMS (MICRO INVERSORES),1,7.5,1.4894134635764372e-05,
GW7500 MS G41,2127 - GW7500-MS-G41,1,7.5,1.4894134635764372e-05,
GW7 5K MS G41,GW7.5K-MS-G41,1,7.5,1.4894134635764372e-05,
GROWATT 2 FRONIUS,11 - GROWATT/2 - FRONIUS,1,7.5,1.4894134635764372e-05,
MONO PERC RISEN 410W,MONO-PERC RISEN 410W,1,7.5,1.4894134635764372e-05,
GROWATT 63 DEYE SUN,19 - GROWATT / 63 - DEYE SUN,1,7.5,1.4894134635764372e-05,
TSUNESS HOYMILES,TSUNESS / HOYMILES,1,7.5,1.4894134635764372e-05,
TSUNESS APSYSTEMS,TSUNESS+APSYSTEMS,1,7.5,1.4894134635764372e-05,
SOFARZ,SOFARZ,1,7.5,1.4894134635764372e-05,
MONO PECK 500W,MONO-PECK 500W,1,7.5,1.4894134635764372e-05,
HOPEWWIND,HOPEWWIND,1,7.5,1.4894134635764372e-05,
SOFARSOFARSOFAR,SOFARSOFARSOFAR,1,7.5,1.4894134635764372e-05,
SOFAR7 50,"SOFAR7,50",1,7.5,1.4894134635764372e-05,
2X DEYE 1X TSUNESS,(2X) DEYE + (1X) TSUNESS,1,7.5,1.4894134635764372e-05,
SUMRAY,SUMRAY,1,7.5,1.4894134635764372e-05,
ASW7500 S,ASW7500-S,1,7.5,1.4894134635764372e-05,
SIW200G W075 W1,SIW200G W075 W1,1,7.5,1.4894134635764372e-05,
ODA SOLAR,ODA SOLAR,1,7.5,1.4894134635764372e-05,
DAH SU1K5T GO 1917 STS 6KTL SE,1982 - DAH-SU1K5T-GO;1917 - STS-6KTL-SE,1,7.5,1.4894134635764372e-05,
SUN 7,SUN-7,1,7.5,1.4894134635764372e-05,
WATER SUPPLY PAPER,Water Supply Paper,1,7.5,1.4894134635764372e-05,
SIW300HM075W00,SIW300HM075W00,1,7.5,1.4894134635764372e-05,
LIVOLTEK 47 INTELBRAS,109 - LIVOLTEK / 47 - INTELBRAS,1,7.5,1.4894134635764372e-05,
APSYSTEM QS1A BR,APSYSTEM QS1A BR,1,7.5,1.4894134635764372e-05,
APSYSTEM QS1A 1500,APSYSTEM / QS1A 1500,1,7.5,1.4894134635764372e-05,
QS1A 1669 SUN M225G4 EU Q0,553 - QS1A;1669 - SUN-M225G4-EU-Q0,1,7.5,1.4894134635764372e-05,
QS1A 1500 W,QS1A 1500 w,1,7.5,1.4894134635764372e-05,
DAH ENERGY TECNOLOGY,DAH ENERGY TECNOLOGY,1,7.5,1.4894134635764372e-05,
ASN75SL,ASN75SL,1,7.5,1.4894134635764372e-05,
WEG APSYSTEMS YC500,WEG/Apsystems YC500,1,7.5,1.4894134635764372e-05,
CHSM66RN DG F BH 610,CHSM66RN(DG)/F-BH-610,1,7.5,1.4894134635764372e-05,
CORDEIRO SOLAR,CORDEIRO SOLAR,1,7.5,1.4894134635764372e-05,
ASN7 5SL,ASN7.5SL,1,7.5,1.4894134635764372e-05,
RISENE,RISENE,1,7.5,1.4894134635764372e-05,
QS1A QS1A,QS1A | QS1A,1,7.5,1.4894134635764372e-05,
RISEN RSM72 6 330P,Risen Rsm72-6-330P,1,7.5,1.4894134635764372e-05,
RISEN SOLAR 7 5KTLM,RISEN SOLAR 7.5KTLM,1,7.5,1.4894134635764372e-05,
APYSITEM,APYSITEM,1,7.5,1.4894134635764372e-05,
REWFUSOL SOLA,REWFUSOL SOLA,1,7.5,1.4894134635764372e-05,
SMA SB 2 5 1VL 40,SMA/SB 2.5 - 1VL-40,3,7.5,1.4894134635764372e-05,
LIVOL,LIVOL,1,7.5,1.4894134635764372e-05,
39 68,"39,68",1,7.5,1.4894134635764372e-05,
MIC1500TL X,MIC1500TL-X,4,7.5,1.4894134635764372e-05,
HYXIPOWER MI 1500,HYXIPOWER + MI-1500,1,7.5,1.4894134635764372e-05,
SAOFAR 7 5 KW,"SAOFAR 7,5 KW",1,7.5,1.4894134635764372e-05,
BELENERGY BEL 8K,BELENERGY / BEL 8K,1,7.49,1.4874275789583355e-05,
NEXEN ENPHASE,NEXEN / ENPHASE,1,7.49,1.4874275789583355e-05,
BEL ENERGY BEL ENERGY PLUS4K,Bel Energy /Bel Energy Plus4K,2,7.49,1.4874275789583355e-05,
INVERSOR SF5KTN 5KW ONGRID WIFI,Inversor Sf5ktn 5kw Ongrid Wifi,2,7.48,1.4854416943402335e-05,
CS6P 340P,CS6P 340P,1,7.48,1.4854416943402335e-05,
WEG E LIVOLTEK,WEG e LIVOLTEK,1,7.46,1.4814699251040297e-05,
FOTOVOLTAICO,Fotovoltaico,1,7.44,1.4774981558678258e-05,
SOLAX POWER ENPHASE ENERGY,SOLAX POWER + ENPHASE ENERGY,1,7.43,1.4755122712497238e-05,
BDM 300X2,BDM-300X2,1,7.42,1.4735263866316221e-05,
NESEN,NESEN,1,7.41,1.47154050201352e-05,
HWAWEI SUN2000 8K LCD,HWAWEI SUN2000-8K-LCD,1,7.41,1.47154050201352e-05,
TSM PE15H,TSM-PE15H,2,7.4,1.4695546173954183e-05,
LIVOLTELK,LIVOLTELK,2,7.4,1.4695546173954183e-05,
SUN2000G3 US 220HOYMILES,SUN2000G3-US-220hoymiles,1,7.4,1.4695546173954183e-05,
LIVOLTEIK,LIVOLTEIK,2,7.4,1.4695546173954183e-05,
LEAPTON SOLAR LEAPTON SOLAR,LEAPTON SOLAR | LEAPTON SOLAR,1,7.4,1.4695546173954183e-05,
HOYMILLES BELENERGY,HOYMILLES / BELENERGY,1,7.4,1.4695546173954183e-05,
SEFOR SOLAR,SEFOR SOLAR,1,7.4,1.4695546173954183e-05,
GINLONG SOLIS HOYMILES,Ginlong (Solis) | HOYMILES,1,7.4,1.4695546173954183e-05,
DAY SUN,DAY SUN,1,7.38,1.4655828481592144e-05,
MIN4200TL X,MIN4200TL-X,2,7.38,1.4655828481592144e-05,
JKM410M 72H V,JKM410M-72H-V,1,7.38,1.4655828481592144e-05,
GROWASTT,GROWASTT,1,7.38,1.4655828481592144e-05,
RESFUSOL,resfusol,2,7.370000000000001,1.4635969635411125e-05,
HALTE,HALTE,1,7.37,1.4635969635411124e-05,
STRINGBOX,Stringbox,1,7.37,1.4635969635411124e-05,
MICROINVERSORES ENPLASE,Microinversores ENPLASE,1,7.37,1.4635969635411124e-05,
REFUSOU,REFUSOU,1,7.37,1.4635969635411124e-05,
ALDO0,ALDO0,1,7.37,1.4635969635411124e-05,
335PHK 36 5B,335PHK-36-5B,1,7.37,1.4635969635411124e-05,
INVERSOR SOLAR SF 5KTN INVERSOR DE ON GRID MONOFASICO,Inversor Solar Sf 5ktn/Inversor de on-grid monofásico,1,7.36,1.4616110789230106e-05,
BEEMERGY,BEEMERGY,1,7.36,1.4616110789230106e-05,
HOLYMLLES,HOLYMLLES,1,7.36,1.4616110789230106e-05,
BELENERGU POWER,BELENERGU POWER,1,7.36,1.4616110789230106e-05,
KAMECO,KAMECO,3,7.34,1.4576393096868066e-05,
KSTAR GOODWE,KSTAR  GOODWE,1,7.32,1.453667540450603e-05,
SMA SB6,SMA SB6.,2,7.3100000000000005,1.451681655832501e-05,
SOPLANET ASW,SOPLANET ASW,1,7.3,1.4496957712143988e-05,
HOYMILES FIMER ABB,"HOYMILES, FIMER ABB",1,7.3,1.4496957712143988e-05,
RENOVIGI LIVOLTEK,RENOVIGI / LIVOLTEK,1,7.3,1.4496957712143988e-05,
SOLPLANETDHM 72X10 555,SOLPLANETDHM-72X10 555,1,7.3,1.4496957712143988e-05,
ABB SOFAR E ECOSOLIS,"ABB, Sofar e EcoSolis",1,7.3,1.4496957712143988e-05,
SOLPANE,SOLPANE,1,7.3,1.4496957712143988e-05,
HN21RN 66HT 6,HN21RN-66HT - 6,1,7.3,1.4496957712143988e-05,
SERIE ASW S,SERIE ASW S,1,7.3,1.4496957712143988e-05,
SOLPANETE,SOLPANETE,1,7.3,1.4496957712143988e-05,
INVERSOR BELENERGY POWER,INVERSOR BELENERGY POWER,2,7.3,1.4496957712143988e-05,
HUNERSUN,HUNERSUN,2,7.3,1.4496957712143988e-05,
SOLPLANT ASW 7300 S,SOLPLANT ASW-7300-S,1,7.3,1.4496957712143988e-05,
SOU ENERGYSOU ENERGY,SOU ENERGYSOU ENERGY,1,7.3,1.4496957712143988e-05,
SOL PLNANT,SOL PLNANT,1,7.3,1.4496957712143988e-05,
SINGLE PHASE,Single Phase,2,7.29,1.4477098865962972e-05,
MICRO INVERSOR ON GRID TIE RENO,Micro Inversor On Grid Tie Reno,1,7.28,1.4457240019781952e-05,
BEL ENERGY BEL2000G3 2K,BEL ENERGY - BEL2000G3 - 2K,2,7.28,1.4457240019781952e-05,
BEIJING KINGLONG NEW ENERGY TECHNOLOGY CO LTD,Beijing Kinglong New Energy Technology Co. Ltd.,1,7.28,1.4457240019781952e-05,
JAM72D20 455 MB,JAM72D20-455-MB,1,7.28,1.4457240019781952e-05,
SG8K3D,SG8K3D,1,7.28,1.4457240019781952e-05,
SUNWAY ENGINEERING CIASOLAR,sunway engineering / CiaSolar,1,7.26,1.4417522327419912e-05,
7 5KWP,"7,5KWP",1,7.26,1.4417522327419912e-05,
GRAWATT MIN4200TLX,GRAWATT MIN4200TLX,2,7.26,1.4417522327419912e-05,
SERRANA BLANK 3000 26 Z E,Serrana/ Blank 3000 26 Z e,1,7.26,1.4417522327419912e-05,
GROWATT E FRONIUS PRIMO,GROWATT e FRONIUS PRIMO,1,7.26,1.4417522327419912e-05,
SANADIAN SOLAR,SANADIAN SOLAR,1,7.26,1.4417522327419912e-05,
INVERSOR BDM MICRO INVERSOR,Inversor: BDM; Micro Inversor:,1,7.25,1.4397663481238894e-05,
GROWATT I DEYE,GROWATT I DEYE,1,7.25,1.4397663481238894e-05,
SAJ 220V 2MPPT DEYE 220V 4MPPT,"SAJ 220V 2MPPT, DEYE 220V 4MPPT",1,7.25,1.4397663481238894e-05,
DEYE SINENG,DEYE / SINENG,1,7.25,1.4397663481238894e-05,
SAJ NOVO GROWATT EXISTENTE,SAJ (NOVO)/GROWATT (EXISTENTE),1,7.23,1.4357945788876858e-05,
7R03U3A7 A99L7B0E0RTO,7R03U3A7 A99L7B0E0RTO,1,7.2,1.4298369250333798e-05,
SOFRA SOLAR,SOFRA SOLAR,2,7.2,1.4298369250333798e-05,
DHM72L9 450W BF,DHM72L9-450W/BF,1,7.2,1.4298369250333798e-05,
A PSYSTEMS,A PSYSTEMS,2,7.2,1.4298369250333798e-05,
FOSS ESS,Foss ESS,1,7.2,1.4298369250333798e-05,
WA SOLAR,wa solar,1,7.2,1.4298369250333798e-05,
HOMILES MI 1200,Homiles MI-1200,1,7.2,1.4298369250333798e-05,
HOMILYS,HOMILYS,1,7.2,1.4298369250333798e-05,
DEEY,DEEY,1,7.2,1.4298369250333798e-05,
INTELBRAS APSYSTEMS,INTELBRAS/APSYSTEMS,1,7.2,1.4298369250333798e-05,
FADSFS,fadsfs,1,7.2,1.4298369250333798e-05,
OMNIKSOL 3K TL2,Omniksol-3k-TL2,2,7.2,1.4298369250333798e-05,
OP340W 72P,OP340W-72P,2,7.2,1.4298369250333798e-05,
GE 3 6KW,"GE 3,6kW",2,7.2,1.4298369250333798e-05,
SUN 1600G3 US 220,SUN-1600G3-US-220,3,7.2,1.4298369250333798e-05,
W M LAUDISIO JUNIOR ME 17321582 0001 00,W M LAUDISIO JUNIOR-ME - 17321582/0001-00,1,7.2,1.4298369250333798e-05,
HOYMULLES HMS 1800 4T,HOYMULLES HMS-1800-4T,1,7.2,1.4298369250333798e-05,
GEP GEP3 6 1 10,GEP GEP3.6-1-10,2,7.2,1.4298369250333798e-05,
INVSBE MO 220V 5KW,INVSBE-MO-220V-5KW,2,7.2,1.4298369250333798e-05,
JINJO JKM450M 60HL4 V,JINJO JKM450M-60HL4-V,1,7.2,1.4298369250333798e-05,
PHONO PS400M1H 24TH,PHONO PS400M1H-24TH,1,7.2,1.4298369250333798e-05,
APSYSTENS 3X 1 2 KWP QS1,"APSystens = 3x 1,2 Kwp QS1",2,7.2,1.4298369250333798e-05,
QS2,QS2,1,7.2,1.4298369250333798e-05,
APSYATEMS,APsyatems,1,7.2,1.4298369250333798e-05,
APSISTEMS MICRO INVERSOR,APSISTEMS-MICRO INVERSOR,1,7.2,1.4298369250333798e-05,
APSYNSTEM,apsynstem,1,7.2,1.4298369250333798e-05,
2 5,"2,5",1,7.2,1.4298369250333798e-05,
CHINTE POWER,Chinte Power,1,7.2,1.4298369250333798e-05,
INTISOL SERRANA SISTEMAS DE ENRGIA LTDA,INTISOL/SERRANA SISTEMAS DE ENRGIA LTDA,1,7.2,1.4298369250333798e-05,
HOYMILLES HMS 1800,HOYMILLES HMS 1800,2,7.2,1.4298369250333798e-05,
6 MICROINVERSORES APSYSTEM QS1 1200 W,6 Microinversores ApSystem QS1 (1200 W).,1,7.2,1.4298369250333798e-05,
W M LAUDISIO JUNIOR ME 17 321 582 0001 00,W M LAUDISIO JUNIOR-ME - 17.321.582/0001-00,1,7.2,1.4298369250333798e-05,
DEYE SUN 26 SOFAR SOLAR,63 - DEYE SUN/26 - SOFAR SOLAR,1,7.16,1.4218933865609722e-05,
SUN7 5K G,SUN7.5K-G,1,7.15,1.4199075019428702e-05,
JAJ JNG,jaj jng,1,7.15,1.4199075019428702e-05,
GROWALT MIN 8000TL X E,GROWALT MIN 8000TL-X(E),1,7.15,1.4199075019428702e-05,
GRLWATT,GRLWATT,1,7.15,1.4199075019428702e-05,
ULIDA SOLAR,ULIDA SOLAR,1,7.15,1.4199075019428702e-05,
TSM DE18M 510W,TSM-DE18M-510W,1,7.14,1.4179216173247682e-05,
ODA340 36 P,ODA340-36-P,1,7.14,1.4179216173247682e-05,
IHUAWEI SUN2000 12KTL M2,IHUAWEI/SUN2000 12KTL-M2,1,7.14,1.4179216173247682e-05,
SIW200G M0105 WO,SIW200G-M0105 WO,1,7.14,1.4179216173247682e-05,
LR5 72HTD 570M LR572HTD 570MELGIN,LR5-72HTD-570M LR572HTD-570MELGIN,1,7.13,1.4159357327066663e-05,
ALTENERGY POWER,Altenergy Power,4,7.1,1.4099780788523606e-05,
B E B,B E B,3,7.1,1.4099780788523606e-05,
LONGI SOLAR GCL,LONGI Solar | GCL,1,7.09,1.4079921942342588e-05,
BELENERGY BEL 8K SG01L P1 EU,BELENERGY/BEL-8K-SG01L P1-EU,1,7.08,1.4060063096161568e-05,
GROEAT,GROEAT,1,7.08,1.4060063096161568e-05,
HAWEY,HAWEY,2,7.08,1.4060063096161568e-05,
WEG HUAWEI SIW300H M030,WEG HUAWEI SIW300H - M030,2,7.08,1.4060063096161568e-05,
BEDINSOLAR BS 7 5K,"BEDINSOLAR - BS-7,5K",1,7.08,1.4060063096161568e-05,
PHBSOLARGROWATT,PHBSOLARGROWATT,1,7.07,1.4040204249980549e-05,
JA SOLAR LEAPTON,JA Solar Leapton,1,7.05,1.400048655761851e-05,
ILUMISOL SOFAR WEG,ILUMISOL SOFAR + WEG,1,7.05,1.400048655761851e-05,
7 7,"7,7",1,7.04,1.398062771143749e-05,
HARNESUN,HARNESUN,1,7.02,1.3940910019075451e-05,
DMEGC N TYPE,DMEGC N-TYPE,1,7.02,1.3940910019075451e-05,
INVERSO GROWALT,INVERSO GROWALT,1,7.02,1.3940910019075451e-05,
ENESOLA,ENESOLA,1,7.02,1.3940910019075451e-05,
TSUN HOYMILES LIVOLTEK,"TSUN, HOYMILES, LIVOLTEK",1,7.02,1.3940910019075451e-05,
STRING WEG HUAWEI WEG INDESOL,String - WEG Huawei WEG Indesol,1,7.0,1.3901192326713415e-05,
RISENMOD,risenmod,1,7.0,1.3901192326713415e-05,
GINGLONG SOLAR,GINGLONG SOLAR,1,7.0,1.3901192326713415e-05,
RONIVIGI,RONIVIGI,1,7.0,1.3901192326713415e-05,
GROWATT SUNGROW POWER SUPPLY CO,GROWATT /SUNGROW POWER SUPPLY CO,1,7.0,1.3901192326713415e-05,
HOYMILES E FOXESS,HOYMILES E FOXESS,1,7.0,1.3901192326713415e-05,
GE ENER,GE ENER,1,7.0,1.3901192326713415e-05,
NEP PHB,"NEP,PHB",1,7.0,1.3901192326713415e-05,
SUN2000L SUN2000L 2KTL,SUN2000L/SUN2000L-2KTL,1,7.0,1.3901192326713415e-05,
GE GEP7 0 1C 30,GE | GEP7.0-1C-30,1,7.0,1.3901192326713415e-05,
R5 6K S215,R5-6K-S215,1,7.0,1.3901192326713415e-05,
GE 117,GE; 117,1,7.0,1.3901192326713415e-05,
ASTRONERGY SOLAR,ASTRONERGY SOLAR,2,7.0,1.3901192326713415e-05,
SIW300 M050 118 SIW300H M020,41 - SIW300 M050;118 - SIW300H M020,1,7.0,1.3901192326713415e-05,
39,39,1,7.0,1.3901192326713415e-05,
RS3 455MB E3 455WP,RS3-455MB-E3 455WP,1,7.0,1.3901192326713415e-05,
KSTAR E DEYE,KSTAR E DEYE,1,7.0,1.3901192326713415e-05,
LIVOLTEK APSYSTEMS,LIVOLTEK  +  APSYSTEMS,1,7.0,1.3901192326713415e-05,
HOYMILES SHENZEN SOFAR,HOYMILES / SHENZEN SOFAR,1,7.0,1.3901192326713415e-05,
GEGE,geGE,1,7.0,1.3901192326713415e-05,
ERSOR SOLAR,ERSOR SOLAR,1,7.0,1.3901192326713415e-05,
APSYSTENS YC500,Apsystens YC500,2,7.0,1.3901192326713415e-05,
GENERAL ELECTRIC G,GENERAL ELECTRIC G,1,7.0,1.3901192326713415e-05,
GENERAL ELETRIC COMPANY,GENERAL ELETRIC COMPANY,1,7.0,1.3901192326713415e-05,
RENOVIGY,Renovigy,2,7.0,1.3901192326713415e-05,
LEDVANCE LEDVANCE,LEDVANCE LEDVANCE,1,7.0,1.3901192326713415e-05,
SOLARSPACE,SOLARSPACE,2,7.0,1.3901192326713415e-05,
TOURINGA 7000 26Z,TOURINGA 7000 26Z,1,7.0,1.3901192326713415e-05,
PHE,phe,1,7.0,1.3901192326713415e-05,
SAJ SOLAR GROWATT,SAJ SOLAR | GROWATT,1,7.0,1.3901192326713415e-05,
PHONOSOLAR,PHONOSOLAR,2,7.0,1.3901192326713415e-05,
EAST TOURINGA,East touringa,1,7.0,1.3901192326713415e-05,
SMA E WDC,SMA E WDC,1,7.0,1.3901192326713415e-05,
SJAM2 225K S4,sjam2-225k-s4,1,7.0,1.3901192326713415e-05,
SUN INVERSOR SOLAR,"sun, inversor solar",1,7.0,1.3901192326713415e-05,
CSI 7K S22022 E,1211 - CSI-7K-S22022-E,1,7.0,1.3901192326713415e-05,
SUN1000G3 US 220 1986 SUN2000 G3 US 220,1987 - SUN1000G3-US-220;1986 - SUN2000 G3-US-220,1,7.0,1.3901192326713415e-05,
USINA FOTOVO LTA ICA SO,Usina Fotovo lta ica – SO,1,7.0,1.3901192326713415e-05,
LEAD SOLA,Lead Sola,1,7.0,1.3901192326713415e-05,
CSI 7K S22003 E,CSI-7K-S22003-E,1,7.0,1.3901192326713415e-05,
SIW300HMO40,SIW300HMO40,1,7.0,1.3901192326713415e-05,
ASN 7 SL,1733 - ASN-7-SL,1,7.0,1.3901192326713415e-05,
GEP 7 1 10,GEP 7-1-10,1,7.0,1.3901192326713415e-05,
GEP 7 9 KW,GEP 7-9 KW,1,7.0,1.3901192326713415e-05,
SUN 4K G 498 SUN 3K G,606 - SUN-4K-G;498 - SUN-3K-G,1,7.0,1.3901192326713415e-05,
SOFAR DEYE SOFAR,SOFAR+DEYE / SOFAR,1,7.0,1.3901192326713415e-05,
CANANADIAN CSI 7K S22002 E,CANANADIAN CSI-7K-S22002-E,1,7.0,1.3901192326713415e-05,
NE,NE,1,7.0,1.3901192326713415e-05,
ATUAL GROWATT AMPL HOYMILES,ATUAL: GROWATT/AMPL:HOYMILES,1,7.0,1.3901192326713415e-05,
AUXSOLA,AUXSOLA,1,7.0,1.3901192326713415e-05,
Q PEAK L G5 375W,Q.PEAK L-G5 375W,1,7.0,1.3901192326713415e-05,
APPSYSTEMS APPSYSTEMS,APPSYSTEMS / APPSYSTEMS,1,7.0,1.3901192326713415e-05,
CANADIANSOLAR INC MODELO,CanadianSolar Inc; Modelo,1,7.0,1.3901192326713415e-05,
CANADIAN SOLAX POWER,CANADIAN|SOLAX POWER,1,7.0,1.3901192326713415e-05,
CANADIANS,CANADIANS,1,7.0,1.3901192326713415e-05,
G0ODWE,G0ODWE,1,7.0,1.3901192326713415e-05,
OLTS,§oLts,1,7.0,1.3901192326713415e-05,
APSYS TEMS,APSYS- TEMS,1,7.0,1.3901192326713415e-05,
DAH SOLAR DAH SOLAR,DAH SOLAR/DAH SOLAR,2,7.0,1.3901192326713415e-05,
LONGI SOLAR GE,LONGI SOLAR GE,1,7.0,1.3901192326713415e-05,
1P7K 46,1P7K-46,1,7.0,1.3901192326713415e-05,
EL ENERGY,EL ENERGY,1,7.0,1.3901192326713415e-05,
SOLAMAX,SOLAMAX,1,7.0,1.3901192326713415e-05,
RENOVI ECOSOLIS,Renovi / ecosolis,1,7.0,1.3901192326713415e-05,
SOLAR ENERGY BRASIL,SOLAR ENERGY BRASIL,2,7.0,1.3901192326713415e-05,
WEG HUAWEI SIW300H M020,WEG/HUAWEI - SIW300H M020/,1,7.0,1.3901192326713415e-05,
SUNGROW TSUNESS,SUNGROW/TSUNESS,1,7.0,1.3901192326713415e-05,
DE SOLAR,DE SOLAR,2,7.0,1.3901192326713415e-05,
SIW INVERSOR STRING WEB NEO SOLAR,SIW - INVERSOR STRING- WEB - NEO SOLAR,1,7.0,1.3901192326713415e-05,
SIW 300HM050,SIW 300HM050,2,7.0,1.3901192326713415e-05,
B B POWER RENOVIGI E SOLIS,B&B POWER/RENOVIGI e SOLIS,1,7.0,1.3901192326713415e-05,
WEG HUAWEI SIW500H M020 SUN2000L 2KTL,WEG (HUAWEI) - SIW500H-M020(SUN2000L-2KTL);,1,7.0,1.3901192326713415e-05,
SOLSIST SOL ENGENHA,Solsist Sol. engenha,1,7.0,1.3901192326713415e-05,
FABRICANTE DO INVERSORSOLIS,FABRICANTE DO INVERSORSOLIS,1,7.0,1.3901192326713415e-05,
GROWATT E KSTAR,GROWATT e KSTAR,1,7.0,1.3901192326713415e-05,
SIW INVERSORES STRING WEB,siw - inversores string - web,1,7.0,1.3901192326713415e-05,
DEYE3,DEYE3,2,7.0,1.3901192326713415e-05,
FOX ESS Q1 2500E,fox ess q1 2500e ,1,7.0,1.3901192326713415e-05,
SUNGROW DEYE SUN,SUNGROW - DEYE SUN,1,7.0,1.3901192326713415e-05,
HUAWEI TSUNESS,HUAWEI / TSUNESS,1,7.0,1.3901192326713415e-05,
DEYE SOLAR GROWATT,DEYE SOLAR / GROWATT,1,7.0,1.3901192326713415e-05,
PRODUCT MANUAL UNO,Product Manual UNO,1,7.0,1.3901192326713415e-05,
S5 GR1P 7K,1239 - S5-GR1P-7K,1,7.0,1.3901192326713415e-05,
SWNGROW,Swngrow,2,7.0,1.3901192326713415e-05,
GROWAN,GROWAn,2,7.0,1.3901192326713415e-05,
HYPDNTECH,HYPDNTECH,1,7.0,1.3901192326713415e-05,
SOLAR DEYE WEG,SOLAR DEYE/ WEG,1,7.0,1.3901192326713415e-05,
BELNENERGY,BELNENERGY,2,7.0,1.3901192326713415e-05,
15,15,7,7.0,1.3901192326713415e-05,
ABBUNO,ABBUNO,2,7.0,1.3901192326713415e-05,
INMEX,INMEX,1,7.0,1.3901192326713415e-05,
ABB E SOLIS,ABB E SOLIS,1,7.0,1.3901192326713415e-05,
46,46,1,7.0,1.3901192326713415e-05,
MIN 5000TL X 902 HMS 2000 4T,349 - MIN 5000TL-X;902 - HMS-2000-4T,1,7.0,1.3901192326713415e-05,
MIN 5000TL X 1475 HMS 2000DW 4T,349 - MIN 5000TL-X;1475 - HMS-2000DW-4T,1,7.0,1.3901192326713415e-05,
REFUONE 7K T2,REFUone / 7K-T2,1,7.0,1.3901192326713415e-05,
FRONIUS E SAJ,FRONIUS E SAJ,1,7.0,1.3901192326713415e-05,
TSM DE17 II 450W,TSM-DE17(II)-450W,1,7.0,1.3901192326713415e-05,
DHN72X16,DHN72X16,1,7.0,1.3901192326713415e-05,
DHN 72K16 DG 595W,DHN-72K16/DG 595W,1,7.0,1.3901192326713415e-05,
GROAWATT BELENERGY,GROAWATT + BELENERGY,1,7.0,1.3901192326713415e-05,
BELERNERGY POWER,BELERNERGY POWER,2,7.0,1.3901192326713415e-05,
ECOSSOLIS,ECOSSOLIS,2,7.0,1.3901192326713415e-05,
BELENERGYELGIN,BELENERGYELGIN,1,7.0,1.3901192326713415e-05,
HELIUS SOLAR HMF144M 465HL,HELIUS SOLAR HMF144M-465HL,1,7.0,1.3901192326713415e-05,
JKM400,JKM400,1,7.0,1.3901192326713415e-05,
GRID TIE SMA,Grid-Tie SMA,1,7.0,1.3901192326713415e-05,
TOURIGA 7000 26 Z,Touriga 7000 26 Z,1,7.0,1.3901192326713415e-05,
BEL ENERGY PLUS INVDBE MO220V 3KW,BEL ENERGY PLUS / INVDBE-MO220V-3KW,2,7.0,1.3901192326713415e-05,
SOLIS WEG HUAWEI,SOLIS/WEG – HUAWEI,1,7.0,1.3901192326713415e-05,
BEL ENERGY INVSBE MO 220 7KW S,BEL ENERGY|INVSBE-MO-220-7KW-S,1,7.0,1.3901192326713415e-05,
FREFUSOL,FREFUSOL,1,7.0,1.3901192326713415e-05,
0SAJSAJ,0SAJSAJ,1,7.0,1.3901192326713415e-05,
330PHK 36,330PHK-36,3,6.98,1.3861474634351377e-05,
FOX SEE,FOX-SEE,1,6.96,1.3821756941989337e-05,
INTELBRASSOLIS,INTELBRASSOLIS,1,6.96,1.3821756941989337e-05,
JKM435 78HS,JKM435-78HS,1,6.96,1.3821756941989337e-05,
MINASOL HPS 5000,MINASOL - HPS-5000,2,6.93,1.3762180403446279e-05,
1 DEYE 2 SOLIS,1 DEYE / 2 SOLIS,1,6.93,1.3762180403446279e-05,
SOLISSOLISSOLIS,SOLISSOLISSOLIS,2,6.92,1.3742321557265263e-05,
BLS 4K,BLS 4K,2,6.92,1.3742321557265263e-05,
BEL ENERGYMICRO,BEL ENERGYMICRO,1,6.9,1.3702603864903225e-05,
RENOVIGI HOYMILES BELENERGY,Renovigi/ Hoymiles/ Belenergy/,1,6.9,1.3702603864903225e-05,
SMC,SMC,1,6.9,1.3702603864903225e-05,
CPS SCA7KTL SM EU,1499 - CPS SCA7KTL-SM/EU,1,6.9,1.3702603864903225e-05,
INTELCRAS,INTELCRAS,1,6.9,1.3702603864903225e-05,
FAMED 144 345WP,FAMED 144 345Wp,1,6.9,1.3702603864903225e-05,
ELGIN1300,ELGIN1300,2,6.88,1.3662886172541185e-05,
SOLAR EDGE TECH POWER,Solar Edge / Tech Power,1,6.86,1.3623168480179149e-05,
INVERSOR SA MICRO INVERSOR,Inversor: SA; Micro Inversor:,2,6.85,1.3603309633998127e-05,
SERRANA MOSCATO,Serrana Moscato,2,6.85,1.3603309633998127e-05,
FV,FV,1,6.84,1.3583450787817107e-05,
INVERSOR SUN 10K G MICRO INVERSOR,Inversor: SUN-10K-G; Micro Inversor:,1,6.84,1.3583450787817107e-05,
1 CANADIAN SOLAR 2 NEP,(1): Canadian Solar; (2): NEP,1,6.84,1.3583450787817107e-05,
HY M10 120H 460W,HY-M10/120H-460W,1,6.84,1.3583450787817107e-05,
NORTHER ELECTRIC,Norther Electric,2,6.82,1.3543733095455071e-05,
SOLEOS SOLAR GMBH,Soleos Solar GmbH,1,6.82,1.3543733095455071e-05,
ODA450 36 MH,ODA450-36-MH,2,6.800000000000001,1.3504015403093033e-05,
R E F U S O,R E F U s o,1,6.8,1.3504015403093031e-05,
XANTREX SANTERMO,Xantrex /Santermo,1,6.8,1.3504015403093031e-05,
JINKO JKM450M 60HL4 V 60M HC 450W,JINKO JKM450M-60HL4-V 60M HC 450W,3,6.8,1.3504015403093031e-05,
SUN8K G,SUN8K-G,1,6.8,1.3504015403093031e-05,
EAST 7KVAEAST,EAST 7KVAEAST,1,6.8,1.3504015403093031e-05,
Q PEAK DUO L G6 425,"Q,PEAK DUO L-G6 425",1,6.8,1.3504015403093031e-05,
LEHNEN,LEHNEN,1,6.8,1.3504015403093031e-05,
ABB E DEYE SUN,ABB e DEYE SUN,1,6.78,1.3464297710730993e-05,
NHS 1K5 GSM1 5K GDM1,NHS 1K5-GSM1 - 5K-GDM1,1,6.76,1.3424580018368953e-05,
DEYE 3 X HOYMILES,DEYE + 3 X HOYMILES,1,6.75,1.3404721172187937e-05,
SAJM,SAJM,1,6.75,1.3404721172187937e-05,
NEBO,NEBO,1,6.75,1.3404721172187937e-05,
PEYE,PEYE,1,6.75,1.3404721172187937e-05,
M225G4 EU Q0,M225G4-EU-Q0,1,6.75,1.3404721172187937e-05,
M2 225 S4,M2-225-S4,1,6.75,1.3404721172187937e-05,
TESUN,TESUN,1,6.75,1.3404721172187937e-05,
TALLMAX FRAMED 144,Tallmax Framed 144,1,6.75,1.3404721172187937e-05,
HONOR SOLOR,HONOR SOLOR,1,6.75,1.3404721172187937e-05,
2250,2250,1,6.75,1.3404721172187937e-05,
TSUWES,TSUWES,1,6.75,1.3404721172187937e-05,
TSHUN,TSHUN,1,6.75,1.3404721172187937e-05,
7 2,7.2,1,6.75,1.3404721172187937e-05,
INVERSOR MICRO INVERSOR NORTHERN ELECTRIC,Inversor: ; Micro Inversor: NORTHERN ELECTRIC,1,6.75,1.3404721172187937e-05,
SHINERFAR,shinerfar,1,6.72,1.334514463364488e-05,
HINEFAR SOLAR,HINEFAR SOLAR,1,6.72,1.334514463364488e-05,
QUNGROW,QUNGROW,1,6.72,1.334514463364488e-05,
OMINIIC,OMINIIC,1,6.72,1.334514463364488e-05,
168176843,168176843,1,6.72,1.334514463364488e-05,
SAOLPLANET ASW,SAOLPLANET ASW,1,6.72,1.334514463364488e-05,
SANGROW SG8 0RS,SANGROW SG8.0RS,1,6.72,1.334514463364488e-05,
RENOVOCI,Renovoci,1,6.72,1.334514463364488e-05,
FOXESSV,FOXESSV,1,6.71,1.332528578746386e-05,
S0FAR SOLAR,S0FAR SOLAR,1,6.7,1.330542694128284e-05,
PHK 335,PHK-335,1,6.7,1.330542694128284e-05,
ELGIN CANADIAN,ELGIN+CANADIAN,1,6.7,1.330542694128284e-05,
APSUSTEM,apsustem,3,6.7,1.330542694128284e-05,
ENPASHE,ENPASHE,1,6.7,1.330542694128284e-05,
CANAIDIAN SOLAR,CANAIDIAN SOLAR,2,6.68,1.3265709248920801e-05,
SATERNO,SATERNO,2,6.68,1.3265709248920801e-05,
DEYERDEYE,DEYERDEYE,1,6.66,1.3225991556558765e-05,
0GROWATT,0Growatt,1,6.66,1.3225991556558765e-05,
EOSOLYS,EOSOLYS,2,6.65,1.3206132710377745e-05,
DEYE SOFAR BEDIN,DEYE SOFAR BEDIN,1,6.64,1.3186273864196725e-05,
DEYE SOFAR BEDIN SOLAR,DEYE SOFAR BEDIN SOLAR,1,6.64,1.3186273864196725e-05,
PHB4600SS E PHB3300 SS,PHB4600SS e PHB3300-SS,1,6.63,1.3166415018015704e-05,
SANDERO,SANDERO,1,6.63,1.3166415018015704e-05,
SHINEFAR LONGI SOLAR,Shinefar | LONGI Solar,1,6.62,1.3146556171834687e-05,
LIVOLTEK DEYE DEYE,LIVOLTEK/DEYE/DEYE,1,6.62,1.3146556171834687e-05,
INVERSON ECO SOLYS,INVERSON ECO SOLYS,2,6.62,1.3146556171834687e-05,
INUT SOLAR TECNOLOGY,INUT SOLAR TECNOLOGY,1,6.6,1.3106838479472648e-05,
SINE ENERGY SOLAR,SINE ENERGY SOLAR,1,6.6,1.3106838479472648e-05,
QS1A YC600,QS1A / YC600,1,6.6,1.3106838479472648e-05,
SUN 6 6K G05,SUN-6.6K-G05,1,6.6,1.3106838479472648e-05,
B B POWER B B POWER,B B POWER B B POWER,1,6.6,1.3106838479472648e-05,
DYE SUN 3K G BEL 3K G,DYE / SUN-3K-G / BEL-3K-G,2,6.6,1.3106838479472648e-05,
SUN 6 6K SG05LP1 EU AM2,SUN-6.6K-SG05LP1-EU-AM2,1,6.6,1.3106838479472648e-05,
HOYMILESGROWATT,HOYMILESGROWATT,1,6.6,1.3106838479472648e-05,
HOYMILLES SMA,HOYMILLES / SMA,1,6.6,1.3106838479472648e-05,
REFUONE REFUONE 7K 2T,REFUONE | REFUONE 7K-2T,1,6.6,1.3106838479472648e-05,
AP SYSTEAM,AP SYSTEAM,1,6.6,1.3106838479472648e-05,
MODULO MONOCRISTALINO 144 CELULAS 550W BELENERGY,MODULO MONOCRISTALINO 144 CÉLULAS 550W - BELENERGY,1,6.6,1.3106838479472648e-05,
NEO SOLAR INOVACARE,NEO SOLAR;INOVACARE,1,6.6,1.3106838479472648e-05,
HELIUS SUN LINK,HELIUS SUN LINK,1,6.6,1.3106838479472648e-05,
SOFFAR,SOFFAR,2,6.6,1.3106838479472648e-05,
UNO DM 3 3,UNO-DM-3.3,2,6.6,1.3106838479472648e-05,
3 3,"3,3",2,6.6,1.3106838479472648e-05,
3300TLG3,3300TLG3,2,6.6,1.3106838479472648e-05,
WG,WG,1,6.6,1.3106838479472648e-05,
P SYSTEMS ALTEREGY POWER,P SYSTEMS ALTEREGY POWER,1,6.6,1.3106838479472648e-05,
POWER SYSTEMS,Power Systems,2,6.6,1.3106838479472648e-05,
TSM DE08M II 375,393 - TSM-DE08M(II)-375,1,6.6,1.3106838479472648e-05,
HALF,HALF-,1,6.6,1.3106838479472648e-05,
HAUAWEI,HAUAWEI,2,6.6,1.3106838479472648e-05,
GOODWE DEYE SUN,"GOODWE, DEYE SUN",1,6.6,1.3106838479472648e-05,
3 3KTLX G3,"1793 - 3,3KTLX-G3",2,6.6,1.3106838479472648e-05,
EGT 12033X,EGT 12033X,2,6.6,1.3106838479472648e-05,
KYOSERVICE,Kyoservice!,2,6.59,1.3086979633291628e-05,
WEG HUAWEI SUN2000 12 KTL,WEG HUAWEI	SUN2000-12-KTL,1,6.57,1.304726194092959e-05,
SU NOVA,su nova,1,6.56,1.302740309474857e-05,
MI 500 MI 1200,MI-500-MI-1200,1,6.56,1.302740309474857e-05,
BELENERGY SOLYS,BELENERGY(SOLYS),1,6.54,1.2987685402386534e-05,
GE MODELO,GE; Modelo,1,6.54,1.2987685402386534e-05,
TS M10 144H 545W,TS-M10/144H 545W,1,6.54,1.2987685402386534e-05,
BEL ENERGY BEL ENERGY 8K,BEL ENERGY / BEL ENERGY 8K,1,6.54,1.2987685402386534e-05,
ELG545 M72HPL,ELG545-M72HPL,1,6.54,1.2987685402386534e-05,
GRAWATT MIN3000TL X,GRAWATT - MIN3000TL-X,2,6.52,1.2947967710024492e-05,
PHB1500 NS,PHB1500-NS,4,6.51,1.2928108863843476e-05,
HYPPONETCH,HYPPONETCH,1,6.5,1.2908250017662456e-05,
SUN1300G2 US 208 240 SUN1300G2 US 208 240 SUN1300G2 US 208 240 SUN1300G2 US 208 240 SUN1300G,SUN1300G2-US-208/240 | SUN1300G2-US-208/240 | SUN1300G2-US-208/240 | SUN1300G2-US-208/240 | SUN1300G,1,6.5,1.2908250017662456e-05,
APSYSTEMS ALTENERGY POWER DEYE,238 - APSYSTEMS ALTENERGY POWER / / DEYE,1,6.5,1.2908250017662456e-05,
HYPONTECHA,HYPONTECHA,1,6.5,1.2908250017662456e-05,
APSYSTEMS E TSUNESS,APSYSTEMS E TSUNESS,1,6.5,1.2908250017662456e-05,
HYPONTHECH,HYPONTHECH,1,6.5,1.2908250017662456e-05,
INVERSOR MONOFASICO INVERSOR SOLAR FOTOVOLTAICO,Inversor Monofásico / INVERSOR SOLAR FOTOVOLTAICO,1,6.5,1.2908250017662456e-05,
GRID TIED INVERTER,GRID TIED INVERTER,1,6.5,1.2908250017662456e-05,
SERRANA HSP 6500,SERRANA HSP-6500,1,6.5,1.2908250017662456e-05,
RENESOL,RENESOL,1,6.5,1.2908250017662456e-05,
OMNIKA NEW ENERGY,OMNIKA NEW ENERGY,1,6.5,1.2908250017662456e-05,
DEYA DEYA DEYA DEYA DEYA,DEYA | DEYA | DEYA | DEYA | DEYA,1,6.5,1.2908250017662456e-05,
HPS HPS 6500D,HPS HPS-6500D,1,6.5,1.2908250017662456e-05,
HYNPONTEC HPS 6500,HYNPONTEC HPS-6500,1,6.5,1.2908250017662456e-05,
SUNNY BOY SB2 5 1VL 40,SUNNY BOY SB2.5-1VL-40,1,6.5,1.2908250017662456e-05,
HYPOMTECH HPS 6500D,HYPOMTECH HPS-6500D,1,6.5,1.2908250017662456e-05,
HYPONTHEC,HYPONTHEC,1,6.5,1.2908250017662456e-05,
HYPONTHECH HPS6500D,HYPONTHECH HPS6500D,1,6.5,1.2908250017662456e-05,
LEVEROS HYIPONTECH,LEVEROS (HYIPONTECH),1,6.5,1.2908250017662456e-05,
REFUSOLAR,REFUSOLAR,2,6.5,1.2908250017662456e-05,
MINASOL HPS 6500D,Minasol HPS-6500D,1,6.5,1.2908250017662456e-05,
HI,HI.,1,6.5,1.2908250017662456e-05,
INVERSOR SMA SUNNY,Inversor SMA SUNNY,1,6.5,1.2908250017662456e-05,
1XPHB5000D NS 1XPHB1500 XS,1xPHB5000D-NS + 1xPHB1500-XS,1,6.5,1.2908250017662456e-05,
NEXE N,NEXE N,1,6.5,1.2908250017662456e-05,
GROWAT NEO,GROWAT NEO,2,6.5,1.2908250017662456e-05,
NENEN,NENEN,1,6.5,1.2908250017662456e-05,
SMA SB5 SMA SB1,SMA SB5.// SMA SB1.,1,6.5,1.2908250017662456e-05,
DATASHEET INVERSORES MONOFASI,Datasheet Inversores Monofasi,1,6.48,1.2868532325300418e-05,
KRPF360M5B,KRPF360M5B,1,6.48,1.2868532325300418e-05,
RENOVIGI7 7K HC,"RENOVIGI7,7K HC",1,6.48,1.2868532325300418e-05,
DEYE KSTAR,DEYE; KSTAR,1,6.46,1.2828814632938378e-05,
FRONIUSF,FRONIUSF,2,6.45,1.2808955786757362e-05,
NELENERGY,NELENERGY,1,6.44,1.2789096940576342e-05,
BELENER GY PLUS INVSOMO 220V4KW,BELENER GY PLUS / INVSOMO-220V4KW,1,6.44,1.2789096940576342e-05,
HPS6500D,HPS6500D,1,6.42,1.2749379248214304e-05,
TRINA BIFACIAL MONO 410W,TRINA BIFACIAL MONO 410W,2,6.42,1.2749379248214304e-05,
DEYESUN SUN 3K G,DEYESUN/SUN-3K-G,2,6.4,1.2709661555852268e-05,
NTELBRAS EGT,NTELBRAS EGT,1,6.4,1.2709661555852268e-05,
QSI,QSI /,1,6.4,1.2709661555852268e-05,
SHENZHEN JFY E KAIDENG ENERGY,SHENZHEN JFY e KAIDENG ENERGY,1,6.4,1.2709661555852268e-05,
3 2,"3,2",2,6.4,1.2709661555852268e-05,
GOODWEE GW20KT DT,Goodwee GW20KT-DT,1,6.4,1.2709661555852268e-05,
DEYE6,DEYE6,1,6.4,1.2709661555852268e-05,
JKM72 M,JKM72-M,1,6.4,1.2709661555852268e-05,
HOYMILES 63 DEYE SUN,28 - HOYMILES/63 - DEYE SUN,1,6.4,1.2709661555852268e-05,
APSYSTEMS HOYMILES APSYSTEMS,"APsystems, HOYMILES, APsystems",1,6.4,1.2709661555852268e-05,
GIEMS,GIEMS,1,6.38,1.2669943863490226e-05,
GOODWE 11 GROWATT,60 - GOODWE - 11 - GROWATT,1,6.38,1.2669943863490226e-05,
REOGYNACHNOLC POWER TE,81 - REOGYNACHNOLC POWER TE,1,6.38,1.2669943863490226e-05,
PU630SNM102,PU630SNM102,2,6.38,1.2669943863490226e-05,
SUNERGY USA,Sunergy USA,2,6.35,1.261036732494717e-05,
ELTEK VALERE,Eltek Valere,3,6.35,1.261036732494717e-05,
CANADIAN SOLAR ENPHASE,CANADIAN SOLAR / ENPHASE,1,6.32,1.2550790786404112e-05,
RSM132 8 700BHDG 33SAJ,RSM132-8-700BHDG-33SAJ,1,6.3,1.2511073094042073e-05,
GROWAT MIN 8000TL X 8KW,Growat / MIN 8000TL-X – 8kW,1,6.3,1.2511073094042073e-05,
BELENERGU,BELENERGU |,2,6.3,1.2511073094042073e-05,
GINLONG SOLIS 1 E HOYMILES 1,GINLONG SOLIS (1) e HOYMILES (1),1,6.3,1.2511073094042073e-05,
CSI15KT400GL01E,CSI15KT400GL01E,1,6.3,1.2511073094042073e-05,
1P7 7K 5G,1P7.7K-5G,1,6.3,1.2511073094042073e-05,
R E N O V I G I,R E N O V I G I,2,6.3,1.2511073094042073e-05,
BEDIIN SOLAR,BEDIIN SOLAR,2,6.3,1.2511073094042073e-05,
BEL1600G3 US 220,BEL1600G3-US-220,1,6.3,1.2511073094042073e-05,
RAYTECH ENERGY,RAYTECH ENERGY,1,6.3,1.2511073094042073e-05,
INVT SOLAR TECHNOLOGY,INVT Solar Technology,2,6.2700000000000005,1.2451496555499018e-05,
HINT,hint,1,6.27,1.2451496555499015e-05,
ENHASE,ENHASE,1,6.27,1.2451496555499015e-05,
ENPHAS E ENERGY,ENPHAS E ENERGY,1,6.27,1.2451496555499015e-05,
QTD MOD JA SOLAR JAM72S30 550 MRSUNGROW,Qtd MOD JA SOLAR JAM72S30-550/MRSUNGROW,1,6.27,1.2451496555499015e-05,
JINKO DAH SOLAR,"Jinko, DAH solar",1,6.26,1.2431637709317995e-05,
SG4 0RS L 1727 SUN M225G4 EU Q0,1630 - SG4.0RS-L;1727 - SUN-M225G4-EU-Q0,1,6.25,1.2411778863136978e-05,
DEYE DEYE SAJ,"DEYE, DEYE, SAJ",1,6.25,1.2411778863136978e-05,
SOFAR SOFAR SAJ,SOFAR SOFAR|SAJ,1,6.25,1.2411778863136978e-05,
ESPSC390,ESPSC390,1,6.24,1.2391920016955958e-05,
IVT,IVT,1,6.23,1.237206117077494e-05,
SEYE SUN,SEYE SUN,1,6.23,1.237206117077494e-05,
BELENERGY DEYE SOLIS,BELENERGY - DEYE - SOLIS,1,6.22,1.2352202324593919e-05,
TCL SOLAR,TCL SOLAR,2,6.22,1.2352202324593919e-05,
INVERSOR PHB3000 NS MICRO INVERSOR,Inversor: PHB3000-NS; Micro Inversor:,1,6.2,1.231248463223188e-05,
PVI 4 2 TL OUTD S,PVI-4.2-TL-OUTD-S,2,6.2,1.231248463223188e-05,
PRIMO 82 1,Primo 82- 1,1,6.2,1.231248463223188e-05,
GROWATT DEYE SUN 4MPPT,GROWATT/ DEYE SUN 4MPPT	,1,6.2,1.231248463223188e-05,
GROWATT HOYMILES APSYSTEMS,GROWATT / HOYMILES / APSYSTEMS,1,6.2,1.231248463223188e-05,
SOFTSTARTERS LINHAS,Softstarters Linhas,1,6.2,1.231248463223188e-05,
ANEJNI,ANEJNI,1,6.2,1.231248463223188e-05,
FOX LESS,FOX LESS,1,6.2,1.231248463223188e-05,
HOYMILES E RENOVIGI,HOYMILES E RENOVIGI,1,6.2,1.231248463223188e-05,
ENPHASEENERGY,EnphaseEnergy,1,6.18,1.2272766939869844e-05,
TSUNNEXEN,TSUNNEXEN,1,6.16,1.2233049247507806e-05,
HYPONTECHPS 65000,HYPONTECHPS-65000,1,6.16,1.2233049247507806e-05,
SUNGROWSUNGROWSUNGROW,SUNGROWSUNGROWSUNGROW,1,6.16,1.2233049247507806e-05,
HYPONTEC HPS 65000,HYPONTEC HPS-65000,1,6.16,1.2233049247507806e-05,
SIW300,SIW300,2,6.13,1.2173472708964747e-05,
HOYMILES ABB,HOYMILES//ABB,1,6.12,1.2153613862783729e-05,
SOLAR MAXX TECHC,174 - SOLAR MAXX TECHC,1,6.12,1.2153613862783729e-05,
07 175 725 0001,07.175.725/0001,1,6.12,1.2153613862783729e-05,
INVERSOR GOOD MICRO INVERSOR,Inversor: GOOD; Micro Inversor:,1,6.1,1.2113896170421689e-05,
SHEZEN,SHEZEN,1,6.1,1.2113896170421689e-05,
PHB1500 SS,PHB1500-SS,3,6.09,1.209403732424067e-05,
BELENERGY BELX,BELENERGY BELx,1,6.05,1.2014601939516595e-05,
EMPPALUX,EMPPALUX,1,6.05,1.2014601939516595e-05,
SHENZHEN SODAR,SHENZHEN SODAR,1,6.05,1.2014601939516595e-05,
DNS GREY GW5KBD NS,DNS - GREY GW5KBD-NS,1,6.05,1.2014601939516595e-05,
ANPHASE,Anphase,1,6.03,1.1974884247154557e-05,
HOHYMILES,HOHYMILES,1,6.03,1.1974884247154557e-05,
PHB6000,PHB6000-,1,6.0,1.1915307708611499e-05,
DNS GW6KBD NS,DNS/ GW6KBD-NS,1,6.0,1.1915307708611499e-05,
GROATT MIN 6000TL X,GROATT MIN 6000TL-X,1,6.0,1.1915307708611499e-05,
GROAWAT T,GROAWAT T,1,6.0,1.1915307708611499e-05,
FOXIS,foxis,1,6.0,1.1915307708611499e-05,
FRONIUNS P,froniuns p,1,6.0,1.1915307708611499e-05,
INVERSOR SAJQ MICRO INVERSOR,Inversor: SAJq; Micro Inversor:,1,6.0,1.1915307708611499e-05,
INVERSOR HO MICRO INVERSOR,Inversor: HO; Micro Inversor:,1,6.0,1.1915307708611499e-05,
INVERSOR HOY MICRO INVERSOR,Inversor: HOY; Micro Inversor:,1,6.0,1.1915307708611499e-05,
INVERSOR HOYMLLES MICRO INVERSOR,Inversor: HOYMLLES; Micro Inversor:,1,6.0,1.1915307708611499e-05,
INVERSOR NANSENSOLAR MICRO INVERSOR,Inversor: NansenSolar; Micro Inversor:,1,6.0,1.1915307708611499e-05,
INVERSOR ON GRID 3 0KW EGT 3000 LITE G2,"INVERSOR ON GRID 3,0KW EGT 3000 LITE G2",2,6.0,1.1915307708611499e-05,
INVERSOR ON GRID 6KWP,Inversor On Grid 6KWp,1,6.0,1.1915307708611499e-05,
INVERSOR MICRO INVERSOR HMS,Inversor: ; Micro Inversor: HMS,1,6.0,1.1915307708611499e-05,
INVERSOR MICRO INVERSOR LEAPTON,Inversor: ; Micro Inversor: Leapton,1,6.0,1.1915307708611499e-05,
E MONO,E-MONO,1,6.0,1.1915307708611499e-05,
8 78,"8,78",1,6.0,1.1915307708611499e-05,
F6000 G2,F6000-G2,1,6.0,1.1915307708611499e-05,
EX450MB 144,EX450MB-144,1,6.0,1.1915307708611499e-05,
AC,AC.,1,6.0,1.1915307708611499e-05,
HY M10 144H 575W,HY-M10/144H-575W	,1,6.0,1.1915307708611499e-05,
HY NT10 72GDF 600,HY-NT10/72GDF-600,1,6.0,1.1915307708611499e-05,
ABB E SOLPLANET,ABB E SOLPLANET,1,6.0,1.1915307708611499e-05,
JKM465M 60HL4 V,JKM465M-60HL4-V,1,6.0,1.1915307708611499e-05,
AAA,aaa,2,6.0,1.1915307708611499e-05,
JKM450M60HL4 V,JKM450M60HL4-V,1,6.0,1.1915307708611499e-05,
FABRICANTE DO INVERSORWEG,FABRICANTE DO INVERSORWEG,1,6.0,1.1915307708611499e-05,
RENOVIGI E 11 GROWATT,RENOVIGI E 11 - GROWATT,1,6.0,1.1915307708611499e-05,
R5 SERIE,R5 SERIE,1,6.0,1.1915307708611499e-05,
SUNUMO PLUS,Sunumo Plus,1,6.0,1.1915307708611499e-05,
JT700SLK B,JT700SLK(B),1,6.0,1.1915307708611499e-05,
HWAUEI,HWAUEI,1,6.0,1.1915307708611499e-05,
HXIPOWER,HXIPOWER,1,6.0,1.1915307708611499e-05,
SUNWAYS 6,SUNWAYS 6,1,6.0,1.1915307708611499e-05,
SUNX,Sunx,1,6.0,1.1915307708611499e-05,
JKM555M 72HL4 V,JKM555M-72HL4-V,1,6.0,1.1915307708611499e-05,
JKM570N 72HL4 BDVSOLIS,JKM570N-72HL4-BDVSOLIS,1,6.0,1.1915307708611499e-05,
SUZHOU PULLING ENERGY,Suzhou Pulling Energy,1,6.0,1.1915307708611499e-05,
SW200G MOGO,SW200G MOGO,1,6.0,1.1915307708611499e-05,
F RO N IU S,F RO N IU S,1,6.0,1.1915307708611499e-05,
ESPHSC550M,2091 - ESPHSC550M,1,6.0,1.1915307708611499e-05,
ES GT 16K 220,ES GT-16K-220,1,6.0,1.1915307708611499e-05,
SUNNY BOY 6 0,SUNNY BOY 6.0,1,6.0,1.1915307708611499e-05,
ALTENERGY POWER SYSTEM INC AP SYSTEMS,ALTENERGY POWER SYSTEM INC - AP SYSTEMS,2,6.0,1.1915307708611499e-05,
ALTERNATIVE ENERGIESYSTEME HOLLEIS KG,Alternative Energiesysteme Holleis KG,1,6.0,1.1915307708611499e-05,
HUAWEISUN20006KTL L1,HUAWEISUN20006KTL-L1,1,6.0,1.1915307708611499e-05,
SUNOVA SOLARSUNOVA SOLAR,SUNOVA SOLARSUNOVA SOLAR,1,6.0,1.1915307708611499e-05,
SUNOVA SS 420 72PDH,SUNOVA SS-420- 72PDH,2,6.0,1.1915307708611499e-05,
SUNOVASOLARMOD,sunovasolarmod,1,6.0,1.1915307708611499e-05,
SUNSHINE,SUNSHINE,4,6.0,1.1915307708611499e-05,
ALLNET SHOP,ALLNET Shop,1,6.0,1.1915307708611499e-05,
KAHUA TECH,KAHUA TECH,1,6.0,1.1915307708611499e-05,
FV INTELIGENTE,FV INTELIGENTE,1,6.0,1.1915307708611499e-05,
AP SYSTEM X000D,AP System_x000D_,1,6.0,1.1915307708611499e-05,
ERA SLAR,ERA SLAR,1,6.0,1.1915307708611499e-05,
KEWA,KEWA,1,6.0,1.1915307708611499e-05,
HUAWEI GOODWE WEG,Huawei/Goodwe/weg					,1,6.0,1.1915307708611499e-05,
SUNGROWSG6 0RS L,SUNGROWSG6.0RS-L,1,6.0,1.1915307708611499e-05,
SUNGRPW,SUNGRPW,1,6.0,1.1915307708611499e-05,
KESHUA,KESHUA,2,6.0,1.1915307708611499e-05,
KEUAH,KEUAH,1,6.0,1.1915307708611499e-05,
SUNMGROW,sunmgrow,1,6.0,1.1915307708611499e-05,
SUNNAYS,SUNNAYS,1,6.0,1.1915307708611499e-05,
SUNNERGY,SUNNERGY,1,6.0,1.1915307708611499e-05,
SUNNY BOY 3 0KW SB3 0 1AV 40,SUNNY BOY 3.0kW (SB3.0-1AV-40),2,6.0,1.1915307708611499e-05,
HUAWEI6,HUAWEI6,1,6.0,1.1915307708611499e-05,
ERA PRO 72HC,ERA Pro-72HC,1,6.0,1.1915307708611499e-05,
FRONUIS INTERNATIONAL,FRONUIS INTERNATIONAL,1,6.0,1.1915307708611499e-05,
7 56,"7,56",1,6.0,1.1915307708611499e-05,
FABRICANTE INVERSOR,FABRICANTE INVERSOR,1,6.0,1.1915307708611499e-05,
JKM435 78H V,JKM435-78H-V,1,6.0,1.1915307708611499e-05,
JKM435M 78H,JKM435M-78H,2,6.0,1.1915307708611499e-05,
TECH POPWER,tech popwer,1,6.0,1.1915307708611499e-05,
TECH POWER M12 2000,TECH POWER M12-2000,1,6.0,1.1915307708611499e-05,
TECHNO SUN,Techno Sun,1,6.0,1.1915307708611499e-05,
TECHNOLOGY SUPPLY,Technology Supply,1,6.0,1.1915307708611499e-05,
TECHPOWER MI2 2000,TECHPOWER MI2-2000,1,6.0,1.1915307708611499e-05,
JKM340,JKM340,1,6.0,1.1915307708611499e-05,
JKM405M72H V,JKM405M72H-V,1,6.0,1.1915307708611499e-05,
HT66 18X,HT66-18X,1,6.0,1.1915307708611499e-05,
SUNGROUW MONO,SUNGROUW MONO,1,6.0,1.1915307708611499e-05,
AP SYSYEMS,AP SYSYEMS,1,6.0,1.1915307708611499e-05,
KOMEKO KOFV,KOMEKO KOFV,1,6.0,1.1915307708611499e-05,
HUAEWY,HUAEWY,1,6.0,1.1915307708611499e-05,
AP SYSTEMA,AP Systema,1,6.0,1.1915307708611499e-05,
AP SYSTEMS ALTENERGR POWER,AP systems altenergr power 			,2,6.0,1.1915307708611499e-05,
AP SYSTEMS E B B SOLAR,AP Systems e B&B Solar,1,6.0,1.1915307708611499e-05,
AOXSOL,AOXSOL,1,6.0,1.1915307708611499e-05,
KOFV IN 20KW,KOFV IN 20KW,1,6.0,1.1915307708611499e-05,
HUAW EI,HUAW EI,1,6.0,1.1915307708611499e-05,
KSTRA BLUE G 6000D,KSTRA BLUE-G 6000D,1,6.0,1.1915307708611499e-05,
APSYST S,APSYST?? S,1,6.0,1.1915307708611499e-05,
APSYSTE DIGITAR TEXTO MS MS,APSYSTE digitar texto. MS MS,1,6.0,1.1915307708611499e-05,
SUNESSTSOL MP3000,SUNESSTSOL-MP3000,1,6.0,1.1915307708611499e-05,
SUNGOROW,SUNGOROW,1,6.0,1.1915307708611499e-05,
HSSP3K,1420 - HSSP3K,1,6.0,1.1915307708611499e-05,
APSYETMS,APSYETMS,1,6.0,1.1915307708611499e-05,
SUNGRIW,SUNGRIW,1,6.0,1.1915307708611499e-05,
RESUN LEAPTON,"RESUN, LEAPTON",1,6.0,1.1915307708611499e-05,
ENERGY TECHNOLOGY CO LTD,Energy Technology CO. LTD,1,6.0,1.1915307708611499e-05,
LEAFPTON,leafpton,1,6.0,1.1915307708611499e-05,
APSYSTEM A,APSYSTEM A,1,6.0,1.1915307708611499e-05,
APSYSTEM AP SYSTEMS,APSYSTEM / AP SYSTEMS	,1,6.0,1.1915307708611499e-05,
SUN2000G3 US 22,SUN2000G3-US-22,1,6.0,1.1915307708611499e-05,
KYOCERA,kyocera,1,6.0,1.1915307708611499e-05,
LANCASTER,LANCASTER,1,6.0,1.1915307708611499e-05,
SUN200G3,SUN200G3,1,6.0,1.1915307708611499e-05,
SUN72M 35F370W,SUN72M-35F370W,1,6.0,1.1915307708611499e-05,
HOYNUKES,HOYNUKES,1,6.0,1.1915307708611499e-05,
HPB SOLAR,HPB SOLAR,1,6.0,1.1915307708611499e-05,
HPOYMILLES,hpoymilles,1,6.0,1.1915307708611499e-05,
SUN SOLAR,SUN SOLAR,1,6.0,1.1915307708611499e-05,
SUN SUN 8K SG01LP1 EU,SUN / SUN-8K-SG01LP1-EU,1,6.0,1.1915307708611499e-05,
LEAPTON MONO,LEAPTON MONO,1,6.0,1.1915307708611499e-05,
TP6H72M H E 400,TP6H72M(H)E - 400,1,6.0,1.1915307708611499e-05,
JINKO TIGER PRO 72C 535WP,JINKO TIGER PRO 72C 535Wp,1,6.0,1.1915307708611499e-05,
71 EAST,71 EAST,1,6.0,1.1915307708611499e-05,
WEG SIW200F M060 FOXESS F6000,WEG SIW200F M060/ FOXESS F6000),1,6.0,1.1915307708611499e-05,
WEG SIW300H M020 HUAWEI SUN2000L 2KTL,WEG SIW300H M020/HUAWEI SUN2000L-2KTL,3,6.0,1.1915307708611499e-05,
144SAJ,144SAJ,2,6.0,1.1915307708611499e-05,
FOXFOX,FOXFOX,1,6.0,1.1915307708611499e-05,
INVERSORES MONOFASICOS SUNUNO PLUS KYOSERVICE,Inversores Monofásicos Sununo Plus - Kyoservice,1,6.0,1.1915307708611499e-05,
2MICROINVERSOR,2MICROINVERSOR,2,6.0,1.1915307708611499e-05,
WEG DO BRASIL HUAWEI,WEG DO BRASIL/HUAWEI,1,6.0,1.1915307708611499e-05,
INVERSOR SUNGORW MICRO INVERSOR,Inversor: SUNGORW; Micro Inversor:,1,6.0,1.1915307708611499e-05,
INVDE MO 220V 6 6KW,INVDE-MO-220V-6.6KW,1,6.0,1.1915307708611499e-05,
INVDE MO 220V3KW,INVDE-MO-220V3KW,2,6.0,1.1915307708611499e-05,
HOYMILLESS,HOYMILLESS,1,6.0,1.1915307708611499e-05,
HOYMILLIS,HOYMILLIS,1,6.0,1.1915307708611499e-05,
APSYSTEMS 2 DEYE,1 - APSYSTEMS 2 - DEYE,1,6.0,1.1915307708611499e-05,
APSYSTEMN,APSYSTEMN,1,6.0,1.1915307708611499e-05,
HOYMLESMO,HOYMLESMO,1,6.0,1.1915307708611499e-05,
HOYMULIES,HOYMULIES,1,6.0,1.1915307708611499e-05,
SUN 3K G 582 BS 3K G,498 - SUN-3K-G;582 - BS-3K-G,1,6.0,1.1915307708611499e-05,
APYSTENS,APYSTENS,1,6.0,1.1915307708611499e-05,
LIVOL TEK GT1 6K DC,LIVOL TEK GT1-6K-DC,1,6.0,1.1915307708611499e-05,
SUN 5KG,SUN-5KG,1,6.0,1.1915307708611499e-05,
SUN 6K G04,2065 - SUN-6K-G04,1,6.0,1.1915307708611499e-05,
APSYSTOMS,APSYSTOMS,1,6.0,1.1915307708611499e-05,
LESTE,LESTE,1,6.0,1.1915307708611499e-05,
HOYMILEST,HOYMILEST,1,6.0,1.1915307708611499e-05,
SUN M225G4 EU,SUN-M225G4 EU,1,6.0,1.1915307708611499e-05,
LEDVANCE LMS 2K F1 2000W 220CA,"LEDVANCE LMS-2K F1 2000W, 220CA",1,6.0,1.1915307708611499e-05,
HOYMILLERS,Hoymillers,1,6.0,1.1915307708611499e-05,
GGG,GGG,1,6.0,1.1915307708611499e-05,
HOYMIILLES,HOYMIILLES,1,6.0,1.1915307708611499e-05,
LIVOLTEKGT1 6KD1,LIVOLTEKGT1-6KD1,1,6.0,1.1915307708611499e-05,
TRNAC,trnac,1,6.0,1.1915307708611499e-05,
6 6,6.6,1,6.0,1.1915307708611499e-05,
JINCO SOLAR,JINCO SOLAR,1,6.0,1.1915307708611499e-05,
HYX1POWER,HYX1POWER,1,6.0,1.1915307708611499e-05,
FOSESS,FOSESS,2,6.0,1.1915307708611499e-05,
TS600S8E 132GANT,TS600S8E-132GANT,1,6.0,1.1915307708611499e-05,
TS600S8E 144GANT,TS600S8E-144GANT,1,6.0,1.1915307708611499e-05,
8 88,"8,88",1,6.0,1.1915307708611499e-05,
FDS,FDS,1,6.0,1.1915307708611499e-05,
TIGER NEO,TIGER NEO,1,6.0,1.1915307708611499e-05,
TP 7F72M H 605,TP 7F72M(H )- 605,1,6.0,1.1915307708611499e-05,
ASTROENERGY CHSM72M,ASTROENERGY CHSM72M-,1,6.0,1.1915307708611499e-05,
LIVOLTEK E WEG,LIVOLTEK E WEG,1,6.0,1.1915307708611499e-05,
ASN 3SL,2111 - ASN-3SL,2,6.0,1.1915307708611499e-05,
HOYMILES2000,HOYMILES2000,1,6.0,1.1915307708611499e-05,
ASG 6SLZH,ASG-6SLZH,1,6.0,1.1915307708611499e-05,
SUN 2000 G3 US220,SUN 2000 G3- US220,1,6.0,1.1915307708611499e-05,
AS 6P,AS-6P,1,6.0,1.1915307708611499e-05,
QSOLAR SOLAR,QSOLAR SOLAR,1,6.0,1.1915307708611499e-05,
QUALYCARE TECHNICAL SERVICE EIRELI ME,149 - QUALYCARE TECHNICAL SERVICE EIRELI-ME,1,6.0,1.1915307708611499e-05,
AVT,AVT,2,6.0,1.1915307708611499e-05,
AUXASOL,AUXASOL,1,6.0,1.1915307708611499e-05,
LOVILTEK,LOVILTEK,1,6.0,1.1915307708611499e-05,
AURSOL,aursol,1,6.0,1.1915307708611499e-05,
LNSU 410M,LNSU-410M,1,6.0,1.1915307708611499e-05,
LNVH 595M,LNVH-595M,1,6.0,1.1915307708611499e-05,
ATE AQUI,ATÉ AQUI,1,6.0,1.1915307708611499e-05,
ASW600 S G2,ASW600-S-G2,1,6.0,1.1915307708611499e-05,
ASW6000 TL,ASW6000-TL,1,6.0,1.1915307708611499e-05,
SUGNGROW,SUGNGROW,1,6.0,1.1915307708611499e-05,
LIVOU TEX,LIVOU TEX,1,6.0,1.1915307708611499e-05,
SOTERNO,SOTERNO,1,6.0,1.1915307708611499e-05,
LR4 72HPH 450M,LR4-72HPH-450M,1,6.0,1.1915307708611499e-05,
LS 6K F2,LS-6K F2,1,6.0,1.1915307708611499e-05,
HOPEWID,HOPEWID,2,6.0,1.1915307708611499e-05,
SPDG585 N144M10,SPDG585-N144M10,1,6.0,1.1915307708611499e-05,
SPI 6000 B2,SPI 6000-B2,1,6.0,1.1915307708611499e-05,
SPI3000 B2,SPI3000-B2,2,6.0,1.1915307708611499e-05,
AXOL,AXOL,1,6.0,1.1915307708611499e-05,
SS 560 72MDHDEYE,SS-560-72MDHDEYE,1,6.0,1.1915307708611499e-05,
SS 580 72MDH T,SS-580-72MDH(T),1,6.0,1.1915307708611499e-05,
HOY 2000W WIFI,HOY 2000W WIFI,1,6.0,1.1915307708611499e-05,
LP182 M 72 MH 560W,LP182-M-72-MH-560W,1,6.0,1.1915307708611499e-05,
HOLP,HOLP,1,6.0,1.1915307708611499e-05,
HOME WAVE SE6000H,HOME WAVE SE6000H,1,6.0,1.1915307708611499e-05,
EMPAULUX,EMPAULUX,1,6.0,1.1915307708611499e-05,
SOLPLAQNET,SOLPLAQNET,1,6.0,1.1915307708611499e-05,
B E DIN,B E DIN,1,6.0,1.1915307708611499e-05,
M122000,M122000,1,6.0,1.1915307708611499e-05,
HOMYLESS,HOMYLESS,1,6.0,1.1915307708611499e-05,
HONEY,Honey,2,6.0,1.1915307708611499e-05,
SOLPUNEI,SOLPÚNEÍ,1,6.0,1.1915307708611499e-05,
LVOLTEK,LVOLTEK,1,6.0,1.1915307708611499e-05,
SOLXA POWER,SOLXA POWER,1,6.0,1.1915307708611499e-05,
SOLXPOWER,SOLXPOWER,1,6.0,1.1915307708611499e-05,
SOPLENET,SOPLENET,1,6.0,1.1915307708611499e-05,
RONAM,ronam,2,6.0,1.1915307708611499e-05,
RONMA SOLARMOD,ronma solarmod,1,6.0,1.1915307708611499e-05,
RRENA,RRENA,1,6.0,1.1915307708611499e-05,
BEDINSOLAR BEDINSAT,Bedinsolar - BedinSat,1,6.0,1.1915307708611499e-05,
MARS ROCK,MARS ROCK,1,6.0,1.1915307708611499e-05,
HN18N 72H585WGOODWE,HN18N-72H585WGOODWE,1,6.0,1.1915307708611499e-05,
HN21 60H610W,HN21-60H610W,1,6.0,1.1915307708611499e-05,
BEDEIN SOLAR,BEDEIN SOLAR,1,6.0,1.1915307708611499e-05,
BBELENERGY,BBELENERGY,2,6.0,1.1915307708611499e-05,
MANUALSLIB,ManualsLib,1,6.0,1.1915307708611499e-05,
HOAYMILES,HOAYMILES,1,6.0,1.1915307708611499e-05,
HOIMAILES,HOIMAILES,1,6.0,1.1915307708611499e-05,
BALFAR SOLAR JINKO SOLAR,"BALFAR SOLAR, JINKO SOLAR",1,6.0,1.1915307708611499e-05,
Q51,Q51,1,6.0,1.1915307708611499e-05,
MI1500,MI1500,1,6.0,1.1915307708611499e-05,
BEL2000G3 US,BEL2000G3-US-,1,6.0,1.1915307708611499e-05,
HMF144T10 570HL,HMF144T10-570HL,1,6.0,1.1915307708611499e-05,
BEL ENERG BEL 3K G,BEL ENERG / BEL-3K-G,2,6.0,1.1915307708611499e-05,
MFVHO MO 144,MFVHO-MO-144,1,6.0,1.1915307708611499e-05,
TSM 410 DE15M II,TSM-410 DE15M(II),1,6.0,1.1915307708611499e-05,
TSM DE 17 II,TSM-DE 17 (II),1,6.0,1.1915307708611499e-05,
540 MLK 36,540 MLK-36,1,6.0,1.1915307708611499e-05,
545W ZNM7 SP144,545W ZNM7-SP144,1,6.0,1.1915307708611499e-05,
INGT,INGT,1,6.0,1.1915307708611499e-05,
INLEBRAS,INLEBRAS,1,6.0,1.1915307708611499e-05,
INLELBRAS,INLELBRAS,1,6.0,1.1915307708611499e-05,
INDOOR,INDOOR,1,6.0,1.1915307708611499e-05,
JINKO JKM440M 6TL4 V 440W TIGER PRO MONO PERC HALF CEL 20 77 EFIC 120 CELUL,"JINKO JKM440M-6TL4-V 440W TIGER PRO MONO PERC HALF CEL 20,77% EFIC 120 CELUL",1,6.0,1.1915307708611499e-05,
JINKO JKM440M 78H,JINKO JKM440M-78H,1,6.0,1.1915307708611499e-05,
TRINA SOLAR TSM DE15M II 410W,TRINA SOLAR / TSM-DE15M(II) 410W,2,6.0,1.1915307708611499e-05,
6000 PRO,6000 PRO,1,6.0,1.1915307708611499e-05,
6000MTL S,6000MTL-S,1,6.0,1.1915307708611499e-05,
BEL 2000G3 US 220,BEL 2000G3-US-220,2,6.0,1.1915307708611499e-05,
SOLLIS S6 GR1P6K,SOLLIS S6-GR1P6K,1,6.0,1.1915307708611499e-05,
SOLLPANET,SOLLPANET,1,6.0,1.1915307708611499e-05,
HMS 2000DWT,HMS-2000DWT,1,6.0,1.1915307708611499e-05,
GINIONG YECHNOLOGIES CO LTD,"GINIONG YECHNOLOGIES CO.,LTD.",1,6.0,1.1915307708611499e-05,
SOLARY,solary,1,6.0,1.1915307708611499e-05,
SOLF,SOLF,1,6.0,1.1915307708611499e-05,
SOLIDA,SÓLIDA,1,6.0,1.1915307708611499e-05,
SOLIINTEG,SOLIINTEG,1,6.0,1.1915307708611499e-05,
BELEN ERGY,BELEN ERGY,1,6.0,1.1915307708611499e-05,
BELENEEGY,BELENEEGY,2,6.0,1.1915307708611499e-05,
RS 6K S2 3,RS-6K-S2-3,1,6.0,1.1915307708611499e-05,
Q POWER L G5 330W,Q POWER L-G5 330W,1,6.0,1.1915307708611499e-05,
SOLAR X1,SOLAR X1,1,6.0,1.1915307708611499e-05,
MICROIVERSOR 100,microiversor 100,1,6.0,1.1915307708611499e-05,
HELIUS SUNLIK PV HMF11M10,HELIUS SUNLIK PV HMF11M10,1,6.0,1.1915307708611499e-05,
BELENERGYAPSYSTEMS,BELENERGYApsystems,1,6.0,1.1915307708611499e-05,
MICRO SOLLAX,MICRO SOLLAX,1,6.0,1.1915307708611499e-05,
MICROINVERS OR BELENERGY PLUS,MICROINVERS OR BelEnergy Plus,1,6.0,1.1915307708611499e-05,
MICROINVERS OR HOMILES,Microinvers or Homiles,1,6.0,1.1915307708611499e-05,
1 X RENOVIGI 3 X WEG,1 X RENOVIGI / 3 X WEG,1,6.0,1.1915307708611499e-05,
WIFI CONECTO,WIFI + CONECTO,2,6.0,1.1915307708611499e-05,
INVERSOR MICRO INVERSOR TECPOWER,Inversor: ; Micro Inversor: TECPOWER,1,6.0,1.1915307708611499e-05,
INVERSOR MONOFASICO 2MPPT 220V 4KW BELENERGY PLUS,INVERSOR MONOFÁSICO 2MPPT 220V 4KW – BELENERGY PLUS,1,6.0,1.1915307708611499e-05,
REINOVIGI,REINOVIGI,1,6.0,1.1915307708611499e-05,
RENO H 550,RENO-H 550,1,6.0,1.1915307708611499e-05,
WEG HUAWEI SIW300H M030 SUN2000L 3 KTL,WEG/HUAWEI-SIW300H M030 (SUN2000L-3-KTL),1,6.0,1.1915307708611499e-05,
INVERSOR ELSYS SOLAR MICRO INVERSOR,Inversor: ELSYS SOLAR; Micro Inversor:,2,6.0,1.1915307708611499e-05,
INVERSOR SOLAR SIW300H M030,Inversor solar SIW300H M030,2,6.0,1.1915307708611499e-05,
SERRANA TOURIGA 3000 26 Z,Serrana Touriga 3000 26 z,1,6.0,1.1915307708611499e-05,
INVERSOR GROWA MICRO INVERSOR,Inversor: GROWA; Micro Inversor:,1,6.0,1.1915307708611499e-05,
INVERSOR SGV,Inversor Sgv,1,6.0,1.1915307708611499e-05,
TSM TE18M II 500W,TSM-TE18M(ii)-500w,1,6.0,1.1915307708611499e-05,
TSON,TSON,2,6.0,1.1915307708611499e-05,
TSUL,TSUL,1,6.0,1.1915307708611499e-05,
INTELBRAL,INTELBRAL,1,6.0,1.1915307708611499e-05,
JAGER PLUS 156 450M,JAGER PLUS 156 450M,1,6.0,1.1915307708611499e-05,
TSUNSS,TSUNSS,1,6.0,1.1915307708611499e-05,
TSUSNESSS,TSUSNESSS,2,6.0,1.1915307708611499e-05,
FOX ESSZ,FOX ESSZ,1,6.0,1.1915307708611499e-05,
I NTELBRAS,I NTELBRAS,1,6.0,1.1915307708611499e-05,
IAUXSOL,IAUXSOL,1,6.0,1.1915307708611499e-05,
IBNTELBRAS,IBNTELBRAS,1,6.0,1.1915307708611499e-05,
TSM 400DE09,TSM-400DE09,1,6.0,1.1915307708611499e-05,
TSM 400DE17M II,TSM400DE17M(II),1,6.0,1.1915307708611499e-05,
TSM 405 DE15M II,TSM-405 DE15M(II),1,6.0,1.1915307708611499e-05,
MICROINVERSO,MICROINVERSO,2,6.0,1.1915307708611499e-05,
MICROINVERSOR APSYSTENS,MICROINVERSOR APSYSTENS,1,6.0,1.1915307708611499e-05,
ELSYS 5K,ELSYS 5K,1,6.0,1.1915307708611499e-05,
SOLARPLANETE,SOLARPLANETE,1,6.0,1.1915307708611499e-05,
ELGINEL,ELGINEL,1,6.0,1.1915307708611499e-05,
HAOYMILES,HAOYMILES,1,6.0,1.1915307708611499e-05,
HAUEWEI,HAUEWEI,1,6.0,1.1915307708611499e-05,
SOLAR HONOR,SOLAR HONOR,1,6.0,1.1915307708611499e-05,
BELLENERGY GROWWATT,BELLENERGY / GROWWATT,1,6.0,1.1915307708611499e-05,
TECNOPOWER,tecnopower,1,6.0,1.1915307708611499e-05,
HCM72 400W,HCM72-400W,1,6.0,1.1915307708611499e-05,
HAWEI DIGITAL P,Hawei Digital P,1,6.0,1.1915307708611499e-05,
SOLAR MAXXX TECH SMT 6KW S,SOLAR MAXXX TECH SMT 6KW-S,1,6.0,1.1915307708611499e-05,
HEARGROW SOLAR POWER,HEARGROW SOLAR POWER,1,6.0,1.1915307708611499e-05,
MILES,miles,1,6.0,1.1915307708611499e-05,
RSM132 8 700 725BHDG,RSM132-8-700-725BHDG,1,6.0,1.1915307708611499e-05,
GJ,GJ,1,6.0,1.1915307708611499e-05,
Q PEAK DUO L G8,"Q,PEAK DUO L-G8",2,6.0,1.1915307708611499e-05,
BOLD SOLAR,Bold Solar,1,6.0,1.1915307708611499e-05,
SOLAR EDGE HD WAVE SE6000H,SOLAR EDGE / HD Wave-SE6000H,1,6.0,1.1915307708611499e-05,
H,H,1,6.0,1.1915307708611499e-05,
HAIUWEI,HAIUWEI,1,6.0,1.1915307708611499e-05,
HALF CELL 535W,HALF CELL 535W,1,6.0,1.1915307708611499e-05,
BEYOSNDSUN,BEYOSNDSUN,1,6.0,1.1915307708611499e-05,
HANERSUN TECHNOLOGY,HANERSUN Technology,1,6.0,1.1915307708611499e-05,
MIN6000TL X 6KW,MIN6000TL-X 6KW,1,6.0,1.1915307708611499e-05,
SOFARSOLPLANET,SOFARSOLPLANET,1,6.0,1.1915307708611499e-05,
BS72M 380W,BS72M-380W,1,6.0,1.1915307708611499e-05,
MONOCRISTALINOS,Monocristalinos,1,6.0,1.1915307708611499e-05,
GW6000 EH,1663 - GW6000-EH,1,6.0,1.1915307708611499e-05,
BS,BS,1,6.0,1.1915307708611499e-05,
SOIPLANET,SOIPLANET,1,6.0,1.1915307708611499e-05,
SOKRBDI,sokrbdi,1,6.0,1.1915307708611499e-05,
GW6000T DS,1422 - GW6000T-DS,1,6.0,1.1915307708611499e-05,
GW6KBD,GW6KBD,1,6.0,1.1915307708611499e-05,
SOL PLANETSOL PLANET,SOL PLANETSOL PLANET,1,6.0,1.1915307708611499e-05,
SOL PLENET ASW6000 S G2,SOL PLENET ASW6000-S-G2,1,6.0,1.1915307708611499e-05,
SOLAMAX TECH,SOLAMAX TECH,1,6.0,1.1915307708611499e-05,
SOLAR EDDGE,solar eddge,1,6.0,1.1915307708611499e-05,
PV GRIDINTERACTIVE,PV GRIDINTERACTIVE,1,6.0,1.1915307708611499e-05,
NANSAN,NANSAN,1,6.0,1.1915307708611499e-05,
CANADIAN SOLAR REFUSOL,CANADIAN SOLAR/REFUSOL,1,6.0,1.1915307708611499e-05,
CANADIAN ECOSOLYS,CANADIAN ECOSOLYS,1,6.0,1.1915307708611499e-05,
N TYPE PULLING,N-TYPE PULLING,1,6.0,1.1915307708611499e-05,
NAC 6K DS,NAC-6K-DS,1,6.0,1.1915307708611499e-05,
SOFAR6KTLM G2,SOFAR6KTLM-G2,1,6.0,1.1915307708611499e-05,
SOFAR6KTLMG2,SOFAR6KTLMG2,1,6.0,1.1915307708611499e-05,
MUNDO ENERGY RE,MUNDO ENERGY RE,1,6.0,1.1915307708611499e-05,
N TYPE 570W HONOR SOLAR,N TYPE 570W HONOR SOLAR,1,6.0,1.1915307708611499e-05,
SOFARJ,Sofarj,1,6.0,1.1915307708611499e-05,
GVROWATT,Gvrowatt,1,6.0,1.1915307708611499e-05,
SOFARSOLARSOFAR6KTLM G2,SOFARSOLARSOFAR6KTLM-G2,1,6.0,1.1915307708611499e-05,
EGW,EGW,1,6.0,1.1915307708611499e-05,
EHUA TECH,EHUA TECH,1,6.0,1.1915307708611499e-05,
EINNOVA SOLAR,EINNOVA SOLAR,1,6.0,1.1915307708611499e-05,
NEF,NEF,1,6.0,1.1915307708611499e-05,
SMT 6KW S,1248 - SMT-6KW-S,1,6.0,1.1915307708611499e-05,
CHANTI,CHANTI,1,6.0,1.1915307708611499e-05,
GSOLAR,GSOLAR,1,6.0,1.1915307708611499e-05,
GT 6000 PRO,GT 6000 PRO,1,6.0,1.1915307708611499e-05,
NASS,NASS,1,6.0,1.1915307708611499e-05,
CANON,Canon,1,6.0,1.1915307708611499e-05,
GT1 6K DS,1287 - GT1-6K-DS,1,6.0,1.1915307708611499e-05,
GT16KD,GT16KD,1,6.0,1.1915307708611499e-05,
PU620SNG12R,PU620SNG12R,1,6.0,1.1915307708611499e-05,
3GROWATT MIN 6000TL X,3GROWATT - MIN 6000TL-X,1,6.0,1.1915307708611499e-05,
UL505M 132HV,UL505M-132HV,1,6.0,1.1915307708611499e-05,
UN2000G3 US 220,UN2000G3-US-220,1,6.0,1.1915307708611499e-05,
37 52,"37,52",1,6.0,1.1915307708611499e-05,
37 81,"37,81",1,6.0,1.1915307708611499e-05,
39 00,"39,00",1,6.0,1.1915307708611499e-05,
IONS 2KM1MICRO,IONS-2KM1MICRO,1,6.0,1.1915307708611499e-05,
INTELBRASEGT 6000 PRO,INTELBRASEGT 6000 PRO,1,6.0,1.1915307708611499e-05,
INTELBRASINTELBRASINTELBRAS,INTELBRASINTELBRASINTELBRAS,1,6.0,1.1915307708611499e-05,
INTELBRASL,INTELBRASL,1,6.0,1.1915307708611499e-05,
INETLBRAS,INETLBRAS,1,6.0,1.1915307708611499e-05,
FRONIUS3,FRONIUS3,1,6.0,1.1915307708611499e-05,
FRONIUSC,FRONIUSC,1,6.0,1.1915307708611499e-05,
JAM72S01,JAM72S01,1,6.0,1.1915307708611499e-05,
INOCARE TECNOLOGIA,INOCARE TECNOLOGIA,1,6.0,1.1915307708611499e-05,
GROWAWTT,GROWAWTT,1,6.0,1.1915307708611499e-05,
GROWAZTT,Growaztt,1,6.0,1.1915307708611499e-05,
SMA SUMMY BOY,SMA / SUMMY BOY,1,6.0,1.1915307708611499e-05,
SMA SUNNY BOY INVERSOR,SMA Sunny Boy- inversor,1,6.0,1.1915307708611499e-05,
CHSM72NDGFHC,CHSM72NDGFHC,1,6.0,1.1915307708611499e-05,
CINTELBRAS,CINTELBRAS,1,6.0,1.1915307708611499e-05,
NEXT,NEXT,1,6.0,1.1915307708611499e-05,
CHSM72M HC 555,CHSM72M-HC-555,1,6.0,1.1915307708611499e-05,
SMARTENERGY CON,SMARTENERGY CON,1,6.0,1.1915307708611499e-05,
S O L AREDGE,S O L AREDGE,1,6.0,1.1915307708611499e-05,
GODWEE GW 3000 XS 11,GODWEE GW 3000-XS-11,2,6.0,1.1915307708611499e-05,
PRIMO60 1 6,PRIMO60- 1 6,1,6.0,1.1915307708611499e-05,
CS3U 385MS FG,CS3U-385MS-FG,1,6.0,1.1915307708611499e-05,
GROWATTMIN 6000 TL X,GROWATTMIN 6000 TL-X,1,6.0,1.1915307708611499e-05,
CPS SCA3KTL SM EU,1534 - CPS SCA3KTL-SM/EU,2,6.0,1.1915307708611499e-05,
GROWATTMIN6000TL X,GROWATTMIN6000TL-X,1,6.0,1.1915307708611499e-05,
NHOYMILES,NHOYMILES,1,6.0,1.1915307708611499e-05,
SMA SB6 0,SMA SB6.0-,1,6.0,1.1915307708611499e-05,
CPS CPS,CPS CPS,2,6.0,1.1915307708611499e-05,
CPS SCA 6KTL SM,501 - CPS SCA 6KTL-SM,1,6.0,1.1915307708611499e-05,
PS450M4H 24TH 450W 144 CEL,PS450M4H-24TH 450W 144 CEL,1,6.0,1.1915307708611499e-05,
PS550M6 24 TH,PS550M6-24/TH,1,6.0,1.1915307708611499e-05,
SIW300HM060L1,SIW300HM060L1,1,6.0,1.1915307708611499e-05,
CSI 3KTL1P GI FL CSI 3KTL1P GI FL,CSI-3KTL1P-GI-FL | CSI-3KTL1P-GI-FL,1,6.0,1.1915307708611499e-05,
CSI 3K,CSI-3K,2,6.0,1.1915307708611499e-05,
CS7N 660MS,CS7N-660MS	,1,6.0,1.1915307708611499e-05,
NORTHEM,NORTHEM,1,6.0,1.1915307708611499e-05,
DHN I66Z16,DHN-I66Z16,1,6.0,1.1915307708611499e-05,
CS6U330P,CS6U330P,1,6.0,1.1915307708611499e-05,
CS6K 275P,CS6K-275P,1,6.0,1.1915307708611499e-05,
CS3W 445,CS3W-445,1,6.0,1.1915307708611499e-05,
GROWATTHAUWAI,GROWATTHAUWAI|,1,6.0,1.1915307708611499e-05,
GROWATTJAM72S40 580 MB,GROWATTJAM72S40-580/MB	,1,6.0,1.1915307708611499e-05,
CS3W 410,CS3W-410,1,6.0,1.1915307708611499e-05,
SMA APSYSTEM,"SMA, Apsystem/",1,6.0,1.1915307708611499e-05,
CS3U 365,CS3U-365,1,6.0,1.1915307708611499e-05,
DAH SOLAR DAH SU1K5T,DAH SOLAR DAH-SU1K5T,1,6.0,1.1915307708611499e-05,
PRIMO 6 0,PRIMO 6.0,1,6.0,1.1915307708611499e-05,
GROWATT KEHUA,GROWATT / KEHUA,1,6.0,1.1915307708611499e-05,
GROWATT OU HUAWEI,GROWATT OU HUAWEI,1,6.0,1.1915307708611499e-05,
3 26993561168895,"3,26993561168895",1,6.0,1.1915307708611499e-05,
NXN 545W,Nxn 545W,1,6.0,1.1915307708611499e-05,
GROWATT6 96,"GROWATT6,96",1,6.0,1.1915307708611499e-05,
SIW300H M040 E,SIW300H M040 e,1,6.0,1.1915307708611499e-05,
NTYPETOTAL,ntypetotal,1,6.0,1.1915307708611499e-05,
SIW300HM030,SIW300HM030,2,6.0,1.1915307708611499e-05,
DAH DHM,DAH DHM,1,6.0,1.1915307708611499e-05,
NRXEN,nrxen,1,6.0,1.1915307708611499e-05,
PRO 72HC585M,PRO-72HC585M,1,6.0,1.1915307708611499e-05,
SAJ 43 SOLIS,15 - SAJ/43 - SOLIS,1,6.0,1.1915307708611499e-05,
SISTEMAS AP,Sistemas AP,1,6.0,1.1915307708611499e-05,
SIUNGROUN,SIUNGROUN,1,6.0,1.1915307708611499e-05,
DEDIN,DEDIN,1,6.0,1.1915307708611499e-05,
34 96,"34,96",1,6.0,1.1915307708611499e-05,
VRENAC,VRENAC,1,6.0,1.1915307708611499e-05,
30 67,"30,67",1,6.0,1.1915307708611499e-05,
3000S,3000S,1,6.0,1.1915307708611499e-05,
300TL,300tl,1,6.0,1.1915307708611499e-05,
INVERTERS SMA SUNNY BOY,"Inverters, SMA Sunny Boy",1,6.0,1.1915307708611499e-05,
INVSO,INVSO,1,6.0,1.1915307708611499e-05,
INTELBRAWS,INTELBRAWS,1,6.0,1.1915307708611499e-05,
INTELBRV S,Intelbrv°s,1,6.0,1.1915307708611499e-05,
FOXERSS,FOXERSS_,1,6.0,1.1915307708611499e-05,
REFU ELETRONIK GMBH,Refu eletronik gmbh,2,6.0,1.1915307708611499e-05,
ISUN,iSUN,2,6.0,1.1915307708611499e-05,
OLIS CORDEIRO,OLIS-CORDEIRO,1,6.0,1.1915307708611499e-05,
OLTEK,OLTEK,1,6.0,1.1915307708611499e-05,
GROWATT E SOFAR SOLAR,GROWATT E SOFAR SOLAR,1,6.0,1.1915307708611499e-05,
DAHSOLAR DMH 72X10 BM,DAHSOLAR DMH-72X10(BM),1,6.0,1.1915307708611499e-05,
DAS DH144NA 570,DAS-DH144NA-570,1,6.0,1.1915307708611499e-05,
DAH SOLAR DAH SOLAR DAH SOLAR,DAH SOLAR/DAH SOLAR/DAH SOLAR,1,6.0,1.1915307708611499e-05,
SHERNZHEN SOFARSOLAR,Shernzhen SOFARSOLAR,1,6.0,1.1915307708611499e-05,
GR OA WATT,Gr oa watt,1,6.0,1.1915307708611499e-05,
SHEZENSOFAR,SHEZENSOFAR,1,6.0,1.1915307708611499e-05,
SHINE,SHINE,1,6.0,1.1915307708611499e-05,
GROWAT T MIC3000TL X,GROWAT T/MIC3000TL-X,2,6.0,1.1915307708611499e-05,
3 AP SYSTEMS,3 AP SYSTEMS,1,6.0,1.1915307708611499e-05,
W SOLAR,W solar,1,6.0,1.1915307708611499e-05,
WAYWEI,waywei,1,6.0,1.1915307708611499e-05,
WDC SOLAR WDC 3KTL G2,WDC SOLAR WDC-3KTL-G2,1,6.0,1.1915307708611499e-05,
INTELSRAS,INTELSRAS,1,6.0,1.1915307708611499e-05,
INTERLBRAZ,interlbraz,1,6.0,1.1915307708611499e-05,
INTETLBRAS,Intetlbras,1,6.0,1.1915307708611499e-05,
WDC SOLARGROWATT,WDC SOLARGROWATT,1,6.0,1.1915307708611499e-05,
WDC6K,WDC6K,1,6.0,1.1915307708611499e-05,
3 00,"3,00",2,6.0,1.1915307708611499e-05,
IONS 3K M3,2120 - IONS-3K M3,2,6.0,1.1915307708611499e-05,
DESIM,DESIM,1,6.0,1.1915307708611499e-05,
GROWATT 109 LIVOLTEK,11 - GROWATT / 109 - LIVOLTEK,1,6.0,1.1915307708611499e-05,
DEY BELLERGY,DEY/BELLERGY,1,6.0,1.1915307708611499e-05,
GROWAT MIN 600TLX,Growat - MIN 600TLX,1,6.0,1.1915307708611499e-05,
OSDA 570,OSDA 570,1,6.0,1.1915307708611499e-05,
OSDA NTYPE,OSDA NTYPE,1,6.0,1.1915307708611499e-05,
DEYE SUN1000G3 US 220 GROWATT MIN5000TL X,DEYE SUN1000G3-US-220 /GROWATT MIN5000TL-X,1,6.0,1.1915307708611499e-05,
GROWATTGROWAT,GROWATTGROWAT,1,6.0,1.1915307708611499e-05,
OROWATT,OROWATT,1,6.0,1.1915307708611499e-05,
OODWE SOLAR,OODWE SOLAR |,1,6.0,1.1915307708611499e-05,
SHENZZEHN,Shenzzehn,1,6.0,1.1915307708611499e-05,
GROWANTT,GROWANTT,1,6.0,1.1915307708611499e-05,
SAJ0,SAJ0,1,6.0,1.1915307708611499e-05,
DEYESUN2000G3 US 220,DEYESUN2000G3-US-220,2,6.0,1.1915307708611499e-05,
SG60RS,SG60RS,1,6.0,1.1915307708611499e-05,
SG6K D MONO 220V,SG6K-D Mono - 220V,1,6.0,1.1915307708611499e-05,
OUROLUX SOLAR,OUROLUX SOLAR,1,6.0,1.1915307708611499e-05,
GROWAT MIN 3000TL X,GROWAT/MIN 3000TL-X,2,6.0,1.1915307708611499e-05,
OWATT MIC,OWATT MIC,1,6.0,1.1915307708611499e-05,
P PHB3000N XS,P- PHB3000N-XS,2,6.0,1.1915307708611499e-05,
DEYEMOD,deyemod,1,6.0,1.1915307708611499e-05,
SHENZEN SOAR,SHENZEN SOAR,1,6.0,1.1915307708611499e-05,
DEYEB,DEYEB,1,6.0,1.1915307708611499e-05,
GROWAT MIN 6000,GROWAT/MIN 6000,1,6.0,1.1915307708611499e-05,
POLI HALF CELL,POLI HALF-CELL,1,6.0,1.1915307708611499e-05,
GROIVATT,GROIVATT,1,6.0,1.1915307708611499e-05,
SFOAR,SFOAR,1,6.0,1.1915307708611499e-05,
DHM72X10 550WAPSYSTEMS,DHM72X10-550WAPSYSTEMS,2,6.0,1.1915307708611499e-05,
DHN 66Z16 DG,DHN-66Z16|DG,1,6.0,1.1915307708611499e-05,
PHANTER,phanter,1,6.0,1.1915307708611499e-05,
PHB HYPONTECH,PHB/ HYPONTECH,1,6.0,1.1915307708611499e-05,
GROQWATT,groqwatt,1,6.0,1.1915307708611499e-05,
DHM 72X10555W DHM72X10555WHOYMILES,DHM-72X10555W DHM72X10555WHOYMILES,1,6.0,1.1915307708611499e-05,
SG30RS L,SG30RS-L,2,6.0,1.1915307708611499e-05,
PEH,PEH,1,6.0,1.1915307708611499e-05,
SG6,SG6,1,6.0,1.1915307708611499e-05,
GROWALT ON,GROWALT ON,1,6.0,1.1915307708611499e-05,
SERRANA ON GRID SOLAR,SERRANA ON GRID SOLAR,2,6.0,1.1915307708611499e-05,
DM60M10RT B72HST,dm60m10rt-b72hst ,1,6.0,1.1915307708611499e-05,
PHB2000 XS,2010 - PHB2000-XS,2,6.0,1.1915307708611499e-05,
PHB3000N,PHB3000N-,2,6.0,1.1915307708611499e-05,
GRLIVOLTEK GT1 6K D,GRLIVOLTEK GT1-6K-D,1,6.0,1.1915307708611499e-05,
SERRANA SOFAR SOLAR SOLIS,SERRANA/SOFAR SOLAR/SOLIS,1,6.0,1.1915307708611499e-05,
SAMOD,samod,1,6.0,1.1915307708611499e-05,
SEJ,sej,1,6.0,1.1915307708611499e-05,
001652 2018,001652 2018,1,6.0,1.1915307708611499e-05,
PHBT,PHBT,1,6.0,1.1915307708611499e-05,
INVERSOR MICRO INVERSOR BELENERGY,Inversor: ; Micro Inversor: BELENERGY,1,6.0,1.1915307708611499e-05,
GROAWWAT,GROAWWAT,1,6.0,1.1915307708611499e-05,
SAJF,SAJF,1,6.0,1.1915307708611499e-05,
RENESOLA LTD,ReneSola Ltd.,1,6.0,1.1915307708611499e-05,
002008 2022,002008/2022,1,6.0,1.1915307708611499e-05,
003873 2021,003873/2021,1,6.0,1.1915307708611499e-05,
ZXM6 NH144 MONO HALF CELL 430W,ZXM6-NH144 - Mono Half Cell 430W,2,6.0,1.1915307708611499e-05,
007999 2022,007999/2022,1,6.0,1.1915307708611499e-05,
SAT,SAT,1,6.0,1.1915307708611499e-05,
PHK 36,PHK-36,1,6.0,1.1915307708611499e-05,
PHBPHB6000D NS,PHBPHB6000D-NS,1,6.0,1.1915307708611499e-05,
EACH EES6K M1,EACH EES6K-M1,1,6.0,1.1915307708611499e-05,
PHB6000DNS,PHB6000DNS,1,6.0,1.1915307708611499e-05,
EACH ENERY,EACH ENERY,1,6.0,1.1915307708611499e-05,
EBDIN,EBDIN,1,6.0,1.1915307708611499e-05,
RENACPOWERTECHNOLOGY,RENACPOWERTechnology,1,6.0,1.1915307708611499e-05,
RENAXC,RENAXC,1,6.0,1.1915307708611499e-05,
X1 BOOST 6K G4,1781 - X1-BOOST-6K-G4,1,6.0,1.1915307708611499e-05,
1 FRONIUS 2 DEYE,1 FRONIUS / 2 DEYE,1,6.0,1.1915307708611499e-05,
INVERSOR LEAPTON MICRO INVERSOR,Inversor: LEAPTON; Micro Inversor:,1,6.0,1.1915307708611499e-05,
YL330D 36B,YL330D-36b,1,6.0,1.1915307708611499e-05,
ZHEJIANG HYXI TECHNOLOGY,ZHEJIANG HYXI TECHNOLOGY,1,6.0,1.1915307708611499e-05,
0G3 US 220 D,0G3-US-220 D,1,6.0,1.1915307708611499e-05,
2010,2010,1,6.0,1.1915307708611499e-05,
INVERSOR SOPLANET MICRO INVERSOR,Inversor: SOPLANET; Micro Inversor:,1,6.0,1.1915307708611499e-05,
INVERSOR SOLPLANE MICRO INVERSOR,Inversor: SOLPLANE; Micro Inversor:,1,6.0,1.1915307708611499e-05,
INVERSOR ASW S G2 MICRO INVERSOR,Inversor: ASW S-G2; Micro Inversor:,1,6.0,1.1915307708611499e-05,
GREOWATT,GREOWATT,1,6.0,1.1915307708611499e-05,
10 545W,10 545W,1,5.99,1.189544886243048e-05,
BELEENERGY PLUS,BELEENERGY PLUS,1,5.98,1.1875590016249461e-05,
DAH SOLAR JINKO SOLAR,DAH SOLAR/JINKO SOLAR,1,5.98,1.1875590016249461e-05,
PV GRIDINTERACTIV E,PV GRIDINTERACTIV E,1,5.98,1.1875590016249461e-05,
OMNIIK,OMNIIK,2,5.96,1.1835872323887421e-05,
INVERSOR SOLAR ENERGY DO BRASIL MICRO INVERSOR,Inversor: SOLAR ENERGY DO BRASIL; Micro Inversor:,1,5.95,1.1816013477706403e-05,
MICRO INVERSORENPHASE,MICRO INVERSORENPHASE,1,5.94,1.1796154631525385e-05,
INTELBRAS1,Intelbras1,1,5.94,1.1796154631525385e-05,
NORTHERN ELECTRIC POWER TECHNOLOGY INC,Northern Electric Power Technology Inc,2,5.9399999999999995,1.1796154631525382e-05,
INVERSOR HAAWEI MICRO INVERSOR,Inversor: HAAWEI; Micro Inversor:,2,5.9,1.1716719246801307e-05,
WEGQ,WEGQ,2,5.87,1.165714270825825e-05,
SOLFAR 3300TL G3,SOLFAR 3300TL-G3,2,5.87,1.165714270825825e-05,
TSM PE15H TSM PE15HC,TSM-PE15H | TSM-PE15Hc,1,5.86,1.163728386207723e-05,
NINGBO AUSTA SOLAR TECH CO LTDA,NINGBO AUSTA SOLAR TECH CO. LTDA,1,5.85,1.161742501589621e-05,
NINGBO AUX SOLAR TECHNOLOGY CO LTDA,"NINGBO AUX SOLAR TECHNOLOGY CO.,LTDA",1,5.85,1.161742501589621e-05,
SINOSOLAR,Sinosolar,1,5.85,1.161742501589621e-05,
SUN M225 G4 EU Q0,SUN M225 G4 - EU - Q0,1,5.85,1.161742501589621e-05,
GROWAI R MTN 6000TL X,GROWAI-R MTN 6000TL-X,1,5.85,1.161742501589621e-05,
MODULO FOTOVOLTAICO ZNSHINE SOLAR 585W,Módulo Fotovoltaico Znshine Solar 585W,1,5.85,1.161742501589621e-05,
EMPALUXE,EMPALUXE,1,5.85,1.161742501589621e-05,
SOLISM,SOLISM,1,5.85,1.161742501589621e-05,
SHEENZHEN,SHEENZHEN,1,5.85,1.161742501589621e-05,
NAC6K DSAUXSOL,NAC6K-DSAuxSoL,1,5.85,1.161742501589621e-05,
SIW300H SIW300H,SIW300H /SIW300H,1,5.85,1.161742501589621e-05,
KUMAX,KuMax,1,5.84,1.1597566169715192e-05,
DAH SOLAR HCM72X9 415W,DAH SOLAR | HCM72X9-415W,1,5.81,1.1537989631172134e-05,
SUN2000 12KTL MO,SUN2000-12KTL-MO,1,5.8,1.1518130784991114e-05,
LIBOLTEK,Liboltek,2,5.8,1.1518130784991114e-05,
EMSZ 345P,EMSZ-345P,2,5.8,1.1518130784991114e-05,
ENHPHASE,ENHPHASE,1,5.8,1.1518130784991114e-05,
RENOVIGI REFUSOL APSYSTEMS,RENOVIGI / REFUSOL / APSYSTEMS,1,5.8,1.1518130784991114e-05,
SUNWAYS 3K,Sunways 3K,2,5.8,1.1518130784991114e-05,
WEG HUAWEI SIW200 M100,WEG/HUAWEI | SIW200 - M100,1,5.79,1.1498271938810096e-05,
GENERAL ELECTRIC GEP 3 6 1 10,"General electric/GEP 3,6-1-10",2,5.78,1.1478413092629078e-05,
GW3KB XS,823 - GW3KB-XS,2,5.76,1.1438695400267038e-05,
BBEL ENERGY,Bbel ENERGY,2,5.76,1.1438695400267038e-05,
MIC 3000 TL X,MIC 3000 TL-X,2,5.75,1.141883655408602e-05,
HMF132T12R 600WDEYE,HMF132T12R - 600WDEYE,1,5.75,1.141883655408602e-05,
HONOR 9KTLM G3,HONOR 9KTLM-G3,1,5.75,1.141883655408602e-05,
UNO DM 60 TL PLUS,UNO-DM-60-TL-PLUS,1,5.74,1.1398977707905e-05,
INTELBRAS 11 GROWATT,47 - INTELBRAS / 11 - GROWATT,1,5.73,1.1379118861723982e-05,
COMECO,COMECO,2,5.720000000000001,1.1359260015542964e-05,
SOLLIS MINASOL,Sollis MinaSol,1,5.72,1.1359260015542962e-05,
DHN 72X16 DG 585APSYSTEM,DHN-72X16/DG-585apsystem,1,5.7,1.1319542323180924e-05,
GROWAT MIC3000TL X,GROWAT/MIC3000TL-X,2,5.7,1.1319542323180924e-05,
DHM 72L9 BF,DHM-72L9/BF,2,5.7,1.1319542323180924e-05,
PINOTAGE 600 26 D,PINOTAGE 600 26 D /,1,5.7,1.1319542323180924e-05,
1P7 7K,1P7.7K,1,5.7,1.1319542323180924e-05,
BEL BEL 3K G,BEL / BEL-3K-G,2,5.7,1.1319542323180924e-05,
INVERSOR 3KLM G3,INVERSOR 3KLM-G3,2,5.7,1.1319542323180924e-05,
NORTHERN ELECTRIC POWER INC,NORTHERN ELECTRIC & POWER INC,2,5.7,1.1319542323180924e-05,
NINGBO AUX SOLAR TECHNOLOGY,NINGBO AUX SOLAR TECHNOLOGY,1,5.7,1.1319542323180924e-05,
APSY STEMS,APSy stems,2,5.7,1.1319542323180924e-05,
GCL BIFACIAL,GCL BIFACIAL,1,5.7,1.1319542323180924e-05,
ZNSHINE TIER 1,ZNSHINE | TIER 1 ,1,5.7,1.1319542323180924e-05,
INVERSOR DEYER MICRO INVERSOR,Inversor: Deyer; Micro Inversor:,1,5.7,1.1319542323180924e-05,
ASN 3 3SL,ASN-3.3SL,2,5.699999999999999,1.1319542323180922e-05,
RFUSOL,RFUSOL,2,5.68,1.1279824630818884e-05,
TEYE,TEYE,2,5.68,1.1279824630818884e-05,
PHK 36 SERIE 4BB,PHK-36-SÉRIE-4BB,2,5.68,1.1279824630818884e-05,
OMNIK NEW WNWERGY,OMNIK NEW WNWERGY,2,5.68,1.1279824630818884e-05,
ZXM6 NH144 405 M,ZXM6-NH144-405/M,1,5.67,1.1259965784637866e-05,
INVERSOR SAJ MICRO INVERSOR HOYMILES,Inversor: SAJ; Micro Inversor: HOYMILES,1,5.66,1.1240106938456848e-05,
OMNIK 3K,OMNIK/3k,2,5.640000000000001,1.120038924609481e-05,
NAO TINHA EM NENHUM PDF,não tinha em nenhum pdf,1,5.64,1.1200389246094808e-05,
DEYERT,DEYERT,1,5.64,1.1200389246094808e-05,
ENPPHASE,ENPPHASE,2,5.63,1.118053039991379e-05,
BELENERGY DEYE APSYSTEMS,BELENERGY / DEYE / APSYSTEMS,1,5.62,1.116067155373277e-05,
CPS SCA6KTL T,CPS SCA6KTL-T,1,5.61,1.1140812707551752e-05,
BEDDINSOLAR,beddinsolar,1,5.6,1.112095386137073e-05,
03 HOYMILES E 01 DEYE,(03) HOYMILES E (01) DEYE,1,5.6,1.112095386137073e-05,
ROHS COMPLIANT,RoHS COMPLIANT,1,5.6,1.112095386137073e-05,
INVER 1 DEYE INVER 2 APSYSTEMS,INVER 1: DEYE / INVER 2: APSYSTEMS,1,5.6,1.112095386137073e-05,
MI2,MI2,1,5.6,1.112095386137073e-05,
HINPOTEC,HINPOTEC,1,5.6,1.112095386137073e-05,
BELENERGY HUAYU,Belenergy Huayu,1,5.6,1.112095386137073e-05,
AS 6P 340W,AS-6P-340W,2,5.6,1.112095386137073e-05,
NORTHERN ELECTRIC POWER CO LTD,"Northern Electric Power Co,. Ltd.",1,5.6,1.112095386137073e-05,
SOLL,SÕLL§,1,5.6,1.112095386137073e-05,
SAJXESS,SAJXESS,1,5.6,1.112095386137073e-05,
DEYE E LIVOLTEK,DEYE E LIVOLTEK,1,5.6,1.112095386137073e-05,
GRIIWATT,GRIIWATT,1,5.6,1.112095386137073e-05,
SA J,SA J,1,5.6,1.112095386137073e-05,
DE09,DE09,1,5.6,1.112095386137073e-05,
INOVACARE TECNO,INOVACARE TECNO,1,5.6,1.112095386137073e-05,
AXUSOL,AXUSOL,1,5.58,1.1081236169008694e-05,
PHB SSOLAR E RENAC,PHB SSOLAR e RENAC,1,5.58,1.1081236169008694e-05,
ORIZON R5 6K S2,ORIZON / R5-6K-S2,1,5.58,1.1081236169008694e-05,
DEYE SAJ DEYE,Deye / SAJ / Deye,1,5.56,1.1041518476646654e-05,
XEHUA TECH,XEHUA TECH,1,5.55,1.1021659630465636e-05,
RENOVIGI 1 DEYE,3- RENOVIGI/ 1- DEYE,1,5.55,1.1021659630465636e-05,
GROW550 19,GROW550*19,1,5.55,1.1021659630465636e-05,
SOLAR RENE,SOLAR RENE,1,5.55,1.1021659630465636e-05,
NISE,NISE,1,5.55,1.1021659630465636e-05,
M10 72H 555,M10-72H/555,1,5.55,1.1021659630465636e-05,
HOYMUILES,HOYMUILES,1,5.55,1.1021659630465636e-05,
STS 6KTL P,STS-6KTL-P,1,5.55,1.1021659630465636e-05,
HOYMILESHMS 2000 4T,HOYMILESHMS-2000-4T,1,5.55,1.1021659630465636e-05,
GROVIATT,Grovíatt,1,5.54,1.1001800784284616e-05,
IMETRO,IMETRO,1,5.52,1.0962083091922578e-05,
MICRO INVERSOR DEYA,MICRO INVERSOR DEYA,1,5.52,1.0962083091922578e-05,
BEL2000G3 US220,BEL2000G3-US220,1,5.52,1.0962083091922578e-05,
GROWATTMIN 6000TL,GROWATTMIN 6000TL,1,5.52,1.0962083091922578e-05,
SOLAR GROWAT 6KW,SOLAR GROWAT 6kW,1,5.52,1.0962083091922578e-05,
MICRO INVERSOE DEYA,MICRO INVERSOE DEYA,1,5.52,1.0962083091922578e-05,
RENACGROWATT,RENACGROWATT,1,5.5,1.092236539956054e-05,
G7000,G7000,1,5.5,1.092236539956054e-05,
SERRANA TOURINGA,Serrana Touringa,1,5.5,1.092236539956054e-05,
TALESOL M 600,Talesol M-600,11,5.5,1.092236539956054e-05,
JKM465N 60HL4 V,JKM465N-60HL4-V,1,5.5,1.092236539956054e-05,
IPVISOLAR,IPVISOLAR,1,5.5,1.092236539956054e-05,
KOMLOG IMPORTACAO LTDA,KOMLOG IMPORTAÇÃO LTDA,1,5.5,1.092236539956054e-05,
TALESUN TP7F72M H,TALESUN TP7F72M H,1,5.5,1.092236539956054e-05,
5 5,5.5,1,5.5,1.092236539956054e-05,
JKM400PP,JKM400PP-,2,5.5,1.092236539956054e-05,
INOVACARE TECNOLOGIA LTDA,inovacare tecnologia ltda,1,5.5,1.092236539956054e-05,
DIGITAR TEXT,digitar text,1,5.5,1.092236539956054e-05,
INTELBRASI,INTELBRASI,1,5.5,1.092236539956054e-05,
SAFARI,Safari,1,5.5,1.092236539956054e-05,
GERADOR SOLAR FOTOVOLTAICO,Gerador Solar Fotovoltaico,1,5.5,1.092236539956054e-05,
GROWATT E 60 GOODWE,11 - GROWATT E 60 - GOODWE,1,5.5,1.092236539956054e-05,
GROWATT EXISTENTE SOLIS NOVO,GROWATT (EXISTENTE) SOLIS (NOVO),1,5.5,1.092236539956054e-05,
SUN 10K G3,SUN-10K-G3,1,5.5,1.092236539956054e-05,
GOYMILLES,goymilles,1,5.5,1.092236539956054e-05,
GRGR,GRGR,1,5.5,1.092236539956054e-05,
DAH SOLAR MODELO DHM 72X10 550W,DAH SOLAR; Modelo: DHM-72X10-550W;,1,5.5,1.092236539956054e-05,
BDIN SOLAR,BDIN SOLAR,1,5.5,1.092236539956054e-05,
SOLIS1P10K,Solis1p10K,1,5.5,1.092236539956054e-05,
HIPONYECH,HIPONYECH,1,5.5,1.092236539956054e-05,
BEL ENERGY BEL ENERGY PLUS 3K,BEL ENERGY - BEL ENERGY PLUS 3K,2,5.5,1.092236539956054e-05,
HOMYLIES,HOMYLIES,2,5.5,1.092236539956054e-05,
EAST EA5KSI TOURIGA 5000 26 Z,EAST - EA5KSI / Touriga 5000 26 Z,1,5.5,1.092236539956054e-05,
EAST EA5KSI TOURIGA 5000 2,EAST - EA5KSI / TOURIGA 5000 2,1,5.5,1.092236539956054e-05,
MICROINVERSOR D,MICROINVERSOR D,1,5.5,1.092236539956054e-05,
BELENERGY BEL 2000G3,BELENERGY/ BEL 2000G3,1,5.5,1.092236539956054e-05,
NENJI,NENJI,1,5.5,1.092236539956054e-05,
SMA WEG FRONIUS,SMA WEG/ FRONIUS,1,5.5,1.092236539956054e-05,
LONIG,Lonig,1,5.5,1.092236539956054e-05,
BLANK,Blank,2,5.48,1.0882647707198502e-05,
BEDINSON,BEDINSON,1,5.45,1.0823071168655444e-05,
BEL2000 G3,BEL2000-G3,1,5.45,1.0823071168655444e-05,
FOXESSF6000,FOXESSF6000,1,5.45,1.0823071168655444e-05,
SOFAR7 5 KTLM,Sofar7.5 KTLM,1,5.45,1.0823071168655444e-05,
TSM PE15H 340,TSM-PE15H-340,1,5.44,1.0803212322474426e-05,
RENO3K HC,RENO3K-HC,2,5.44,1.0803212322474426e-05,
MIC3000TL X2 917 SUN2000 G3 US 220,2063 - MIC3000TL-X2;917 - SUN2000 G3-US-220,1,5.42,1.0763494630112387e-05,
HOYMITFS,HOYMITFS,1,5.4,1.0723776937750349e-05,
SUN2000 G3 US 220V,SUN2000 G3-US-220V,1,5.4,1.0723776937750349e-05,
FRONIUS APSYSTEMS ELGIN,Fronius / APSystems / ELGIN,1,5.4,1.0723776937750349e-05,
HCP 72X9 445W,HCP-72X9 445W,1,5.4,1.0723776937750349e-05,
NTELBRAS MODELO EGT 6000 PRO,ntelbras; Modelo: EGT 6000 PRO,1,5.4,1.0723776937750349e-05,
MICROINVER,MICROINVER,1,5.4,1.0723776937750349e-05,
SOLIS E LIVOLTEK,SOLIS E LIVOLTEK,1,5.4,1.0723776937750349e-05,
182M78MH 590,182M78MH 590,1,5.4,1.0723776937750349e-05,
SB,SB,1,5.4,1.0723776937750349e-05,
ZXM7 SHLD144 555 M,ZXM7-SHLD144-555/M,1,5.4,1.0723776937750349e-05,
AP SYSTERMS,AP SYSTERMS,2,5.4,1.0723776937750349e-05,
INGCON,INGCON,1,5.4,1.0723776937750349e-05,
HYMILLES,hymilles,1,5.4,1.0723776937750349e-05,
APSYSTENS APSYSTENS APSYSTENS,Apsystens | Apsystens | Apsystens	,1,5.4,1.0723776937750349e-05,
VERTYS RE NAC NAC6K D2,VERTYS/RE NAC / NAC6K-D2,1,5.4,1.0723776937750349e-05,
APSYSTMEMS ALTERNERGY POWER,APSYSTMEMS ALTERNERGY POWER,1,5.4,1.0723776937750349e-05,
ASN 3 6 6 SL PLUS,"ASN(3,6-6)SL-PLUS",1,5.4,1.0723776937750349e-05,
HOYMILES KSTAR,HOYMILES KSTAR,1,5.4,1.0723776937750349e-05,
CADADIAN,CADADIAN,2,5.36,1.0644341553026273e-05,
RENACH,RENACH,1,5.36,1.0644341553026273e-05,
LP210 210 M 66 MH 670WNAN,LP210*210-M-66-MH-670Wnan,1,5.36,1.0644341553026273e-05,
NAC5KDS,NAC5KDS,1,5.36,1.0644341553026273e-05,
LP210 210 M 66 MH 670WFAB INVERSOR,LP210*210-M-66-MH-670Wfab inversor,1,5.36,1.0644341553026273e-05,
SERIES 5BB,SERIES 5BB,1,5.36,1.0644341553026273e-05,
GROWAATT MIN,GROWAATT MIN,1,5.36,1.0644341553026273e-05,
SMA TECHNOLIGIE,SMA TECHNOLIGIE,1,5.36,1.0644341553026273e-05,
BVK ENERGIA SOLAR ALDO SOLAR,BVK ENERGIA SOLAR - ALDO SOLAR,1,5.36,1.0644341553026273e-05,
HYPONTECHPS 6500D,HYPONTECHPS-6500D,1,5.35,1.0624482706845253e-05,
SIW200F M050 F5000,SIW200F-M050 / F5000,2,5.34,1.0604623860664233e-05,
RISEN RSM144 7 445M,RISEN RSM144-7-445M,1,5.34,1.0604623860664233e-05,
HOYMILESHM,HOYMILESHM,1,5.34,1.0604623860664233e-05,
RENOVIGI JA INSTALADO TSUNESS IRA INSTALAR,"RENOVIGI (JÁ INSTALADO), TSUNESS (IRÁ INSTALAR)",1,5.32,1.0564906168302197e-05,
3,3,2,5.32,1.0564906168302197e-05,
DEYE 7 RENOVIGI 19 APSYSTEMS,64 - DEYE/ 7 - RENOVIGI/ 19 - APSYSTEMS,1,5.32,1.0564906168302197e-05,
SOLAR ENERGY DO BRAS,SOLAR ENERGY DO BRAS,3,5.32,1.0564906168302197e-05,
ENGIN 400W,ENGIN 400W,2,5.3,1.0525188475940157e-05,
ABB ABB E DEYE,ABB+ABB E DEYE,1,5.3,1.0525188475940157e-05,
RENIOVIGI,RENIOVIGI,2,5.3,1.0525188475940157e-05,
SUNUN,SUNUN,3,5.28,1.0485470783578119e-05,
NHS 3K,NHS/3K,2,5.28,1.0485470783578119e-05,
SOLAR INVERSOR,SOLAR INVERSOR,1,5.28,1.0485470783578119e-05,
UNO DM 6 0 TL,UNO-DM-6.0-TL,1,5.28,1.0485470783578119e-05,
SUN440 78M HFD SUN440 78M HFD,SUN440-78M-HFD | SUN440-78M-HFD,1,5.28,1.0485470783578119e-05,
APSYSTEMSDS3D,APSYSTEMSDS3D,1,5.28,1.0485470783578119e-05,
COHEART POWER,COHEART POWER,1,5.27,1.0465611937397099e-05,
X SOLAR POWER,X SOLAR POWER,1,5.27,1.0465611937397099e-05,
006987 2020,006987/2020,1,5.26,1.0445753091216081e-05,
SUN M225G4 EU Q0 506 MIC 3000TL X,1669 - SUN-M225G4-EU-Q0;506 - MIC 3000TL-X,1,5.25,1.0425894245035061e-05,
SAJ ON GRID GROWATT,SAJ / ON GRID GROWATT,1,5.25,1.0425894245035061e-05,
RENOVIGI JA INSTALDO HOYMILES IRA INSTALAR,"RENOVIGI (JÁ INSTALDO), HOYMILES (IRÁ INSTALAR)",1,5.25,1.0425894245035061e-05,
ELSYS ESM 3000L,ELSYS / ESM-3000L,2,5.25,1.0425894245035061e-05,
INVERSOR SOLIS MICRO DEYE,INVERSOR SOLIS / MICRO DEYE,1,5.25,1.0425894245035061e-05,
HO,"ho,",2,5.25,1.0425894245035061e-05,
AMERISOLAR AS6M 375,AMERISOLAR / AS6M-375,1,5.25,1.0425894245035061e-05,
SGV,SGV,2,5.24,1.0406035398854041e-05,
JNKO,JNKO,2,5.24,1.0406035398854041e-05,
INVERTER,Inverter,2,5.22,1.0366317706492003e-05,
MAXX ENERGIA,Maxx Energia,1,5.2,1.0326600014129967e-05,
ONGRID MICRO,ONGRID MICRO,1,5.2,1.0326600014129967e-05,
5482021,5482021,1,5.2,1.0326600014129967e-05,
ECOFORCE,Ecoforce,6,5.1899999999999995,1.0306741167948945e-05,
KTSAR,ktsar,2,5.17,1.0267023475586907e-05,
AMPALUX,AMPALUX,1,5.17,1.0267023475586907e-05,
OMNIKOL,OMNIKOL,2,5.15,1.0227305783224871e-05,
MICROBELENERGY,MICROBELENERGY,2,5.14,1.0207446937043851e-05,
KSG5KW,KSG5KW,1,5.13,1.018758809086283e-05,
SMA APS,SMA/APS,1,5.1,1.0128011552319773e-05,
WRG SIW200G M060 W0,WRG / SIW200G M060 W0,1,5.1,1.0128011552319773e-05,
WEGSIW200G M060 W0,WEGSIW200G-M060-W0,1,5.1,1.0128011552319773e-05,
INVT3KW,INVT3KW,1,5.1,1.0128011552319773e-05,
APSYSTEM 3 QS1A BR 220 1 YC600 BR 3,APSYSTEM/(3)QS1A BR-220/(1)YC600-BR(3),1,5.1,1.0128011552319773e-05,
3 QS1A BR 220 1 YC600 BR 3,(3)QS1A BR-220/(1)YC600-BR(3,1,5.1,1.0128011552319773e-05,
SIW200FM060,SIW200FM060,1,5.1,1.0128011552319773e-05,
SIW200GM060WO,SIW200GM060WO,1,5.1,1.0128011552319773e-05,
KEHUAH TECH,KEHUAH TECH|,1,5.1,1.0128011552319773e-05,
SUNTERNO,Sunterno,1,5.1,1.0128011552319773e-05,
XP 505W 66MDHHOYMILES,XP-505W-66MDHHOYMILES,1,5.1,1.0128011552319773e-05,
SUN2000 G3 US220,SUN2000-G3-US220,1,5.06,1.0048576167595696e-05,
GROTL XWATT,GROTL-XWATT,1,5.06,1.0048576167595696e-05,
BLUE G D 6K,BLUE-G D 6K,1,5.06,1.0048576167595696e-05,
DS3D DS3H,DS3D / DS3H,1,5.05,1.0028717321414678e-05,
SUNNY TRIPOWER 5000TL,SUNNY TRIPOWER 5000TL,1,5.04,1.000885847523366e-05,
HOYMILLED,HOYMILLED,2,5.04,1.000885847523366e-05,
5 04,"5,04",1,5.04,1.000885847523366e-05,
BELENERGY BEL 3K,BELENERGY / BEL-3K,2,5.04,1.000885847523366e-05,
EAST SINCE 1989,EAST SINCE 1989,1,5.0,9.929423090509582e-06,
EAST SERRANA TOURIGA 5000 EA5KSI,EAST / SERRANA TOURIGA 5000 - EA5KSI,1,5.0,9.929423090509582e-06,
ZXP672 330,ZXP672-330,1,5.0,9.929423090509582e-06,
00APSYSTEMS,00APSYSTEMS,1,5.0,9.929423090509582e-06,
YL330P 35B,YL330P-35B,1,5.0,9.929423090509582e-06,
YD340 P6K 36 5B,YD340 -P6K-36- 5B,1,5.0,9.929423090509582e-06,
YC500A,YC500A,1,5.0,9.929423090509582e-06,
1 GENERAL ELECTRIC,1 GENERAL ELECTRIC,1,5.0,9.929423090509582e-06,
X1 5 0T D L,X1-5-0T-D(L),1,5.0,9.929423090509582e-06,
1 S6 GR1 5K S,1 S6-GR1-5K-S,1,5.0,9.929423090509582e-06,
INVERSOR MONOFASICO SICES SOLAR,INVERSOR MONOFÁSICO-SICES SOLAR,1,5.0,9.929423090509582e-06,
SOFARLR5 72HPH 545M,SOFARLR5-72HPH-545M,1,5.0,9.929423090509582e-06,
DHM 72X10SOLIS,DHM-72X10solis,1,5.0,9.929423090509582e-06,
DHM72L10 550W,DHM72L10(550W),1,5.0,9.929423090509582e-06,
SANGROWSANGROW,SANGROWSANGROW,1,5.0,9.929423090509582e-06,
GK 4 66HTBD 610M F,GK-4-66HTBD-610M-F,1,5.0,9.929423090509582e-06,
GO SO,go so,1,5.0,9.929423090509582e-06,
PVH SOLAR,PVH SOLAR,1,5.0,9.929423090509582e-06,
CANADIANSI,CANADIANSI,1,5.0,9.929423090509582e-06,
CANADIAS,CANADIAS,1,5.0,9.929423090509582e-06,
NANSEN1,NANSEN1,1,5.0,9.929423090509582e-06,
NANSENNANSEN,NANSENNANSEN,1,5.0,9.929423090509582e-06,
CANADIA SOLAR CSI 05KTL1P,Canadia solar CSI-05ktl1p,1,5.0,9.929423090509582e-06,
CANABIAN,CANABIAN,1,5.0,9.929423090509582e-06,
CANADDIAN,CANADDIAN,1,5.0,9.929423090509582e-06,
CANADI AN SOLAR,CANADI AN SOLAR,1,5.0,9.929423090509582e-06,
RENO 330P,RENO 330P,1,5.0,9.929423090509582e-06,
PFRONIUS,PFRONIUS -,1,5.0,9.929423090509582e-06,
GROWA MIN,Growa MIN,1,5.0,9.929423090509582e-06,
GROWAA,GROWAA,1,5.0,9.929423090509582e-06,
PGM SOLAR,PGM.solar,1,5.0,9.929423090509582e-06,
JAM72S30 525 550 MR,433 - JAM72S30 525-550/MR,1,5.0,9.929423090509582e-06,
5 SK OTL FM AR G3,5 SK OTL FM AR-G3,1,5.0,9.929423090509582e-06,
TSM DE18M,TSM-DE18M,1,5.0,9.929423090509582e-06,
RENOPVIGI,RENOPVIGI,1,5.0,9.929423090509582e-06,
RENOVEGI,RENOVEGI,1,5.0,9.929423090509582e-06,
REFONE,REFONE,1,5.0,9.929423090509582e-06,
REFU ELEKTRONI,Refu Elektroni,1,5.0,9.929423090509582e-06,
FRONIUS1,FRONIUS1,1,5.0,9.929423090509582e-06,
PHB ECOSOLYS,PHB ECOSOLYS,1,5.0,9.929423090509582e-06,
GROUWATT NEW ENERGY,GROUWATT NEW ENERGY,1,5.0,9.929423090509582e-06,
IFOXESS,IFOXESS,1,5.0,9.929423090509582e-06,
5G ENERGIA,5G ENERGIA,1,5.0,9.929423090509582e-06,
5K 2T,5K-2T,1,5.0,9.929423090509582e-06,
5K TL2,5k-TL2,1,5.0,9.929423090509582e-06,
5KBD NS GREY,5KBD-NS(grey),1,5.0,9.929423090509582e-06,
5KBDNS GREY,5KBDNS(GREY),1,5.0,9.929423090509582e-06,
TSM 400DE15M II,TSM-400DE15M(II),2,5.0,9.929423090509582e-06,
TSM 455DE17M II,TSM-455DE17M(II),1,5.0,9.929423090509582e-06,
DGOODWE,DGOODWE,1,5.0,9.929423090509582e-06,
DHB,DHB,1,5.0,9.929423090509582e-06,
PASSO,PASSO,1,5.0,9.929423090509582e-06,
GROWAATT MIN 5000TL X,GROWAATT MIN 5000TL-X,1,5.0,9.929423090509582e-06,
JAYU,JAYU,1,5.0,9.929423090509582e-06,
TSM DE09 395,TSM-DE09-395,1,5.0,9.929423090509582e-06,
5000 26 Z,5000 26 Z,1,5.0,9.929423090509582e-06,
TSM DE15M II 410W TALLMAX,276 - TSM-DE15M(II) 410W TALLMAX,1,5.0,9.929423090509582e-06,
JINKO JKM450M,JINKO JKM450M,1,5.0,9.929423090509582e-06,
TRINA SOLAR FRAMED 144 345WP,TRINA SOLAR/ FRAMED 144 345WP,1,5.0,9.929423090509582e-06,
TRINA SOLAR TSM DE17M II 450W,TRINA SOLAR - TSM-DE17M(II)-450W,1,5.0,9.929423090509582e-06,
TRINA TRINA,TRINA TRINA,1,5.0,9.929423090509582e-06,
TRINA TSM DE08MII 375W,TRINA TSM-DE08MII 375W,1,5.0,9.929423090509582e-06,
TRINKPOWER,TRINKPOWER,1,5.0,9.929423090509582e-06,
5KTLMG3,5KTLMG3,1,5.0,9.929423090509582e-06,
5KW,5KW,1,5.0,9.929423090509582e-06,
5KWP,5KWp,1,5.0,9.929423090509582e-06,
JINERCY,JINERCY,1,5.0,9.929423090509582e-06,
JINK,JINK,1,5.0,9.929423090509582e-06,
FOX E S S,FOX E S S,1,5.0,9.929423090509582e-06,
FOX ES,FOX ES,1,5.0,9.929423090509582e-06,
SG5 0RS RS,SG5.0RS RS,1,5.0,9.929423090509582e-06,
GOODWEGW5000D NS,GOODWEGW5000D-NS,1,5.0,9.929423090509582e-06,
GOODWEGW5KBD NS,GOODWEGW5KBD-NS,1,5.0,9.929423090509582e-06,
410W,410W,1,5.0,9.929423090509582e-06,
JKM 330M 72V,JKM-330M-72V,1,5.0,9.929423090509582e-06,
TP6H75P 350W,TP6H75P-350w,1,5.0,9.929423090509582e-06,
70073B ERA RC66HD600M,70073B-ERA-RC66HD600M,1,5.0,9.929423090509582e-06,
HYPONYRCH,HYPONYRCH,1,5.0,9.929423090509582e-06,
HYPOTECH ENERGIZING FUTURE,HYPOTECH ENERGIZING FUTURE,1,5.0,9.929423090509582e-06,
HYPOTECHH,HYPOTECHH,1,5.0,9.929423090509582e-06,
HYPOTEN,HYPOTEN,1,5.0,9.929423090509582e-06,
RECUIGI,Recuigi,1,5.0,9.929423090509582e-06,
REDIMAX ENERGIA SOLAR,Redimax - Energia Solar,1,5.0,9.929423090509582e-06,
FRONIUSP,FRONIUSP,1,5.0,9.929423090509582e-06,
FOCESS,Focess,1,5.0,9.929423090509582e-06,
ECO SOYS,ECO SOYS,1,5.0,9.929423090509582e-06,
SAJ5K,saj5k,1,5.0,9.929423090509582e-06,
PAINEL ERA SOLAR ESPHSC 545WP MONOGROWATT,PAINEL ERA SOLAR ESPHSC 545WP MONOGROWATT,1,5.0,9.929423090509582e-06,
TP7F72M 550WP,TP7F72M (550Wp),1,5.0,9.929423090509582e-06,
8 033488500000,8.033488500000-,1,5.0,9.929423090509582e-06,
TOURIGA 5000 26 Z,Touriga 5000 26 Z,1,5.0,9.929423090509582e-06,
JINKO0M,JINKO0M,1,5.0,9.929423090509582e-06,
JINNGSU GOODEWE,JINNGSU GOODEWE,1,5.0,9.929423090509582e-06,
SGUNGROWSGUNGROW,SGUNGROWSGUNGROW,1,5.0,9.929423090509582e-06,
TSM DEG15H20 II 400W,TSM-DEG15H20(II)-400W,1,5.0,9.929423090509582e-06,
JAM72S09 450 PR,JAM72S09-450-PR,1,5.0,9.929423090509582e-06,
TSM DEG15MC 20 II 405,"TSM-DEG15MC,20(II)-405",1,5.0,9.929423090509582e-06,
445W,445W,1,5.0,9.929423090509582e-06,
TSM PE15H 345,TSM-PE15H 345,1,5.0,9.929423090509582e-06,
TSMDE15HII,TSMDE15HII,1,5.0,9.929423090509582e-06,
JAM72D40 580 MB,JAM72D40-580/MB,1,5.0,9.929423090509582e-06,
JAM72D42 620 LB,JAM72D42-620/LB,1,5.0,9.929423090509582e-06,
INOVOCARE TECNOLOGIA,INOVOCARE TECNOLOGIA,1,5.0,9.929423090509582e-06,
JAM72D42 620 LBWEG,JAM72D42-620/LBWEG,1,5.0,9.929423090509582e-06,
410 WP STC STANDARD TEST CONDITIONS,410 Wp (STC - Standard Test Conditions),1,5.0,9.929423090509582e-06,
HYPONITECH,hyponitech,1,5.0,9.929423090509582e-06,
JKM450M 60HL4,JKM450M-60HL4-,1,5.0,9.929423090509582e-06,
JKM455M 60HL,JKM455M-60HL,1,5.0,9.929423090509582e-06,
HYPON HPS 5000D,HYPON HPS-5000D,1,5.0,9.929423090509582e-06,
FABRICANTE GE,Fabricante GE,1,5.0,9.929423090509582e-06,
HYPONTECHHPS 5000D,HYPONTECHHPS-5000D,1,5.0,9.929423090509582e-06,
SH,SH,1,5.0,9.929423090509582e-06,
SHANZEN,SHANZEN,1,5.0,9.929423090509582e-06,
DEYEMOND,deyemond,1,5.0,9.929423090509582e-06,
DEYEC,DEYEC,1,5.0,9.929423090509582e-06,
FRONUIUS INTERNATIONAL GMBH,FRONUIUS INTERNATIONAL GMBH,1,5.0,9.929423090509582e-06,
JKM330PP 72 V,JKM330PP-72-V,1,5.0,9.929423090509582e-06,
JKM335P 72V,JKM335P-72V,1,5.0,9.929423090509582e-06,
HYPONTENCH,HYPONTENCH,1,5.0,9.929423090509582e-06,
HYPONTYECH,HYPONTYECH,1,5.0,9.929423090509582e-06,
THINKPOW ER,THINKPOW ER,1,5.0,9.929423090509582e-06,
SF1600TL,SF1600TL,1,5.0,9.929423090509582e-06,
SF5000 TL KW,SF5000-TL kW,1,5.0,9.929423090509582e-06,
OSDA 555,OSDA 555,1,5.0,9.929423090509582e-06,
F 98 1 5 RONIUS,"F 98,1 5 RONIUS",1,5.0,9.929423090509582e-06,
ABBQ,ABBQ,1,5.0,9.929423090509582e-06,
HY M10 144H 555,HY-M10/144H-555,1,5.0,9.929423090509582e-06,
HY M10 144HBELENERGY,HY-M10/144HBELENERGY,1,5.0,9.929423090509582e-06,
JKM465M,JKM465M-,1,5.0,9.929423090509582e-06,
TAJ,TAJ,1,5.0,9.929423090509582e-06,
SHENZHEN FOFAR,SHENZHEN FOFAR,1,5.0,9.929423090509582e-06,
SHENZHEN GROWATI NEW ENERGYTECHNOLOGY CO LTD,"SHENZHEN GROWATI NEW ENERGYTECHNOLOGY CO.,LTD",1,5.0,9.929423090509582e-06,
GROWAT MIN5KTL W,GROWAT MIN5KTL-W,1,5.0,9.929423090509582e-06,
OSDA SERAPHIN,"OSDA, SERAPHIN",1,5.0,9.929423090509582e-06,
OSDA SOLAR CO LTD,"OSDA Solar Co., Ltd",1,5.0,9.929423090509582e-06,
DEYE SUN2000G3 US 220 GROWATT MIC 3KTL X,DEYE SUN2000G3-US-220/ GROWATT MIC 3KTL-X,1,5.0,9.929423090509582e-06,
TALESUN TP6H72P H,TALESUN / TP6H72P(H),1,5.0,9.929423090509582e-06,
ECOSOLAR,ECOSOLAR,1,5.0,9.929423090509582e-06,
POTENCIA,POTÊNCIA,1,5.0,9.929423090509582e-06,
GOODWEGW5000 DNS 30,GOODWEGW5000-DNS-30,1,5.0,9.929423090509582e-06,
OSADA,OSADA,1,5.0,9.929423090509582e-06,
JAL,JAL,1,5.0,9.929423090509582e-06,
TSUN TSUNESS HOYMILES,"TSUN (TSUNESS), HOYMILES",1,5.0,9.929423090509582e-06,
TSUNESS HUAWEI,TSUNESS/HUAWEI,1,5.0,9.929423090509582e-06,
TSUNSOLIS,TSUNSOLIS,1,5.0,9.929423090509582e-06,
REFU ELEKTRONIL,Refu Elektronil,1,5.0,9.929423090509582e-06,
REFUGOL,Refugol,1,5.0,9.929423090509582e-06,
RENONIG,RENONIG,1,5.0,9.929423090509582e-06,
RENOO 5K HC,RENOO-5K-HC	,1,5.0,9.929423090509582e-06,
TUSAN,TUSAN,1,5.0,9.929423090509582e-06,
TWINPLUS 450,Twinplus 450,1,5.0,9.929423090509582e-06,
TWSOLAR,twsolar,1,5.0,9.929423090509582e-06,
DHSOLAR,DHSOLAR,1,5.0,9.929423090509582e-06,
SUNOVA 0 SUNOVA,SUNOVA 0 SUNOVA,1,5.0,9.929423090509582e-06,
SUNOVA SS 555 72MDH,SUNOVA SS-555-72MDH,1,5.0,9.929423090509582e-06,
SUNOVA SUNOVA,SUNOVA SUNOVA,1,5.0,9.929423090509582e-06,
K STAR BLUE G 5000D,K-STAR/ BluE-G 5000D,1,5.0,9.929423090509582e-06,
ALSOL,ALSOL,1,5.0,9.929423090509582e-06,
SUNTECH STP330 24 VFW,Suntech / STP330-24/Vfw,1,5.0,9.929423090509582e-06,
OSDA NINGBO OSDA SOLAR CO LTD ERA SOLAR,"OSDA (NINGBO OSDA SOLAR CO., LTD) | ERA SOLAR",1,5.0,9.929423090509582e-06,
ORIZON ORI PLUS 5K M,ORIZON - ORI PLUS 5K-M,1,5.0,9.929423090509582e-06,
FUSION,FUSION,1,5.0,9.929423090509582e-06,
RENOVIGI ENERGIA SOLAR SOLIS AUSTRALASIA,Renovigi Energia Solar/Solis Australasia,1,5.0,9.929423090509582e-06,
JT335PAG 1500,JT335Pag (1500),1,5.0,9.929423090509582e-06,
HUWAEI SUN2000 5KTL L1,HUWAEI SUN2000-5KTL-L1,1,5.0,9.929423090509582e-06,
HUWAUEI,Huwauei,1,5.0,9.929423090509582e-06,
AE395HM6 72,AE395HM6-72,1,5.0,9.929423090509582e-06,
SUZHOU NORTHEM ELETRIC POWER TECHNOLOGY CO,SUZHOU NORTHEM ELETRIC POWER TECHNOLOGY CO.,1,5.0,9.929423090509582e-06,
JKM555N 72HL4,JKM555N-72HL4,1,5.0,9.929423090509582e-06,
SF M18 144,SF-M18/144,1,5.0,9.929423090509582e-06,
ANADIAN CSI 5K MTL,anadian CSI-5K-MTL,1,5.0,9.929423090509582e-06,
ANADIAN SOLAS,anadian Solas,1,5.0,9.929423090509582e-06,
SUNNY BOY 5 0,Sunny Boy 5.0,1,5.0,9.929423090509582e-06,
GCL GCL P6,GCL/ GCL-P6,1,5.0,9.929423090509582e-06,
GCL P6 72,GCL-P6/72,1,5.0,9.929423090509582e-06,
GCL P6 72H 335,GCL P6/72H 335,1,5.0,9.929423090509582e-06,
ALXSOL,ALXSOL,1,5.0,9.929423090509582e-06,
ORZON,ORZON,1,5.0,9.929423090509582e-06,
SHENZHEN SOFARMOD,shenzhen sofarmod,1,5.0,9.929423090509582e-06,
ON GRID ALDO SOLAR,On Grid Aldo Solar,1,5.0,9.929423090509582e-06,
SUNNY BOY SUNNY,SUNNY BOY/SUNNY,1,5.0,9.929423090509582e-06,
ALTENERGY POWER QS1 YC 1200,Altenergy Power – QS1 YC 1200,1,5.0,9.929423090509582e-06,
HUAWEISUN2000L 5KTL,HUAWEISUN2000L-5KTL,1,5.0,9.929423090509582e-06,
SUNNYBOY SB2 5,SUNNYBOY(SB2.5,1,5.0,9.929423090509582e-06,
AMERISOLAR AS 7M HCB,Amerisolar/AS-7M-HCB,1,5.0,9.929423090509582e-06,
AMERISOLAR340SMM6 72,AMERISOLAR340SMM6-72,1,5.0,9.929423090509582e-06,
ANADIAN,ANADIAN,1,5.0,9.929423090509582e-06,
GOODWE6 71,"GOODWE6,71",1,5.0,9.929423090509582e-06,
ECOS SOLYS,ecos SOLYS,3,5.0,9.929423090509582e-06,
GRODWE,GRODWE,1,5.0,9.929423090509582e-06,
SAJC,SAJC,1,5.0,9.929423090509582e-06,
3TS260WP,3TS260Wp,1,5.0,9.929423090509582e-06,
UHB,UHB,1,5.0,9.929423090509582e-06,
ULICA MONO HALF CUT 440W,ULICA MONO HALF-CUT 440W,1,5.0,9.929423090509582e-06,
ULICA SOLAR UL 340P 72,ULICA SOLAR / UL-340P-72,1,5.0,9.929423090509582e-06,
UNO DM 4 0 TL PLUS,UNO-DM-4.0-TL-PLUS,1,5.0,9.929423090509582e-06,
UNO DM 5 0 TL PLUS,UNO-DM-5.0-TL-PLUS,1,5.0,9.929423090509582e-06,
GRID TIED PV INVERTERS,Grid-tied PV Inverters,1,5.0,9.929423090509582e-06,
SERRANA SUNOMO,SERRANA SUNOMO,1,5.0,9.929423090509582e-06,
SEW 300 M050,SEW 300-M050,1,5.0,9.929423090509582e-06,
ERA SOLA,ERA SOLA,1,5.0,9.929423090509582e-06,
OMNILINK,OMNILINK,1,5.0,9.929423090509582e-06,
GROWAT NEW ENERGY,GROWAT NEW ENERGY,1,5.0,9.929423090509582e-06,
GROWATE,GROWATE,1,5.0,9.929423090509582e-06,
SHINEFER POLICRISTALINO 340W,SHINEFER POLICRISTALINO 340W,1,5.0,9.929423090509582e-06,
SHNEIDER ELETRIC,Shneider Eletric,1,5.0,9.929423090509582e-06,
DEY SUN 5K G,DEY/ SUN-5K-G,1,5.0,9.929423090509582e-06,
SI 1 2LIS,Sï¿½lis,1,5.0,9.929423090509582e-06,
ERA SOLAR TRINA,"ERA SOLAR, TRINA",1,5.0,9.929423090509582e-06,
RENOVIGI SOLIS RENO5K HC,Renovigi/Solis/RENO5K -HC,1,5.0,9.929423090509582e-06,
ANUNCIOS INVERSOR MONOFASICO,Anúncios Inversor Monofásico,1,5.0,9.929423090509582e-06,
KIMECO,KIMECO,1,5.0,9.929423090509582e-06,
SUNGROWTT,sungrowtt,1,5.0,9.929423090509582e-06,
SUNLIBERTY,SUNLIBERTY,1,5.0,9.929423090509582e-06,
SUNNGROW,Sunngrow,1,5.0,9.929423090509582e-06,
SUNNY BOY 2 5,Sunny Boy 2.5,2,5.0,9.929423090509582e-06,
SUNERNERGY,SUNERNERGY,1,5.0,9.929423090509582e-06,
KSG5K DM,KSG5K-DM,1,5.0,9.929423090509582e-06,
KSTAL,KSTAL,1,5.0,9.929423090509582e-06,
HPS HPS 5000D,HPS HPS-5000D,1,5.0,9.929423090509582e-06,
GE GEP5 0 1 10,GE GEP5.0-1-10,1,5.0,9.929423090509582e-06,
RENOVIGIRENO 5K HC,RENOVIGIRENO-5K-HC,1,5.0,9.929423090509582e-06,
GEP 5 1 10,GEP 5-1-10,1,5.0,9.929423090509582e-06,
GENERAL ELETRIC GEP 5 1 10,GENERAL ELETRIC - GEP 5-1-10,1,5.0,9.929423090509582e-06,
KPMECO,KPMECO,1,5.0,9.929423090509582e-06,
KRIPT LOJA ELETRICA,Kript loja eletrica,1,5.0,9.929423090509582e-06,
GROWATS,Growats,2,5.0,9.929423090509582e-06,
HTPOTECH,HTPOTECH,1,5.0,9.929423090509582e-06,
HU A W E I,HU A W E I,1,5.0,9.929423090509582e-06,
APAYSTEMS,APAYSTEMS,2,5.0,9.929423090509582e-06,
KOMENCO,KOMENCO,1,5.0,9.929423090509582e-06,
KOFV IN 5KW AR,KOFV IN 5KW – AR,1,5.0,9.929423090509582e-06,
RESNOVIGI,RESNOVIGI,1,5.0,9.929423090509582e-06,
KUMAX CS3U 360P HIGH EFF,KuMax CS3U-360P HIGH EFF,1,5.0,9.929423090509582e-06,
LDS USINAGEM E COMERCIO LTDA EPP,LDS USINAGEM E COMÉRCIO LTDA EPP,1,5.0,9.929423090509582e-06,
RENOVIGIY,RENOVIGIy,1,5.0,9.929423090509582e-06,
UNO DM 5 0 TLPLUS SB QU,UNO-DM-5.0-TLPLUS-SB-QU,1,5.0,9.929423090509582e-06,
INTELBRASX,INTELBRASX,1,5.0,9.929423090509582e-06,
330,330,1,5.0,9.929423090509582e-06,
RENOGIV,Renogiv,1,5.0,9.929423090509582e-06,
REFUONE 5,REFUONE 5.,1,5.0,9.929423090509582e-06,
RENOIVIGI RENO 5K PLUS,RENOIVIGI/RENO-5K PLUS,1,5.0,9.929423090509582e-06,
FOX ESSI,FOX ESSI,1,5.0,9.929423090509582e-06,
PHS,PHS,1,5.0,9.929423090509582e-06,
DM585M10T B72HSW,DM585M10T -B72HSW	,1,5.0,9.929423090509582e-06,
INVT IMARS SERIES,INVT IMARS SERIES,1,5.0,9.929423090509582e-06,
VERTYA,VERTYA,1,5.0,9.929423090509582e-06,
DEDIN SOLAR,DEDIN SOLAR,1,5.0,9.929423090509582e-06,
VERTYS NAC5K DS,VERTYS NAC5K-DS,1,5.0,9.929423090509582e-06,
VGOODWE,vGOODWE,1,5.0,9.929423090509582e-06,
VPHB,VPHB,1,5.0,9.929423090509582e-06,
VSOFAR,VSOFAR,1,5.0,9.929423090509582e-06,
30032021,30032021,1,5.0,9.929423090509582e-06,
INVERTER SOLAR ON GRID,Inverter solar On - Grid,1,5.0,9.929423090509582e-06,
VSUN545 144MH,VSUN545-144MH,1,5.0,9.929423090509582e-06,
SERRANA BLANK 5000 26 Z E SERRANA BLANK 3000 26 Z,Serrana Blank 5000 26 Z e Serrana Blank 3000 26 Z,1,5.0,9.929423090509582e-06,
SERRANA BLANK 5000 26Z,SERRANA - BLANK 5000 26Z,1,5.0,9.929423090509582e-06,
SERRANA EA5KSI,SERRANA EA5KSI,1,5.0,9.929423090509582e-06,
DHT M60X10 0 5W 460W,DHT-M60X10 0~+5W 460w,1,5.0,9.929423090509582e-06,
DHT M60X10 460,DHT-M60X10 460,1,5.0,9.929423090509582e-06,
SAJX,SAJX,1,5.0,9.929423090509582e-06,
RENO RENO5K PLUS,Reno/Reno5k Plus,1,5.0,9.929423090509582e-06,
REROUSI,RErousi,1,5.0,9.929423090509582e-06,
DAS TECH,DAS TECH,1,5.0,9.929423090509582e-06,
RISEN B B POWER,RISEN / B&B POWER,1,5.0,9.929423090509582e-06,
SUN 5K G M WI FI,SUN-5K-G M/WI-FI,1,5.0,9.929423090509582e-06,
SUN 5K SG01LP1 US,612 - SUN-5K-SG01LP1-US,1,5.0,9.929423090509582e-06,
LF350P6 72,LF350P6-72,1,5.0,9.929423090509582e-06,
LIVELTEK,LIVELTEK,1,5.0,9.929423090509582e-06,
LEVEROS HPS 5000D,LEVEROS HPS-5000D,1,5.0,9.929423090509582e-06,
DAYSOLAR,DAYSOLAR,1,5.0,9.929423090509582e-06,
LEAPTONSOLIS,LEAPTONSOLIS,1,5.0,9.929423090509582e-06,
R ON GRIND,r ON-GRIND,1,5.0,9.929423090509582e-06,
GEP5 0 1 30,GEP5.0-1-30,1,5.0,9.929423090509582e-06,
GEPS,GEPS,1,5.0,9.929423090509582e-06,
SUN SUN 5K G,SUN SUN-5K-G,1,5.0,9.929423090509582e-06,
HOYMILLS,HOYMILLS,1,5.0,9.929423090509582e-06,
SIW 300H M050 L1,SIW 300H M050 L1,1,5.0,9.929423090509582e-06,
DEBIN SOLAR,DEBIN SOLAR,1,5.0,9.929423090509582e-06,
OLAX,OLAX,1,5.0,9.929423090509582e-06,
SIW200G M050,SIW200G-M050,1,5.0,9.929423090509582e-06,
SIW200G M050 W,SIW200G M050 W,1,5.0,9.929423090509582e-06,
RENO SOLI S,RENO/SOLI S,1,5.0,9.929423090509582e-06,
FOXEES F5000,FOXEES/F5000,1,5.0,9.929423090509582e-06,
FOXERR,FOXERR,1,5.0,9.929423090509582e-06,
VUL 550M 144HV R5 5K S2,VUL-550M-144HV/R5-5K-S2,1,5.0,9.929423090509582e-06,
WDC 5KTL G2,WDC | 5KTL-G2,1,5.0,9.929423090509582e-06,
INVERSORES RENOVIG,Inversores Renovig,1,5.0,9.929423090509582e-06,
PHB5000D NS DE 5K,PHB5000D-NS DE 5k,1,5.0,9.929423090509582e-06,
PHB5000DNS,PHB5000DNS,1,5.0,9.929423090509582e-06,
PHB5000NS,PHB5000NS,1,5.0,9.929423090509582e-06,
PHB500D,PHB500D,1,5.0,9.929423090509582e-06,
INVERTER SMA SONNY BOY,inverter SMA SONNY BOY,1,5.0,9.929423090509582e-06,
WDC SOLAR WDC 5KTL G2,WDC SOLAR WDC - 5KTL-G2,1,5.0,9.929423090509582e-06,
LIVOTEK BMD,LIVOTEK // BMD,1,5.0,9.929423090509582e-06,
GGDWE,ggdwe,1,5.0,9.929423090509582e-06,
GGOODWE,GGOODWE,1,5.0,9.929423090509582e-06,
GIALONG,GIALONG,1,5.0,9.929423090509582e-06,
SUMONO PLUS,SUMONO PLUS,1,5.0,9.929423090509582e-06,
SUMWAYS,SUMWAYS,1,5.0,9.929423090509582e-06,
ASTRONERGY STAVE II,ASTRONERGY STAVE II,1,5.0,9.929423090509582e-06,
LIVOLTEKENT,LIVOLTEKent,1,5.0,9.929423090509582e-06,
ASW 5000 S G2,ASW 5000-S-G2,1,5.0,9.929423090509582e-06,
ASW S SERIES ASW5000 S,ASW S SERIES ASW5000-S,1,5.0,9.929423090509582e-06,
DASS SOLAR,DASS SOLAR,1,5.0,9.929423090509582e-06,
ODW,odw,1,5.0,9.929423090509582e-06,
ODWE,ODWE,1,5.0,9.929423090509582e-06,
AS 6M,AS-6M-,1,5.0,9.929423090509582e-06,
REYE,REYE,1,5.0,9.929423090509582e-06,
RFENOVIGI,RFENOVIGI,1,5.0,9.929423090509582e-06,
SUFAR,SUFAR,1,5.0,9.929423090509582e-06,
SUMGROUW MONO,SUMGROUW MONO,1,5.0,9.929423090509582e-06,
LIVOLTTEK,LIVOLTTEK,1,5.0,9.929423090509582e-06,
WDC WDC 5KTL G2,WDC WDC-5KTL-G2,1,5.0,9.929423090509582e-06,
INVERSORES CONERMEX,Inversores - Conermex,1,5.0,9.929423090509582e-06,
INVERSORES GE,INVERSORES GE,1,5.0,9.929423090509582e-06,
REFUSO 1,Refuso 1-,1,5.0,9.929423090509582e-06,
REFUSOOL,REFUSOOL,1,5.0,9.929423090509582e-06,
WE SIW300H 040M,WE SIW300H-040M,1,5.0,9.929423090509582e-06,
INVERSOR SUNONO PLUS,Inversor Sunono Plus,1,5.0,9.929423090509582e-06,
GPDWE,GPDWE,1,5.0,9.929423090509582e-06,
SE5000H,SE5000H,1,5.0,9.929423090509582e-06,
SENSOR PARA ESTEIRA,Sensor Para Esteira,1,5.0,9.929423090509582e-06,
DMEGC BIFACIL,DMEGC BIFACIL,1,5.0,9.929423090509582e-06,
LIVOTC,livotc,1,5.0,9.929423090509582e-06,
SSOLIS,SSOLIS,1,5.0,9.929423090509582e-06,
LP182 182 M 72 MH 560W,1530 - LP182*182-M-72-MH -560W,1,5.0,9.929423090509582e-06,
RISEN RSM144 6,RISEN / RSM144-6,1,5.0,9.929423090509582e-06,
RISEN RSM1447450M,RISEN RSM1447450M,1,5.0,9.929423090509582e-06,
RISEN RSM156 6 450M,RISEN RSM156-6-450M,1,5.0,9.929423090509582e-06,
RISEN SOLAR 5KTLM G2,RISEN SOLAR/5KTLM-G2,1,5.0,9.929423090509582e-06,
ODA575 36V MH,ODA575-36V-MH,1,5.0,9.929423090509582e-06,
SIW200GM050 W0,SIW200GM050 W0,1,5.0,9.929423090509582e-06,
LONGI OSDA SOLAR,LONGI | OSDA SOLAR,1,5.0,9.929423090509582e-06,
AU,AU,1,5.0,9.929423090509582e-06,
LNVU,LNVU-,1,5.0,9.929423090509582e-06,
STS 5KTL P,1374 - STS-5KTL-P,1,5.0,9.929423090509582e-06,
S6GR1P6K,S6GR1P6K ,1,5.0,9.929423090509582e-06,
PREMIUM,premium,1,5.0,9.929423090509582e-06,
PRIMO 5 1 M,PRIMO 5-1-M,1,5.0,9.929423090509582e-06,
PRIMO 50 1,PRIMO 50 - 1,1,5.0,9.929423090509582e-06,
LUX,LUX,1,5.0,9.929423090509582e-06,
LUX POWER TEK,212 - LUX POWER TEK,1,5.0,9.929423090509582e-06,
B B MOSSO POWER,B&B Mosso Power,1,5.0,9.929423090509582e-06,
B B POWE,B&B Powe,1,5.0,9.929423090509582e-06,
SP N16 144HG580W,SP-N16/144HG580W,1,5.0,9.929423090509582e-06,
LR4 72HPH 420 440M,LR4-72HPH 420~440M,1,5.0,9.929423090509582e-06,
HOPEWI,HOPEWI,1,5.0,9.929423090509582e-06,
SPCOS,SPÇOS,1,5.0,9.929423090509582e-06,
SPLPLANET,SPLPLANET,1,5.0,9.929423090509582e-06,
SPRINGER SOLAR,springer solar,1,5.0,9.929423090509582e-06,
SR EDEM REFULOG,Sr. Edem' - REFUlog,1,5.0,9.929423090509582e-06,
GROWATT4,GROWATT4,1,5.0,9.929423090509582e-06,
GROWATT5 940,"GROWATT5,940",1,5.0,9.929423090509582e-06,
AZZURRO,AZZURRO,1,5.0,9.929423090509582e-06,
B B FT 5000,B&B FT 5000,1,5.0,9.929423090509582e-06,
SSOLI,ssoli,1,5.0,9.929423090509582e-06,
SONNE,Sonne,1,5.0,9.929423090509582e-06,
SONO,SONO,1,5.0,9.929423090509582e-06,
SOR,SOR,1,5.0,9.929423090509582e-06,
B B POWER KRIPT,B&B Power/Kript,1,5.0,9.929423090509582e-06,
B B POWER REN OVIGI,b&b power/ren ovigi,1,5.0,9.929423090509582e-06,
SIW300H M050 L1 SUN2000L 5KTL L1,SIW300H M050 L1(SUN2000L-5KTL-L1),1,5.0,9.929423090509582e-06,
SIW300H M050 SUN2000L5KTL,SIW300H M050 (SUN2000L5KTL),1,5.0,9.929423090509582e-06,
SIW300H M050 W00,SIW300H M050 W00,1,5.0,9.929423090509582e-06,
SIW300H MO50,SIW300H-MO50,1,5.0,9.929423090509582e-06,
NTELBRAS IONS 5K M5,NTELBRAS IONS-5K M5,1,5.0,9.929423090509582e-06,
NUNNY BOY,NUNNY BOY,1,5.0,9.929423090509582e-06,
NVERSOR BEDINSO,NVERSOR BEDINSO,1,5.0,9.929423090509582e-06,
RISEN TALESUN,"RISEN, TALESUN",1,5.0,9.929423090509582e-06,
ELYSIS,ELYSIS,1,5.0,9.929423090509582e-06,
B B POWER RENOGIVI,B&B Power/Renogivi,1,5.0,9.929423090509582e-06,
LR4 72HPH 440W N5 550W TIER 1 550W,LR4-72HPH - 440W/ N5 550W | TIER 1 - 550W,1,5.0,9.929423090509582e-06,
D3SD,D3SD,1,5.0,9.929423090509582e-06,
CSI CANARDIAN SOLAR,CSI CANARDIAN SOLAR,1,5.0,9.929423090509582e-06,
28 42,"28,42",1,5.0,9.929423090509582e-06,
29 00,"29,00",1,5.0,9.929423090509582e-06,
24 OO,"24,OO",1,5.0,9.929423090509582e-06,
INVERSOR SUMGROW MICRO INVERSOR,Inversor: sumgrow; Micro Inversor:,1,5.0,9.929423090509582e-06,
220V,220V,1,5.0,9.929423090509582e-06,
2 SOFAR SOLAR GROWATT,2 SOFAR SOLAR / GROWATT,1,5.0,9.929423090509582e-06,
INVERSOR SOLPLA MICRO INVERSOR,Inversor: SOLPLA; Micro Inversor:,1,5.0,9.929423090509582e-06,
INVERSOR CSI 5K S22003 E MICRO INVERSOR,Inversor: CSI-5K-S22003-E; Micro Inversor:,1,5.0,9.929423090509582e-06,
INVERSOR DE STRING MONOFASICO HANDYTECH,inversor de string monofásico - Handytech,1,5.0,9.929423090509582e-06,
INVERSOR ASN MICRO INVERSOR,Inversor: ASN; Micro Inversor:,1,5.0,9.929423090509582e-06,
INVERSOR SOLAR STRING SIW300H M050,Inversor Solar String Siw300h M050 -,1,5.0,9.929423090509582e-06,
SCOSOL YS,SCOSOL YS /,1,5.0,9.929423090509582e-06,
SE TL 5 K,SE TL 5 K,1,5.0,9.929423090509582e-06,
NOVIGI B B POWER,NOVIGI/ B&B Power,1,5.0,9.929423090509582e-06,
GINGLONG TECHNOLOGIS,GINGLONG TECHNOLOGIS,1,5.0,9.929423090509582e-06,
GINIONG,GINIONG,1,5.0,9.929423090509582e-06,
B N POWER,B&N POWER,1,5.0,9.929423090509582e-06,
ECOSOLYSES,ECOSOLYSES,1,5.0,9.929423090509582e-06,
ECOSOLYSES GT 05K,ECOSOLYSES GT-05K,1,5.0,9.929423090509582e-06,
ECOSOLYSV,ECOSOLYSV,1,5.0,9.929423090509582e-06,
CSI5KTL1PGIFL,CSI5KTL1PGIFL,1,5.0,9.929423090509582e-06,
SOLPMNEI,SOLPMNÊÍ,1,5.0,9.929423090509582e-06,
B B ST5000 TL,B&B ST5000 TL,1,5.0,9.929423090509582e-06,
SOLTS,SOLTS,1,5.0,9.929423090509582e-06,
LUX POWERTEK,LUX POWERTEK,1,5.0,9.929423090509582e-06,
LUXEN IMP,Luxen - IMP,1,5.0,9.929423090509582e-06,
HOODWE,HOODWE,1,5.0,9.929423090509582e-06,
HOP,hop,1,5.0,9.929423090509582e-06,
LUXENLU,LUXENLU,1,5.0,9.929423090509582e-06,
LUXPOW ER,LUXPOW ER,1,5.0,9.929423090509582e-06,
HN18N 72H585W,HN18N-72H585W,1,5.0,9.929423090509582e-06,
HNA7G TT,HNA7G-TT,1,5.0,9.929423090509582e-06,
HNS5000TL,HNS5000TL,1,5.0,9.929423090509582e-06,
HNT POWER,HNT POWER,1,5.0,9.929423090509582e-06,
BEB POWER MOSO,BEB POWER MOSO,1,5.0,9.929423090509582e-06,
BEB POWER MOSO REVIGI,BEB POWER/MOSO REVIGI,1,5.0,9.929423090509582e-06,
BECENERGYPLUS,BEÇENERGYPLUS,1,5.0,9.929423090509582e-06,
BEDEINSAT,BEDEINSAT,1,5.0,9.929423090509582e-06,
BB,BB,1,5.0,9.929423090509582e-06,
CSI 5KTL1P,CSI-5KTL1P,1,5.0,9.929423090509582e-06,
SOLPLANETR,SOLPLANETR,1,5.0,9.929423090509582e-06,
BALAR,BALAR,1,5.0,9.929423090509582e-06,
M210 66N HJT700W,M210-66N HJT700W,1,5.0,9.929423090509582e-06,
HOME HUB,HOME HUB,1,5.0,9.929423090509582e-06,
HOME WAVE SOLAR EDGE,HOME WAVE (SOLAR EDGE),1,5.0,9.929423090509582e-06,
ROCKCORE ELETRONICS,Rockcore Eletronics,1,5.0,9.929423090509582e-06,
SCHWERT,Schwert ...,1,5.0,9.929423090509582e-06,
CS6P 270,CS6P-270,1,5.0,9.929423090509582e-06,
SOLPLAAET ASW 5000 SC,SOLPLAaET ASW-5000-SC,1,5.0,9.929423090509582e-06,
MAXX TECH,MAXX TECH,1,5.0,9.929423090509582e-06,
MBRENOVIGI,MBRENOVIGI,1,5.0,9.929423090509582e-06,
RONMA SOLAR 570W N TYPE BIFACIAL,RONMA SOLAR 570W N-TYPE BIFACIAL,1,5.0,9.929423090509582e-06,
RONNA,RONNA,1,5.0,9.929423090509582e-06,
RONOVIGI RENO 5K,RONOVIGI - RENO - 5K,1,5.0,9.929423090509582e-06,
RONOVOGI,RONOVOGI,1,5.0,9.929423090509582e-06,
SOLPLAN ET,SOLPLAN ET,1,5.0,9.929423090509582e-06,
SOLPLAN1ET,SOLPLAN1ET,1,5.0,9.929423090509582e-06,
CS6U 330M,CS6U-330M,1,5.0,9.929423090509582e-06,
CS6U 365P,CS6U-365P,1,5.0,9.929423090509582e-06,
SOLPLANEC ASW5000 S,SOLPLANEC ASW5000-S,1,5.0,9.929423090509582e-06,
BEDIMSAT,BEDIMSAT,1,5.0,9.929423090509582e-06,
BEDINSOILAR,BEDINSOILAR,1,5.0,9.929423090509582e-06,
SOLPI ANET,SOLPI.ÂNET,1,5.0,9.929423090509582e-06,
SOLPKANET,SOLPKANET,1,5.0,9.929423090509582e-06,
BEELNERGY,BEELNERGY,1,5.0,9.929423090509582e-06,
CS6 325P,CS6-325P,1,5.0,9.929423090509582e-06,
DROWETT NEW ENERGY,drowett new energy,1,5.0,9.929423090509582e-06,
RENO 5 KPLUS,RENO 5 KPLUS,1,5.0,9.929423090509582e-06,
RENO 5KPLUS MONO 220V 60HZ,RENO-5KPLUS – MONO – 220V/60HZ,1,5.0,9.929423090509582e-06,
REFVSOL,REFVSOL ,1,5.0,9.929423090509582e-06,
INVERSOR ELG585 M72HCH MICRO INVERSOR,Inversor: ELG585-M72HCH; Micro Inversor:,1,5.0,9.929423090509582e-06,
WEG HUAWEI SIW300H M050 L1,WEG/HUAWEI / SIW300H M050 L1,1,5.0,9.929423090509582e-06,
INVERSOR FOTOVOLTAICO,Inversor fotovoltaico,1,5.0,9.929423090509582e-06,
INVERSOR SOLAR GRID,INVERSOR SOLAR GRID,1,5.0,9.929423090509582e-06,
GOOWD,GOOWD,1,5.0,9.929423090509582e-06,
GOOWDWE,GOOWDWE,1,5.0,9.929423090509582e-06,
GORAWTT,GORAWTT,1,5.0,9.929423090509582e-06,
EACH ENERG,EACH ENERG,1,5.0,9.929423090509582e-06,
MI 1300,MI-1300,2,5.0,9.929423090509582e-06,
BEL ENERGY MONOFASICO BEL 5K G,BEL ENERGY MONOFÁSICO BEL 5K G,1,5.0,9.929423090509582e-06,
BEL ENERGY BEL ENERGY 5K,BEL ENERGY / BEL ENERGY 5K,1,5.0,9.929423090509582e-06,
BEL ENERGY BEL ENERGYPLUS 5K,BEL ENERGY/BEL ENERGYPLUS 5K,1,5.0,9.929423090509582e-06,
SOLISGINLONG,SOLISGINLONG,1,5.0,9.929423090509582e-06,
CS3W 410 POCRISTALINO,CS3W 410 POCRISTALINO,1,5.0,9.929423090509582e-06,
SLSYS,SLSYS,1,5.0,9.929423090509582e-06,
CS3U 380MS,80 - CS3U-380MS,1,5.0,9.929423090509582e-06,
GODWEE GW5000 DNS B30,GODWEE GW5000-DNS-B30,1,5.0,9.929423090509582e-06,
MFVOS PO 72 340W,MFVOS-PO-72-340W,1,5.0,9.929423090509582e-06,
SOLISS6,SOLISS6,1,5.0,9.929423090509582e-06,
MERISOLAR,Merisolar,1,5.0,9.929423090509582e-06,
SOLISWDC,SOLISWDC,1,5.0,9.929423090509582e-06,
SOLIZ,soliz,1,5.0,9.929423090509582e-06,
SOLP LANET,SOLP´LANET,1,5.0,9.929423090509582e-06,
SOLPANET ASW5000 S G2,SOLPANET ASW5000-S-G2,1,5.0,9.929423090509582e-06,
BEL ENRGY PLUS,BEL ENRGY PLUS,1,5.0,9.929423090509582e-06,
MFVRE MO 144 550,MFVRE-MO-144-550,1,5.0,9.929423090509582e-06,
INVERSOR SOLAR MONOFASICO 220 V GW5000D NS,Inversor solar Monofásico 220 V GW5000D NS,1,5.0,9.929423090509582e-06,
INVERSOR SOLAR REFULSOR,inversor solar refulsor,1,5.0,9.929423090509582e-06,
INVERSOR SOLAR RENO REVOGINI,inversor solar reno - revogini,1,5.0,9.929423090509582e-06,
WEG HUAWEI SUN2000L,WEG - Huawei SUN2000L-,1,5.0,9.929423090509582e-06,
INVERSOR SOIS MICRO INVERSOR,Inversor: SOIS; Micro Inversor:,1,5.0,9.929423090509582e-06,
INVERSOR GRID,Inversor Grid,1,5.0,9.929423090509582e-06,
WEG HUAWEI TECHNOLOGIES CO LTD,WEG (Huawei Technologies Co. Ltd.),1,5.0,9.929423090509582e-06,
EAST10 02 2021,EAST10/02/2021,1,5.0,9.929423090509582e-06,
EC0SOLIS,EC0SOLIS,1,5.0,9.929423090509582e-06,
SCHEIDER ELETRIC,SCHEIDER ELETRIC,1,5.0,9.929423090509582e-06,
E SOLAR,E SOLAR,1,5.0,9.929423090509582e-06,
MHS 5K 30,MHS-5K-30,1,5.0,9.929423090509582e-06,
HIPONTECH HPS 5000,HIPONTECH HPS-5000,1,5.0,9.929423090509582e-06,
HIPONTECH HPS 5000D,HIPONTECH HPS-5000D,1,5.0,9.929423090509582e-06,
BELE PLUS,BELE PLUS,1,5.0,9.929423090509582e-06,
BELEGERGY BEL 5K G,BelEgergy/BEL-5K-G,1,5.0,9.929423090509582e-06,
CPS SERIES,CPS Series,1,5.0,9.929423090509582e-06,
CPS SCA5KTL,CPS-SCA5KTL,1,5.0,9.929423090509582e-06,
CPS SCA5KTL SM,570 - CPS SCA5KTL-SM,1,5.0,9.929423090509582e-06,
ELTEK VALERE A S,Eltek Valere A/S,2,5.0,9.929423090509582e-06,
QCELL,QCELL,1,5.0,9.929423090509582e-06,
QEHUA TECH,QEHUA TECH /,1,5.0,9.929423090509582e-06,
QN SOLAR HELIUS,QN-SOLAR | HELIUS,1,5.0,9.929423090509582e-06,
QPOWER 335,QPOWER 335,1,5.0,9.929423090509582e-06,
BEL MFVHO MO 144 550W,BEL/MFVHO-MO-144-550W,1,5.0,9.929423090509582e-06,
MI5000TL X,Mi5000tl-x,1,5.0,9.929423090509582e-06,
EGING,EGING,1,5.0,9.929423090509582e-06,
EGIN,EGIN,1,5.0,9.929423090509582e-06,
PRIMUS,primus,1,5.0,9.929423090509582e-06,
CRESCIMENTO,CRESCIMENTO,1,5.0,9.929423090509582e-06,
19,19,4,5.0,9.929423090509582e-06,
INVERSOR SG5 0RS L MICRO INVERSOR,Inversor: SG5.0RS-L; Micro Inversor:,1,5.0,9.929423090509582e-06,
INVERSOR SMA,Inversor SMA,1,5.0,9.929423090509582e-06,
INVERSOR GROWATT MICRO INVERSOR DEYE,Inversor: GROWATT; Micro Inversor: DEYE,1,5.0,9.929423090509582e-06,
WEG SIW300H M050 L1 HUAWEI SUN2000L 5KTL,WEG | SIW300H M050 L1 / HUAWEI SUN2000L-5KTL,1,5.0,9.929423090509582e-06,
WEG SIW300H M050 L1 HUAWEI SUN2000L 5KTL L,WEG SIW300H M050 L1 / HUAWEI SUN2000L-5KTL-L,1,5.0,9.929423090509582e-06,
INVERSOR REFUSOL03 04 2020,INVERSOR REFUSOL03/04/2020,1,5.0,9.929423090509582e-06,
INVERSOR S0LIS MICRO INVERSOR,Inversor: S0LIS; Micro Inversor:,1,5.0,9.929423090509582e-06,
FOXSES,FOXSES,1,5.0,9.929423090509582e-06,
INVERSOR SF5KTN 5KW,Inversor Sf5ktn 5kw,1,5.0,9.929423090509582e-06,
135,135,1,5.0,9.929423090509582e-06,
SB 5 0 1 AV 41 SUNNY BOY 5 0,SB 5.0-1 AV-41 (SUNNY BOY 5.0),1,5.0,9.929423090509582e-06,
SB5 0 1AV 41,SB5.0-1AV-41,1,5.0,9.929423090509582e-06,
SB5000TL 21,SB5000TL-21,1,5.0,9.929423090509582e-06,
GROWATTZMIN,GROWATTZMIN,1,5.0,9.929423090509582e-06,
SOLIS E 15 SAJ,43 - SOLIS e 15 - SAJ,1,5.0,9.929423090509582e-06,
NHS SOLARS,NHS SOLARS,1,5.0,9.929423090509582e-06,
SMA SB5 0 1AV 4,SMA/SB5.0-1AV-4,1,5.0,9.929423090509582e-06,
CPS SCA 500KTL H,CPS SCA 500KTL-H,1,5.0,9.929423090509582e-06,
SMA SIW300H M050,SMA / SIW300H M050,1,5.0,9.929423090509582e-06,
SOLARXX1 BOOST 5K G4,SOLARXX1-BOOST-5K-G4,1,5.0,9.929423090509582e-06,
SOLFAR 5KTLM G3,SOLFAR 5KTLM G3,1,5.0,9.929423090509582e-06,
SOLIDS,SOLIDS,1,5.0,9.929423090509582e-06,
BELENERGY BEL 5K G BEL 5K G,BELENERGY BEL-5K-G BEL-5K-G,1,5.0,9.929423090509582e-06,
BELENERGY BEL 5K G BELENERGY BEL 5K G 005105 2021,"Belenergy, BEL-5K-G	Belenergy, BEL-5K-G	005105/2021",1,5.0,9.929423090509582e-06,
BELENERGY BEL 5KSG03LP1 EU,Belenergy / BEL-5KSG03LP1-EU,1,5.0,9.929423090509582e-06,
BELENERGY BEL ENERGY PLUS 5K,BELENERGY / Bel Energy Plus 5K,1,5.0,9.929423090509582e-06,
HGUAWEI,HGUAWEI,1,5.0,9.929423090509582e-06,
HIDROPNEUMATICA,HIDROPNEUMÁTICA,1,5.0,9.929423090509582e-06,
HIKU CS3W 410W,HiKu CS3W - 410W,1,5.0,9.929423090509582e-06,
SOFAR E 2 FRONIUS,34 - SOFAR  e  2 - FRONIUS,1,5.0,9.929423090509582e-06,
GROWATTMIN5000TL,GROWATTMIN5000TL,1,5.0,9.929423090509582e-06,
HELTE EQUIPAMENTOS,HELTE EQUIPAMENTOS,1,5.0,9.929423090509582e-06,
BELENERGY PLUS BELENER,BELENERGY PLUS BELENER,1,5.0,9.929423090509582e-06,
HELTTE,heltte,1,5.0,9.929423090509582e-06,
HEST SOFAR5KTLM G2,HEST-SOFAR5KTLM-G2,1,5.0,9.929423090509582e-06,
BELENERGY MFVOS MO 460W,BelEnergy/MFVOS-MO-460W,1,5.0,9.929423090509582e-06,
BELENERGY PLUD,belenergy plud,1,5.0,9.929423090509582e-06,
PSOFAR,PSOFAR,1,5.0,9.929423090509582e-06,
PU585WNM101,PU585WNM101,1,5.0,9.929423090509582e-06,
PRTB,PRTB,1,5.0,9.929423090509582e-06,
SOLARMAXX SMT 5KW S,SOLARMAXX SMT-5KW-S,1,5.0,9.929423090509582e-06,
SOLARNPLUSMOD,SOLARNPLUSMOD,1,5.0,9.929423090509582e-06,
BELENERGY BEM 5K G,BELENERGY / BEM-5K-G,1,5.0,9.929423090509582e-06,
BELENERGY INVERSOR STRING SIMPLEX,BELENERGY INVERSOR STRING SIMPLEX,1,5.0,9.929423090509582e-06,
RS6 560M E3HYPONTECH,RS6-560M-E3HYPONTECH,1,5.0,9.929423090509582e-06,
RSM110 8 530M 550M,RSM110-8-530M-550M,1,5.0,9.929423090509582e-06,
SOLARVIEW,SOLARVIEW,1,5.0,9.929423090509582e-06,
HELTE SOFAAR,HELTE-SOFAAR,1,5.0,9.929423090509582e-06,
HEITE,HEITE,1,5.0,9.929423090509582e-06,
HELIUS SOLAR HMF72PH 335A,HELIUS SOLAR HMF72PH-335A,1,5.0,9.929423090509582e-06,
BELENERGYSMA,BELENERGYSMA,1,5.0,9.929423090509582e-06,
ELSYS EST11000,ELSYS EST11000,1,5.0,9.929423090509582e-06,
GINLONG TECNOLOGIAE S,GINLONG TECNOLOGIAE S,1,5.0,9.929423090509582e-06,
GROWM,GROWM,1,5.0,9.929423090509582e-06,
GROWMIN,GROWMIN,1,5.0,9.929423090509582e-06,
GROWOTT,GROWOTT,1,5.0,9.929423090509582e-06,
SMA SOLAR TECHNOLOLY,SMA SOLAR TECHNOLOLY,1,5.0,9.929423090509582e-06,
CNADIAN SOLAR INC,CNADIAN SOLAR INC,1,5.0,9.929423090509582e-06,
CND,cnd,1,5.0,9.929423090509582e-06,
CNINT,CNINT,1,5.0,9.929423090509582e-06,
CNTH POWER,CNTH POWER,1,5.0,9.929423090509582e-06,
HELPE,HELPE,1,5.0,9.929423090509582e-06,
HELTE 5KTLM G2,HELTE - 5KTLM-G2,1,5.0,9.929423090509582e-06,
SOLAR RENO,Solar Reno,1,5.0,9.929423090509582e-06,
CHSM72M HC 415,CHSM72M-HC-415,1,5.0,9.929423090509582e-06,
BELENNERGY,BELENNERGY,1,5.0,9.929423090509582e-06,
BELENRGY PLUS,BELENRGY PLUS,1,5.0,9.929423090509582e-06,
HEINRICH KOOP G,Heinrich Koop G,1,5.0,9.929423090509582e-06,
MIK 36 MONOFACIAL,MIK-36 MONOFACIAL,1,5.0,9.929423090509582e-06,
MIK 36 SERIES 5BB,MIK-36-SERIES-5BB,1,5.0,9.929423090509582e-06,
SOLAR SOLAR 5KTLM G2,SOLAR/SOLAR 5KTLM-G2,1,5.0,9.929423090509582e-06,
SOLAR SOLFAR,SOLAR SOLFAR,1,5.0,9.929423090509582e-06,
SMA SUNNY BOY 5 0 US INVERTER WHOLESALE SOLAR,SMA Sunny Boy 5.0-US Inverter - Wholesale Solar,1,5.0,9.929423090509582e-06,
SMA SUNNY BOY 5KW,SMA / SUNNY BOY 5KW,1,5.0,9.929423090509582e-06,
CHSM72N DG F HC 575W,CHSM72N(DG)/F-HC-575W,1,5.0,9.929423090509582e-06,
CHUNT CPS,CHUNT CPS,1,5.0,9.929423090509582e-06,
NEXAN,NEXAN,1,5.0,9.929423090509582e-06,
NEXENN,NEXENN,1,5.0,9.929423090509582e-06,
NGETEAM,ngeteam,1,5.0,9.929423090509582e-06,
SOLAR MAXX TEXH,SOLAR MAXX TEXH,1,5.0,9.929423090509582e-06,
HAWEI SOLAR,HAWEI SOLAR,1,5.0,9.929423090509582e-06,
SOLAR REFULSOL ALDO,SOLAR REFULSOL ALDO,1,5.0,9.929423090509582e-06,
EAST TOURIGA EA5KSI,EAST - TOURIGA EA5KSI,1,5.0,9.929423090509582e-06,
WEGSIW300HM050,WEGSIW300HM050,1,5.0,9.929423090509582e-06,
INVERSOR HIBRIDO MONOFASICO,INVERSOR HÍBRIDO MONOFÁSICO,1,5.0,9.929423090509582e-06,
INVERSOR R5 5K S2 15,Inversor: R5-5K-S2-15,1,5.0,9.929423090509582e-06,
WEGSUN,WEGSUN,1,5.0,9.929423090509582e-06,
10460W,10460W,1,5.0,9.929423090509582e-06,
INVERSOR MONOFASICO SOLAR RENO,INVERSOR MONOFASICO SOLAR RENO,1,5.0,9.929423090509582e-06,
INVERSOR OMNIIKSOL,INVERSOR OMNIIKSOL,1,5.0,9.929423090509582e-06,
INVERSOR OMNIKSOL 5KTL2,Inversor Omniksol-5Ktl2,1,5.0,9.929423090509582e-06,
EACHX,EACHX,1,5.0,9.929423090509582e-06,
SB 2 5,SB 2.5-,1,5.0,9.929423090509582e-06,
PHBELETRONICA LTDA,phbeletronica ltda,1,5.0,9.929423090509582e-06,
PHBKM540M 7TL4 TV,PHBKM540M-7TL4-TV,1,5.0,9.929423090509582e-06,
BEYONDSUN TSP335 72H,BEYONDSUN TSP335-72H,1,5.0,9.929423090509582e-06,
BEYONDSUUN,BEYONDSUUN,1,5.0,9.929423090509582e-06,
BHD,BHD,1,5.0,9.929423090509582e-06,
HANERSUN NC,HANERSUN NC,1,5.0,9.929423090509582e-06,
HANERSUNMOD,hanersunmod,1,5.0,9.929423090509582e-06,
HANDYTECK,handyteck,1,5.0,9.929423090509582e-06,
HANERSUN ENERGY CO,HANERSUN ENERGY CO,1,5.0,9.929423090509582e-06,
SMA TECHONOLIGIE,SMA TECHONOLIGIE,1,5.0,9.929423090509582e-06,
SOLAR GROWTT,SOLAR GROWTT,1,5.0,9.929423090509582e-06,
ELGUN,ELGUN,1,5.0,9.929423090509582e-06,
ELICITY SOLAR,ELICITY SOLAR,1,5.0,9.929423090509582e-06,
ELITE,ELITE,1,5.0,9.929423090509582e-06,
RSM144 6 440M,RSM144-6-440M,1,5.0,9.929423090509582e-06,
ELGIN20,ELGIN20,1,5.0,9.929423090509582e-06,
HANWHA,Hanwha,1,5.0,9.929423090509582e-06,
BELLENERGYY,BellEnergyy,1,5.0,9.929423090509582e-06,
MOD SOLISS5 GC50K,mod soliss5_gc50k,1,5.0,9.929423090509582e-06,
SOLAR CSI,solar csi,1,5.0,9.929423090509582e-06,
GWOATT 5000TL X 5KW,GWOATT 5000TL-X 5KW,1,5.0,9.929423090509582e-06,
GWOWATT MIN 5000TL X,GWOWATT MIN 5000TL-X,1,5.0,9.929423090509582e-06,
ELGINMODELO DO INVERSORSUN,ELGINMODELO DO INVERSORSUN,1,5.0,9.929423090509582e-06,
ELG585,ELG585-,1,5.0,9.929423090509582e-06,
EIGIN,EIGIN,1,5.0,9.929423090509582e-06,
CHINTE ENERGY,CHINTE ENERGY,1,5.0,9.929423090509582e-06,
PVI 5 1 KW TL OUTD,PVI-5.1 Kw-TL-OUTD,1,5.0,9.929423090509582e-06,
PWEGHB,PWEGHB,1,5.0,9.929423090509582e-06,
Q PEAK L G5 0 G,Q.PEAK L-G5.0.G,1,5.0,9.929423090509582e-06,
BLUE E G5000D,2042 - BLUE E-G5000D,1,5.0,9.929423090509582e-06,
003273 2025,003273/2025,1,5.0,9.929423090509582e-06,
BIDINSOLAR,BIDINSOLAR,1,5.0,9.929423090509582e-06,
BLANK 5000 VA,Blank 5000 VA,1,5.0,9.929423090509582e-06,
BEYONDSUN TSHM535 144HV,BEYONDSUN / TSHM535-144HV,1,5.0,9.929423090509582e-06,
GW5000 MS,GW5000-MS,1,5.0,9.929423090509582e-06,
GW5000 NS,GW5000-NS,1,5.0,9.929423090509582e-06,
GW5000,GW5000,1,5.0,9.929423090509582e-06,
MONO PERC HALF CELL445,MONO PERC HALF CELL445,1,5.0,9.929423090509582e-06,
GROWTT MIN 5000TL X,GROWTT / MIN-5000TL-X,1,5.0,9.929423090509582e-06,
SMT 5KW S,1250 - SMT-5KW-S,1,5.0,9.929423090509582e-06,
SOAFAR SOLAR,SOAFAR SOLAR,1,5.0,9.929423090509582e-06,
SOALR INVERSOR,SOALR INVERSOR,1,5.0,9.929423090509582e-06,
SOIPLANEIT,SOIPLANEIT,1,5.0,9.929423090509582e-06,
SOIPLJINET,SOIPLJINET,1,5.0,9.929423090509582e-06,
SOKLPLANET,SOKLPLANET,1,5.0,9.929423090509582e-06,
SOL PLANET ASW 5000 S,SOL PLANET ASW 5000-S,1,5.0,9.929423090509582e-06,
MODULO FV 410W MONO HALF CEL,MODULO FV-410W MONO HALF-CEL,1,5.0,9.929423090509582e-06,
BOM,BOM,1,5.0,9.929423090509582e-06,
BRASIL SOLAIR TL5K,BRASIL SOLAIR / TL5K,1,5.0,9.929423090509582e-06,
BRASIL SOLAR ENERGIAS RENOVAVEIS COMERCIO E INDUSTRIA S A,5 - BRASIL SOLAR ENERGIAS RENOVAVEIS COMERCIO E INDUSTRIA S/A,1,5.0,9.929423090509582e-06,
CBYD,CBYD,1,5.0,9.929423090509582e-06,
SOFARS SOLAR,SOFARS SOLAR,1,5.0,9.929423090509582e-06,
SOFARSOLAR BRAS,SOFARSOLAR BRAS,1,5.0,9.929423090509582e-06,
SOFARSOLARSOFAR5KTLM,SOFARSOLARSOFAR5KTLM,1,5.0,9.929423090509582e-06,
BS560M 144,BS560M-144,1,5.0,9.929423090509582e-06,
BS72M,BS72M,1,5.0,9.929423090509582e-06,
RSM156 6 500M,RSM156-6-500M,1,5.0,9.929423090509582e-06,
RSM72 6 335P,69 - RSM72-6-335P,1,5.0,9.929423090509582e-06,
CGROWATT,CGROWATT,1,5.0,9.929423090509582e-06,
CHILICON POWER,Chilicon Power,1,5.0,9.929423090509582e-06,
CCANADIAN SOLAR,CCANADIAN SOLAR,1,5.0,9.929423090509582e-06,
RUNERGY SOLAR,RUNERGY SOLAR,1,5.0,9.929423090509582e-06,
RUNSIGNUP,RunSignup,1,5.0,9.929423090509582e-06,
S ILIS,S?ìLIS,1,5.0,9.929423090509582e-06,
ELETRIC,ELETRIC,1,5.0,9.929423090509582e-06,
BYADEYE,byaDEYE,1,5.0,9.929423090509582e-06,
RENO 335 P,RENO 335-P,1,5.0,9.929423090509582e-06,
MOSO SF 5KTL S,MOSO SF-5KTL-S,1,5.0,9.929423090509582e-06,
GT ES 05K,gt es 05k,1,5.0,9.929423090509582e-06,
SOFA SOLA,Sofa?? Sola??,1,5.0,9.929423090509582e-06,
PHG,PHG,1,5.0,9.929423090509582e-06,
INVERSOR ON GRID 5KW IONS 5K M5 AFCI,INVERSOR ON GRID 5KW IONS-5K M5 AFCI,1,5.0,9.929423090509582e-06,
1 HPS,1 HPS,1,5.0,9.929423090509582e-06,
INVERSOR MONOFASICO 2MPPT 220V 5K W BELENERG Y PLUS,INVERSOR MONOFÁSICO 2MPPT 220V 5K W – BELENERG Y PLUS,1,5.0,9.929423090509582e-06,
INVERSOR MONOFASICO 2MPPT 220V 5KW,INVERSOR MONOFASICO 2MPPT 220V 5KW,1,5.0,9.929423090509582e-06,
FPONIUS,FPONIUS,1,5.0,9.929423090509582e-06,
FRONIS PRIMO 8 2 1,FRONIS - Primo 8.2-1,1,5.0,9.929423090509582e-06,
SAOLIS,SAOLIS,1,5.0,9.929423090509582e-06,
SAS,SAS,1,5.0,9.929423090509582e-06,
SATERNO SUNTEANS,SATERNO - SUNTEANS,1,5.0,9.929423090509582e-06,
GOODWEZ,GOODWEZ,1,5.0,9.929423090509582e-06,
SG RS 5KW,SG RS 5KW,1,5.0,9.929423090509582e-06,
CARDIAN SOLAR,Cardian solar,1,5.0,9.929423090509582e-06,
002133,002133,1,5.0,9.929423090509582e-06,
ZHSHINE,ZHSHINE,1,5.0,9.929423090509582e-06,
ZSHINE SOLAR,ZSHINE SOLAR,1,5.0,9.929423090509582e-06,
001419 2019,001419/2019,1,5.0,9.929423090509582e-06,
RENEVIGI,RENEVIGI,1,5.0,9.929423090509582e-06,
CANADIUN SOLAR,CANADIUN SOLAR,1,5.0,9.929423090509582e-06,
GT1 5KD1,1476 - GT1-5KD1,1,5.0,9.929423090509582e-06,
BYDMODI335PHK36,BYDMODI335PHK36,1,5.0,9.929423090509582e-06,
SOFAR5,SOFAR5,1,5.0,9.929423090509582e-06,
SOFAR5000TLM,SOFAR5000TLM,1,5.0,9.929423090509582e-06,
SOFAR5KTL G2,SOFAR5KTL-G2,1,5.0,9.929423090509582e-06,
SOFAR5KTLM G3,SOFAR5KTLM-G3,1,5.0,9.929423090509582e-06,
MR 1GROWATT,/MR/1GROWATT,1,5.0,9.929423090509582e-06,
SOFARA,SOFARA,1,5.0,9.929423090509582e-06,
BYD335P6K 36 5B,BYD335P6K-36-5B,1,5.0,9.929423090509582e-06,
SOLARMAXX TECH SMT 5KW S,SOLARMAXX TECH SMT-5KW-S,1,4.99,9.909564244328564e-06,
SUN415 72M HF,SUN415-72M-HF,1,4.98,9.889705398147544e-06,
ECOSLOYS,Ecosloys,2,4.96,9.849987705785506e-06,
ZXM7 SHLD144 550,ZXM7-SHLD144-550,1,4.95,9.830128859604487e-06,
CANADIANCSI 7K S22002 ED,CANADIANCSI-7K-S22002-ED,1,4.95,9.830128859604487e-06,
TALESUN TP7F72M H 550,TALESUN TP7F72M(H) -550,1,4.95,9.830128859604487e-06,
INVERSOR INTELBRA MICRO INVERSOR,Inversor: INTELBRA; Micro Inversor:,1,4.95,9.830128859604487e-06,
ENPHAS,Enphas,1,4.95,9.830128859604487e-06,
RENOVIGIRENOVIGIRENOVIGI,RENOVIGIRENOVIGIRENOVIGI,1,4.95,9.830128859604487e-06,
JINKO JKM450M 60HL4 V 60M,JINKO JKM450M 60HL4-V 60M,1,4.95,9.830128859604487e-06,
SUN M180G4 EU Q0,1744 - SUN-M180G4-EU-Q0,1,4.95,9.830128859604487e-06,
NFHASE,NFHASE,1,4.95,9.830128859604487e-06,
2 STRINGS UMA COM 8 MODULOS E OUTRA COM 7 MODULOS TODOS DE 335W E 1 INVERSOR DE 5KW,"2 STRINGS, UMA COM 8 MODULOS E OUTRA COM 7 MODULOS, TODOS DE 335W E 1 INVERSOR DE 5KW.",1,4.95,9.830128859604487e-06,
SPOLAR PV,SPOLAR PV,1,4.95,9.830128859604487e-06,
SIW200G M50 W0,SIW200G-M50-W0,1,4.95,9.830128859604487e-06,
3 3TLM G3 1090 3KTLM G3,1372 - 3.3TLM-G3;1090 - 3KTLM-G3,1,4.95,9.830128859604487e-06,
UPSOLAR JINKO,"UPSOLAR, JINKO",1,4.95,9.830128859604487e-06,
JHB,JHB,1,4.95,9.830128859604487e-06,
HOOPEWIND,HOOPEWIND,1,4.95,9.830128859604487e-06,
SOFR SOLARR,SOFR SOLARR	,1,4.95,9.830128859604487e-06,
GINLONG TECHNONOLOGIES,GINLONG TECHNONOLOGIES,1,4.95,9.830128859604487e-06,
GR1P 5K,GR1P-5K,1,4.95,9.830128859604487e-06,
BELENUS LTDA BELENERGY,BELENUS LTDA (BELENERGY),1,4.95,9.830128859604487e-06,
GOWAT,Gowat,1,4.95,9.830128859604487e-06,
HAYPONTECH,HAYPONTECH,1,4.95,9.830128859604487e-06,
SOLAR ONGRID,Solar Ongrid,1,4.95,9.830128859604487e-06,
AIXSOL,AIXSOL,1,4.93,9.790411167242448e-06,
CE SUN 5K G,CE | SUN-5K-G,1,4.92,9.770552321061428e-06,
DASS TEC,DASS TEC,1,4.92,9.770552321061428e-06,
UL 410M 144,UL-410M-144,1,4.92,9.770552321061428e-06,
JK M410M 72H MBB BDVP,JK M410M-72H-MBB-BDVP,1,4.92,9.770552321061428e-06,
CHING POWER,CHING POWER,1,4.92,9.770552321061428e-06,
GE GEP 5 0 1 10,GE GEP 5.0-1-10,1,4.91,9.75069347488041e-06,
X000D LEVEROS,_x000D_ LEVEROS,1,4.91,9.75069347488041e-06,
LILVOLTEK,LILVOLTEK,1,4.91,9.75069347488041e-06,
GROWAT MIN 6000TL X,Growat / MIN 6000TL-X,1,4.91,9.75069347488041e-06,
SUNNYTRIPOWER,SUNNYTRIPOWER,1,4.9,9.730834628699392e-06,
ESPHSC 545M,ESPHSC 545M,1,4.9,9.730834628699392e-06,
S A J 5KW,S.A.J. 5KW,1,4.9,9.730834628699392e-06,
WEG SOLIS SOLIS,WEG SOLIS SOLIS,1,4.89,9.710975782518372e-06,
GT1 5KD2,2129 - GT1-5KD2,1,4.88,9.691116936337352e-06,
RENAS,RENAS,1,4.88,9.691116936337352e-06,
INVERSOR GR MICRO INVERSOR,Inversor: gr; Micro Inversor:,1,4.88,9.691116936337352e-06,
INVERSOR SOLAR MONOFASICO ON GRID ASN 6SL G2 DE6000W COM 2 ENTRADAS INDEPENDENTES COM AFCI,INVERSOR SOLAR MONOFÁSICO ON-GRID ASN-6SL-G2 DE6000W COM 2 ENTRADAS INDEPENDENTES COM AFCI,1,4.88,9.691116936337352e-06,
CS6U 325P,CS6U-325P,1,4.87,9.671258090156332e-06,
DMNIK,DMNIK,1,4.86,9.651399243975314e-06,
WEG HUAWEI TECHNO CO LTD SIW300H M050,WEG Huawei Techno Co Ltd- SIW300H M050,1,4.86,9.651399243975314e-06,
PMR,PMR,1,4.86,9.651399243975314e-06,
PHO SOLAR,PHO SOLAR,1,4.86,9.651399243975314e-06,
UNO DM 5 0 TL PLUS SB,UNO-DM-5.0- TL-PLUS-SB,1,4.84,9.611681551613276e-06,
HOYMILESMI,HOYMILESMI,1,4.84,9.611681551613276e-06,
VERTTYS,VERTTYS,1,4.84,9.611681551613276e-06,
SUNGROW OU SAJ,SUNGROW OU SAJ,1,4.84,9.611681551613276e-06,
GW5000 D NS,GW5000 D NS,1,4.83,9.591822705432256e-06,
ASPSYSTEMS,ASPSYSTEMS,1,4.8,9.532246166889198e-06,
SUN1600G3,SUN1600G3-,1,4.8,9.532246166889198e-06,
4 8,"4,8",1,4.8,9.532246166889198e-06,
DHP72 320APSYSTEM,DHP72-320APSYSTEM,1,4.8,9.532246166889198e-06,
I N T ELBR,I N T ELBR,1,4.8,9.532246166889198e-06,
AP SYSTEMS ALTENERGY POWER QS1 YC,AP SYSTEMS - ALTENERGY POWER - QS1 YC,2,4.8,9.532246166889198e-06,
APSYSENS APSYSENS,Apsysens | Apsysens	,1,4.8,9.532246166889198e-06,
APSYSTEAM,APSYSTEAM,1,4.8,9.532246166889198e-06,
AAPSYSTEMS,AAPsystems,1,4.8,9.532246166889198e-06,
TRINA TSM DE09,TRINA TSM-DE09,1,4.8,9.532246166889198e-06,
TERMOMAX SUN 5K G,TERMOMAX SUN-5K-G,1,4.8,9.532246166889198e-06,
THERMOMAX,THERMOMAX,1,4.8,9.532246166889198e-06,
FOYMILES,FOYMILES,1,4.8,9.532246166889198e-06,
ML1200,ML1200,1,4.8,9.532246166889198e-06,
INVERSOR GEOWATT MICRO INVERSOR,Inversor: GEOWATT; Micro Inversor:,1,4.8,9.532246166889198e-06,
HCP78X9,HCP78X9,1,4.8,9.532246166889198e-06,
QS1 BR 220,QS1-BR-220,2,4.8,9.532246166889198e-06,
QS 1,QS-1,1,4.8,9.532246166889198e-06,
MI1200,MI1200,1,4.8,9.532246166889198e-06,
EGT 1200 MICRO,EGT 1200 Micro,1,4.8,9.532246166889198e-06,
SOLPLANETET,SOLPLANETET,1,4.8,9.532246166889198e-06,
SOLPLANETHOYMILES,SOLPLANETHOYMILES,1,4.8,9.532246166889198e-06,
MI 1200T,660 - MI-1200T,1,4.8,9.532246166889198e-06,
INTEB LBRAS,INTEB=LBRAS,1,4.8,9.532246166889198e-06,
GOOEW,GOOEW,1,4.8,9.532246166889198e-06,
GROWATT5,GROWATT5,1,4.8,9.532246166889198e-06,
AUXO,AUXO,1,4.8,9.532246166889198e-06,
CS3W 415 W,CS3W-415 w,1,4.8,9.532246166889198e-06,
APSYMTEMS,APSYMTEMS,1,4.8,9.532246166889198e-06,
APSYS,APSYS,1,4.8,9.532246166889198e-06,
MIN 5000 TLX,MIN 5000 TLX,1,4.77,9.47266962834614e-06,
KWHUA TECH,KWHUA TECH,1,4.76,9.452810782165122e-06,
DEJE,Deje,1,4.76,9.452810782165122e-06,
SERRANA TOURIGA 5000 26 Z,SERRANA TOURIGA 5000 26 Z,1,4.76,9.452810782165122e-06,
340W POLICRISTALINO,340W policristalino,1,4.76,9.452810782165122e-06,
IVENT,Ivent,1,4.76,9.452810782165122e-06,
SOL PLANET ASW5000 S G2,SOL PLANET ASW5000-S-G2,1,4.76,9.452810782165122e-06,
INTEBRAS EGT 6000 PRO,INTEBRAS / EGT 6000 PRO,1,4.76,9.452810782165122e-06,
AS 6M 365W,AS-6M-365w,1,4.74,9.413093089803084e-06,
SENERGY SOLAR,SENERGY SOLAR,1,4.74,9.413093089803084e-06,
GREEN ENERGY DEVICES MANUFACTURER,Green Energy Devices Manufacturer,1,4.73,9.393234243622064e-06,
CANADISOLAR,CANADISOLAR	,1,4.72,9.373375397441044e-06,
TSM 590NEG19RC 20SOLPLANET,TSM-590NEG19RC.20SolPlanet,1,4.72,9.373375397441044e-06,
RISEN RSM120 8 590M,RISEN RSM120-8-590M,1,4.72,9.373375397441044e-06,
EXAMPLE,Example,1,4.7,9.333657705079008e-06,
GROWALT MIN,GROWALT MIN,1,4.7,9.333657705079008e-06,
SG D,SG-D,1,4.7,9.333657705079008e-06,
335PHK 36GROWATT,335PHK-36Growatt,1,4.69,9.31379885889799e-06,
5 000W MODELO PHB5000D NS,5.000W modelo PHB5000D-NS.,1,4.69,9.31379885889799e-06,
REF USOL,REF Usol,1,4.69,9.31379885889799e-06,
REFU ELEKTRINIK,REFU ELEKTRINIK -,1,4.69,9.31379885889799e-06,
DHN 72X16 DG 585NAN,DHN-72X16/DG-585nan,1,4.68,9.293940012716968e-06,
DEYEO,DEYEO,1,4.68,9.293940012716968e-06,
DEYER SUN 5K G,DEYER SUN-5K-G,1,4.68,9.293940012716968e-06,
SAJ5KW,SAJ5KW,1,4.68,9.293940012716968e-06,
MSC 585WINTELBRAS,MSC-585WINTELBRAS,1,4.68,9.293940012716968e-06,
ESLYS,ESLYS,1,4.68,9.293940012716968e-06,
DEYE SAJ SOLAR,DEYE / SAJ SOLAR,1,4.68,9.293940012716968e-06,
SHENZHEN LONDIAN ARESWATT NEW ENERGY CO LTD,"SHENZHEN LONDIAN ARESWATT NEW ENERGY CO., LTD",1,4.68,9.293940012716968e-06,
AISWEI TECNOLOGIA,AISWEI TECNOLOGIA,1,4.68,9.293940012716968e-06,
INVERSOR HPS MICRO INVERSOR,Inversor: HPS; Micro Inversor:,1,4.68,9.293940012716968e-06,
IONS 5K M5 AFCI,IONS-5K M5 AFCI,1,4.68,9.293940012716968e-06,
HIYPONTECH,HIYPONTECH,1,4.68,9.293940012716968e-06,
HITOUCH,HITOUCH,1,4.68,9.293940012716968e-06,
SOLISSERRANA,SOLISSERRANA,1,4.68,9.293940012716968e-06,
HN18 72H585W,HN18-72H585W,1,4.68,9.293940012716968e-06,
VOLTIX,VOLTIX,1,4.68,9.293940012716968e-06,
INVERSOR SOLPLANET MICRO INVERSOR HOYMILES,Inversor: SOLPLANET; Micro Inversor: HOYMILES,1,4.68,9.293940012716968e-06,
111,111,1,4.68,9.293940012716968e-06,
CHINR,CHINR,1,4.68,9.293940012716968e-06,
INVERSOR FOXSESS MICRO INVERSOR,Inversor: FOXSESS; Micro Inversor:,1,4.68,9.293940012716968e-06,
COM,COM,1,4.68,9.293940012716968e-06,
DOLPLANET,DOLPLANET,1,4.66,9.25422232035493e-06,
SMP 600,SMP-600,5,4.640000000000001,9.214504627992894e-06,
APC,apc,1,4.64,9.214504627992892e-06,
VELGIN,VELGIN,1,4.64,9.214504627992892e-06,
SOLAR 5K GDM1,SOLAR 5K GDM1,1,4.62,9.174786935630853e-06,
SOFAR05 10 2020,SOFAR05/10/2020,1,4.62,9.174786935630853e-06,
KEHAU,KEHAU,1,4.62,9.174786935630853e-06,
APSYSTEMS KSTAR,APSYSTEMS + KSTAR,1,4.62,9.174786935630853e-06,
ODEX PS5KSI,ODEX PS5KSI,1,4.62,9.174786935630853e-06,
MINASOL HPS 5000D,Minasol HPS-5000D,1,4.62,9.174786935630853e-06,
CANDAIAN,CANDAIAN,1,4.62,9.174786935630853e-06,
ECOSOYS ES GT 05K,ECOSOYS | ES GT-05K,1,4.62,9.174786935630853e-06,
SOFAR4,SOFAR4,1,4.62,9.174786935630853e-06,
AP SYSTEMS QS1 BR,AP SYSTEMS QS1 BR,1,4.62,9.174786935630853e-06,
ALTERNERGY,Alternergy,1,4.62,9.174786935630853e-06,
INTELBRASEGT,INTELBRASEGT,1,4.6,9.135069243268815e-06,
INTELVBRAS,INTELVBRAS,1,4.6,9.135069243268815e-06,
009617 2019,009617/2019,1,4.6,9.135069243268815e-06,
JINKO SOLAR JKM460M,JINKO SOLAR JKM460M,1,4.6,9.135069243268815e-06,
APXTECK RENEWABLE TECHNOLOGY CO LTD,"Apxteck Renewable Technology Co., Ltd.",1,4.6,9.135069243268815e-06,
INVERSOR SPLPLANET MICRO INVERSOR,Inversor: SPLPLANET; Micro Inversor:,1,4.6,9.135069243268815e-06,
ODA575 36V MHD,ODA575-36V-MHD,1,4.6,9.135069243268815e-06,
EGT 4600PRO,EGT 4600PRO,1,4.6,9.135069243268815e-06,
ABB E INTELBRAS,ABB E INTELBRAS,1,4.6,9.135069243268815e-06,
HELUIS,HÉLUIS,1,4.6,9.135069243268815e-06,
MFVZN MO 120 460W,MFVZN-MO-120-460W,1,4.6,9.135069243268815e-06,
SOFAR SOLAR INTELBRAS,SOFAR SOLAR / INTELBRAS,1,4.6,9.135069243268815e-06,
REFUSOT,REFUSOT,2,4.6,9.135069243268815e-06,
SUNWAYES,SUNWAYES,1,4.6,9.135069243268815e-06,
EGT 4600 PRO INVERSOR ON GRID 4 6KWP,EGT 4600 PRO Inversor On Grid 4.6KWp,1,4.6,9.135069243268815e-06,
JA SOLAR HOLDINGS CO LTD JINKO SOLAR,"JA Solar Holdings Co., Ltd. | Jinko Solar",1,4.6,9.135069243268815e-06,
LEADVE,Leadve,1,4.6,9.135069243268815e-06,
SYNWAYS,SYNWAYS,1,4.6,9.135069243268815e-06,
INELBRAS EGT 4600 PRO,INELBRAS/EGT 4600 PRO,1,4.6,9.135069243268815e-06,
ABB E 43 SOLIS,ABB e 43 - SOLIS,1,4.6,9.135069243268815e-06,
GROWAE,GROWAE,1,4.6,9.135069243268815e-06,
HB SOLAR,HB SOLAR,1,4.6,9.135069243268815e-06,
BELENERGYPLUS BEL 5K G,BELENERGYPLUS BEL-5K-G,1,4.6,9.135069243268815e-06,
GROWATT6KW,GROWATT6KW,1,4.59,9.115210397087797e-06,
TSMDE18M II 510W,TSMDE18M(II)-510W,1,4.59,9.115210397087797e-06,
FOZ ESS,Foz Ess,1,4.59,9.115210397087797e-06,
JIANGXI SANJING ELECTRIC CO LTDA,"JIANGXI SANJING ELECTRIC CO,LTDA",1,4.57,9.075492704725759e-06,
APSYSTEM YC 600,APSYSTEM YC 600,7,4.5600000000000005,9.05563385854474e-06,
SCUS,SCUS,1,4.56,9.055633858544737e-06,
KISTAR,KISTAR,2,4.56,9.055633858544737e-06,
TS570S8D 132NT,TS570S8D-132NT,1,4.56,9.055633858544737e-06,
INVERSOR 5 MICRO INVERSOR,Inversor: 5; Micro Inversor:,1,4.56,9.055633858544737e-06,
AUXSOU,AUXSOU,1,4.56,9.055633858544737e-06,
SUN2000 5KTL M1,1889 - SUN2000-5KTL-M1,1,4.56,9.055633858544737e-06,
INVERSOR WAHEI MICRO INVERSOR,Inversor: WAHEI; Micro Inversor:,1,4.56,9.055633858544737e-06,
INVERSOR HELIUS MICRO INVERSOR,Inversor: HELIUS; Micro Inversor:,1,4.56,9.055633858544737e-06,
FOTUS FLASH,FOTUS FLASH,1,4.56,9.055633858544737e-06,
CHSM72N DG F BH 570W,CHSM72N(DG)/F-BH-570W,1,4.56,9.055633858544737e-06,
INVERSOR GOWATT MICRO INVERSOR,Inversor: GOWATT; Micro Inversor:,1,4.56,9.055633858544737e-06,
EL GIN,EL GIN,1,4.56,9.055633858544737e-06,
FGORWATT,FGORWATT,1,4.55,9.035775012363719e-06,
CANADIUN,CANADIUN,1,4.55,9.035775012363719e-06,
INVT ELETRIC,INVT ELETRIC,1,4.55,9.035775012363719e-06,
OMNIKSOL 5K,OMNIKSOL 5k,1,4.55,9.035775012363719e-06,
SERRANA SISTEMAS DE,Serrana Sistemas de,1,4.55,9.035775012363719e-06,
SERRANA Z,Serrana/ Z,1,4.55,9.035775012363719e-06,
JAM78D10 455 MB 1500V,JAM78D10 -455/MB/1500V,1,4.55,9.035775012363719e-06,
AP SYSTEMS ALTERNERGY POWER QS1 1 200,AP SYSTEMS - ALTERNERGY POWER - QS1 - 1.200,1,4.55,9.035775012363719e-06,
LINGI,LINGI,1,4.54,9.0159161661827e-06,
SUNWAYS STS,SUNWAYS STS,1,4.51,8.956339627639641e-06,
6KTLM,6KTLM-,1,4.51,8.956339627639641e-06,
GROWTTA,GROWTTA,1,4.5,8.936480781458623e-06,
002939 2020,002939/2020,1,4.5,8.936480781458623e-06,
INTELBRTAS,INTELBRTAS,1,4.5,8.936480781458623e-06,
SOUTHWEST WINDPOWER,Southwest Windpower,2,4.5,8.936480781458623e-06,
GUANGZHOU SANJING ELETCTRIC CO LTD,GUANGZHOU SANJING ELETCTRIC CO LTD,1,4.5,8.936480781458623e-06,
GINILONG,ginilong,1,4.5,8.936480781458623e-06,
PHONO SOLAR TECHNOLOGY CO LTD,"Phono Solar Technology Co., Ltd.",1,4.5,8.936480781458623e-06,
GROWATT1500TL X,GROWATT1500TL-X,1,4.5,8.936480781458623e-06,
UL440M 144HV,UL440M-144HV,1,4.5,8.936480781458623e-06,
RGOWATT,RGOWATT,1,4.5,8.936480781458623e-06,
APSYSTEMSA,APSYSTEMSa,1,4.5,8.936480781458623e-06,
RENOVIGI B B APSYSTEMS,Renovigi/B&B / APsystems,1,4.5,8.936480781458623e-06,
FOX ESS F5000 220V,FOX/ESS F5000 – 220V,1,4.5,8.936480781458623e-06,
DHA SOLAR DHM 72L9 BF 450W,DHA SOLAR DHM -72L9-BF 450W,1,4.5,8.936480781458623e-06,
FRONIUS E B B POWER RENOVIGI,Fronius e B&B POWER-RENOVIGI,1,4.5,8.936480781458623e-06,
SOAFR 5KTLM G2,SOAFR/ 5KTLM-G2,1,4.5,8.936480781458623e-06,
HOYMILISE,HOYMILISE,1,4.5,8.936480781458623e-06,
APESYSTEM,APESYSTEM,2,4.5,8.936480781458623e-06,
APASISTEMS,APASISTEMS,1,4.5,8.936480781458623e-06,
MICROINVERSOS AP SYSTEMS,MICROINVERSOS AP SYSTEMS,1,4.5,8.936480781458623e-06,
1X RENOVIGI 1X HOYMILES,1x Renovigi +1x Hoymiles,1,4.5,8.936480781458623e-06,
REFUSOL CANADIAN SOLAR,"REFUSOL			, CANADIAN SOLAR			",1,4.5,8.936480781458623e-06,
OMNIK E MINASOL,OMNIK E MINASOL,1,4.5,8.936480781458623e-06,
EGT 2250 MCIRO,EGT 2250 MCIRO,1,4.5,8.936480781458623e-06,
BELENERGY BEL 5J G,BELENERGY/BEL-5J-G,1,4.5,8.936480781458623e-06,
HO SOLAR,HO solar,1,4.5,8.936480781458623e-06,
SEP NORTHERN ELECTRIC POWER,SEP(Northern Electric Power ),1,4.5,8.936480781458623e-06,
INITELBRAS,INITELBRAS,1,4.5,8.936480781458623e-06,
HMF132T12RDEYE,HMF132T12RDEYE,1,4.5,8.936480781458623e-06,
SUNGROWSG5K D,SUNGROWSG5K-D,1,4.5,8.936480781458623e-06,
SUNEDISON,SUNEDISON,1,4.5,8.936480781458623e-06,
600HLNAO IDENTIFICADO,600HLNão_Identificado,1,4.5,8.936480781458623e-06,
GROWAT MIN 5000TL X,Growat / MIN 5000TL-X,1,4.5,8.936480781458623e-06,
MINA SOL,MINA SOL,1,4.5,8.936480781458623e-06,
TSM DE 17M II 450W,TSM -DE 17M(II)450W,1,4.5,8.936480781458623e-06,
KSTAR HOYMILES,KSTAR / HOYMILES,1,4.5,8.936480781458623e-06,
ESLSYS,eslsys,1,4.5,8.936480781458623e-06,
AP SYSTEMS MICROINVERS,AP Systems - MICROINVERS,1,4.5,8.936480781458623e-06,
NHSSOLAR NHS,NHSSOLAR NHS,1,4.5,8.936480781458623e-06,
TSM455DE17M II,TSM455DE17M(II),1,4.5,8.936480781458623e-06,
ABB E 45 HOYMILES,6 - ABB e 45 - HOYMILES,1,4.5,8.936480781458623e-06,
OSDA DAH SOLAR,OSDA | DAH Solar,1,4.5,8.936480781458623e-06,
BELENRGY BEL 5K G,BELENRGY/BEL-5K-G,1,4.5,8.936480781458623e-06,
NEPSOLAR,NEPSOLAR,1,4.5,8.936480781458623e-06,
GORWATT MIN5000TLX,GORWATT MIN5000TLX,1,4.5,8.936480781458623e-06,
MIN 2500TL X 1517 BDM2000,532 - MIN 2500TL-X;1517 - BDM2000,1,4.5,8.936480781458623e-06,
WEG HUAWEI HOYMILES,WEG/Huawei / Hoymiles,1,4.5,8.936480781458623e-06,
2 25K S4,2.25k-s4	,1,4.5,8.936480781458623e-06,
KSG 1 5K SM,KSG-1.5K-SM,1,4.5,8.936480781458623e-06,
KSTAR WEG,KSTAR; WEG;,1,4.5,8.936480781458623e-06,
MICROINVERSOR APSYSTEM,MICROINVERSOR APSYSTEM,1,4.5,8.936480781458623e-06,
APSYST,APSYST,1,4.5,8.936480781458623e-06,
SOFAR6KTLM,SOFAR6KTLM,1,4.5,8.936480781458623e-06,
CORRIGIR,CORRIGIR,1,4.5,8.936480781458623e-06,
MICRO SOLAR,micro solar,1,4.5,8.936480781458623e-06,
DMGC,DMGC,1,4.5,8.936480781458623e-06,
BYD335PHK 36 TP6H72M H 400,BYD335PHK-36  /  TP6H72M(H)-400,1,4.5,8.936480781458623e-06,
HOYMILESHM1500,HoymilesHM1500,1,4.5,8.936480781458623e-06,
QS1A 1500,735 - QS1A-1500,1,4.5,8.936480781458623e-06,
SAJM2 2 25K S4,SAJM2-2.25K-S4,1,4.5,8.936480781458623e-06,
QS1A QS1A QS1A,QS1A | QS1A | QS1A,1,4.5,8.936480781458623e-06,
LP182 M 60 MB 460W,LP182-M-60-MB-460W,1,4.5,8.936480781458623e-06,
SOOLIS,SOOLIS,1,4.5,8.936480781458623e-06,
SSAJ,SSAJ,1,4.5,8.936480781458623e-06,
INVERSOR MICRO INVERSOR NEEP,Inversor: ; Micro Inversor: NEEP,1,4.5,8.936480781458623e-06,
A P S Y S T E MS,A P s y s t e ms,1,4.5,8.936480781458623e-06,
YMILES,YMILES,1,4.5,8.936480781458623e-06,
LEAPTON ENERGY CO LTD,"Leapton Energy Co., Ltd",1,4.48,8.896763089096587e-06,
RENOVINI,Renovini,1,4.48,8.896763089096587e-06,
DE YE 5KW SUN 5K G05P 1 EU AM 2,DE YE 5KW SUN-5K-G05P 1-EU -AM 2,1,4.48,8.896763089096587e-06,
HYPRONTECH,HYPRONTECH,1,4.48,8.896763089096587e-06,
AJ R5 6K S2 15,AJ R5-6K-S2-15,1,4.48,8.896763089096587e-06,
PHU SOLAR,PHU Solar,1,4.48,8.896763089096587e-06,
HYPO TECH,HYPO TECH,1,4.48,8.896763089096587e-06,
GUANGZHOU SANJI,Guangzhou Sanji,2,4.470000000000001,8.876904242915567e-06,
MONO PERC RISEN,MONO-PERC RISEN,1,4.46,8.857045396734547e-06,
SOAGAR,soagar,1,4.45,8.837186550553529e-06,
SOFAR7 5KTLMG3,SOFAR7.5KTLMG3,1,4.45,8.837186550553529e-06,
CS3W445MS,CS3W445MS,1,4.45,8.837186550553529e-06,
8000MTLS,8000MTLS,1,4.45,8.837186550553529e-06,
1P8K4G8KW,1P8K4G8KW,1,4.44,8.81732770437251e-06,
FV ONGRID,FV-ONGRID,1,4.44,8.81732770437251e-06,
INVERSOR GROWAT,inversor growat,1,4.44,8.81732770437251e-06,
SUN 5K G M WI F,SUN-5K-G M/WI-F,1,4.44,8.81732770437251e-06,
GROWATTAA,GROWATTAA,1,4.44,8.81732770437251e-06,
NELERNGY,NELERNGY,1,4.44,8.81732770437251e-06,
JIANGXI SANJING ELETRIC,JIANGXI SANJING ELETRIC,1,4.44,8.81732770437251e-06,
SVG SOLARC,SVG SOLARc,1,4.44,8.81732770437251e-06,
STM 555 144 S3,STM-555/144-S3,1,4.44,8.81732770437251e-06,
HOPEWING,HOPEWING,1,4.44,8.81732770437251e-06,
SOLPLANETSOLPALANET,SOLPLANETSOLPALANET,1,4.44,8.81732770437251e-06,
BEDINS,BEDINS,1,4.44,8.81732770437251e-06,
A B B,A B B,1,4.44,8.81732770437251e-06,
KOMECOINVERSORKOFVIN,KOMECOINVERSORKOFVIN,1,4.42,8.777610012010471e-06,
70072,70072,1,4.4,8.737892319648433e-06,
INVERSOR FORTUNETREE INTERNATIONAL CO LTD MICRO INVERSOR,"Inversor: Fortunetree International Co., Ltd.; Micro Inversor:",1,4.4,8.737892319648433e-06,
ELG550 M72HOD,ELG550-M72HOD,1,4.4,8.737892319648433e-06,
JINKO JKM440M 60HL4 V 440W,JINKO JKM440M-60HL4-V 440W,1,4.4,8.737892319648433e-06,
RENOVAC,RENOVAC,1,4.4,8.737892319648433e-06,
HUAEWI SIW300H M050 L1,HUAEWI / SIW300H M050 L1,1,4.4,8.737892319648433e-06,
AUNWAYS,AUNWAYS,1,4.4,8.737892319648433e-06,
JKM440M 6H4,JKM440M-6H4,1,4.4,8.737892319648433e-06,
DEHE MICRO,dehe micro,1,4.4,8.737892319648433e-06,
BERDIN,berdin,1,4.4,8.737892319648433e-06,
ILTEBRAS,ILTEBRAS,1,4.4,8.737892319648433e-06,
FOXESS APSYSTEMS,FOXESS/APSYSTEMS,1,4.4,8.737892319648433e-06,
EACH ENNERGY,EACH ENNERGY,1,4.4,8.737892319648433e-06,
TS M10 144G,TS-M10/144G,1,4.4,8.737892319648433e-06,
SB SOLAR AMR,SB SOLAR - AMR,1,4.4,8.737892319648433e-06,
HUWAWEY,HUWAWEY,1,4.4,8.737892319648433e-06,
EELENERGY PLUS,EELENERGY PLUS,1,4.4,8.737892319648433e-06,
SUNENRGY,Sunenrgy,1,4.4,8.737892319648433e-06,
SONUVA,SONUVA,1,4.4,8.737892319648433e-06,
APSYSTEM HOYMILLES,APSYSTEM/ HOYMILLES,1,4.4,8.737892319648433e-06,
LEAD SOLAR ENERGY INVERSOR SMA,Lead Solar Energy + INVERSOR SMA,1,4.4,8.737892319648433e-06,
BEL ENERGIY BEL 8K G,bel_energiy/BEL-8K-G,1,4.4,8.737892319648433e-06,
LOGIN SOLAR,LOGIN SOLAR,1,4.4,8.737892319648433e-06,
SUN M225G4 EU Q0 1759 M2 2 25K S4,1727 - SUN-M225G4-EU-Q0;1759 - M2-2.25K-S4,1,4.4,8.737892319648433e-06,
SUN 440 78M HFD,SUN-440-78MHFD,1,4.4,8.737892319648433e-06,
TWMNP,TWMNP,1,4.4,8.737892319648433e-06,
JA SOLAR 550W,JÁ SOLAR 550W,1,4.4,8.737892319648433e-06,
INVERSORES HOYMILES APSYSTEMS,INVERSORES HOYMILES|APSYSTEMS,1,4.4,8.737892319648433e-06,
HOLIMYLES,HOLIMYLES,1,4.4,8.737892319648433e-06,
HOYMILES E INTELBRAS,HOYMILES E INTELBRAS,1,4.4,8.737892319648433e-06,
IQ7AM 72 2 US 335W,1356 - IQ7AM-72-2-US 335W,1,4.36,8.658456934924355e-06,
INVERSOR MICRO INVERSOR TRINA SOLAR,Inversor: ; Micro Inversor: TRINA SOLAR,1,4.36,8.658456934924355e-06,
006596 2019,006596/2019,1,4.36,8.658456934924355e-06,
DAH SIKAR,DAH SIkar,1,4.36,8.658456934924355e-06,
LIV0LTEK,LIV0LTEK,1,4.36,8.658456934924355e-06,
DBELENERGY,DBELENERGY,1,4.36,8.658456934924355e-06,
4 36,"4,36",1,4.36,8.658456934924355e-06,
SOLYS ECOS 7000,Solys/Ecos 7000,1,4.35,8.638598088743335e-06,
HODEWIND,HODEWIND,1,4.35,8.638598088743335e-06,
NINGBO GINLOG TECHN,NINGBO GINLOG TECHN,1,4.35,8.638598088743335e-06,
SERRAA,Serraa,1,4.34,8.618739242562317e-06,
SOL PLANET ASW,Sol planet ASW,1,4.34,8.618739242562317e-06,
TRISONAR,TRISONAR,1,4.34,8.618739242562317e-06,
JINKO SOLAR JKM540M72HL4 TV,JINKO SOLAR JKM540M72HL4-TV,1,4.32,8.57902155020028e-06,
INTELNBRAS,INTELNBRAS,1,4.32,8.57902155020028e-06,
JIKNO,JIKNO,1,4.32,8.57902155020028e-06,
JAM72S30 540,JAM72S30-540,1,4.32,8.57902155020028e-06,
SOLARHOYMILLES,SOLARHOYMILLES,1,4.32,8.57902155020028e-06,
PHHB,PHHB,1,4.32,8.57902155020028e-06,
SUNTRIO PLUS 25K LV,766 - SUNTRIO PLUS 25K-LV,1,4.32,8.57902155020028e-06,
BB POWER SF5KTN,BB Power / SF5KTN,1,4.32,8.57902155020028e-06,
SOFA HELTE,sofa/helte,1,4.32,8.57902155020028e-06,
ZXM6 NH 144 430 M,ZXM6-NH-144-430/M,1,4.3,8.53930385783824e-06,
HOYMILESC,HOYMILESc,1,4.29,8.519445011657221e-06,
GROWATT E 47 INTELBRAS,11 - GROWATT e 47 - INTELBRAS,1,4.29,8.519445011657221e-06,
TELBR AS,TELBR AS,1,4.28,8.499586165476203e-06,
BELANUS,Belanus,1,4.28,8.499586165476203e-06,
SOLPANET ASW5000 S,SOLPANET ASW5000-S,1,4.27,8.479727319295183e-06,
5KW 220W S6 GR1,5KW 220W S6 GR1,1,4.27,8.479727319295183e-06,
INVERSOR GROW MICRO INVERSOR,Inversor: GROW; Micro Inversor:,1,4.27,8.479727319295183e-06,
INVERSOR GORWATT MICRO INVERSOR,Inversor: GORWATT; Micro Inversor:,1,4.27,8.479727319295183e-06,
FNPHASE,FNPHASE,1,4.27,8.479727319295183e-06,
INVERSOR SOLIS MICRO INVERSOR DEYE,Inversor: SOLIS; Micro Inversor: DEYE,1,4.25,8.440009626933144e-06,
TSUNESS GROWATT,TSUNESS|GROWATT,1,4.25,8.440009626933144e-06,
SOLARIS SOLAR,SOLARIS SOLAR,1,4.24,8.420150780752125e-06,
5000TL X,410 - 5000TL-X,1,4.24,8.420150780752125e-06,
GROWAL X,GROWAL-X,1,4.23,8.400291934571107e-06,
APSYSTEM YC600,Apsystem/YC600,1,4.2,8.34071539602805e-06,
TELASUN TPH72P,TELASUN/ TPH72P,1,4.2,8.34071539602805e-06,
430 W,430 W,1,4.2,8.34071539602805e-06,
BALFAR SUNERGY,BALFAR SUNERGY,1,4.2,8.34071539602805e-06,
X1 4 2 T D L,X1-4.2-T-D(L),1,4.2,8.34071539602805e-06,
PVI 4 2 TL,PVI-4.2-TL-,1,4.2,8.34071539602805e-06,
INVERSOR 1P3K 4G MICRO INVERSOR,Inversor: 1P3K-4G; Micro Inversor:,1,4.2,8.34071539602805e-06,
APSYSTEMS 11 GROWATT,APSYSTEMS / 11 - GROWATT,1,4.2,8.34071539602805e-06,
FRONIUS E APSYSTEMS,FRONIUS E APSYSTEMS,1,4.2,8.34071539602805e-06,
SUNERGY USA WORKS LLC,Sunergy Usa Works LLC,1,4.2,8.34071539602805e-06,
UL 440M144,UL-440M144,1,4.2,8.34071539602805e-06,
APYSTEM QSI BR 220,APYSTEM - QSI BR-220,1,4.2,8.34071539602805e-06,
SUNERGY SUN 72M H8 550WP,SUNERGY/ SUN-72M-H8 - 550Wp,1,4.2,8.34071539602805e-06,
CAMEX,CAMEX,1,4.2,8.34071539602805e-06,
YC1000 3 220 QS1A,YC1000-3- 220/QS1A,1,4.2,8.34071539602805e-06,
CSUNPOWER,CSUNPOWER,1,4.2,8.34071539602805e-06,
CS6W535MS,CS6W535MS,1,4.2,8.34071539602805e-06,
NHB,NHB,1,4.2,8.34071539602805e-06,
TSM 400 DE15M II CS3U 365P AG,TSM-400-DE15M(II) | CS3U 365P-AG,1,4.19,8.320856549847031e-06,
BAB,BAB,1,4.16,8.261280011303972e-06,
RONEVIGI,RONEVIGI,1,4.16,8.261280011303972e-06,
W M LAUDISIO JUNIOR,W M LAUDISIO JUNIOR,2,4.140000000000001,8.221562318941935e-06,
19 53,"19,53",1,4.14,8.221562318941932e-06,
SUN 5K SG03LP1 EU,SUN-5K-SG03LP1-EU,1,4.14,8.221562318941932e-06,
BELENER GY PLUS BEL 5K G,BELENER GY PLUS/BEL-5K-G,1,4.14,8.221562318941932e-06,
AE SOLA,AE Sola,1,4.14,8.221562318941932e-06,
CS6X 275P,CS6x-275P,1,4.13,8.201703472760914e-06,
2X APSYSTEMS 1X DEYE,2x (APSYSTEMS) + 1x (DEYE),1,4.12,8.181844626579896e-06,
BEL ENERGY PLUS 5K,BEL ENERGY PLUS 5K,1,4.1,8.142126934217856e-06,
5000TL S,5000TL-S,1,4.1,8.142126934217856e-06,
MF00585,MF00585,1,4.1,8.142126934217856e-06,
R5 4K S2 60HZ,R5 4K S2 (60Hz),1,4.1,8.142126934217856e-06,
SANNY BOY,SANNY BOY,1,4.1,8.142126934217856e-06,
18 06,18.06,1,4.1,8.142126934217856e-06,
FOXESSF5000,FoxESSF5000,1,4.1,8.142126934217856e-06,
JKM410M 72H,JKM410M-72H,1,4.1,8.142126934217856e-06,
AP SYSTTEMS,AP Systtems,3,4.1,8.142126934217856e-06,
CANADINA SOLAR RESUN,"CANADINA SOLAR, RESUN ",1,4.1,8.142126934217856e-06,
SOFAR1,SOFAR1,1,4.1,8.142126934217856e-06,
GYPONTECH,gypontech,1,4.09,8.122268088036838e-06,
INTELBRAS LIVOLTEK,INTELBRAS / LIVOLTEK,1,4.09,8.122268088036838e-06,
EAST EA7KSL,East Ea7ksl,1,4.08,8.10240924185582e-06,
SOLIS1PK5,SOLIS1PK5,1,4.08,8.10240924185582e-06,
GOODWAE GW5000T DS,GOODWAE GW5000T-DS,1,4.08,8.10240924185582e-06,
540 MB,540/MB,1,4.08,8.10240924185582e-06,
HOYMILES DEYE SOLAR,HOYMILES / DEYE SOLAR,1,4.08,8.10240924185582e-06,
EAST EA3KSI TOURIGA 3000 2,EAST - EA3KSI / TOURIGA 3000 2,1,4.08,8.10240924185582e-06,
ELLIES,ELLIES,1,4.08,8.10240924185582e-06,
EAST EA3KSI TOURIGA 3000 26 Z,EAST - EA3KSI / Touriga 3000 26 Z,1,4.08,8.10240924185582e-06,
TRINA TSM DE18M II 510W,TRINA TSM-DE18M(II) - 510W,1,4.08,8.10240924185582e-06,
SMASB,SMASB,1,4.08,8.10240924185582e-06,
POWER SUPPLY CO LTD,"Power Supply Co., Ltd",1,4.06,8.06269154949378e-06,
HELIUS ASTER,HELIUS ASTER,1,4.06,8.06269154949378e-06,
JKM450M 60HL4 V 60M HC 450W TIGER PRO MONO PERC,JKM450M-60HL4-V 60M HC 450W TIGER PRO MONO PERC,1,4.05,8.04283270331276e-06,
TSM DE 17M II,TSM-DE 17M(II),1,4.05,8.04283270331276e-06,
OFAR 5KTLM G2,OFAR 5KTLM-G2,1,4.05,8.04283270331276e-06,
BELENERYG,BELENERYG,1,4.05,8.04283270331276e-06,
HYPOTECH HPS 6500D,HYPOTECH/HPS-6500D,1,4.05,8.04283270331276e-06,
BELENERGY BEL 5K PLUS,BELENERGY / Bel 5K Plus,1,4.05,8.04283270331276e-06,
GOODWUE,GOODWUE,1,4.04,8.022973857131742e-06,
RISEN ENERGY BRASIL,RISEN ENERGY BRASIL,1,4.04,8.022973857131742e-06,
GOOW,GOOW,1,4.04,8.022973857131742e-06,
NORTHEN ELETRIC POWER,NORTHEN ELETRIC POWER,1,4.03,8.003115010950724e-06,
INVERSOR MICRO INVERSOR WVC,Inversor: ; Micro Inversor: wvc,3,4.0200000000000005,7.983256164769706e-06,
GROWATTM,GROWATTM,1,4.02,7.983256164769704e-06,
RENOVIGE RENO 4K PLUS,RENOVIGE RENO 4K PLUS,1,4.02,7.983256164769704e-06,
MOSCATO,– MOSCATO,1,4.01,7.963397318588684e-06,
5 27,"5,27",1,4.0,7.943538472407666e-06,
PERC RISEN 450W HALFCELL,PERC RISEN 450W HALFCELL,1,4.0,7.943538472407666e-06,
R5 4K S2SAJ,R5-4K-S2SAJ,1,4.0,7.943538472407666e-06,
BELENERGY PLU,BELENERGY PLU,1,4.0,7.943538472407666e-06,
1SOLIS SOLAR,1SOLIS SOLAR,1,4.0,7.943538472407666e-06,
SMA SB4 0 1AV 40,SMA SB4.0-1AV-40,1,4.0,7.943538472407666e-06,
RSM 144 7,RSM-144-7,1,4.0,7.943538472407666e-06,
WEG HUAWEI SIW500H M040,WEG(Huawei) - SIW500H-M040,1,4.0,7.943538472407666e-06,
INVERSOR SOLAR SIW300H M040,Inversor solar SIW300H M040,1,4.0,7.943538472407666e-06,
AP SYSTENS AP SYSTENS,AP SYSTENS AP SYSTENS,1,4.0,7.943538472407666e-06,
KOYMILES,koymiles,1,4.0,7.943538472407666e-06,
HUA TECH,HUA TECH,1,4.0,7.943538472407666e-06,
KOMEC,KOMEC,1,4.0,7.943538472407666e-06,
KOFU IN KW AR,KOFU-IN-KW-AR,1,4.0,7.943538472407666e-06,
DS3D8,DS3D8,2,4.0,7.943538472407666e-06,
SCHNEIDER ELECTRIC CONEXT CL 60E,SCHNEIDER ELECTRIC // CONEXT CL – 60E,1,4.0,7.943538472407666e-06,
MICRO INVERSOR SOLAR 2000W,MICRO INVERSOR SOLAR 2000W,1,4.0,7.943538472407666e-06,
MICRO INVERSOR HOMYILES,Micro Inversor Homyiles,1,4.0,7.943538472407666e-06,
MICRO INVERSOR HOMILES,MICRO INVERSOR HOMILES,1,4.0,7.943538472407666e-06,
MICRO BEL ENERGY,MICRO BEL ENERGY,1,4.0,7.943538472407666e-06,
NANSSEN,Nanssen,1,4.0,7.943538472407666e-06,
SUNGROUD,sungroud,1,4.0,7.943538472407666e-06,
AP SYSTEMS ALTENERGR POWWER,AP SYSTEMS ALTENERGR POWWER,1,4.0,7.943538472407666e-06,
BELENERGY BEL2000G3US 220,BELENERGY/BEL2000G3US-220,1,4.0,7.943538472407666e-06,
BELENERGY BEL2000G3,Belenergy / BEL2000G3-,1,4.0,7.943538472407666e-06,
CPS SC4KTL,CPS SC4KTL,1,4.0,7.943538472407666e-06,
MICRO INVERSO ONGRIDEDEYE,MICRO INVERSO ONGRIDEDEYE,1,4.0,7.943538472407666e-06,
MICRO HYXI POWER,MICRO HYXI POWER,1,4.0,7.943538472407666e-06,
RENO C 555 PA555WMCY,RENO-C 555 PA555WMCY,1,4.0,7.943538472407666e-06,
REGOVI,REGOVI,1,4.0,7.943538472407666e-06,
REGIVIGI,REGIVIGI,1,4.0,7.943538472407666e-06,
DS3D 2000W 220V,DS3D 2000W 220V,1,4.0,7.943538472407666e-06,
AP SYSTEMSV,AP Systemsv,1,4.0,7.943538472407666e-06,
INVERSOR SOLI MICRO INVERSOR,Inversor: SOLI; Micro Inversor:,1,4.0,7.943538472407666e-06,
MICRO BELENERGY PLUS BEL2000G3 US 220,MICRO BELENERGY PLUS / BEL2000G3-US-220,1,4.0,7.943538472407666e-06,
MICRO BELENERG Y PLUS,MICRO BELENERG Y PLUS,1,4.0,7.943538472407666e-06,
SMA SB4,SMA-SB4.,1,4.0,7.943538472407666e-06,
SMA SB 4 0 1 AV 40,SMA SB 4.0-1 AV 40,1,4.0,7.943538472407666e-06,
NP,NP,1,4.0,7.943538472407666e-06,
OMNIKSOL 4K,Omniksol-4k,1,4.0,7.943538472407666e-06,
DEWIE,DEWIE,1,4.0,7.943538472407666e-06,
DEUSE,DEUSE,1,4.0,7.943538472407666e-06,
TSM DE18M II 510W TSM DE18M II 510WWEG,TSM-DE18M(II) 510W TSM-DE18M(II) 510WWEG,1,4.0,7.943538472407666e-06,
TSM DE18M 510 VERTEX S,TSM-DE18M-510 VERTEX S,1,4.0,7.943538472407666e-06,
FRONIUS4210066,FRONIUS4210066,1,4.0,7.943538472407666e-06,
RENOVAG,Renovag,1,4.0,7.943538472407666e-06,
BELENERGY BEL 4K,BELENERGY BEL 4K,1,4.0,7.943538472407666e-06,
BELENERGY BEL 2K G,BelEnergy / BEL-2K-G,1,4.0,7.943538472407666e-06,
SE SOLAR,se solar,1,4.0,7.943538472407666e-06,
1 4KTLM G2,1	4KTLM-G2,1,4.0,7.943538472407666e-06,
DYE SUN,DYE SUN,1,4.0,7.943538472407666e-06,
RENO 4KPLUS,RENO–4Kplus,1,4.0,7.943538472407666e-06,
RENO 4K HC,RENO-4K-HC,1,4.0,7.943538472407666e-06,
RENO 4K,Reno 4K,1,4.0,7.943538472407666e-06,
INVERSOR DEYEE MICRO INVERSOR,Inversor: DEYEE; Micro Inversor:,1,4.0,7.943538472407666e-06,
SUNGRIN,SUNGRIN,1,4.0,7.943538472407666e-06,
APSYETEMS,APSYETEMS,1,4.0,7.943538472407666e-06,
EMPREENDIMENTOS PAGUE MENOS S A,EMPREENDIMENTOS PAGUE MENOS S A,1,4.0,7.943538472407666e-06,
TSM DEG15H20 II 410W,TSM-DEG15H20(II)-410W,1,4.0,7.943538472407666e-06,
TSM DEG15H20 II 405W,TSM-DEG15H20(II)-405W,1,4.0,7.943538472407666e-06,
TSM DE2166533MM,TSM-DE2166533MM,1,4.0,7.943538472407666e-06,
DETYE,DETYE,1,4.0,7.943538472407666e-06,
APSTSYEMS,APSTSYEMS,1,4.0,7.943538472407666e-06,
APS INVERSORES,APS INVERSORES,1,4.0,7.943538472407666e-06,
SIW300H M040 L1 SUN2000L 4KTL L1,SIW300H M040 L1 (SUN2000L-4KTL-L1),1,4.0,7.943538472407666e-06,
VHUAWEI,vHuawei,1,4.0,7.943538472407666e-06,
BEL ENUS LTDA,Bel enus LTDA,1,4.0,7.943538472407666e-06,
BELELERGY,BELELERGY,1,4.0,7.943538472407666e-06,
BEL4KG,BEL4KG,1,4.0,7.943538472407666e-06,
BEL2000G3 US 220V,BEL2000G3-US-220V,1,4.0,7.943538472407666e-06,
SOUENERGY,SOUENERGY,1,4.0,7.943538472407666e-06,
4K DAYER,4K DAYER,1,4.0,7.943538472407666e-06,
LR5 72HPH 530 550M,LR5-72HPH 530-550M,1,4.0,7.943538472407666e-06,
HOPERSUN,HOPERSUN,1,4.0,7.943538472407666e-06,
DIZ,DIZ,1,4.0,7.943538472407666e-06,
INVERSOR MICRO INVERSOR NEP DEYE GROWATT,Inversor: ; Micro Inversor: NEP/DEYE/GROWATT,1,4.0,7.943538472407666e-06,
SUNDOW,SUNDOW,1,4.0,7.943538472407666e-06,
APSYSTEH,apsysteh,1,4.0,7.943538472407666e-06,
SIW 300H M040 SUN2000L 4KTL,SIW 300H-M040 (SUN2000L-4KTL),1,4.0,7.943538472407666e-06,
HIKU5 500 SE3680,HiKu5 - 500 SE3680,1,4.0,7.943538472407666e-06,
MI 2000,MI-2000,1,4.0,7.943538472407666e-06,
FRENIUS PRIMO IG PLUS,FRENIUS PRIMO IG PLUS,1,4.0,7.943538472407666e-06,
SB 4 0,SB 4.0,1,4.0,7.943538472407666e-06,
MINVHOY,Minvhoy,1,4.0,7.943538472407666e-06,
INVERSOR MICRO INVERSOR SOL PLANET,Inversor: ; Micro Inversor: SOL PLANET,1,4.0,7.943538472407666e-06,
WOPEWIND,WOPEWIND,1,4.0,7.943538472407666e-06,
SAI ING,sai ing,1,4.0,7.943538472407666e-06,
TIGER PRO 72HC JKM530M 72HL4 V,Tiger Pro 72HC JKM530M-72HL4-V,1,4.0,7.943538472407666e-06,
71 993891777,(71) 993891777,1,4.0,7.943538472407666e-06,
P,P,1,4.0,7.943538472407666e-06,
RENOVING,RENOVING,1,4.0,7.943538472407666e-06,
ENTAO,ENTÃO,1,4.0,7.943538472407666e-06,
TSNUESS,Tsnuess,1,4.0,7.943538472407666e-06,
ZNSOLAR,Znsolar,1,4.0,7.943538472407666e-06,
ZXM6 NH144 430 M,ZXM6-NH144-430/M,1,4.0,7.943538472407666e-06,
ZXM6 NH144,ZXM6-NH144,1,4.0,7.943538472407666e-06,
SUN2000 G3 EU 220,SUN2000-G3-EU-220,1,4.0,7.943538472407666e-06,
ELEGIN,ELEGIN,1,4.0,7.943538472407666e-06,
SOLAR DAH,SOLAR DAH,1,4.0,7.943538472407666e-06,
SOLAR 04 KTLM 62,SOLAR/ 04 KTLM-62,1,4.0,7.943538472407666e-06,
MOD FOTOV LONGI,MOD. FOTOV. LONGI,1,4.0,7.943538472407666e-06,
KUMAX CS3U 335P,KUMAX CS3U-335P,1,4.0,7.943538472407666e-06,
SUN2000L 4KTL SIW300H M040,SUN2000L-4KTL (SIW300H M040),1,4.0,7.943538472407666e-06,
SUN2000G3 US 2,SUN2000G3- US-2,1,4.0,7.943538472407666e-06,
APSYSTEM APSYSTEM DS3D 220,APSYSTEM APSYSTEM / DS3D-220,1,4.0,7.943538472407666e-06,
INTEL BRASINTELBRAS,INTEL BRASINTELBRAS,1,4.0,7.943538472407666e-06,
INTEGRADO,INTEGRADO	,1,4.0,7.943538472407666e-06,
JAJMODE,jajmode,1,4.0,7.943538472407666e-06,
DEYEF,deyef,1,4.0,7.943538472407666e-06,
RENOVIGJ,RENOVIGJ,1,4.0,7.943538472407666e-06,
DEYEN,DEYEN,1,4.0,7.943538472407666e-06,
MIC 2500 TL X,MIC 2500 TL-X,1,4.0,7.943538472407666e-06,
DEYEMODELO,DEYEMODELO,1,4.0,7.943538472407666e-06,
BEL ENERGY PLUS BEL 4K G,BEL ENERGY PLUS BEL-4K-G,1,4.0,7.943538472407666e-06,
ECO SOLYS ECOS 2000,ECO SOLYS ECOS 2000,2,4.0,7.943538472407666e-06,
BEL ENERGY PLUS 4K,Bel Energy / Plus 4K,1,4.0,7.943538472407666e-06,
FLOMIS,FLOMIS,1,4.0,7.943538472407666e-06,
FIMER DEYE,FIMER; DEYE,1,4.0,7.943538472407666e-06,
SOFAR4KTLM,SOFAR4KTLM,1,4.0,7.943538472407666e-06,
WG SIW300H,WG SIW300H-,1,4.0,7.943538472407666e-06,
BELENER GY BEL 4K G,BELENER GY/BEL-4K-G,1,4.0,7.943538472407666e-06,
SUN2000G 3 US 220,SUN2000G 3-US-220,1,4.0,7.943538472407666e-06,
SUN2000G,719 - SUN2000G,1,4.0,7.943538472407666e-06,
SUN20000L 4KTL,sun20000l 4ktl,1,4.0,7.943538472407666e-06,
RUNERGY P TYPE,RUNERGY P-TYPE,1,4.0,7.943538472407666e-06,
HISEN,HISEN,1,4.0,7.943538472407666e-06,
WEGWEGWEG,WEGWEGWEG,1,4.0,7.943538472407666e-06,
PRIMOS 4 0,PRIMOS 4.0,1,4.0,7.943538472407666e-06,
BEL ENENRGY,BEL ENENRGY,1,4.0,7.943538472407666e-06,
NEEP,NEEP ,1,4.0,7.943538472407666e-06,
4 97,"4,97",1,4.0,7.943538472407666e-06,
TP7F72M H 550W,TP7F72M(H) -550W,1,4.0,7.943538472407666e-06,
4 00,"4,00",1,4.0,7.943538472407666e-06,
TSUN EMPALUX,TSUN | EMPALUX,1,4.0,7.943538472407666e-06,
RERE,RERE,1,4.0,7.943538472407666e-06,
XYXI POWER,XYXI POWER,1,4.0,7.943538472407666e-06,
PA SYSTEM,Pa-System,1,4.0,7.943538472407666e-06,
WVC,WVC,1,4.0,7.943538472407666e-06,
N EP,N EP,1,4.0,7.943538472407666e-06,
N AHUAWEIHUAWEI,N/AHUAWEIHUAWEI,1,4.0,7.943538472407666e-06,
SHAINEFAR,SHAINEFAR,1,4.0,7.943538472407666e-06,
BRDINSOLAR,BRDINSOLAR,1,4.0,7.943538472407666e-06,
WEGNANA,WEGNANA,1,4.0,7.943538472407666e-06,
TRINA SOLAR TSM PE15H 345W,TRINA SOLAR / 'TSM-PE15H-345W,1,4.0,7.943538472407666e-06,
TRINA SOLAR 400W MONO,TRINA SOLAR 400W MONO,1,4.0,7.943538472407666e-06,
25,25,3,4.0,7.943538472407666e-06,
TECCH POWER,Tecch Power,1,4.0,7.943538472407666e-06,
FVSUN SOLAR,FVSUN SOLAR,1,4.0,7.943538472407666e-06,
FACHINI SOLAR,Fachini Solar,1,4.0,7.943538472407666e-06,
PLUSOFT 4,plusoft 4,1,4.0,7.943538472407666e-06,
PLUSOFIT,PLUSOFIT,1,4.0,7.943538472407666e-06,
PI565 585NM101NAO INFORMADO,PI565-585NM101Não_Informado,1,4.0,7.943538472407666e-06,
FABRICANTE DO INVERSORAPSYSTEMS,FABRICANTE DO INVERSORAPSYSTEMS,1,4.0,7.943538472407666e-06,
SAJGUANGZHOU SANJING ELECTRIC,SAJGUANGZHOU SANJING ELECTRIC,1,4.0,7.943538472407666e-06,
2000S,2000S,2,4.0,7.943538472407666e-06,
24 05 2022,24/05/2022,1,4.0,7.943538472407666e-06,
22 36,"22,36",1,4.0,7.943538472407666e-06,
22,22,4,4.0,7.943538472407666e-06,
INVDE MO 220V 4KW,INVDE-MO-220V-4KW,1,4.0,7.943538472407666e-06,
INVERSOR AEG MICRO INVERSOR,Inversor: AEG; Micro Inversor:,1,4.0,7.943538472407666e-06,
CS6P 265P CNE 260P,CS6P 265P / CNE 260P,1,4.0,7.943538472407666e-06,
HMS2000DW,HMS2000DW/,1,4.0,7.943538472407666e-06,
HMS 2000B4T,HMS-2000B4T,1,4.0,7.943538472407666e-06,
JKM400M 72HL V,JKM400M-72HL-V,1,4.0,7.943538472407666e-06,
JKM400 72H V,JKM400-72H-V,1,4.0,7.943538472407666e-06,
TECH POWET,TECH POWET,1,4.0,7.943538472407666e-06,
TECH POER,tech poer,1,4.0,7.943538472407666e-06,
HOYMILLIES,HOYMILLIES,1,4.0,7.943538472407666e-06,
SOLAR ENERGY DO,SOLAR ENERGY DO,1,4.0,7.943538472407666e-06,
HAAWIQTD,HAAWIQTD,1,4.0,7.943538472407666e-06,
RENVIGI RENO 4K HC,renvigi/Reno-4k-hc,1,4.0,7.943538472407666e-06,
HOYMLLES HOYMLLES,"HOYMLLES, HOYMLLES",1,4.0,7.943538472407666e-06,
MFVHO MO 1566 600W,MFVHO-MO-1566-600W,1,4.0,7.943538472407666e-06,
DEYE00,DEYE00,1,4.0,7.943538472407666e-06,
MEYER,MEYER,1,4.0,7.943538472407666e-06,
SOLISS6 GR1P4K,SOLISS6-GR1P4K,1,4.0,7.943538472407666e-06,
INVERSOR 01,INVERSOR 01,3,4.0,7.943538472407666e-06,
APSYSTENM,APSYSTENM,1,4.0,7.943538472407666e-06,
OSFAR,OSFAR,1,4.0,7.943538472407666e-06,
62,62,1,4.0,7.943538472407666e-06,
SIW100G,SIW100G,1,4.0,7.943538472407666e-06,
H UAWEI,H uawei,1,4.0,7.943538472407666e-06,
TSUNMOD,tsunmod,2,4.0,7.943538472407666e-06,
ELG590 M78HLP,ELG590-M78HLP,1,4.0,7.943538472407666e-06,
INTELBRAAS,intelbraas,1,4.0,7.943538472407666e-06,
DHMSOLAR,DHMsolar,1,4.0,7.943538472407666e-06,
SG 4K D,SG 4K-D,1,4.0,7.943538472407666e-06,
WEGRSM156 6 445M,wegRSM156-6- 445M,1,4.0,7.943538472407666e-06,
SUN SUN 4K G,SUN/SUN-4K-G,1,4.0,7.943538472407666e-06,
RESUNRESUN,RESUNRESUN,1,4.0,7.943538472407666e-06,
SB SOLAR,SB SOLAR,1,4.0,7.943538472407666e-06,
SELO TIER,SELO TIER,1,4.0,7.943538472407666e-06,
SB 40 E PPP,SB 40 e PPP,1,4.0,7.943538472407666e-06,
FRONIOUS PRIMO 4 0 1,Fronious/Primo 4.0-1,1,4.0,7.943538472407666e-06,
FRONIUOS,Froniuos,1,4.0,7.943538472407666e-06,
FRONIUIS PRIMO,FRONIUIS PRIMO,1,4.0,7.943538472407666e-06,
SUN DYE,SUN DYE	,1,4.0,7.943538472407666e-06,
AA,AA,1,4.0,7.943538472407666e-06,
HYP10 156H460W,HYP10/156H460W,1,4.0,7.943538472407666e-06,
TUSNESS,TUSNESS,1,4.0,7.943538472407666e-06,
OMINKSOL2,Ominksol2,1,4.0,7.943538472407666e-06,
OMINKSOL 4K,OMINKSOL 4k-,1,4.0,7.943538472407666e-06,
APSYSTEMSQS1A,APSYSTEMSQS1A-,1,4.0,7.943538472407666e-06,
JKM465M 7RL,JKM465M-7RL,1,4.0,7.943538472407666e-06,
SUN M225G4 EU Q,SUN M225G4 EU Q,1,4.0,7.943538472407666e-06,
HOYMILTS,HOYMILtS,1,4.0,7.943538472407666e-06,
SMA TECHNOLOGIA,SMA TECHNOLOGIA,1,4.0,7.943538472407666e-06,
INVERSOR SUNOVA MICRO INVERSOR,Inversor: SUNOVA; Micro Inversor:,1,4.0,7.943538472407666e-06,
MAC25KT L3 XL,MAC25KT L3-XL,1,4.0,7.943538472407666e-06,
SMA SUNNYBOY 4 00,SMA SUNNYBOY 4.00,1,4.0,7.943538472407666e-06,
SOLAR OSDA,Solar Osda,1,4.0,7.943538472407666e-06,
AC 335P 72S,AC-335P/72S,1,4.0,7.943538472407666e-06,
G4K D,G4K-D,1,4.0,7.943538472407666e-06,
S OLIS,S OLIS,1,4.0,7.943538472407666e-06,
CHSM6612P 345W,CHSM6612P-345W,1,4.0,7.943538472407666e-06,
APSYTEMS DS3D,APSYTEMS DS3D,1,4.0,7.943538472407666e-06,
SUN 5KG05P1 EUA,SUN-5KG05P1-EUA,1,4.0,7.943538472407666e-06,
CHSM6612P 330,CHSM6612P-330,1,4.0,7.943538472407666e-06,
RENOVIG RENO 4K PLUS,RENOVIG RENO-4K-PLUS,1,4.0,7.943538472407666e-06,
SUN 4KG05P1 EUA,SUN-4KG05P1-EUA,1,4.0,7.943538472407666e-06,
GCL M3 72H,GCL-M3/72H,1,4.0,7.943538472407666e-06,
BELL ENERGY PLUS,BELL ENERGY PLUS,1,4.0,7.943538472407666e-06,
DEYE2000W,Deye2000w,1,4.0,7.943538472407666e-06,
GOODWEE GW5000D NS,GOODWEE/GW5000D-NS,1,4.0,7.943538472407666e-06,
SW4000 S G2,1568 - SW4000-S-G2,1,4.0,7.943538472407666e-06,
UAEI,uaei,1,4.0,7.943538472407666e-06,
INVERSOR UNO DM 4 0,Inversor UNO-DM-4.0-,1,4.0,7.943538472407666e-06,
HY M10 144H550WSOFAR SOLAR,HY-M10/144H550WSOFAR SOLAR,1,4.0,7.943538472407666e-06,
SERAPHIM 605 62,SERAPHIM 605 62,1,4.0,7.943538472407666e-06,
HY M10 144H550W,HY-M10/144H550W,1,4.0,7.943538472407666e-06,
APYSSTEM,apysstem ,1,4.0,7.943538472407666e-06,
EMSH 555 HC,EMSH 555 HC,1,4.0,7.943538472407666e-06,
DHN 72X16 DG 585NAO IDENTIFICADO,DHN-72X16/DG-585Não_Identificado,1,4.0,7.943538472407666e-06,
HY M10 144H 570WENPHASE,HY-M10/144H-570WENPHASE,1,4.0,7.943538472407666e-06,
BEDINSLAR,BEDINSLAR,1,4.0,7.943538472407666e-06,
HARNERSUN,HARNERSUN,1,4.0,7.943538472407666e-06,
CS3W550MS,CS3W550MS,1,4.0,7.943538472407666e-06,
CS3W500MS,CS3W500MS,1,4.0,7.943538472407666e-06,
CS3W460MS,CS3W460MS,1,4.0,7.943538472407666e-06,
ELGINL,ELGINL,1,4.0,7.943538472407666e-06,
RSM144 9550M,RSM144-9550M,2,4.0,7.943538472407666e-06,
SMA SUNNY TRIPOWER 20000TL 3X E 15000TL,SMA // Sunny Tripower 20000TL (3x) e 15000TL,1,4.0,7.943538472407666e-06,
HOLMYES,HOLMYES,1,4.0,7.943538472407666e-06,
UNO DM 4 0 TLPLUS SB,UNO-DM-4.0-TLPLUS-SB,1,4.0,7.943538472407666e-06,
UNO DM 4 0 TL,UNO-DM-4.0-TL-,1,4.0,7.943538472407666e-06,
3624896357,3624896357,1,4.0,7.943538472407666e-06,
IRENOVIGI,IRENOVIGI,1,4.0,7.943538472407666e-06,
MONO RSM144 6385 WP,MONO RSM144-6385 Wp,1,4.0,7.943538472407666e-06,
AS SOLAR ES NEOSOLAR,AS Solar ES NeoSolar,1,4.0,7.943538472407666e-06,
FORNIUS PRIMO 4 0 1,Fornius 	Primo 4.0-1,1,4.0,7.943538472407666e-06,
HOYMILES7HMS 2000 4 T,HOYMILES7HMS-2000-4 T,1,4.0,7.943538472407666e-06,
HOYMILESMODELO DO INVERSORHMS,HOYMILESMODELO DO INVERSORHMS,1,4.0,7.943538472407666e-06,
CANADI AN,CANADI AN,1,4.0,7.943538472407666e-06,
MODULO SOLAR GCL MONOCRISTALINO 400W,MODULO SOLAR GCL MONOCRISTALINO 400W,1,4.0,7.943538472407666e-06,
DATASHEET UNO DM 4 0 TL PLUS SB Q,Datasheet/UNO-DM-4.0-TL-PLUS-SB-Q,1,4.0,7.943538472407666e-06,
MODULO MONOCRISTALINO 455 WP,Módulo Monocristalino 455 Wp,1,4.0,7.943538472407666e-06,
BEYOUNDSUN,BEYOUNDSUN,1,4.0,7.943538472407666e-06,
BELERNEGY BEL 4K G,BELERNEGY/BEL-4K-G,1,4.0,7.943538472407666e-06,
BELERGY BEL 4K G,BELERGY/ BEL-4K-G,1,4.0,7.943538472407666e-06,
HEAWEI,HEAWEI,1,4.0,7.943538472407666e-06,
ASTRONEJ,astronej,1,4.0,7.943538472407666e-06,
ASN 4SL PLUS,2099 - ASN-4SL-PLUS,1,4.0,7.943538472407666e-06,
HCP72X9 370W,HCP72X9-370W,1,4.0,7.943538472407666e-06,
AEREO,AÉREO,1,4.0,7.943538472407666e-06,
ECORI COM,Ecori Com.,1,4.0,7.943538472407666e-06,
F,F,2,4.0,7.943538472407666e-06,
JNG SS 550 72MDH 550W,JNG-SS-550-72MDH 550W,1,4.0,7.943538472407666e-06,
INVERSORES STRING MONOFASICO,INVERSORES STRING-MONOFÁSICO,1,4.0,7.943538472407666e-06,
SUSUNGROW,suSUNGROW,1,4.0,7.943538472407666e-06,
CS6W 555MSBELENERGY,CS6W-555MSBELENERGY,1,4.0,7.943538472407666e-06,
CSI 4KTL1P GI FL,CSI-4KTL1P-GI-FL,1,4.0,7.943538472407666e-06,
CSI 4KTL GI FL,CSI-4KTL-GI-FL,1,4.0,7.943538472407666e-06,
NEPS SOLAR,NEPS-SOLAR,1,4.0,7.943538472407666e-06,
RENO4K HC,RENO4K-HC,1,4.0,7.943538472407666e-06,
INTELBRASMICRO,INTELBRASMICRO,1,4.0,7.943538472407666e-06,
ALENERGY,ALENERGY,1,4.0,7.943538472407666e-06,
UNO SM,UNO-SM,1,4.0,7.943538472407666e-06,
ORIZON ORI,ORIZON Ori,1,4.0,7.943538472407666e-06,
MONOFASICO 2MPP,MONOFASICO 2MPP,1,4.0,7.943538472407666e-06,
JUSBRASIL,Jusbrasil,1,4.0,7.943538472407666e-06,
AFORE NEW ENERGY TECHNOLOGY SHANGHAI CO LTD,"AFORE NEW ENERGY TECHNOLOGY (SHANGHAI)CO., LTD",1,4.0,7.943538472407666e-06,
SG4RS,SG4RS,1,4.0,7.943538472407666e-06,
SG4K,SG4K,1,4.0,7.943538472407666e-06,
SOLAR SUNOVA,SOLAR SUNOVA,1,4.0,7.943538472407666e-06,
Q PEAK LG5,Q PEAK LG5,1,4.0,7.943538472407666e-06,
BAL EBERGY,BAL EBERGY,1,4.0,7.943538472407666e-06,
BELENERGYS,BELENERGYS,1,4.0,7.943538472407666e-06,
TSM DE08M 370,TSM-DE08M 370,1,4.0,7.943538472407666e-06,
SAR5,SAR5,1,4.0,7.943538472407666e-06,
FRENO,FRENO,1,4.0,7.943538472407666e-06,
GW 5000XS,GW 5000XS,1,4.0,7.943538472407666e-06,
CANDAIN,CANDAIN,1,4.0,7.943538472407666e-06,
HOYIMLES,HOYIMLES,1,4.0,7.943538472407666e-06,
HOYHOYMILLES,HOYHOYMILLES,1,4.0,7.943538472407666e-06,
TSM 610NEG19RC 20HOYMILES,TSM-610NEG19RC.20Hoymiles,1,4.0,7.943538472407666e-06,
RENOFI,renofi,1,4.0,7.943538472407666e-06,
SUM,SUM,1,4.0,7.943538472407666e-06,
SUINGROW,SUINGROW,1,4.0,7.943538472407666e-06,
OSDA ODA545 36V MH,OSDA ODA545-36V-MH,1,4.0,7.943538472407666e-06,
PRIMO 4KW POT MAX 4000W 4KW,Primo 4kw Pot.Máx. 4000w (4kw),1,4.0,7.943538472407666e-06,
RISEN ENERGY CO LTD,Risen Energy CO. LTD,1,4.0,7.943538472407666e-06,
SMA SOLAR TECHNOLOGY AG SOLAR ENERGY DO BRASIL LTDA,SMA Solar Technology AG - Solar Energy do Brasil Ltda.,1,4.0,7.943538472407666e-06,
1P4K4G,1P4K4G,1,4.0,7.943538472407666e-06,
1P4K 4G MONOFASICO 220V 2 MPPT,1P4K-4G MONOFÁSICO 220V 2 MPPT,1,4.0,7.943538472407666e-06,
550 HCENPHASE,550 HCENPHASE,1,4.0,7.943538472407666e-06,
DEYEY,DEYEY,1,4.0,7.943538472407666e-06,
RENO VIGI,RENO VIGI,1,4.0,7.943538472407666e-06,
DEYEW,DEYEW,1,4.0,7.943538472407666e-06,
ALTERNERGY POWER SYSTEMS MEXICO S A DE C V,Alternergy Power Systems Mexico S.A de C.V,1,4.0,7.943538472407666e-06,
DHTM60X10 460W,DHTM60X10-460W,1,4.0,7.943538472407666e-06,
RENO RENO 4K PLUS,RENO/RENO 4K PLUS,1,4.0,7.943538472407666e-06,
HUAWEIC,HUAWEIC,1,4.0,7.943538472407666e-06,
RISEN RSM144 6 415M,Risen - RSM144-6-415M,1,4.0,7.943538472407666e-06,
HUAWEI WEG SUN200L 4KTL,Huawei/weg/Sun200L-4KTL,1,4.0,7.943538472407666e-06,
HUAWEI WEG SUN2000L 4KTL SIW300H M040,HUAWEI/WEG/SUN2000L-4KTL(SIW300H M040),1,4.0,7.943538472407666e-06,
LONGIMODLR7 HGD 610,longimodlr7-hgd-610,1,4.0,7.943538472407666e-06,
SIW3,SIW3,1,4.0,7.943538472407666e-06,
ODA575 36V MH 575W,ODA575-36V-MH-575W,1,4.0,7.943538472407666e-06,
AMEISOLAR,AMEISOLAR,1,4.0,7.943538472407666e-06,
NGG,NGG,1,4.0,7.943538472407666e-06,
SOPIS,SOPIS,1,4.0,7.943538472407666e-06,
GE GEP 3 6 1 10,"GE GEP 3,6-1-10",1,4.0,7.943538472407666e-06,
SUNM225G4EUQ0,sunm225g4euq0,1,4.0,7.943538472407666e-06,
SONNY BOY SMA SOLAR,SONNY BOY SMA SOLAR,1,4.0,7.943538472407666e-06,
SUNGWOW,SUNGWOW,1,4.0,7.943538472407666e-06,
HORIZOM,horizom,1,4.0,7.943538472407666e-06,
SSOFAR,SSOFAR,1,4.0,7.943538472407666e-06,
HUAWEI TECHNOLOGIES CO LTD WEG SIW300H M040 OU,Huawei Technologies Co Ltd/ WEG SIW300H M040 ou,1,4.0,7.943538472407666e-06,
LP210 210 M 66 MH 670WNAO INFORMADO,LP210*210-M-66-MH-670WNão_Informado,1,4.0,7.943538472407666e-06,
TSM DE15M II 400P,TSM-DE15M(II)-400P,1,4.0,7.943538472407666e-06,
HUAWEI WEG SIW300H M040 SUN2000L 4KTL,HUAWEI/WEG/SIW300H M040 (SUN2000L-4KTL,1,4.0,7.943538472407666e-06,
HUAWEI WEG SIW300H M040,HUAWEI/WEG SIW300H M040,1,4.0,7.943538472407666e-06,
RENOIGI RENO 4K PLUS,RENOIGI - RENO 4K PLUS,1,4.0,7.943538472407666e-06,
RENOGINI,RENOGINI,1,4.0,7.943538472407666e-06,
ODA545 36V MH,ODA545-36V-MH,1,4.0,7.943538472407666e-06,
HUAWEI WEG SIW2000H 4KTL SUN3000L M040,HUAWEI/WEG/SIW2000H 4KTL (SUN3000L-M040),1,4.0,7.943538472407666e-06,
GLOBAL DE INVERSORES STRING,GLOBAL DE INVERSORES STRING,1,4.0,7.943538472407666e-06,
ZBENY,ZBENY,1,4.0,7.943538472407666e-06,
RENOVIGI457 39 0,RENOVIGI457;39;0),1,4.0,7.943538472407666e-06,
INVERSOR MICRO INVERSOR HOTMILES,Inversor: ; Micro Inversor: HOTMILES,1,4.0,7.943538472407666e-06,
RENCIVIGI RENO 4KPLUS,RENCIVIGI/ RENO 4KPLUS,1,4.0,7.943538472407666e-06,
000021 2024,000021 2024,1,4.0,7.943538472407666e-06,
DEYE 109 LIVOLTEK,64 - DEYE / 109 - LIVOLTEK,1,4.0,7.943538472407666e-06,
006290 2020,006290/2020,1,4.0,7.943538472407666e-06,
DEYDEY,DEYDEY,1,4.0,7.943538472407666e-06,
SUNGROWS,Sungrows,1,4.0,7.943538472407666e-06,
TP6H72P 400W,TP6H72P-400W,1,4.0,7.943538472407666e-06,
TM L2000M,2025 - TM-L2000M,1,4.0,7.943538472407666e-06,
INVERSOR MICRO INVERSOR APSYSTENS,Inversor: ; Micro Inversor: APsystens,1,4.0,7.943538472407666e-06,
1P4K,1P4K,1,4.0,7.943538472407666e-06,
WEG HUAWEI SUN2000L 4KTL,WEG/HUAWEI/SUN2000L-4KTL,1,4.0,7.943538472407666e-06,
HONOR OSDA,HONOR | OSDA,1,4.0,7.943538472407666e-06,
INVERSOR MICRO INVERSOR DAYE,Inversor: ; Micro Inversor: DAYE,1,4.0,7.943538472407666e-06,
JJA SOLAR,jja solar,1,4.0,7.943538472407666e-06,
1SUNGROW,1SUNGROW,1,4.0,7.943538472407666e-06,
BELENERGY MICROPLUS,BELENERGY MICROPLUS,1,4.0,7.943538472407666e-06,
FROBNIUS,FROBNIUS,1,4.0,7.943538472407666e-06,
BELENERGY INVSOMO 220V 4KW,BELENERGY / INVSOMO-220V-4KW,1,4.0,7.943538472407666e-06,
RS6 560M E3SAJ,RS6-560M-E3SAJ,1,4.0,7.943538472407666e-06,
NA HOYMILLES,NA HOYMILLES,1,4.0,7.943538472407666e-06,
000G3 MICROINVERTER,000G3 Microinverter,1,4.0,7.943538472407666e-06,
003271 2025,003271/2025,1,4.0,7.943538472407666e-06,
ZHEJIANG HYXI TECHNOLOGY CO LTD,"ZHEJIANG HYXI TECHNOLOGY CO., LTD",1,4.0,7.943538472407666e-06,
RS6 560M E3 560W,RS6-560M-E3 ¿ 560W,1,4.0,7.943538472407666e-06,
SANTERNO SUNWAY M PLUS,SANTERNO SUNWAY M PLUS,1,4.0,7.943538472407666e-06,
0EMPALUXEMPALUX,0EMPALUXEMPALUX,1,4.0,7.943538472407666e-06,
MICROBELENERGY PLUS MICROBELENERGY PLUS,MICROBELENERGY PLUS MICROBELENERGY PLUS,1,4.0,7.943538472407666e-06,
NS,3000-NS,1,4.0,7.943538472407666e-06,
T POWER,T-POWER,1,3.99,7.923679626226646e-06,
SAJJ,SAJJ,1,3.99,7.923679626226646e-06,
HOMILIS,homilis,1,3.99,7.923679626226646e-06,
10 545W E UL450M144,10 545W E UL450M144,1,3.98,7.903820780045628e-06,
POWER ONE ITALY S P A,Power One Italy S.P.A.,2,3.98,7.903820780045628e-06,
OMNIKASOL,OMNIKASOL,2,3.97,7.883961933864608e-06,
FRONIIS,FRONIIS,1,3.96,7.86410308768359e-06,
ODA330 36 P,ODA330-36-P,1,3.96,7.86410308768359e-06,
NHS GROWAT,NHS - Growat,1,3.96,7.86410308768359e-06,
INVERSON RINOVIGI 5 KW,inverson rinovigi 5 kw,1,3.96,7.86410308768359e-06,
APSTEAMS,APSteams,1,3.96,7.86410308768359e-06,
PS330W72CP,PS330W72CP,1,3.96,7.86410308768359e-06,
JAP72S01 330,JAP72S01-330,1,3.96,7.86410308768359e-06,
S ENERGY,S ENERGY,1,3.96,7.86410308768359e-06,
ECSOLARYS,ECSOLARYS,2,3.95,7.84424424150257e-06,
QS1 1200W 553 QS1A,258 - QS1 1200W;553 - QS1A,1,3.94,7.82438539532155e-06,
BEDN SOLAR,BEDN SOLAR,1,3.92,7.784667702959512e-06,
3 92,"3,92",1,3.92,7.784667702959512e-06,
SOILIS,soilis,1,3.92,7.784667702959512e-06,
ESPSC 390,ESPSC-390,1,3.9,7.744950010597474e-06,
YL260 29B,YL260-29B,1,3.9,7.744950010597474e-06,
ON GRID MODELO SUN 3K G,ON GRID MODELO SUN-3K-G,1,3.9,7.744950010597474e-06,
ALTENERGY POWER YC1000,Altenergy Power – YC1000,1,3.9,7.744950010597474e-06,
ZATECH,ZATECH,1,3.9,7.744950010597474e-06,
NHLD144 400 M 400W,NHLD144-400/M 400W,1,3.9,7.744950010597474e-06,
SERRANA 5000,SERRANA 5000,1,3.9,7.744950010597474e-06,
ACTIVE ENERGY STORAGE GMBH,Active Energy Storage GmbH,1,3.89,7.725091164416454e-06,
INVERSOR IONS MICRO INVERSOR,Inversor: IONS; Micro Inversor:,1,3.89,7.725091164416454e-06,
SN144 555W,SN144 555W,1,3.89,7.725091164416454e-06,
HELIUSENERGY,HeliusEnergy,1,3.88,7.705232318235435e-06,
BELNEERGY,BELNEERGY,1,3.88,7.705232318235435e-06,
SOLPLAN E,SOLPLAN E,1,3.88,7.705232318235435e-06,
HOPEWINDQ,Hopewindq,1,3.88,7.705232318235435e-06,
OEYE,OEYE,1,3.85,7.645655779692378e-06,
UNO DM TL,UNO-DM-TL-,1,3.85,7.645655779692378e-06,
FOX FSERIES,FOX FSERIES,1,3.85,7.645655779692378e-06,
SIW100G M010,SIW100G M010,1,3.85,7.645655779692378e-06,
DNS GREY,DNS-Grey,1,3.85,7.645655779692378e-06,
EMSH 550 HC,EMSH 550 HC	,1,3.85,7.645655779692378e-06,
BELENERGY MICRO BELENERGY MICRO,BELENERGY-MICRO BELENERGY MICRO,1,3.85,7.645655779692378e-06,
BELENERGY S6 GR1P5K,BELENERGY S6-GR1P5K,1,3.85,7.645655779692378e-06,
MOD FOTOV DAH 550W,MOD. FOTOV. DAH 550W,1,3.85,7.645655779692378e-06,
4KTML G3,4KTML-G3,1,3.85,7.645655779692378e-06,
SUN2000G3 US 220 E S6 GR1P5K,SUN2000G3-US-220 E S6-GR1P5K,1,3.85,7.645655779692378e-06,
SIW 300,SIW 300,1,3.85,7.645655779692378e-06,
HY M10144 550W,HY-M10144-550W,1,3.85,7.645655779692378e-06,
BELENERGY MIN5000TL X,BELENERGY / MIN5000TL-X,1,3.85,7.645655779692378e-06,
FABRICANTE DO S INVERSOR ES BELENERGY,Fabricante do(s) Inversor(es) BELENERGY,1,3.85,7.645655779692378e-06,
WEIDMULLER,Weidmuller,1,3.84,7.625796933511359e-06,
OMNIK SINGLE PHASE INVERTER,Omnik Single Phase Inverter,1,3.84,7.625796933511359e-06,
APYSISTEN,APYsisten,1,3.84,7.625796933511359e-06,
PHOTON,Photon,1,3.84,7.625796933511359e-06,
MODULO FOTOV LONGI,MODULO FOTOV. LONGI,1,3.82,7.5860792411493205e-06,
C A NADIA,C A NADIA,1,3.81,7.5662203949683015e-06,
5KTM G2,5KTM-G2,1,3.81,7.5662203949683015e-06,
BELENERGY PLUS 220V 4KW,BELENERGY PLUS 220V 4KW,1,3.8,7.546361548787282e-06,
AAP,AAP,2,3.8,7.546361548787282e-06,
POWER OBE,POWER OBE,1,3.8,7.546361548787282e-06,
JUNKO SOLAR,JUNKO SOLAR,1,3.76,7.466926164063205e-06,
MICRI INVERSOR APSYSTEM QS1 BR 220,Micri inversor Apsystem (QS1-BR-220),1,3.75,7.447067317882186e-06,
27500TL LV,27500TL-LV,1,3.75,7.447067317882186e-06,
AECONVERSION GMBH CO,AEconversion GmbH & Co.,1,3.75,7.447067317882186e-06,
BELNERGYPLUS,BELNERGYPLUS,1,3.74,7.427208471701168e-06,
KOFV FR 340 AR,KOFV FR 340 - AR,1,3.74,7.427208471701168e-06,
DEYI,DEYI,1,3.74,7.427208471701168e-06,
NEYONDSUN,NEYONDSUN,1,3.74,7.427208471701168e-06,
2X MI 1500 1X MI 700,2x MI-1500 1x MI-700,1,3.7,7.347773086977092e-06,
ESGT05K,esgt05k,1,3.7,7.347773086977092e-06,
ORIZON ORI PLUS 4K M,ORIZON - ORI PLUS 4K-M,1,3.69,7.327914240796072e-06,
PHK 36 SERIES 5BB 335 PHK,PHK-36-SERIES-5BB 335 PHK,1,3.68,7.308055394615053e-06,
MODULO AE SOLAR,MODULO AE SOLAR,1,3.68,7.308055394615053e-06,
SALAREDGE,SALAREDGE,1,3.68,7.308055394615053e-06,
BELENER GY PLUS BEL4K G,BELENER GY PLUS/ BEL4K-G,1,3.68,7.308055394615053e-06,
INPHASE,INPHASE,1,3.68,7.308055394615053e-06,
LORAREFGE,LORAREFGE,1,3.68,7.308055394615053e-06,
IQ7AM 72 2 US,IQ7AM-72-2-US,1,3.68,7.308055394615053e-06,
JINKPO,JINKPO,1,3.68,7.308055394615053e-06,
EDGE HD,EDGE HD,1,3.68,7.308055394615053e-06,
005407 2020,005407/2020,1,3.68,7.308055394615053e-06,
SRP 610 BMB BG,SRP-610-BMB-BG,1,3.66,7.268337702253015e-06,
GCL NT12R 66GDF610SAJ,GCL-NT12R/66GDF610SAJ,1,3.66,7.268337702253015e-06,
DWEYE,DWEYE,2,3.65,7.248478856071994e-06,
MICRO INVERTER,MICRO INVERTER,2,3.65,7.248478856071994e-06,
DEYE INVERTER SUNGROW POWER SUPLY,DEYE INVERTER // SUNGROW POWER SUPLY,1,3.65,7.248478856071994e-06,
GCL M3 72H 405,GCL-M3-72H 405,1,3.65,7.248478856071994e-06,
HOYMALIS,Hoymalis,1,3.65,7.248478856071994e-06,
SG5KD,SG5KD,1,3.64,7.228620009890976e-06,
JKM405M 72H,JKM405M-72H,1,3.64,7.228620009890976e-06,
SENERGY SE 6KTL S1 G2,SENERGY SE 6KTL-S1/G2,1,3.64,7.228620009890976e-06,
GER,GER,1,3.64,7.228620009890976e-06,
HOPPEWIND,hoppewind,1,3.64,7.228620009890976e-06,
ENPLASE,ENPLASE,1,3.63,7.208761163709956e-06,
B BPOWE,B&BPowe,1,3.63,7.208761163709956e-06,
INTELBRVAS,INTELBRvÅS,1,3.63,7.208761163709956e-06,
NHS NHS SOLAR 5K,NHS/ NHS SOLAR-5K-,1,3.63,7.208761163709956e-06,
ELETRONICA SANTERNO IND E COM LTDA,Eletrônica Santerno Ind. e Com. LTDA,1,3.62,7.188902317528937e-06,
CS7N 670MSAPSYSTEMS,CS7N-670MSAPSYSTEMS,1,3.6,7.149184625166899e-06,
HOYMILEE,HOYMILEE,1,3.6,7.149184625166899e-06,
INTELBEAS,Intelbeas,1,3.6,7.149184625166899e-06,
APSYSTEM QS1 1200W 220V,APSYSTEM - QS1-1200W-220V,1,3.6,7.149184625166899e-06,
APSYSTEM APSYSTEM APSYSTEM,APSYSTEM | APSYSTEM | APSYSTEM,1,3.6,7.149184625166899e-06,
CS3W 450MS SG4K D,CS3W-450MS/SG4K-D,1,3.6,7.149184625166899e-06,
HOIYMILES,HOIYMILES,1,3.6,7.149184625166899e-06,
ASN 3 6L PLUS,"1989 - ASN-3,6L-PLUS",1,3.6,7.149184625166899e-06,
HOYMIULLES,hoymiulles,1,3.6,7.149184625166899e-06,
APSYSTEMSES,APSYSTEMSES,1,3.6,7.149184625166899e-06,
DHT,DHT,1,3.6,7.149184625166899e-06,
HOYMILESWEG,HOYMILESWEG,1,3.6,7.149184625166899e-06,
APSYSTEMSDHP72 330W,APSYSTEMSDHP72-330W,1,3.6,7.149184625166899e-06,
HOYMILYS,hoymilys,1,3.6,7.149184625166899e-06,
DHM 72L9 BF450WAPSYSTEMS,DHM-72L9/BF450WAPSYSTEMS,1,3.6,7.149184625166899e-06,
W SWNGROW,W SWNGROW,1,3.6,7.149184625166899e-06,
HOYMLIS,HOYMLIS,1,3.6,7.149184625166899e-06,
HOYMILLESHOYMILLESHOYMILLES,HOYMILLESHOYMILLESHOYMILLES,1,3.6,7.149184625166899e-06,
HOVMILES MI 1500,HOVMILES MI-1500,1,3.6,7.149184625166899e-06,
YC1000 3 380,YC1000-3-380,1,3.6,7.149184625166899e-06,
GE D,GE d,1,3.6,7.149184625166899e-06,
III,III,1,3.6,7.149184625166899e-06,
JYNKO,JYNKO,1,3.6,7.149184625166899e-06,
ILTELBRAS EGT 3600 PRO,ILTELBRAS - EGT 3600 PRO,1,3.6,7.149184625166899e-06,
GENEAL ELETRIC,GENEAL ELETRIC,1,3.6,7.149184625166899e-06,
INVERSOR ON GRID 3 6KW EGT 3600 PRO REM,Inversor On Grid 3.6KW EGT 3600 PRO - REM,1,3.6,7.149184625166899e-06,
TECH POEWR,TECH POEWR,1,3.6,7.149184625166899e-06,
INVERSOR ON GRID CSI 3K TL,INVERSOR ON-GRID CSI-3K-TL,1,3.6,7.149184625166899e-06,
VSUN LEAPTON,"VSUN, LEAPTON",1,3.6,7.149184625166899e-06,
EMSH 550 H,EMSH 550 H,1,3.6,7.149184625166899e-06,
AEG AS P725 330,AEG	AS-P725 330,1,3.6,7.149184625166899e-06,
HERSHEY HS144 M450,HERSHEY HS144-M450,1,3.6,7.149184625166899e-06,
GEGEP,GEGEP,1,3.6,7.149184625166899e-06,
DAH 360 POLI HALF,DAH 360 Poli Half,1,3.6,7.149184625166899e-06,
RENOGIVI RENO5KPLUS,RENOGIVI / RENO5KPLUS,1,3.6,7.149184625166899e-06,
PROJETO APROVADO SEM NECESSIDADE DE OBRA EM VIA PUBLICA VALIDO ATE 11 08 2022,PROJETO APROVADO SEM NECESSIDADE DE OBRA EM VIA PÚBLICA. VÁLIDO ATÉ 11/08/2022 _,1,3.6,7.149184625166899e-06,
SQLIS,SQLIS,1,3.6,7.149184625166899e-06,
MI 1200N,MI-1200N,1,3.6,7.149184625166899e-06,
MYSUN,MYSUN,1,3.6,7.149184625166899e-06,
EDGE SE3680H,EDGE / SE3680H,1,3.6,7.149184625166899e-06,
SE TL 4K,1369 - SE-TL-4K,1,3.6,7.149184625166899e-06,
MICRO INVERSOR HOYMILLES,MICRO INVERSOR HOYMILLES,1,3.6,7.149184625166899e-06,
EDGE SE3680,EDGE / SE3680,1,3.6,7.149184625166899e-06,
AP SYSTEMS ALTENERGY POWER YC1000,AP SYSTEMS - ALTENERGY POWER - YC1000,1,3.6,7.149184625166899e-06,
AP SYSYEM,ap sysyem,1,3.6,7.149184625166899e-06,
HOYLMILLES,hoylmilles,1,3.6,7.149184625166899e-06,
HOYMELLE,Hoymelle,1,3.6,7.149184625166899e-06,
SUN2000 5KTL L1 HELIUS,SUN2000-5KTL-L1 - HELIUS,1,3.6,7.149184625166899e-06,
GE SOCAR,GE SOÇAR,1,3.6,7.149184625166899e-06,
GROWATTMIN 5000TL,GROWATTMIN 5000TL,1,3.6,7.149184625166899e-06,
MI 250 MI 1200,MI-250-MI-1200,1,3.6,7.149184625166899e-06,
WOLIS,WOLIS,1,3.6,7.149184625166899e-06,
WAVE,WAVE,1,3.6,7.149184625166899e-06,
DHM 72L9 450WAPSYSTEM,DHM-72L9-450Wapsystem,1,3.6,7.149184625166899e-06,
GE GEP 3 6 1,GE GEP-3.6-1,1,3.6,7.149184625166899e-06,
WEG DEYE INVERTER,WEG   // DEYE INVERTER,1,3.6,7.149184625166899e-06,
APSYSTEMQS1,APSystemQS1,1,3.6,7.149184625166899e-06,
APSYSTEM YC1000 3 220,APsystem YC1000-3-220,1,3.6,7.149184625166899e-06,
HOYMILO,HOYMILO,1,3.6,7.149184625166899e-06,
SIW500H ST036 SUN 2000 36KTL,SIW500H ST036 (SUN 2000 - 36KTL),1,3.6,7.149184625166899e-06,
GUTAMI SOLAR NHS SOLAR,Gutami Solar / NHS Solar,1,3.6,7.149184625166899e-06,
CHINTSOLAR,CHINTSOLAR,6,3.5999999999999996,7.149184625166899e-06,
OMNI NEW ENERGY,Omni New Energy,2,3.5999999999999996,7.149184625166899e-06,
TEINA,teina,1,3.57,7.089608086623841e-06,
IENERGY,iEnergy,1,3.57,7.089608086623841e-06,
SIW200F M036,SIW200F M036,1,3.56,7.069749240442823e-06,
ECOSOLY S,ECOSOLY S,1,3.56,7.069749240442823e-06,
SUNGROWSG5K,SUNGROWSG5K,1,3.56,7.069749240442823e-06,
RSM144 6 445M,RSM144-6-445M,1,3.56,7.069749240442823e-06,
HOYMILEWS,HOYMILEWS |,1,3.54,7.030031548080784e-06,
HT,HT,1,3.54,7.030031548080784e-06,
LP210 M 60 MH 590W,LP210-M-60- MH-590W,1,3.54,7.030031548080784e-06,
HOLMILLES,HOLMILLES,1,3.54,7.030031548080784e-06,
ES GT 5K,ES GT-5K,1,3.52,6.990313855718745e-06,
OSDA LONGI SOLAR,OSDA | LONGI Solar,1,3.52,6.990313855718745e-06,
HOYMALES MI1500,HOYMALES MI1500,1,3.52,6.990313855718745e-06,
0 BELENERGY BELENERGY,0 BELENERGY BELENERGY,1,3.52,6.990313855718745e-06,
POLI HALF CELL 440W,POLI HALF-CELL 440W,1,3.52,6.990313855718745e-06,
SMA SOLAR TECHNOLOGY SMA SOLAR TECHNOLOGY,SMA Solar Technology; SMA Solar Technology,1,3.51,6.9704550095377255e-06,
INVERSOR FOX E S S MICRO INVERSOR,Inversor: FOX E S S ; Micro Inversor:,1,3.51,6.9704550095377255e-06,
INVERSOR FOXX MICRO INVERSOR,Inversor: foxx; Micro Inversor:,1,3.51,6.9704550095377255e-06,
BEDINSOLARE,BEDINSOLARE,1,3.51,6.9704550095377255e-06,
CS6W 585T,CS6W-585T,1,3.51,6.9704550095377255e-06,
NAO APARECE NO DOC,não aparece no doc,1,3.51,6.9704550095377255e-06,
RENOVIGE RENO500,RENOVIGE	RENO500,1,3.5,6.950596163356707e-06,
B BPOWER SF 3KTN,"B&BPOWER SF 3KTN,",1,3.5,6.950596163356707e-06,
ECOSOLOYS,Ecosoloys,1,3.5,6.950596163356707e-06,
S LIS,S??LIS,6,3.5,6.950596163356707e-06,
HOYMILESMICRO,HOYMILESMICRO,2,3.5,6.950596163356707e-06,
FRONIUS GALVO1 5 1 E DEYE SUN2000 G3,Fronius / Galvo1.5-1 E Deye / SUN2000 G3,1,3.5,6.950596163356707e-06,
APSYSTEMS LIVOLTEK,APSYSTEMS//LIVOLTEK,1,3.5,6.950596163356707e-06,
DAH SOLAR DHM 72L9 BF 450,DAH SOLAR DHM-72L9/BF-450,1,3.5,6.950596163356707e-06,
OMNIK INTISOL,OMNIK / Intisol,1,3.5,6.950596163356707e-06,
MUST,MUST,1,3.5,6.950596163356707e-06,
APSYSTENSGROWATT,APSYSTENSGROWATT,1,3.5,6.950596163356707e-06,
BEP,BEP,1,3.5,6.950596163356707e-06,
SHENZENG,SHENZENG,1,3.5,6.950596163356707e-06,
WEGG,WEGG,1,3.5,6.950596163356707e-06,
HELLIUS SOLAR,Hellius Solar,1,3.48,6.9108784709946685e-06,
IQ7PLUS 72 2 US,IQ7PLUS-72-2-US,1,3.48,6.9108784709946685e-06,
SIW INVERSOR STRING WEB,siw- inversor string - web,1,3.45,6.851301932451612e-06,
GT1 3K6D1,1489 - GT1-3K6D1,1,3.42,6.791725393908554e-06,
DS3DDS3D,DS3DDS3D,1,3.42,6.791725393908554e-06,
INVERSOR INVT MICRO INVERSOR,Inversor: INVT; Micro Inversor:,1,3.42,6.791725393908554e-06,
EAGLE HC 340W,Eagle HC 340W,1,3.4,6.752007701546516e-06,
BB POWER RENO 5K PLUS,BB POWER/RENO-5K PLUS,1,3.4,6.752007701546516e-06,
ODA340W 36P,ODA340W-36P,1,3.4,6.752007701546516e-06,
AJ SOLAR,AJ SOLAR,1,3.4,6.752007701546516e-06,
JINKO 340W,JINKO 340W,1,3.4,6.752007701546516e-06,
RNEO,rneo,1,3.4,6.752007701546516e-06,
SOLAR RSM 72 6 340P,SOLAR RSM-72-6-340P,1,3.4,6.752007701546516e-06,
OMN IK,OMN IK,1,3.4,6.752007701546516e-06,
AZACK,azack,1,3.36,6.67257231682244e-06,
SONUNO,Sonuno,2,3.36,6.67257231682244e-06,
OSDA SOLAR8,OSDA SOLAR8,1,3.36,6.67257231682244e-06,
15 48,"15,48",1,3.36,6.67257231682244e-06,
GHINT POWER,GHINT POWER,1,3.36,6.67257231682244e-06,
HMS 1800B 4T,HMS-1800B-4T,1,3.36,6.67257231682244e-06,
DOFAR,DOFAR,1,3.36,6.67257231682244e-06,
SMA SMA SUNNY BOY 5KW 2MPTT,SMA	SMA SUNNY BOY 5kW 2MPTT,1,3.35,6.65271347064142e-06,
HOYMILL ES,HOYMILL ES,1,3.35,6.65271347064142e-06,
NEP REFUSOL,NEP / REFUSOL,1,3.35,6.65271347064142e-06,
FRONIUSINTERNATIONALGMBH,FroniusInternationalGmbH,1,3.35,6.65271347064142e-06,
SUN HUEWEI,SUN HUEWEI,1,3.35,6.65271347064142e-06,
MIN 2500TL X,MIN 2500TL-X,1,3.35,6.65271347064142e-06,
INVERSOR TECH POWER MICRO INVERSOR,Inversor: TECH POWER; Micro Inversor:,2,3.34,6.632854624460401e-06,
POTENCIA NOMINAL,POTÊNCIA NOMINAL,1,3.33,6.6129957782793826e-06,
DHM 72X10 DG 555W,DHM-72x10/DG 555W,1,3.33,6.6129957782793826e-06,
RENESOLA JC370S 24 ABW,RENESOLA/ JC370S-24/ABW,1,3.33,6.6129957782793826e-06,
SUN 36K G,SUN-36K-G,1,3.33,6.6129957782793826e-06,
IQ7AM 330W,1587 - IQ7AM-330W,1,3.3,6.553419239736324e-06,
INVERSOR DEEYE MICRO INVERSOR,Inversor: DEEYE; Micro Inversor:,1,3.3,6.553419239736324e-06,
INTV SGV SOLAR,INTV-SGV SOLAR,1,3.3,6.553419239736324e-06,
ESOSOLYS,esosolys,1,3.3,6.553419239736324e-06,
DASS 3 3K,DASS 3.3K,1,3.3,6.553419239736324e-06,
INVERSOR MICRO INVERSOR GROATT,Inversor: ; Micro Inversor: GROATT,1,3.3,6.553419239736324e-06,
DASTHECH,Dasthech,1,3.3,6.553419239736324e-06,
MAYWAH,Maywah,3,3.3,6.553419239736324e-06,
AFCI,AFCI,1,3.3,6.553419239736324e-06,
SOF SOLAR,SOF SOLAR,1,3.3,6.553419239736324e-06,
TONGWEI SOLAR,TONGWEI SOLAR,1,3.3,6.553419239736324e-06,
SOFAE SOLAR,SOFAE SOLAR,1,3.3,6.553419239736324e-06,
RUFUONE 3 3K 1T,686 - RUFUONE 3.3K-1T,1,3.3,6.553419239736324e-06,
INVERSOR GERMAN OFFGRID POWER GOP MICRO INVERSOR,Inversor: German Offgrid Power (GOP); Micro Inversor:,1,3.3,6.553419239736324e-06,
ROUTE 66,ROUTE 66,1,3.3,6.553419239736324e-06,
HY M12 110 555W,HY-M12/110 555W,1,3.3,6.553419239736324e-06,
FPHB,FPHB,1,3.3,6.553419239736324e-06,
5 2,5.2,1,3.3,6.553419239736324e-06,
UNODM3,UNODM3.,1,3.3,6.553419239736324e-06,
RENACC,RENACC,1,3.3,6.553419239736324e-06,
ABBUNODM3,ABBUNODM3,1,3.3,6.553419239736324e-06,
SO SOLAR,SO SOLAR,1,3.3,6.553419239736324e-06,
VERTYS MONO R1 3K3 SS 3 3KW,"VERTYS/MONO R1-3K3-SS-3,3KW",1,3.3,6.553419239736324e-06,
R1 MINI SERIES,R1 MINI SERIES,1,3.3,6.553419239736324e-06,
VERTYS ERASOLAR,VERTYS ERASOLAR,1,3.3,6.553419239736324e-06,
INVTIMARS,INVTIMARS,1,3.3,6.553419239736324e-06,
ENG PV SOLAR,ENG PV SOLAR,1,3.3,6.553419239736324e-06,
PVI 3 6,PVI-3.6,1,3.3,6.553419239736324e-06,
PHB3,PHB3,1,3.3,6.553419239736324e-06,
RECAC,RECAC,1,3.3,6.553419239736324e-06,
REANAC,REANAC,1,3.3,6.553419239736324e-06,
GWROWATT,GWROWATT,1,3.3,6.553419239736324e-06,
DAH SOLAR MONOCRISTALINO,DAH SOLAR MONOCRISTALINO,1,3.3,6.553419239736324e-06,
SOFAS,SOFAS,1,3.3,6.553419239736324e-06,
REFERSOL,REFERSOL,1,3.3,6.553419239736324e-06,
SOFARSOLAR SOFAR3300TG G5,SOFARSOLAR - SOFAR3300TG-G5,1,3.3,6.553419239736324e-06,
SUBGROW,SUBGROW,1,3.3,6.553419239736324e-06,
BELENERGY BEL 4K 5,BELENERGY/BEL-4K-5,1,3.3,6.553419239736324e-06,
HOYM,HOYM,1,3.3,6.553419239736324e-06,
RENEC,RENEC,1,3.3,6.553419239736324e-06,
HOYMAILS,HOYMAILS,1,3.3,6.553419239736324e-06,
AUSXSOL,AUSXSOL,1,3.3,6.553419239736324e-06,
AUXSOLW,AUXSOLW,1,3.3,6.553419239736324e-06,
AMERISOLAR AS 6M PERC 365,Amerisolar / AS-6M PERC 365,1,3.3,6.553419239736324e-06,
ON GRID SOLAR,ON GRID SOLAR,1,3.3,6.553419239736324e-06,
SOLAR VERTYS REN AC,SOLAR VERTYS/REN AC,1,3.3,6.553419239736324e-06,
CHSM72N DG FBH 575,CHSM72N(DG)/FBH-575,1,3.3,6.553419239736324e-06,
SUNOVA SS 550 72MDH,SUNOVA / SS-550-72MDH,1,3.3,6.553419239736324e-06,
FSOFAR,FSOFAR,1,3.3,6.553419239736324e-06,
HUAWIE,HUAWIE,1,3.3,6.553419239736324e-06,
B B RENOVI GI,B&B(Renovi gi),1,3.3,6.553419239736324e-06,
HELIA SOLAR,Helia Solar,1,3.3,6.553419239736324e-06,
YK 365M,YK-365M,1,3.29,6.533560393555305e-06,
LR5 72 HBD 545M,LR5-72-HBD-545M,1,3.27,6.493842701193267e-06,
LR5 72HPH 545W,LR5-72HPH 545W,1,3.27,6.493842701193267e-06,
SG4 0RL L,SG4.0RL-L,1,3.27,6.493842701193267e-06,
SERRANIA,SERRANIA,1,3.25,6.454125008831228e-06,
NINGO NATIONAL HI TECH PARK SUNSHINE,NINGO NATIONAL HI-TECH PARK SUNSHINE,6,3.24,6.434266162650209e-06,
ELYS ESM 5000,ELYS - ESM-5000,1,3.24,6.434266162650209e-06,
SCHUCO,SCHUCO,1,3.24,6.434266162650209e-06,
NAC3K3 SS,NAC3K3-SS,1,3.24,6.434266162650209e-06,
INTERL,INTERL,1,3.24,6.434266162650209e-06,
BELENERG Y POWER,BELENERG Y POWER,1,3.24,6.434266162650209e-06,
BEB POPWER,BEB POPWER,1,3.24,6.434266162650209e-06,
SOLAR DAY,SOLAR DAY,1,3.21,6.374689624107152e-06,
DEYESUN1600G,DeyeSUN1600G,1,3.2,6.354830777926134e-06,
SUN1600G 1600W,SUN1600G 1600W,1,3.2,6.354830777926134e-06,
EGT 1600,EGT 1600,1,3.2,6.354830777926134e-06,
REFUONE 1 6K 1T,"REFUone 1,6K-1T",2,3.2,6.354830777926134e-06,
HOYMILES E ABB,HOYMILES E ABB,1,3.2,6.354830777926134e-06,
HUYAU,HUYAU,1,3.2,6.354830777926134e-06,
T SOL,T SOL,1,3.2,6.354830777926134e-06,
DEYER SIRIUS,DEYER SIRIUS,1,3.2,6.354830777926134e-06,
TSM DE15MII 400,TSM-DE15MII-400,1,3.2,6.354830777926134e-06,
FROTINIOS,FROTINIOS,1,3.2,6.354830777926134e-06,
TSUN CANADIAN,TSUN /CANADIAN,1,3.2,6.354830777926134e-06,
PHB500T DS,PHB500T-DS,1,3.18,6.315113085564095e-06,
APSYSTEMMS,APSystemms,1,3.18,6.315113085564095e-06,
MONO PERC HALF CELL,Mono-Perc Half-Cell,1,3.15,6.255536547021036e-06,
RENOVIGI 18 APSYSTEMS,RENOVIGI/18 - APSYSTEMS,1,3.12,6.195960008477979e-06,
MICRO HOYMILES E RENOVIGI,Micro Hoymiles e Renovigi,1,3.12,6.195960008477979e-06,
B B POWERQ,B&B Powerq,1,3.12,6.195960008477979e-06,
RENIVIGI ENERGIA SOLAR,Renivigi Energia Solar,1,3.12,6.195960008477979e-06,
GRA,GRA,1,3.12,6.195960008477979e-06,
PHB3100 D WS,1892 - PHB3100 D-WS,1,3.1,6.15624231611594e-06,
PHB E CANADIAN SOLAR,PHB e Canadian Solar/,1,3.1,6.15624231611594e-06,
HOYMILESOK,HoymilesOK,1,3.06,6.076806931391864e-06,
SOFRA 3300TL G3,SOFRA 3300TL-G3,1,3.06,6.076806931391864e-06,
INVERSOR ELGIN2000,INVERSOR ELGIN2000,1,3.06,6.076806931391864e-06,
SOLAR ENERGIA,Solar Energia,1,3.06,6.076806931391864e-06,
CDEYE,cDEYE,1,3.03,6.0172303928488065e-06,
APSYTEMS ALTENERGY POWER,APSytems Altenergy Power,1,3.0,5.9576538543057495e-06,
RS 3K S1,RS - 3K - S1,1,3.0,5.9576538543057495e-06,
RONIVIGI RONO 3K PLUS,RONIVIGI - RONO-3K-PLUS,1,3.0,5.9576538543057495e-06,
REFUSOLREFUSOL,REFUSOlREFUsol,1,3.0,5.9576538543057495e-06,
REFUSO L,REFUSO L,1,3.0,5.9576538543057495e-06,
REFUSL,Refusl,1,3.0,5.9576538543057495e-06,
RENO H RENO,RENO H RENO,1,3.0,5.9576538543057495e-06,
INVERSORES BELENERGY,Inversores: Belenergy,1,3.0,5.9576538543057495e-06,
LIVILTEK,LIVILTEK,1,3.0,5.9576538543057495e-06,
LEVOLTECK,LEVOLTECK,1,3.0,5.9576538543057495e-06,
IVOLTEK,IVOLTEK,1,3.0,5.9576538543057495e-06,
TWERD SP Z O O,Twerd SP. Z O.O.,1,3.0,5.9576538543057495e-06,
TUNESS,TUNESS,1,3.0,5.9576538543057495e-06,
RENOMIGI,RENOMIGI,1,3.0,5.9576538543057495e-06,
REFU ONE,REFU One,1,3.0,5.9576538543057495e-06,
FOX SOLAR,FOX SOLAR,1,3.0,5.9576538543057495e-06,
FOX FOX ESS S3000,FOX/FOX ESS S3000,1,3.0,5.9576538543057495e-06,
SUN M,SUN-M,1,3.0,5.9576538543057495e-06,
ASTRONENERGY,ASTRONENERGY,1,3.0,5.9576538543057495e-06,
CSI 3KTL,CSI 3KTL,1,3.0,5.9576538543057495e-06,
MARCA MODELO NUMERO DE FASES QTDADE POTENCIA DO INVERSOR KWP POTENCIA TOTAL KWP NUMERO DO REGIS,Marca	Modelo	Número de Fases	Qtdade	Potência do Inversor (kWp)	Potência Total (kWp)	Número do Regis,1,3.0,5.9576538543057495e-06,
ROHS,ROHS,1,3.0,5.9576538543057495e-06,
HOMAYES,homayes,1,3.0,5.9576538543057495e-06,
UNO 4 0 DM TL,UNO-4.0-DM-TL,1,3.0,5.9576538543057495e-06,
UNO 3 0,UNO-3.0-,1,3.0,5.9576538543057495e-06,
UNIPOWER,UNIPOWER,1,3.0,5.9576538543057495e-06,
GROWATTHCC,GROWATTHCC,1,3.0,5.9576538543057495e-06,
CS3W MS,CS3W MS,1,3.0,5.9576538543057495e-06,
INTISO,Intiso,6,3.0,5.9576538543057495e-06,
WEEG,WEEG,1,3.0,5.9576538543057495e-06,
WEBG,WEBG,1,3.0,5.9576538543057495e-06,
WE SOLAR GW3000 XS 11,WE SOLAR GW3000-XS-11,1,3.0,5.9576538543057495e-06,
OMLK NEE ENERGY,OMLK NEE ENERGY,1,3.0,5.9576538543057495e-06,
400MIK,400MIK-,1,3.0,5.9576538543057495e-06,
DHN 72X16 DG,DHN-72X16/DG,1,3.0,5.9576538543057495e-06,
SFM15 144 415W,SFM15/144-415W,1,3.0,5.9576538543057495e-06,
SFKTN,SFKTN,1,3.0,5.9576538543057495e-06,
POLLING ENERGY,POLLING ENERGY,1,3.0,5.9576538543057495e-06,
GEO BRASIL,GEO BRASIL,1,3.0,5.9576538543057495e-06,
GENIX SOLAR COMERCIO LTDA,GENIX SOLAR COMÉRCIO LTDA,1,3.0,5.9576538543057495e-06,
GEUBRASIL,GEUBRASIL,1,3.0,5.9576538543057495e-06,
R1 3K3 SS 3KW,1395 - R1-3K3-SS 3KW,1,3.0,5.9576538543057495e-06,
REUOL,REUOL,1,3.0,5.9576538543057495e-06,
ODELO,ODELO,1,3.0,5.9576538543057495e-06,
ODEEX,ODEEX,1,3.0,5.9576538543057495e-06,
M390WP,M390Wp,1,3.0,5.9576538543057495e-06,
GROWATTMIC3000TL,GROWATTMIC3000TL,1,3.0,5.9576538543057495e-06,
CSC6W 535MS,CSC6W 535MS,1,3.0,5.9576538543057495e-06,
S6 GR1P 25 6 K,S6-GR1P(25-6)K,1,3.0,5.9576538543057495e-06,
GOODW E,GOODW E,1,3.0,5.9576538543057495e-06,
GINIONG TECHNOLOGIES,GINIONG TECHNOLOGIES,1,3.0,5.9576538543057495e-06,
ASPSYTEMS,ASpsytems,1,3.0,5.9576538543057495e-06,
LIVOLTEKI,LIVOLTEKI,1,3.0,5.9576538543057495e-06,
SUMONU PLUS,SUMONU PLUS,1,3.0,5.9576538543057495e-06,
SEJA,SEJA ,1,3.0,5.9576538543057495e-06,
CS6K 300MS,CS6K-300MS,1,3.0,5.9576538543057495e-06,
BEIDIN SOLAR,BEIDIN SOLAR,1,3.0,5.9576538543057495e-06,
SOLP ANET,SOLP ANET,1,3.0,5.9576538543057495e-06,
SOLMOD,SOLMOD,1,3.0,5.9576538543057495e-06,
SUN1000G3 US 220,SUN1000G3-US-220,1,3.0,5.9576538543057495e-06,
HOYMILRS,HOYMILRS,1,3.0,5.9576538543057495e-06,
LEAPTON ENERGY,LEAPTON ENERGY,1,3.0,5.9576538543057495e-06,
HOYNILLES,hoynilles,1,3.0,5.9576538543057495e-06,
HOYNIILES,hoyniiles,1,3.0,5.9576538543057495e-06,
SJNGROW,SJNGROW,1,3.0,5.9576538543057495e-06,
BEL 3K PLU,BEL-3K-PLU§,1,3.0,5.9576538543057495e-06,
BEL ANERGY,BEL ANERGY,1,3.0,5.9576538543057495e-06,
MFVHN MI MO 144 560W,MFVHN-MI-MO-144-560W,1,3.0,5.9576538543057495e-06,
WEG GOODWE S,WEG (GOODWE)/S,1,3.0,5.9576538543057495e-06,
WEG E HUAWEI SIW 300H M030 L1 SUN2000 3KTL L1,WEG E HUAWEI/SIW 300H M030 L1 / SUN2000 3KTL L1,1,3.0,5.9576538543057495e-06,
2856,2856,1,3.0,5.9576538543057495e-06,
SENERGY SE,SENERGY SE,1,3.0,5.9576538543057495e-06,
SUN2000 3KTL,SUN2000 3KTL,1,3.0,5.9576538543057495e-06,
APSYSTEM YC500,APSystem / YC500,1,3.0,5.9576538543057495e-06,
PIK340 340 POLICRISTALINO,PIK340 - 340 POLICRISTALINO,1,3.0,5.9576538543057495e-06,
JA SOLAR JAM72S30 545W,JA SOLAR/JAM72S30-545W,1,3.0,5.9576538543057495e-06,
20 OMNIKSOL,20 OMNIKSOL,1,3.0,5.9576538543057495e-06,
INVERSON ON GRID,INVERSON ON GRID,1,3.0,5.9576538543057495e-06,
INVERSOR SUNGRO,INVERSOR SUNGRO,1,3.0,5.9576538543057495e-06,
INVERSOR SUN GROW,Inversor: SUN GROW,1,3.0,5.9576538543057495e-06,
SOLISMINI30004G,Solismini30004G,1,3.0,5.9576538543057495e-06,
SOLISMINI,SOLISMINI,1,3.0,5.9576538543057495e-06,
SOLISIT,SOLISIT,1,3.0,5.9576538543057495e-06,
GODWEE GW3000 XS 11,GODWEE GW3000-XS-11,1,3.0,5.9576538543057495e-06,
SMA 1 5 1VL 40,"SMA-1,5-1VL-40",2,3.0,5.9576538543057495e-06,
4000054834,4000054834,1,3.0,5.9576538543057495e-06,
ENERSUM,enersum ,1,3.0,5.9576538543057495e-06,
SOFAR3KTLM G2,SOFAR3KTLM-G2,1,3.0,5.9576538543057495e-06,
GT1 3 S,GT1-3-S,1,3.0,5.9576538543057495e-06,
GW 3000 XS 11,GW 3000-XS-11,1,3.0,5.9576538543057495e-06,
MOSO SF3KTL S,MOSO - SF3KTL-S,1,3.0,5.9576538543057495e-06,
BYD34 0PIK 36, BYD34 0PIK-36,1,3.0,5.9576538543057495e-06,
RENARK,RENARK,1,3.0,5.9576538543057495e-06,
RENAR,RENAR,1,3.0,5.9576538543057495e-06,
PHK 36 335W,PHK-36-335W,1,3.0,5.9576538543057495e-06,
SF 3KTN,SF 3KTN,1,3.0,5.9576538543057495e-06,
SERRANA T,Serrana/ T,1,3.0,5.9576538543057495e-06,
GRID TIE SUN,GRID TIE SUN,1,3.0,5.9576538543057495e-06,
XSOLAR ENERGIA,XSOLAR ENERGIA,1,3.0,5.9576538543057495e-06,
X SOLAR X POWER,x solar x power,1,3.0,5.9576538543057495e-06,
INVERSOR BELL ENERGY MICRO INVERSOR,Inversor: BELL ENERGY; Micro Inversor:,1,3.0,5.9576538543057495e-06,
INVERSOR BELENUS BELENERGY MICRO INVERSOR,Inversor: BELENUS BELENERGY; Micro Inversor:,1,3.0,5.9576538543057495e-06,
HMOYMILES,HMOYMILES,1,3.0,5.9576538543057495e-06,
HMF144M 410H,HMF144M-410H,1,3.0,5.9576538543057495e-06,
BEL ENERGY BEL ENERGY 3K,BEL ENERGY / BEL ENERGY 3K,1,3.0,5.9576538543057495e-06,
SOLISEM ENERGIA SOLAR LTDA,283 - SOLISEM ENERGIA SOLAR LTDA,1,3.0,5.9576538543057495e-06,
INVERSOR BEL ENERGY BEL 3K G MICRO INVERSOR,Inversor: BEL ENERGY BEL-3K-G; Micro Inversor:,1,3.0,5.9576538543057495e-06,
SIW INVERSOR STRING SOLAR,SIW - INVERSOR STRING SOLAR,1,3.0,5.9576538543057495e-06,
DEEPBLUE,DEEPBLUE,1,3.0,5.9576538543057495e-06,
OMNIK NEW WNMERGY,OMNIK NEW WNMERGY,1,3.0,5.9576538543057495e-06,
APSYSTEM 1500,APSYSTEM 1500,1,3.0,5.9576538543057495e-06,
WGG,WGG,1,3.0,5.9576538543057495e-06,
RUNDA SOLAR,RUNDA SOLAR,1,3.0,5.9576538543057495e-06,
CCPHB,ccPHB,1,3.0,5.9576538543057495e-06,
QPEAK,QPEAK,1,3.0,5.9576538543057495e-06,
MFVZN PO 345W,MFVZN-PO-345W,1,3.0,5.9576538543057495e-06,
CS3U365P,CS3U365P,1,3.0,5.9576538543057495e-06,
PRIMO3 0 1,PRIMO3.0-1,1,3.0,5.9576538543057495e-06,
PRIMO GEN24 30,PRIMO GEN24 30,1,3.0,5.9576538543057495e-06,
BEL ENERRGY BEL 3K G,BEL ENERRGY/ BEL-3k-G,1,3.0,5.9576538543057495e-06,
APSYSTEM QS1A 002939 2020,APSYSTEM /QS1A/ 002939/2020,1,3.0,5.9576538543057495e-06,
KWSEM,KWSEM,1,3.0,5.9576538543057495e-06,
KVA,KVA,1,3.0,5.9576538543057495e-06,
SUN2000L 3KYL,SUN2000L-3KYL,1,3.0,5.9576538543057495e-06,
SUN2000L 3KTL L1,SUN2000L-3KTL-L1,1,3.0,5.9576538543057495e-06,
TSUB,TSUB,1,3.0,5.9576538543057495e-06,
TSOL MX3000D,2094 - TSOL-MX3000D,1,3.0,5.9576538543057495e-06,
HOYYMILES,HOYYMILES,1,3.0,5.9576538543057495e-06,
SUNAWAYS,SUNAWAYS,1,3.0,5.9576538543057495e-06,
SUN450 72MH6,SUN450-72MH6,1,3.0,5.9576538543057495e-06,
L IVOTEK,L IVOTEK,1,3.0,5.9576538543057495e-06,
GINGLONG TECHNOLOGIE CO LTD,Ginglong technologie .co.ltd,1,3.0,5.9576538543057495e-06,
INTERLBRAS EGT 3000 LITE,INTERLBRAS / EGT 3000 LITE,1,3.0,5.9576538543057495e-06,
WDC SOLAR 3KTL G2,WDC SOLAR 3KTL-G2,1,3.0,5.9576538543057495e-06,
SOLPNAT,SOLPNAT,1,3.0,5.9576538543057495e-06,
HONEY TSM DE08M II 375,HONEY TSM-DE08M II 375,1,3.0,5.9576538543057495e-06,
HOMYMILES,29 - HOMYMILES,1,3.0,5.9576538543057495e-06,
HOMYLES HOMYLES MI 1500,HOMYLES - HOMYLES MI-1500,1,3.0,5.9576538543057495e-06,
LIVOLTOK,LIVOLTOK,1,3.0,5.9576538543057495e-06,
MIC 3000TL X EX 3KW MONO 220V,MIC 3000TL-X EX 3KW MONO 220V,1,3.0,5.9576538543057495e-06,
MIC 3,MIC 3,1,3.0,5.9576538543057495e-06,
BEL RNERGY,BEL RNERGY,1,3.0,5.9576538543057495e-06,
INVERSOR MONOFASICO PHA SOLAR,INVERSOR MONOFASICO - PHA SOLAR,1,3.0,5.9576538543057495e-06,
INVERSOR MIN 3000TL X MICRO INVERSOR,Inversor: MIN 3000TL-X; Micro Inversor:,1,3.0,5.9576538543057495e-06,
INVERSOR MICROINVERSOR MICRO INVERSOR,Inversor: MICROINVERSOR; Micro Inversor:,1,3.0,5.9576538543057495e-06,
INVERSOR MICRO INVERSOR TSUNEES,Inversor: ; Micro Inversor: TSUNEES,1,3.0,5.9576538543057495e-06,
SAJ E 11 GROWATT,15 - SAJ E 11 - GROWATT,1,3.0,5.9576538543057495e-06,
KTAR,KTAR,1,3.0,5.9576538543057495e-06,
RENOVVIGI,RENOVVIGI,1,3.0,5.9576538543057495e-06,
RENOVIJI,Renoviji,1,3.0,5.9576538543057495e-06,
INT POWER,INT POWER,1,3.0,5.9576538543057495e-06,
INT,INT,1,3.0,5.9576538543057495e-06,
TSM510 DE18M II,TSM510- DE18M(II),1,3.0,5.9576538543057495e-06,
INVERSOR SOLAR STRING SIW,Inversor Solar String Siw,1,3.0,5.9576538543057495e-06,
INVERSOR SOLAR STRING MONOFASICO,INVERSOR SOLAR STRING-MONOFASICO,1,3.0,5.9576538543057495e-06,
WEG HUAWEI SIW 300H M030,WEG/HUAWEI / SIW 300H M030 /,1,3.0,5.9576538543057495e-06,
NIGBO OSDA SOLAR CO LTDA,nigbo osda solar co.ltda.,1,3.0,5.9576538543057495e-06,
CPS SCA3KTL S1 EU,1623 - CPS SCA3KTL-S1/EU,1,3.0,5.9576538543057495e-06,
NINGBO DEYER,Ningbo Deyer,1,3.0,5.9576538543057495e-06,
MIC 3000TLX,MIC-3000TLX,1,3.0,5.9576538543057495e-06,
49,49,1,3.0,5.9576538543057495e-06,
460,460,1,3.0,5.9576538543057495e-06,
45,45,2,3.0,5.9576538543057495e-06,
JAM72S10 400PR,JAM72S10-400PR,1,3.0,5.9576538543057495e-06,
MIC3000TL,MIC3000TL,1,3.0,5.9576538543057495e-06,
MIC3000 TL X,MIC3000 TL-X,1,3.0,5.9576538543057495e-06,
MIC 300TL X,MIC 300TL-X,1,3.0,5.9576538543057495e-06,
BELENERG PLUS,BELENERG PLUS,1,3.0,5.9576538543057495e-06,
BELENER GY PLUS INVESBE MO 220V 3KW,BELENER - GY PLUS - INVESBE-MO-220V-3KW,1,3.0,5.9576538543057495e-06,
POWER 505W,POWER 505W,1,3.0,5.9576538543057495e-06,
KSAR,KSAR,1,3.0,5.9576538543057495e-06,
KSOLAR,KSOLAR,1,3.0,5.9576538543057495e-06,
JAM72S10 395,JAM72S10-395,1,3.0,5.9576538543057495e-06,
JAM72S01 390 PR,JAM72S01-390-PR,1,3.0,5.9576538543057495e-06,
TSM DEG15H 20 II 400W,TSM-DEG15H.20(II)-400W,1,3.0,5.9576538543057495e-06,
DHM72L9 BF 450,DHM72L9-BF 450,1,3.0,5.9576538543057495e-06,
DHM72L9,DHM72L9-,1,3.0,5.9576538543057495e-06,
TSM DEG15H,TSM-DEG15H.,1,3.0,5.9576538543057495e-06,
DEUE SUN 3K G,DEUE SUN-3K-G,1,3.0,5.9576538543057495e-06,
SINEENERGY,SINEENERGY,1,3.0,5.9576538543057495e-06,
APSY,APSY,1,3.0,5.9576538543057495e-06,
ERA ESPHSC450,ERA ESPHSC450,1,3.0,5.9576538543057495e-06,
EOLIS,eolis,1,3.0,5.9576538543057495e-06,
RENOVIGIG,RENOVIGIG,1,3.0,5.9576538543057495e-06,
RENOVIGIE,RENOVIGIE,1,3.0,5.9576538543057495e-06,
SUNGRORW,sungrorw,1,3.0,5.9576538543057495e-06,
KRIT BEB POWER,KRIT BEB POWER,1,3.0,5.9576538543057495e-06,
HSSP3K G01,1466 - HSSP3K-G01,1,3.0,5.9576538543057495e-06,
SMA SB3 0 1V 40,SMA	 / SB3.0-1V-40,1,3.0,5.9576538543057495e-06,
SMA SB3 0 1AV A3KW,SMA/ SB3.0-1AV-A3KW,1,3.0,5.9576538543057495e-06,
CPS SCA3KTL,CPS SCA3KTL,1,3.0,5.9576538543057495e-06,
SMA SB3 0 1AV 4 SUNNY BOY 3KW,SMA	SB3.0-1AV-4 SUNNY BOY 3KW,1,3.0,5.9576538543057495e-06,
BELE NERGY,BELE NERGY,1,3.0,5.9576538543057495e-06,
BELE ENERGY PLUS,BELE ENERGY PLUS,1,3.0,5.9576538543057495e-06,
SAD,SAD,1,3.0,5.9576538543057495e-06,
SINERGY,SINERGY,1,3.0,5.9576538543057495e-06,
TSM DE19R,TSM-DE19R,1,3.0,5.9576538543057495e-06,
TSM DE18M II 510,TSM-DE18M(II)-510,1,3.0,5.9576538543057495e-06,
REFSUOL,REFSUOL,1,3.0,5.9576538543057495e-06,
FRONUIS PRIMO,FRONUIS PRIMO,1,3.0,5.9576538543057495e-06,
RENOVGI RENO 3K,RENOVGI / RENO 3K,1,3.0,5.9576538543057495e-06,
STP 25000 TL,STP 25000 TL-,1,3.0,5.9576538543057495e-06,
RENOBVIGI,RENOBVIGI,1,3.0,5.9576538543057495e-06,
32,32,2,3.0,5.9576538543057495e-06,
USOL,Usol,1,3.0,5.9576538543057495e-06,
335PHK 36 POLICRISTALINO,335PHK-36 POLICRISTALINO,1,3.0,5.9576538543057495e-06,
INTELBRASSUNGROW,INTELBRASSUNGROW,1,3.0,5.9576538543057495e-06,
ODA380W,ODA380w,1,3.0,5.9576538543057495e-06,
PRIMO 13 0,Primo -13.0,1,3.0,5.9576538543057495e-06,
S6 GRIP3K M,S6-GRIP3K-M,1,3.0,5.9576538543057495e-06,
RISEN ENERGIA,RISEN ENERGIA,1,3.0,5.9576538543057495e-06,
RENOVAGU,RENOVAGU,1,3.0,5.9576538543057495e-06,
RENO BEB,RENO BEB		,1,3.0,5.9576538543057495e-06,
GRE,gre,1,3.0,5.9576538543057495e-06,
DOYMILES,DOYMILES,1,3.0,5.9576538543057495e-06,
RENOSOLAR,Renosolar,1,3.0,5.9576538543057495e-06,
INKO,INKO,1,3.0,5.9576538543057495e-06,
SOFAR3000TL,SOFAR3000TL,1,3.0,5.9576538543057495e-06,
C ANADIAN,C ANADIAN,1,3.0,5.9576538543057495e-06,
INVERSOR ELGIN1300 MICRO INVERSOR,Inversor: ELGIN1300; Micro Inversor:,1,3.0,5.9576538543057495e-06,
HEYMILES,HEYMILES,1,3.0,5.9576538543057495e-06,
SOLFAR 3KTL G 3,SOLFAR 3KTL G 3,1,3.0,5.9576538543057495e-06,
SMA SANNYBOY 3000TL,SMA - SANNYBOY 3000TL,1,3.0,5.9576538543057495e-06,
MIC3000TL X 3KW,MIC3000TL-X 3KW	,1,3.0,5.9576538543057495e-06,
INVERSOR INVERSOR STRING MONOFASICO MICRO INVERSOR,Inversor: Inversor String Monofásico; Micro Inversor:,1,3.0,5.9576538543057495e-06,
APISISTEMS,APisistems,1,3.0,5.9576538543057495e-06,
APESISTEM,APESISTEM,1,3.0,5.9576538543057495e-06,
AUSTA SOLAR TECH,Austa Solar Tech,1,3.0,5.9576538543057495e-06,
NTELBRAS EGT 3000 LITE,NTELBRAS EGT 3000 LITE,1,3.0,5.9576538543057495e-06,
RENO3K,RENO3K-,1,3.0,5.9576538543057495e-06,
GOODWQ,GOODWQ,1,3.0,5.9576538543057495e-06,
RSUN,RSUN,1,3.0,5.9576538543057495e-06,
BST 6M HCB,BST-6M-HCB,1,3.0,5.9576538543057495e-06,
SOFARRENOVIGI,SOFARRENOVIGI,1,3.0,5.9576538543057495e-06,
HOY ILE,"HOY,ILE",1,3.0,5.9576538543057495e-06,
LNST 410M,LNST-410M,1,3.0,5.9576538543057495e-06,
LLTEK,LLTEK,1,3.0,5.9576538543057495e-06,
APDYSTEMS,apdystems,1,3.0,5.9576538543057495e-06,
INVERSOR ENERGY BRASIL MICRO INVERSOR,Inversor: Energy Brasil; Micro Inversor:,1,3.0,5.9576538543057495e-06,
KOMEO,KOMEO,1,3.0,5.9576538543057495e-06,
RENOVIGI SOLIS BEB POWER,RENOVIGI/SOLIS/BEB POWER,1,3.0,5.9576538543057495e-06,
HUAWAEI SOLAR,HUAWAEI SOLAR,1,3.0,5.9576538543057495e-06,
KM460M 60HL4 V,KM460M-60HL4-V,1,3.0,5.9576538543057495e-06,
KLNE SANTERNO,KLNE/ Santerno,1,3.0,5.9576538543057495e-06,
AP SYSTEM QS1A,AP SYSTEM / QS1A,1,3.0,5.9576538543057495e-06,
AP S SYSTEM,AP S SYSTEM,1,3.0,5.9576538543057495e-06,
INVERSOR SOLAR MONOFASICO NEO SOLAR,Inversor solar monofásico-NEO SOLAR,1,3.0,5.9576538543057495e-06,
GOUDWE SOLAR INVERTER,goudwe solar inverter,1,3.0,5.9576538543057495e-06,
RS6S340P,RS6S340P,1,3.0,5.9576538543057495e-06,
RS6S P340W,RS6S-P340W,1,3.0,5.9576538543057495e-06,
RS6 555M E3SOLPLANET,RS6-555M-E3SOLPLANET,1,3.0,5.9576538543057495e-06,
INGETAEAM,INGETAEAM,1,3.0,5.9576538543057495e-06,
DHM 72X10 555,DHM-72X10/555,1,3.0,5.9576538543057495e-06,
DHM 72X10 550,1630 - DHM - 72X10- 550,1,3.0,5.9576538543057495e-06,
DHM72X10 545W,505 - DHM72X10-545W,1,3.0,5.9576538543057495e-06,
CANEDIAN SOLAR,CANEDIAN SOLAR,1,3.0,5.9576538543057495e-06,
ZXP6 ID72 330W,ZXP6-ID72 330W,1,3.0,5.9576538543057495e-06,
RENO RENO RENO 3K,RENO RENO_RENO-3K,1,3.0,5.9576538543057495e-06,
SALIS,SALIS,1,3.0,5.9576538543057495e-06,
DHT M72X10 545W,DHT-M72X10-545W,1,3.0,5.9576538543057495e-06,
SERRANA ENERGIA OMNIK NEW ENERGY,SERRANA ENERGIA - OMNIK NEW ENERGY,1,3.0,5.9576538543057495e-06,
SERRANA EA3KSI,SERRANA / EA3KSI,1,3.0,5.9576538543057495e-06,
QS1A 220V,QS1A-220V,1,3.0,5.9576538543057495e-06,
LONGI LR4 72HPH,LONGI LR4-72HPH,1,3.0,5.9576538543057495e-06,
SIW300 HM030,SIW300 HM030,1,3.0,5.9576538543057495e-06,
ODA330W,ODA330W,1,3.0,5.9576538543057495e-06,
GROWATT SAJ R5 S1 3K,GROWATT|SAJ R5 S1 3K,1,3.0,5.9576538543057495e-06,
GROWATT MIN5000TL X GOODWE GW5000 DNS 30,GROWATT MIN5000TL-X / GOODWE GW5000-DNS-30,1,3.0,5.9576538543057495e-06,
SOLARENERGY,solarenergy,1,3.0,5.9576538543057495e-06,
BELENERGY POWERMODELO,Belenergy PowerMODELO,1,3.0,5.9576538543057495e-06,
SOLARMAXX TECH SMT 3KW S,SOLARMAXX TECH SMT-3KW-S,1,3.0,5.9576538543057495e-06,
GROWITT,GROWITT,1,3.0,5.9576538543057495e-06,
PS535M6H 24TH 535W,PS535M6H-24TH 535W,1,3.0,5.9576538543057495e-06,
INVERSOR SOLAR ON GRID SERRANA ENERGIA,inversor solar on grid - Serrana Energia,1,3.0,5.9576538543057495e-06,
ERA SOLAR BIFACIAL 545M 545W,ERA SOLAR/ (BIFACIAL) - 545M-545W,1,3.0,5.9576538543057495e-06,
SINE SOLAR,SINE SOLAR,1,3.0,5.9576538543057495e-06,
OMNKSOL,OMNKSOL,1,3.0,5.9576538543057495e-06,
GROWATH MIN 3000TL X,GROWATH/ MIN 3000TL-X,1,3.0,5.9576538543057495e-06,
OMNIKSOL3K TL,OMNIKSOL3K-TL,1,3.0,5.9576538543057495e-06,
SUNGROWSG3K,SUNGROWSG3K,1,3.0,5.9576538543057495e-06,
KLNE MODELO,KLNE Modelo,1,3.0,5.9576538543057495e-06,
WEG HUAWEI TECHNO CO LTDA SIW300H M050,WEG Huawei Techno Co Ltda - SIW300H M050,1,3.0,5.9576538543057495e-06,
WEG HUAWEI TECHNO,WEG Huawei Techno,1,3.0,5.9576538543057495e-06,
INVERSOR GRID TIE B B,INVERSOR GRID TIE B&B,1,3.0,5.9576538543057495e-06,
INVERSOR SOLAR EGT,Inversor Solar Egt,1,3.0,5.9576538543057495e-06,
AOODWE,AOODWE,1,3.0,5.9576538543057495e-06,
GOODWE KSTAR,Goodwe / Kstar,1,3.0,5.9576538543057495e-06,
AMOSOLAR,AMOSOLAR,1,3.0,5.9576538543057495e-06,
KESUA,KESUA,1,3.0,5.9576538543057495e-06,
KENOVIGE,KENOVIGE,1,3.0,5.9576538543057495e-06,
EMPERIUM,EMPERIUM,1,3.0,5.9576538543057495e-06,
530 WP,530 Wp,1,3.0,5.9576538543057495e-06,
JAM78S10 450 MR,JAM78S10-450-MR,1,3.0,5.9576538543057495e-06,
KEKUA,KEKUA,1,3.0,5.9576538543057495e-06,
KEHWA,KEHWA,1,3.0,5.9576538543057495e-06,
SUNNY BOY 3 0 SMA,SUNNY BOY 3.0 SMA,1,3.0,5.9576538543057495e-06,
SUNNY BOY 3 0 SB3 01AV 40,SUNNY BOY 3.0 SB3.01AV 40,1,3.0,5.9576538543057495e-06,
OOODWE,OOODWE,1,3.0,5.9576538543057495e-06,
INGECOM SUN,INGECOM SUN,1,3.0,5.9576538543057495e-06,
TSM DE08MII375WHONEY,TSM-DE08MII375WHONEY,1,3.0,5.9576538543057495e-06,
LOVOLTEK G,LOVOLTEK G,1,3.0,5.9576538543057495e-06,
VERTY,VERTY,1,3.0,5.9576538543057495e-06,
3300,3300,1,3.0,5.9576538543057495e-06,
RENOIVIGI,RENOIVIGI,1,3.0,5.9576538543057495e-06,
REFUONE 3 0K 2T,REFUONE 3.0K 2T,1,3.0,5.9576538543057495e-06,
004738 2021,004738 2021,1,3.0,5.9576538543057495e-06,
REFUOL,REFUOL,1,3.0,5.9576538543057495e-06,
TIANIU POWER,Tianiu Power,1,3.0,5.9576538543057495e-06,
HYPONYTCH,hyponytch,1,3.0,5.9576538543057495e-06,
007996 2022,007996/2022,1,3.0,5.9576538543057495e-06,
CANASIAN,CANASIAN,1,3.0,5.9576538543057495e-06,
CANANDI SOLAR,CANANDI SOLAR,1,3.0,5.9576538543057495e-06,
TSM DE08M II 375W,TSM-DE08M(II)-375W,1,3.0,5.9576538543057495e-06,
HELIUS HMF72PH 335A,HELIUS/ HMF72PH-335A,1,3.0,5.9576538543057495e-06,
MICROINVERSOS APSYSTEM,MICROINVERSOS APSYSTEM,1,3.0,5.9576538543057495e-06,
SMA SOLAR TECNOLOGY GA,SMA Solar Tecnology GA.,1,3.0,5.9576538543057495e-06,
SMA SOLAR TECHNOLOGY MOD,SMA SOLAR TECHNOLOGY MOD,1,3.0,5.9576538543057495e-06,
BELENERGY SUN 3K G,Belenergy/Sun-3K-G,1,3.0,5.9576538543057495e-06,
WEG HUAWEI WEG SIW500H ST040,WEG/HUAWEI//WEG SIW500H ST040,1,3.0,5.9576538543057495e-06,
WEG HUAWEI W300H M030 SUN2000L 3K,WEG(HUAWEI)W300H-M030(SUN2000L-3K,1,3.0,5.9576538543057495e-06,
550 HMM1WEG,550 HMM1WEG,1,3.0,5.9576538543057495e-06,
SG30RS,SG30RS,1,3.0,5.9576538543057495e-06,
ALWEG,ALWEG,1,3.0,5.9576538543057495e-06,
SUNNY BOY SB3 0 1AV 41,SUNNY BOY/SB3.0-1AV-41,1,3.0,5.9576538543057495e-06,
HUAWEIAS,HUAWEIAS,1,3.0,5.9576538543057495e-06,
GCL MONO HALF CELL,GCL MONO HALF CELL,1,3.0,5.9576538543057495e-06,
ESCOLYS,ESCOLYS,1,3.0,5.9576538543057495e-06,
GCL GOLDEN CONCORD HOLDINGS LIMITED,GCL Golden Concord Holdings Limited,1,3.0,5.9576538543057495e-06,
ALTERGY POWER SYSTEM APS,Altergy Power System (APS),2,3.0,5.9576538543057495e-06,
01 WEG HUAWEI,01 WEG/ Huawei,1,3.0,5.9576538543057495e-06,
AMERICANSOLAR,AMERICANSOLAR,1,3.0,5.9576538543057495e-06,
AMA,AMA,1,3.0,5.9576538543057495e-06,
ONMIKSOL,ONMIKSOL,1,3.0,5.9576538543057495e-06,
ON GRIDE,on gride,1,3.0,5.9576538543057495e-06,
TP6H72M 400,TP6H72M-400,1,3.0,5.9576538543057495e-06,
TP, TP,1,3.0,5.9576538543057495e-06,
SOLAR TECH,SOLAR TECH,1,3.0,5.9576538543057495e-06,
NEXE,NEXE,1,3.0,5.9576538543057495e-06,
TOURIGA 3000 EAST,Touriga 3000 EAST,1,3.0,5.9576538543057495e-06,
SMA SUNNY BOY 3 0KW SB3 0 1AV 40,SMA/SUNNY BOY 3.0kW (SB3.0-1AV-40),1,3.0,5.9576538543057495e-06,
SOLAR ZNSHINE,SOLAR ZNSHINE,1,3.0,5.9576538543057495e-06,
GIOODWE,GIOODWE,1,3.0,5.9576538543057495e-06,
GINLONG TECHNOLOGIESS,GINLONG TECHNOLOGIESS,1,3.0,5.9576538543057495e-06,
GINLONG TECHNOLOGIES SOLISMINI 3000 4G,GINLONG TECHNOLOGIES /SOLISMINI 3000 4G,1,3.0,5.9576538543057495e-06,
ELSYS ESM 3000,ELSYS - ESM - 3000,1,3.0,5.9576538543057495e-06,
MID15KTL 3 XL,MID15KTL 3-XL,1,3.0,5.9576538543057495e-06,
SUNPRO,SUNPRO,1,3.0,5.9576538543057495e-06,
INVERSOR MIC3000TL X MICRO INVERSOR,Inversor: MIC3000TL-X; Micro Inversor:,1,3.0,5.9576538543057495e-06,
SUNOVA 8,SUNOVA 8,1,3.0,5.9576538543057495e-06,
SUNOMO,SUNOMO,1,3.0,5.9576538543057495e-06,
HUAWEILLES,HUAWEILLES,1,3.0,5.9576538543057495e-06,
KEHU TECH,KEHU TECH,1,3.0,5.9576538543057495e-06,
KEHU,Kehu,1,3.0,5.9576538543057495e-06,
ALTERNEGY POWER SYSTEM,Alternegy Power System,1,3.0,5.9576538543057495e-06,
550,550,1,3.0,5.9576538543057495e-06,
TSM 510 DE18M II,TSM(510)DE18M(II,1,3.0,5.9576538543057495e-06,
TSM 450,TSM (450),1,3.0,5.9576538543057495e-06,
585W,585W,1,3.0,5.9576538543057495e-06,
INVERSOR LIVOTEK MICRO INVERSOR,Inversor: LIVOTEK; Micro Inversor:,1,3.0,5.9576538543057495e-06,
HUEWAY,HUEWAY,1,3.0,5.9576538543057495e-06,
HUAWUY,HUAWUY,1,3.0,5.9576538543057495e-06,
JKM 460W,JKM-460W,1,3.0,5.9576538543057495e-06,
K,K,1,3.0,5.9576538543057495e-06,
SIW300H M030 3KW,SIW300H-M030- 3kW,1,3.0,5.9576538543057495e-06,
B B SF3000 TL,B&B SF3000 TL,1,3.0,5.9576538543057495e-06,
OXESS,OXESS,1,3.0,5.9576538543057495e-06,
GROWAT MIC 3000TL X,GROWAT / MIC 3000TL-X,1,3.0,5.9576538543057495e-06,
SOLPOWER AG,SOLPOWER AG,1,3.0,5.9576538543057495e-06,
SOLPNATET,SOLPNATET,1,3.0,5.9576538543057495e-06,
B BPOWER MOSO RENOVIG,B&BPOWER/ MOSO/ RENOVIG,1,3.0,5.9576538543057495e-06,
B BPOWE R,B&BPOWE R,1,3.0,5.9576538543057495e-06,
DAH SOALR,DAH SOALR,1,3.0,5.9576538543057495e-06,
DAH SOALAR,DAH SOALAR,1,3.0,5.9576538543057495e-06,
HOVMILES ML 1500,Hovmiles Ml-1500,1,3.0,5.9576538543057495e-06,
HORNOMOD,hornomod,1,3.0,5.9576538543057495e-06,
OSNA,OSNA,1,3.0,5.9576538543057495e-06,
16 00,"16,00",1,3.0,5.9576538543057495e-06,
EA7KS,EA7KS,1,3.0,5.9576538543057495e-06,
SCAR3KTL PS1 EU,SCAR3KTL-PS1/EU,1,3.0,5.9576538543057495e-06,
EAST EA7KSI INVERSOR ON GRID MONOFASICO,EAST EA7KSI INVERSOR ON GRID MONOFASICO -,1,3.0,5.9576538543057495e-06,
SANGROUW,SANGROUW,1,3.0,5.9576538543057495e-06,
SAMILPOWER,SAMILPOWER,1,3.0,5.9576538543057495e-06,
HELIS ENERGY,Helis Energy,1,3.0,5.9576538543057495e-06,
DEYESOLAR SAJAP,DEYESolar SAJAP,1,3.0,5.9576538543057495e-06,
ALDO SOLARR,aldo solarr,1,3.0,5.9576538543057495e-06,
ALDO ALL NATIONS,Aldo/All Nations,1,3.0,5.9576538543057495e-06,
DEYESUN3K,DEYESUN3K,1,3.0,5.9576538543057495e-06,
ESM 3000 L,ESM-3000 L,1,3.0,5.9576538543057495e-06,
ORIZON ORI PLUS 3K,ORIZON / ORI PLUS 3K,1,3.0,5.9576538543057495e-06,
SHENZHEN KSTARC,SHENZHEN KSTARc,1,3.0,5.9576538543057495e-06,
GROWAT MIN 3000TL X 3KW,Growat/ MIN 3000TL-X – 3kW,1,3.0,5.9576538543057495e-06,
OSDA OSDA,OSDA OSDA,1,3.0,5.9576538543057495e-06,
1 25111441307578,"1,25111441307578",1,3.0,5.9576538543057495e-06,
JT380SAH,JT380SAH,1,3.0,5.9576538543057495e-06,
IGROWATT,iGrowatt,1,3.0,5.9576538543057495e-06,
IGETEAM,Igeteam,1,3.0,5.9576538543057495e-06,
GROWART,GROWART,1,3.0,5.9576538543057495e-06,
P6C 36 SERIES 4BB,P6C-36-SERIES-4BB,1,3.0,5.9576538543057495e-06,
MONO PERC 500WP,MONO-PERC 500WP,1,3.0,5.9576538543057495e-06,
GW3000D NS,403 - GW3000D-NS,1,3.0,5.9576538543057495e-06,
MONOCRIST,MONOCRIST,1,3.0,5.9576538543057495e-06,
BVK ENERGISA,BVK Energisa,1,3.0,5.9576538543057495e-06,
GROWATU,Growatu,1,3.0,5.9576538543057495e-06,
SOLAR REFUSOLAR,SOLAR REFUSOLAR,1,3.0,5.9576538543057495e-06,
HEG,HEG,1,3.0,5.9576538543057495e-06,
HCP72X9 360,HCP72X9-360,1,3.0,5.9576538543057495e-06,
AE 460HM6L 60,AE 460HM6L-60,1,3.0,5.9576538543057495e-06,
ADD,add,1,3.0,5.9576538543057495e-06,
JOINING COMERCI,JOINING COMERCI,1,3.0,5.9576538543057495e-06,
ZNZSHINE,ZNZSHINE,1,3.0,5.9576538543057495e-06,
AESOLARR,AESOLARR,1,3.0,5.9576538543057495e-06,
JKM635 N 78HL4 V,JKM635 N-78HL4-V,1,3.0,5.9576538543057495e-06,
SUNY BOY SMA,SUNY BOY SMA,1,3.0,5.9576538543057495e-06,
17,17,3,3.0,5.9576538543057495e-06,
CHSM72N DG F HC 570,CHSM72N(DG)/F-HC-570,1,3.0,5.9576538543057495e-06,
CHSM72M HC 450,CHSM72M-HC-450,1,3.0,5.9576538543057495e-06,
SMA SUNNY BOY SB3 0 1AV 41,SMA / SUNNY BOY SB3.0-1AV-41,1,3.0,5.9576538543057495e-06,
SMA SUNNY BOY SB 3 0 1AV 41,SMA/Sunny Boy-sb-3.0-1av-41,1,3.0,5.9576538543057495e-06,
CHHINT POWER,CHHINT POWER,1,3.0,5.9576538543057495e-06,
ZNSHINE ZXM7 SPLD144 545 M,ZNSHINE/ZXM7-SPLD144-545/M,1,3.0,5.9576538543057495e-06,
JINNKO SOLAR,jinnko solar,1,3.0,5.9576538543057495e-06,
BEB PW MOSO,BEB PW MOSO,1,3.0,5.9576538543057495e-06,
MARCELO CLARIONSOLAR COM BR,marcelo@clarionsolar.com.br,1,3.0,5.9576538543057495e-06,
DEYV,DEYV,1,3.0,5.9576538543057495e-06,
FORT LEVE SOLAR,Fort leve solar,1,3.0,5.9576538543057495e-06,
MARCA MODELO NUMERO DE FASES QTDADE POTENCIA DO INVERSOR KWP POTENCIA TOTAL KWP NUMERO DO REGIST,Marca	Modelo	Número de Fases	Qtdade	Potência do Inversor (kWp)	Potência Total (kWp)	Número do Regist,1,3.0,5.9576538543057495e-06,
SPSYSTEM,SPSYSTEM,1,3.0,5.9576538543057495e-06,
SPI,SPI,1,3.0,5.9576538543057495e-06,
LR4 72HPH 440,LR4-72HPH-440,1,3.0,5.9576538543057495e-06,
INVT TECHNOLOGY CO LT,"INVT TECHNOLOGY CO, LT",1,3.0,5.9576538543057495e-06,
INVT MG 3KTL,INVT/MG 3KTL,1,3.0,5.9576538543057495e-06,
GOODWEV,GOODWEV,1,3.0,5.9576538543057495e-06,
PHONO SOLAR 450W,PHONO SOLAR 450W,1,3.0,5.9576538543057495e-06,
SRP 335 BMB,SRP-335-BMB,1,3.0,5.9576538543057495e-06,
B 450,B-450,1,3.0,5.9576538543057495e-06,
GROWATT3,GROWATT3,1,3.0,5.9576538543057495e-06,
SIW300H M030 L1 SUN2000L 3KTL,SIW300H M030 L1 (SUN2000L 3KTL,1,3.0,5.9576538543057495e-06,
SIW300H M030 L1,SIW300H M030 L1,1,3.0,5.9576538543057495e-06,
CANADIUM SOLAR,CANADIUM SOLAR,1,3.0,5.9576538543057495e-06,
CANADIN SOLAR CSI 3 0KTL1P GI FL,Canadin Solar / CSI-3.0KTL1P-GI-FL,1,3.0,5.9576538543057495e-06,
CABADIAN SOLAR,CABADIAN SOLAR,1,3.0,5.9576538543057495e-06,
CANADAN,CANADAN,1,3.0,5.9576538543057495e-06,
CANADAIAN CSI 3K S22002 E,CANADAIAN / CSI-3K-S22002-E,1,3.0,5.9576538543057495e-06,
CANADAIAN,CANADAIAN,1,3.0,5.9576538543057495e-06,
CADIANSOLAR,CadianSolar,1,3.0,5.9576538543057495e-06,
FONIUS PRIMO,fonius primo,1,3.0,5.9576538543057495e-06,
INVERSR STRING,INVERSR STRING,1,3.0,5.9576538543057495e-06,
G3000 S,G3000-S,1,3.0,5.9576538543057495e-06,
SOLAR MIC,SOLAR MIC,1,3.0,5.9576538543057495e-06,
HCM78X9 440W,HCM78X9-440W,1,3.0,5.9576538543057495e-06,
HCC SP 3K,HCC SP - 3K,1,3.0,5.9576538543057495e-06,
HCC ENERGIA,191 - HCC ENERGIA,1,3.0,5.9576538543057495e-06,
BELLENERGY BEL 3K G,BELLENERGY - BEL-3K-G,1,3.0,5.9576538543057495e-06,
SOLAR MAXX TECH SMT 3KW S,SOLAR MAXX TECH SMT 3KW-S,1,3.0,5.9576538543057495e-06,
FOXUSS,FOXUSS,1,3.0,5.9576538543057495e-06,
RENO 3KHC,RENO-3KHC,1,3.0,5.9576538543057495e-06,
INVERSOR SAFAR MICRO INVERSOR,Inversor: SAFAR; Micro Inversor:,1,3.0,5.9576538543057495e-06,
INVERSOR RM 570W 182M 144TB MICRO INVERSOR,Inversor: RM-570W-182M/144TB; Micro Inversor:,1,3.0,5.9576538543057495e-06,
INVERSOR RENOGIVI MICRO INVERSOR,Inversor: RENOGIVI; Micro Inversor:,1,3.0,5.9576538543057495e-06,
INVERSOR REFU ELEKTRONIK GMBH MICRO INVERSOR,Inversor: REFU Elektronik GmbH; Micro Inversor:,1,3.0,5.9576538543057495e-06,
EX450MB 144 450W,EX450MB-144 450W,1,3.0,5.9576538543057495e-06,
OSA,OSA,1,3.0,5.9576538543057495e-06,
GOODWEGW3000 XS 11,GOODWEGW3000-XS-11,1,3.0,5.9576538543057495e-06,
GOODWEGW3000 XS,GOODWEGW3000-XS,1,3.0,5.9576538543057495e-06,
PHB3000SS,PHB3000SS,1,3.0,5.9576538543057495e-06,
JKM540M 72HL 4,JKM540M72HL-4,1,3.0,5.9576538543057495e-06,
HY M16 144H 590WSOLIS,HY-M16/144H-590WSOLIS,1,3.0,5.9576538543057495e-06,
PHB3000N XS 3KW,PHB3000N-XS 3kW,1,3.0,5.9576538543057495e-06,
PHB1,PHB1,1,3.0,5.9576538543057495e-06,
SOLAR JINKP,SOLAR JINKP,1,3.0,5.9576538543057495e-06,
ELSUS,ELSUS,1,3.0,5.9576538543057495e-06,
RSM144 6 405MSOFAR SOLAR,RSM144-6-405MSOFAR SOLAR,1,3.0,5.9576538543057495e-06,
RSM144 6 400M,RSM144-6-400M,1,3.0,5.9576538543057495e-06,
MIN 300TL X,MIN-300TL-X,1,3.0,5.9576538543057495e-06,
MIN 3000 TL XH,1359 - MIN 3000 TL-XH,1,3.0,5.9576538543057495e-06,
DHT M60X10,DHT-M60X10,1,3.0,5.9576538543057495e-06,
TS M10 144H 530 550W,TS-M10/144H 530-550W,1,3.0,5.9576538543057495e-06,
TRNOVIGI BEB POWER,TRNOVIGI BEB POWER,1,3.0,5.9576538543057495e-06,
5OLIS,5OLIS,1,3.0,5.9576538543057495e-06,
TRINASOLAR TALLMAX TSM DE15M II 400W,TRINASOLAR TALLMAX TSM DE15M(II)400W,1,3.0,5.9576538543057495e-06,
LIVOLTECK POWER CO LTDA,Livolteck Power Co. Ltda.,1,3.0,5.9576538543057495e-06,
SOLAR GRID INVERSOR MOSO,Solar Grid Inversor Moso,1,3.0,5.9576538543057495e-06,
CHNT POWER CPS,CHNT POWER CPS,1,3.0,5.9576538543057495e-06,
14 00,"14,00",1,3.0,5.9576538543057495e-06,
RENO 430P,RENO-430P,1,3.0,5.9576538543057495e-06,
TALE SUN,Tale Sun,1,3.0,5.9576538543057495e-06,
T SUN N TYPE,T-SUN N-TYPE,1,3.0,5.9576538543057495e-06,
LIVOLTE1K,LIVOLTE1K,1,3.0,5.9576538543057495e-06,
JKM460 M,JKM460-M,1,3.0,5.9576538543057495e-06,
HYPONETECH,HYPONETECH,1,3.0,5.9576538543057495e-06,
TALESUN HALF CELL,Talesun Half- Cell,1,3.0,5.9576538543057495e-06,
EAST TOURIGA EA K3SI,EAST-TOURIGA EA K3SI,1,3.0,5.9576538543057495e-06,
SCANADIAN,SCANADIAN,1,3.0,5.9576538543057495e-06,
EACH ENERGY EES3K M1,EACH ENERGY EES3K-M1,1,3.0,5.9576538543057495e-06,
SB3 0 1AV41,SB3.0-1AV41,1,3.0,5.9576538543057495e-06,
SB3 0 1AV A 3KW,SB3.0-1AV-A 3KW,1,3.0,5.9576538543057495e-06,
SB3 0 1AV 40 SUNNY BOY 3 0,SB3.0-1AV-40 (SUNNY BOY 3.0),1,3.0,5.9576538543057495e-06,
HANERSUM,Hanersum,1,3.0,5.9576538543057495e-06,
GROWAT MIN3000TL X,GROWAT/MIN3000TL-X,1,3.0,5.9576538543057495e-06,
TALLMAX TSM DE15M II 410W,TallMax TSM-DE15M (II) 410W,1,3.0,5.9576538543057495e-06,
HYPONETCK,HYPONETCK,1,3.0,5.9576538543057495e-06,
HYPON TECK,Hypon Teck,1,3.0,5.9576538543057495e-06,
HYPONTEC HPS 3000,HYPONTEC HPS-3000,1,3.0,5.9576538543057495e-06,
HYPONTEC HPK3000,HYPONTEC HPK3000,1,3.0,5.9576538543057495e-06,
HYPONT WI FI,HYPONT WI-FI,1,3.0,5.9576538543057495e-06,
A B,A&B,1,3.0,5.9576538543057495e-06,
A,a,3,3.0,5.9576538543057495e-06,
LIVIOTEK,LIVIOTEK,1,3.0,5.9576538543057495e-06,
BLANK 3000 VA,Blank 3000 VA,1,3.0,5.9576538543057495e-06,
BLANK 3000 26 Z,Blank 3000 26 Z,1,3.0,5.9576538543057495e-06,
BLUE G 3000S,BluE-G 3000S,1,3.0,5.9576538543057495e-06,
BLUE G,BLUE G,1,3.0,5.9576538543057495e-06,
BLUE,BLUE,1,3.0,5.9576538543057495e-06,
Q PEAK L G5 0 G425,Q.PEAK L-G5.0.G425,1,3.0,5.9576538543057495e-06,
Q PEAK DUO L G6,"Q,PEAK DUO L-G6",1,3.0,5.9576538543057495e-06,
WEGSIW200G M030 W0,WEGSIW200G M030 W0,1,3.0,5.9576538543057495e-06,
WEGGW3000NXS,WEGGW3000NXS,1,3.0,5.9576538543057495e-06,
60,60,3,3.0,5.9576538543057495e-06,
TRINA TSM DE15MII 410W TALLMAX,TRINA TSM-DE15MII 410W TALLMAX,1,3.0,5.9576538543057495e-06,
3000,3000,1,3.0,5.9576538543057495e-06,
VINCENTINOS SOLAR,Vincentinos Solar,1,3.0,5.9576538543057495e-06,
VEYE,VEYE,1,3.0,5.9576538543057495e-06,
APYSYSTEM S,APYSYSTEM S,1,3.0,5.9576538543057495e-06,
SUN 3 K G,SUN -3-K-G,1,3.0,5.9576538543057495e-06,
RISEN 445W,RISEN 445W,1,3.0,5.9576538543057495e-06,
SOULPLANET,SOULPLANET,1,3.0,5.9576538543057495e-06,
LS 3K F2,LS-3K F2,1,3.0,5.9576538543057495e-06,
3KW MIC3000TL X,3KW MIC3000TL-X,1,3.0,5.9576538543057495e-06,
INVERSOREHOYMILES MI 1500,InversoreHoymiles MI-1500,1,3.0,5.9576538543057495e-06,
LR4 72HPH 440WP,LR4-72HPH 440Wp,1,3.0,5.9576538543057495e-06,
B B POWER RENO VIGI,B&B Power/Reno vigi,1,3.0,5.9576538543057495e-06,
RIZEN,Rizen,1,3.0,5.9576538543057495e-06,
DAH DHM 72LS BF 450W,DAH DHM 72LS BF 450W,1,3.0,5.9576538543057495e-06,
SIW300 M015 PHM,SIW300 M015 / PHM,1,3.0,5.9576538543057495e-06,
TRINA SOLAR TSM 345 DE15H II,TRINA SOLAR/ TSM-345-DE15H(II),1,3.0,5.9576538543057495e-06,
JINKO PROMO JAM72D30525 550 MB,JINKO-PROMO JAM72D30525-550/MB,1,3.0,5.9576538543057495e-06,
JINKO JKM450 M,JINKO JKM450-M,1,3.0,5.9576538543057495e-06,
RAY TACH,RAY TACH,1,3.0,5.9576538543057495e-06,
RANMAMOD,Ranmamod,1,3.0,5.9576538543057495e-06,
FABRICANTE DO INVERSORGROWATT,FABRICANTE DO INVERSORGROWATT,1,3.0,5.9576538543057495e-06,
TECHULUX,TECHULUX,1,3.0,5.9576538543057495e-06,
JKM405M 72 H V,JKM405M-72-H-V,1,3.0,5.9576538543057495e-06,
HYPONTECHHPK 3000,HypontechHPK-3000,1,3.0,5.9576538543057495e-06,
JINKO JKM 400M 72H,JINKO/ JKM 400M 72H,1,3.0,5.9576538543057495e-06,
JINKO 460W,Jinko 460W,1,3.0,5.9576538543057495e-06,
INVERSOR HUANWEI MICRO INVERSOR,Inversor: HUANWEI; Micro Inversor:,1,3.0,5.9576538543057495e-06,
Q CELLS Q POWER,Q-Cells Q.POWER,1,3.0,5.9576538543057495e-06,
BEDNSOLAR,BEDNSOLAR,1,3.0,5.9576538543057495e-06,
CHINTPOWERR,CHINTPOWERR,1,3.0,5.9576538543057495e-06,
EGT EGT,EGT EGT,1,3.0,5.9576538543057495e-06,
TRANNERGY,TRANNERGY,1,3.0,5.9576538543057495e-06,
CS6W 540,CS6W-540,1,3.0,5.9576538543057495e-06,
FDSZF,FDSZF,1,3.0,5.9576538543057495e-06,
TELESOL,TELESOL,6,3.0,5.9576538543057495e-06,
TEFUSOL,TEFUSOL,1,3.0,5.9576538543057495e-06,
FRONUS BRASIL,FRONUS BRASIL,1,3.0,5.9576538543057495e-06,
BB POWER SF3KTN,BB POWER SF3KTN,1,3.0,5.9576538543057495e-06,
3GROWATT ON GRID,3GROWATT ON GRID,1,3.0,5.9576538543057495e-06,
BRBFOWER,BRBFower,1,3.0,5.9576538543057495e-06,
BRAS,BRAS,1,3.0,5.9576538543057495e-06,
MODULO FOTOVOLTAICO 430W,MODULO FOTOVOLTAICO 430W,1,3.0,5.9576538543057495e-06,
TYPE SOLAR,TYPE SOLAR,1,3.0,5.9576538543057495e-06,
JA EXISTENTE NO LOCAL,JA EXISTENTE NO LOCAL,1,3.0,5.9576538543057495e-06,
MODLO SOLAR AE SOLAR,MODLO SOLAR AE SOLAR,1,3.0,5.9576538543057495e-06,
SHENZEHEN SOFARSOL AR,SHENZEHEN SOFARSOL AR,1,3.0,5.9576538543057495e-06,
RGY BELENERGY,RGY BELENERGY,1,3.0,5.9576538543057495e-06,
FRONIUSRENOVIGI RENO3K HC,FRONIUSRENOVIGI RENO3K-HC,1,3.0,5.9576538543057495e-06,
ENERGY ONE,Energy One,1,3.0,5.9576538543057495e-06,
ENERGI SOLAR,ENERGI SOLAR,1,3.0,5.9576538543057495e-06,
ZXM7 SHLD14,ZXM7-SHLD14,1,3.0,5.9576538543057495e-06,
SONNY BOY 3 0,SONNY BOY 3.0,1,3.0,5.9576538543057495e-06,
GOODIWE,Goodiwe,1,3.0,5.9576538543057495e-06,
GOOD WE GW3000 XS 11,GOOD WE GW3000-XS-11,1,3.0,5.9576538543057495e-06,
NTELBR AS,NTELBR AS,1,3.0,5.9576538543057495e-06,
NOVA ERA,NOVA ERA,1,3.0,5.9576538543057495e-06,
GODODWE,GODODWE,1,3.0,5.9576538543057495e-06,
RISEN SOLAR TECHNOLO,Risen Solar Technolo,1,3.0,5.9576538543057495e-06,
QXPV 36MD SL330TU36MD,QXPV / 36MD SL330TU36MD,1,3.0,5.9576538543057495e-06,
B B POWER REGISTRO,B&B Power Registro,1,3.0,5.9576538543057495e-06,
VSUN INOVATIVE E SMART,VSUN INOVATIVE E SMART,1,3.0,5.9576538543057495e-06,
3000TL G3,3000TL-G3,1,3.0,5.9576538543057495e-06,
3000 S,520 - 3000-S,1,3.0,5.9576538543057495e-06,
REDENERGY,redenergy,1,3.0,5.9576538543057495e-06,
GROWTT MIC3000TL X,GROWTT-MIC3000TL-X,1,3.0,5.9576538543057495e-06,
GROWSTT,growstt,1,3.0,5.9576538543057495e-06,
SIW200F M030,SIW200F M030,1,3.0,5.9576538543057495e-06,
1 X MI 1200 1 X MI 700,1.X MI-1200 1 X MI-700,1,3.0,5.9576538543057495e-06,
INVERSOR ON GRID TIE,Inversor On Grid Tie,1,3.0,5.9576538543057495e-06,
INVERSOR ON GRID SOLAR,INVERSOR ON GRID SOLAR,1,3.0,5.9576538543057495e-06,
ML 1500,Ml - 1500,1,3.0,5.9576538543057495e-06,
ZENSHINE,ZENSHINE,1,3.0,5.9576538543057495e-06,
ELG545 M72HLP SUN 3K G,ELG545- M72HLP/ SUN-3K-G,1,3.0,5.9576538543057495e-06,
HYPONTWCH,HYPONTWCH,1,3.0,5.9576538543057495e-06,
JKM330PP 72,JKM330PP-72,1,3.0,5.9576538543057495e-06,
ULICA UL 505M132HV,ULICA UL-505M132HV,1,3.0,5.9576538543057495e-06,
TP6H72P H 350W,TP6H72P(H)- 350W,1,3.0,5.9576538543057495e-06,
JINKO460M,jinko460m,1,3.0,5.9576538543057495e-06,
YUASA,YUASA,1,3.0,5.9576538543057495e-06,
UL 330P,UL-330P,1,3.0,5.9576538543057495e-06,
BB POWER MOD SF3000TL,BB Power Mod. SF3000TL,1,3.0,5.9576538543057495e-06,
BE L ENERGY,"BE,L ENERGY",1,3.0,5.9576538543057495e-06,
CANADIANSOLAR INC CSI 3KS22002 ED,CanadianSolar Inc. / CSI-3KS22002-ED,1,3.0,5.9576538543057495e-06,
CANAIA SOLAR,CANAIA SOLAR,1,3.0,5.9576538543057495e-06,
GOD,GOD,1,3.0,5.9576538543057495e-06,
ZXP6 LD72 340P,ZXP6-LD72-340P,1,3.0,5.9576538543057495e-06,
GO,GO,1,3.0,5.9576538543057495e-06,
0 MIC3000TL X,0	MIC3000TL-X,1,3.0,5.9576538543057495e-06,
INVT GEU BRASIL,INVT(GEU Brasil),1,2.97,5.8980773157626925e-06,
SUNERGYSOLAR SOLAR,SUNERGYSOLAR SOLAR,1,2.97,5.8980773157626925e-06,
IQ7AM 72 2 US 220V,IQ7AM-72-2-US-220V,1,2.97,5.8980773157626925e-06,
SUNTEAMS,SUNTEAMS,2,2.9699999999999998,5.898077315762691e-06,
FRONINUS,FRONINUS,1,2.96,5.878218469581673e-06,
HYPON TECH HPK 3000,HYPON TECH HPK-3000,1,2.93,5.818641931038615e-06,
GT1 3K3S1,2030 - GT1-3K3S1,1,2.93,5.818641931038615e-06,
TECH SOLAR,TECH SOLAR,1,2.93,5.818641931038615e-06,
SOFAR3KTLM,SOFAR3KTLM,1,2.91,5.778924238676577e-06,
SAOFAR,SAOFAR -,1,2.9,5.759065392495557e-06,
DAH DAH,"DAH, DAH",1,2.9,5.759065392495557e-06,
BELENERGYRENOVIGI,BelenergyRENOVIGI,1,2.89,5.739206546314539e-06,
ENETRONICA SANTERNO,ENETRONICA SANTERNO,1,2.88,5.719347700133519e-06,
ASTROERGY,Astroergy,1,2.88,5.719347700133519e-06,
BEB POWER WLGIN,BEB POWER WLGIN,1,2.88,5.719347700133519e-06,
HANERSUN 575,hanersun 575,1,2.88,5.719347700133519e-06,
FABRICANTE INVERSORES,fabricante_inversores,1,2.88,5.719347700133519e-06,
AP SYSTEM QSA1,AP SYSTEM / QSA1,1,2.88,5.719347700133519e-06,
410M7K36,410M7K36,1,2.87,5.6994888539525e-06,
SOLARA ENERGY DO BRASIL,Solara Energy do Brasil,1,2.86,5.679630007771481e-06,
FNPHASE ENERGY,FNPHASE ENERGY,1,2.85,5.659771161590462e-06,
R6 3K S1 15,R6-3K-S1-15	,1,2.85,5.659771161590462e-06,
SOCIS,SOÇIS,1,2.85,5.659771161590462e-06,
INVERSOR SUN 2K G MICRO INVERSOR,Inversor: SUN-2K-G; Micro Inversor:,1,2.85,5.659771161590462e-06,
168 WDC,168 WDC,1,2.84,5.639912315409442e-06,
SIW SUN,SIW (SUN),1,2.83,5.620053469228424e-06,
SOFR SOLAR,SOFR SOLAR,1,2.83,5.620053469228424e-06,
GROWRATT,GROWRATT,1,2.82,5.600194623047404e-06,
BELENERGY 3KW,BELENERGY 3KW	,1,2.8,5.560476930685365e-06,
OMNIKN NEW ENERGY,OMNIKN NEW ENERGY,1,2.8,5.560476930685365e-06,
TSM DE09,TSM-DE09,1,2.8,5.560476930685365e-06,
NHD ELETRONICA,NHD Eletrônica,1,2.8,5.560476930685365e-06,
RENO 560 127VCA,RENO-560-127VCA,1,2.8,5.560476930685365e-06,
HYPONTEHC,HYPONTEHC,1,2.8,5.560476930685365e-06,
CADIANCADIAN,CadianCadian,1,2.8,5.560476930685365e-06,
EXISTENTE NO LOCAL, EXISTENTE NO LOCAL,1,2.8,5.560476930685365e-06,
SG3 0RS L 3000,SG3.0RS-L -3000,1,2.8,5.560476930685365e-06,
TSUN BEDIN,TSUN + BEDIN,1,2.8,5.560476930685365e-06,
RESUFOL REFUONE 3 3K 1T,RESUFOL / REFUONE 3.3K-1T,1,2.8,5.560476930685365e-06,
QUAD 3000,Quad 3000,1,2.8,5.560476930685365e-06,
REFUONE 3 3K 1T,REFUONE 3.3K-1T,1,2.8,5.560476930685365e-06,
EMMPALUX,EMmpalux,1,2.8,5.560476930685365e-06,
GROWATIT,GROWATIT,1,2.79,5.540618084504347e-06,
SMT 3KW S,SMT 3KW-S,1,2.78,5.520759238323327e-06,
GALVO,galvo,2,2.77,5.500900392142308e-06,
RENO 20K HC,RENO-20K-HC,1,2.77,5.500900392142308e-06,
CS3W 460MS,CS3W-460MS,1,2.76,5.481041545961289e-06,
R GY,R GY,1,2.76,5.481041545961289e-06,
BELNERGY BEL 3K G,BELNERGY BEL 3K G,1,2.76,5.481041545961289e-06,
DEYED SUN 3K G,DEYED / SUN-3K-G,1,2.76,5.481041545961289e-06,
BEL ENERGY INVSBES6 MO 220 4KW,BEL ENERGY INVSBES6-MO-220-4KW,1,2.76,5.481041545961289e-06,
MIC300TLX,mic300tlx,1,2.76,5.481041545961289e-06,
BELERGY BEL3K G,Belergy/BEL3K-G,1,2.76,5.481041545961289e-06,
BELENER GY PLUS BEL 3K G,BELENER GY PLUS BEL-3K-G,1,2.76,5.481041545961289e-06,
SOLIS1P5K 4G,SOLIS1P5K-4G,1,2.75,5.46118269978027e-06,
HOMILIES,HOMILIES,1,2.75,5.46118269978027e-06,
SUBGROUW,SUBGROUW,1,2.75,5.46118269978027e-06,
SAL SOLAR R5 3K S1,SAL SOLAR / R5-3K-S1,1,2.75,5.46118269978027e-06,
BEKENERGY,BEKENERGY,1,2.75,5.46118269978027e-06,
BELENERGYBEL 3K G,BelEnergyBEL-3K-G,1,2.75,5.46118269978027e-06,
MFVOS MO 144 41,MFVOS-MO-144-41,1,2.75,5.46118269978027e-06,
MODULO SUNOVA SS 550,MODULO SUNOVA SS-550,1,2.75,5.46118269978027e-06,
G R O W A T T,G R O W A T T,1,2.75,5.46118269978027e-06,
BELERGI,BELERGI,1,2.75,5.46118269978027e-06,
DEYEINVERTER,Deyeinverter,1,2.75,5.46118269978027e-06,
BELENERGY PLUS BEL 4K G,BELENERGY PLUS/BEL-4K-G,1,2.75,5.46118269978027e-06,
GW 3KBXS,GW-3KBXS,1,2.75,5.46118269978027e-06,
OSDA IMP,OSDA-IMP,1,2.75,5.46118269978027e-06,
MRENOVIGI,MRENOVIGI,1,2.73,5.421465007418232e-06,
ELSYS ESM8000,Elsys / ESM8000,1,2.73,5.421465007418232e-06,
MPPTA 1X7 OESTE,MPPTA: 1x7(oeste),1,2.73,5.421465007418232e-06,
RYSEN,RYSEN,1,2.73,5.421465007418232e-06,
ESPSC390M,ESPSC390M,1,2.73,5.421465007418232e-06,
PHP ELETRONIC,PHP Eletronic,1,2.73,5.421465007418232e-06,
3KB XS GREY,3KB-XS(GREY),1,2.73,5.421465007418232e-06,
BYD340 P6K 36 5B,BYD340-P6K-36-5B,1,2.72,5.401606161237213e-06,
JY340P 6 FG5,JY340P-6-FG5,1,2.72,5.401606161237213e-06,
RNOGIRI,RNOGIRI,1,2.72,5.401606161237213e-06,
SOPRANO MINI 3000 4G,SOPRANO / MINI 3000 4G,1,2.72,5.401606161237213e-06,
BEL EERGY E APSYSTEM,BEL EERGY e APSYSTEM,1,2.72,5.401606161237213e-06,
BEDINDOLAR,BEDINDOLAR,1,2.72,5.401606161237213e-06,
REBOVIGI,REBOVIGI,1,2.72,5.401606161237213e-06,
BYE,BYE,1,2.72,5.401606161237213e-06,
BEB POWER RENOVIG,BEB POWER/RENOVIG,1,2.72,5.401606161237213e-06,
INTELBRA EGT 3600 PRO,INTELBRA/EGT 3600 PRO,1,2.72,5.401606161237213e-06,
GOODWEY,GOODWEY,1,2.72,5.401606161237213e-06,
R E NOVIGI,R E NOVIGI,1,2.72,5.401606161237213e-06,
RENIVIGI RENO 3K PLUS,RENIVIGI - RENO 3K PLUS,1,2.72,5.401606161237213e-06,
ZNSHINE SOLOR,ZNSHINE SOLOR,1,2.72,5.401606161237213e-06,
APSYSTEM ALTENERGY POWER SYSTEM INC,Apsystem Altenergy Power System Inc.,1,2.72,5.401606161237213e-06,
SUN2000L 3KTL SIW300H M030,SUN2000L-3KTL (SIW300H M030),1,2.72,5.401606161237213e-06,
CS6W545MS,CS6W545MS,1,2.72,5.401606161237213e-06,
RENA C,RENA C,1,2.7,5.361888468875174e-06,
GROWHAT,GROWHAT,1,2.7,5.361888468875174e-06,
HYPONTRCH,HYPONTRCH,1,2.7,5.361888468875174e-06,
FRONUIUS,Fronuius/,1,2.7,5.361888468875174e-06,
ELGIL,ELGIL,1,2.7,5.361888468875174e-06,
REANAC R1 3K3 SS,REANAC R1-3K3-SS,1,2.7,5.361888468875174e-06,
DEYESOLAR SUN 3K G,DEYESOLAR-SUN-3K-G,1,2.7,5.361888468875174e-06,
HILIGHT SOLAR,hilight solar,1,2.7,5.361888468875174e-06,
2XHOYMILES HOYMILES HOYMILES DEYE,2xHOYMILES / HOYMILES / HOYMILES / DEYE,1,2.7,5.361888468875174e-06,
NSH,NSH,1,2.7,5.361888468875174e-06,
JA SOLAR JAM72S30 540,JÁ SOLAR JAM72S30-540,1,2.7,5.361888468875174e-06,
NEW ENERGY,NEW ENERGY,1,2.7,5.361888468875174e-06,
GMI,GMI,1,2.7,5.361888468875174e-06,
CS3U 385P,CS3U-385P,1,2.69,5.342029622694155e-06,
REFUON,REFUON,1,2.68,5.322170776513136e-06,
ORI PLUS,ORI PLUS,1,2.68,5.322170776513136e-06,
2 MICRO INVERSORES 2KW BELENERGY,2 MICRO inversores 2kw BelEnergy,1,2.68,5.322170776513136e-06,
EMSH335P,EMSH335P,1,2.68,5.322170776513136e-06,
PSN,PSN,1,2.68,5.322170776513136e-06,
FESUSOL,FESUSOL,1,2.68,5.322170776513136e-06,
SOFARL,SOFARL,1,2.68,5.322170776513136e-06,
IVVERSOR REFUSO ALDO SOLAR,IVVERSOR REFUSO - ALDO SOLAR,1,2.68,5.322170776513136e-06,
RE NO,RE NO,1,2.67,5.3023119303321164e-06,
GODWEE GW3000 XS,GODWEE GW3000-XS,1,2.67,5.3023119303321164e-06,
REGOVIGI,REGOVIGI,1,2.67,5.3023119303321164e-06,
SUN72M H8 535W,SUN72M-H8 535W,1,2.67,5.3023119303321164e-06,
LIVOLTEK 64 DEYE,109 - LIVOLTEK / 64 - DEYE,1,2.66,5.282453084151098e-06,
BEL ERNERGY,BEL ERNERGY,1,2.66,5.282453084151098e-06,
DAH DHM 72X10 530W,DAH DHM-72X10-530W,1,2.65,5.2625942379700784e-06,
SUN ENERGY,SUN ENERGY,1,2.64,5.2427353917890594e-06,
SERRANA SISTEMA DE ENERGIA LTDA,Serrana Sistema de Energia Ltda,1,2.64,5.2427353917890594e-06,
MBT TECH INDUSTRIA,mbt tech industria,2,2.64,5.2427353917890594e-06,
CANADIAL,Canadial,1,2.64,5.2427353917890594e-06,
DEYES SUN SUN 3K G,DEYES SUN/SUN-3K-G,1,2.64,5.2427353917890594e-06,
S NHS SOLAR,S NHS SOLAR-,1,2.64,5.2427353917890594e-06,
ROY MILLES,roy milles,1,2.64,5.2427353917890594e-06,
AOSYSTEMS,AOSYSTEMS,1,2.64,5.2427353917890594e-06,
GROMATT NET ENERGY,GROMATT NET ENERGY,1,2.64,5.2427353917890594e-06,
SHENZHEN SOFARSOLAR CO 33000TL,Shenzhen SOFARSOLAR Co - 33000TL,1,2.64,5.2427353917890594e-06,
INVERSOR OMINKSOL MICRO INVERSOR,Inversor: OMINKSOL; Micro Inversor:,1,2.64,5.2427353917890594e-06,
ECOCOLYS,ECOCOLYS,1,2.64,5.2427353917890594e-06,
NAVIPLUS,Naviplus,1,2.64,5.2427353917890594e-06,
ECOS2000PLUS,ECOS2000PLUS,1,2.64,5.2427353917890594e-06,
197 AM EMPHASE,197 AM -EMPHASE,1,2.64,5.2427353917890594e-06,
ABSOPULSE,ABSOPULSE,1,2.64,5.2427353917890594e-06,
NHS SOLAR 3K,NHS SOLAR-3K-,1,2.64,5.2427353917890594e-06,
ADM RYZEN,adm ryzen,1,2.64,5.2427353917890594e-06,
CANDIAN CSI,CANDIAN/CSI-,1,2.64,5.2427353917890594e-06,
ELSYS 3KW,Elsys 3kW,1,2.61,5.1831588532460016e-06,
SPE,SPE,1,2.6,5.163300007064983e-06,
MEPEN ENERGIA,MEPEN ENERGIA,1,2.6,5.163300007064983e-06,
SULTHERM,Sultherm,1,2.6,5.163300007064983e-06,
SUN M130G4 EU Q0,1830 - SUN-M130G4-EU-Q0,1,2.6,5.163300007064983e-06,
SUN1300USA220,sun1300usa220,1,2.6,5.163300007064983e-06,
SERRANA SIST ENERGIA,SERRANA SIST. ENERGIA	,1,2.6,5.163300007064983e-06,
CR2 MAXX CR2 MAXX,CR2 MAXX | CR2 MAXX,1,2.6,5.163300007064983e-06,
CS3U 390P,CS3U-390P,1,2.6,5.163300007064983e-06,
CORAL,Coral,1,2.6,5.163300007064983e-06,
SERRANA SISTEMA DE ENERGIA,Serrana Sistema de Energia,1,2.6,5.163300007064983e-06,
AECONVENCION GMBH CO KG,Aeconvencion Gmbh & co.KG,3,2.5999999999999996,5.163300007064982e-06,
ECOS3000,ECOS3000,1,2.59,5.143441160883963e-06,
EAST EAST EA3KSI,EAST/EAST EA3KSI,1,2.55,5.064005776159887e-06,
AECONVERSION,AEconversion,3,2.55,5.064005776159887e-06,
FERD,ferd,1,2.55,5.064005776159887e-06,
SOLUS,solus,1,2.52,5.00442923761683e-06,
SMA SB 2 5,"SMA SB 2,5",1,2.5,4.964711545254791e-06,
SAT 2 5K,"SAT 2,5K",1,2.5,4.964711545254791e-06,
YC 500A,YC-500A,1,2.5,4.964711545254791e-06,
MIN2500TL X,MIN2500TL-X,1,2.5,4.964711545254791e-06,
EGT 2500 PRO,EGT 2500 PRO,1,2.5,4.964711545254791e-06,
JNG SUNUNO,JNG SUNUNO,1,2.5,4.964711545254791e-06,
INVERSOR SIW,Inversor SIW,1,2.5,4.964711545254791e-06,
SMA SUNNY BOY 2 5 KW,SMA SUNNY BOY 2.5 KW,1,2.5,4.964711545254791e-06,
SOLAR ENERGY SE TL2K,SOLAR ENERGY SE TL2K,1,2.5,4.964711545254791e-06,
JIKO SOLAR,JIKO SOLAR,1,2.5,4.964711545254791e-06,
SMS,SMS,1,2.5,4.964711545254791e-06,
GCL P6 72 330W,GCL-P6/72-330W,1,2.5,4.964711545254791e-06,
SMA BRASIL TECNOLOGIA SOLAR LTDA,sma brasil tecnologia solar ltda,1,2.5,4.964711545254791e-06,
SMA BRASIL TECNOL FERROV E SOLAR LTDA,SMA Brasil Tecnol. Ferrov.e Solar Ltda	,1,2.5,4.964711545254791e-06,
MIC2500T L X,MIC2500T L-X,1,2.5,4.964711545254791e-06,
SINUNO PLUS,SINUNO PLUS,1,2.5,4.964711545254791e-06,
GROWAT MIC2500TL X,GROWAT MIC2500TL-X,1,2.5,4.964711545254791e-06,
SANWAYS SOLAR,SANWAYS SOLAR,1,2.5,4.964711545254791e-06,
R5 2 5K S1 15,"1412 - R5-2,5K-S1-15",1,2.5,4.964711545254791e-06,
GROEWATT,GROEWATT,1,2.5,4.964711545254791e-06,
SUNY BOY,SUNY BOY,1,2.5,4.964711545254791e-06,
SMA SCHNEIDER,SMA / SCHNEIDER,1,2.5,4.964711545254791e-06,
B YD,B YD,1,2.5,4.964711545254791e-06,
NTISOL SMP 600,ntisol SMP-600,5,2.5,4.964711545254791e-06,
NINGBODEYEINVERTERTECHNOLOGYCO,"NINGBODEYEINVERTERTECHNOLOGYCO,",1,2.48,4.924993852892753e-06,
CCANADIA SOLAR,Ccanadia Solar					,1,2.48,4.924993852892753e-06,
EINNOVA,EINNOVA,1,2.46,4.885276160530714e-06,
EGT 1600 LITE EGT 1600 MICRO,EGT 1600 LITE /EGT 1600 MICRO,1,2.46,4.885276160530714e-06,
AURORA UNO POWER,AURORA UNO POWER,1,2.45,4.865417314349696e-06,
ELETRONICA SANTERNO SUNWAY,Eletrônica Santerno Sunway,1,2.45,4.865417314349696e-06,
WDCWDC,WDCWDC,1,2.43,4.825699621987657e-06,
3 0 3000W,3.0 - 3000W,1,2.43,4.825699621987657e-06,
SOLFAR 1600T G3,solfar 1600T-G3,1,2.43,4.825699621987657e-06,
RISER,RISER,1,2.43,4.825699621987657e-06,
ELSYSNAC,ELSYSNAC,1,2.43,4.825699621987657e-06,
RISEN ROLAR,risen rolar,1,2.43,4.825699621987657e-06,
SUNWAY M,Sunway M,1,2.41,4.785981929625619e-06,
ML 1200,Ml-1200,1,2.4,4.766123083444599e-06,
MICRO HOYMILLES,MICRO HOYMILLES,2,2.4,4.766123083444599e-06,
TSM 335DE14H,TSM-335DE14H,1,2.4,4.766123083444599e-06,
RS6S P 340W,RS6S-P 340W,1,2.4,4.766123083444599e-06,
QS1 1200 W,QS1 1200 W,1,2.4,4.766123083444599e-06,
MICROINVERSORHOYMILES,MICROINVERSORHOYMILES,1,2.4,4.766123083444599e-06,
MINI 2K 4G,MINI-2K-4G,1,2.4,4.766123083444599e-06,
HCP72X9355W,HCP72X9355W,1,2.4,4.766123083444599e-06,
MIK 36 SERIES 5BB 400W,MIK-36-SERIES-5BB 400W,1,2.4,4.766123083444599e-06,
B B MOSO KRIPT,b&b moso (kript),1,2.4,4.766123083444599e-06,
EMSC 330P EMSC 330P,EMSC 330P | EMSC 330P,1,2.4,4.766123083444599e-06,
QS1 SOLAR,QS1 Solar,1,2.4,4.766123083444599e-06,
ROY,ROY,1,2.4,4.766123083444599e-06,
TSM DE09 405W,TSM_DE09_405W,1,2.4,4.766123083444599e-06,
QS1A 1200W,QS1A 1200W,1,2.4,4.766123083444599e-06,
AP SISTENS MODELO QS1,AP SISTENS MODELO QS1,1,2.4,4.766123083444599e-06,
GE AS 6P,GE-AS 6p,1,2.4,4.766123083444599e-06,
ARA DIGITAR TEXTO AP SYSTEM,ara digitar texto. Ap-System,1,2.4,4.766123083444599e-06,
SFAR,SFAR,1,2.4,4.766123083444599e-06,
HOYMILESMI 1200,HOYMILESMI-1200,1,2.4,4.766123083444599e-06,
HOYMILESHTTP,Hoymileshttp,1,2.4,4.766123083444599e-06,
HOYMIKES,HOYMIKES,1,2.4,4.766123083444599e-06,
JAM72S10 390,JAM72S10-390,2,2.4,4.766123083444599e-06,
APRSYSTEMS,APRSYSTEMS,1,2.4,4.766123083444599e-06,
SERRANA SISTEMAS,Serrana Sistemas,1,2.4,4.766123083444599e-06,
INCLUIR,incluir,1,2.4,4.766123083444599e-06,
AP SITEMS,AP SITEMS,1,2.4,4.766123083444599e-06,
VERTEX S 400,Vertex S - 400,1,2.4,4.766123083444599e-06,
APSYSTEMS1,APSYSTEMS1,1,2.4,4.766123083444599e-06,
APSYSTEN S,APsysten s,1,2.4,4.766123083444599e-06,
APSTEMSSY,Apstemssy,1,2.4,4.766123083444599e-06,
APSSYSTE,APSSYSTE,1,2.4,4.766123083444599e-06,
HOYSMILLES,Hoysmilles,1,2.4,4.766123083444599e-06,
AAAAFRONIUS,AAAAFRONIUS,1,2.38,4.726405391082561e-06,
D E SOLAR,D E Solar,1,2.38,4.726405391082561e-06,
NTELBRAS EGT 3600 PRO,NTELBRAS/EGT 3600 PRO,1,2.38,4.726405391082561e-06,
DHM 72L9 450W,DHM-72L9-450W,1,2.37,4.706546544901542e-06,
TSP335,TSP335,1,2.35,4.666828852539504e-06,
EGT 3,EGT 3,1,2.35,4.666828852539504e-06,
THEIA HE T,THEIA HE-t,1,2.35,4.666828852539504e-06,
ELTEC VALERE,Eltec Valere,1,2.35,4.666828852539504e-06,
SUXSOL,SUXSOL,1,2.34,4.646970006358484e-06,
GROWATTMIC 2500TL X,GROWATTMIC 2500TL-X,1,2.34,4.646970006358484e-06,
SPF 3500ES,2107 - SPF 3500ES,1,2.34,4.646970006358484e-06,
EDINSOLAR,EDINSOLAR,1,2.34,4.646970006358484e-06,
INVERSOR MICRO INVERSOR SEP NORTHERN ELETRIC,Inversor: ; Micro Inversor: SEP NORTHERN ELETRIC,1,2.34,4.646970006358484e-06,
DEMEGC SOLAR,DEMEGC SOLAR,1,2.34,4.646970006358484e-06,
ANADIANC,ANADIANC,1,2.31,4.587393467815426e-06,
SAY SUNUNO,SAY SUNUNO,1,2.31,4.587393467815426e-06,
ENPHA,ENPHA,1,2.31,4.587393467815426e-06,
PHB2900D NS,PHB2900D-NS,1,2.3,4.567534621634407e-06,
BELENERGY PLUS BEL 3K G,BELENERGY PLUS / BEL-3K-G,1,2.3,4.567534621634407e-06,
SOFAR HOYMILES SOFAR,Sofar/ HOYMILES SOFAR,1,2.3,4.567534621634407e-06,
INVERSOR NASEN MICRO INVERSOR,Inversor: NASEN ; Micro Inversor:,1,2.3,4.567534621634407e-06,
PV GRID INTERACTIVE,PV GRID - INTERACTIVE,1,2.3,4.567534621634407e-06,
BEL ENE,BEL ENE,1,2.28,4.5278169292723685e-06,
INVERSOR WUAWEI MICRO INVERSOR,Inversor: WUAWEI; Micro Inversor:,1,2.28,4.5278169292723685e-06,
LIVOLTETEK,LIVOLTETEK,1,2.28,4.5278169292723685e-06,
QUAWEI,QUAWEI,1,2.28,4.5278169292723685e-06,
CHITPOWER,CHITPOWER,1,2.28,4.5278169292723685e-06,
GROWA T,GROWA?T,1,2.28,4.5278169292723685e-06,
BRUK BET FOTOWOLTAIKA,Bruk-Bet Fotowoltaika,1,2.28,4.5278169292723685e-06,
HPK,HPK,1,2.28,4.5278169292723685e-06,
INVERSOR MICRO INVERSOR NEC,Inversor: ; Micro Inversor: NEC,1,2.25,4.4682403907293115e-06,
EGT MICRO,EGT MICRO,1,2.25,4.4682403907293115e-06,
2 50,"2,50",1,2.25,4.4682403907293115e-06,
TSM 450 DE17M II,TSM-450 DE17M(II),1,2.25,4.4682403907293115e-06,
HYPONTECCH,HYPONTECCH,1,2.25,4.4682403907293115e-06,
WEGT,WEGT,1,2.25,4.4682403907293115e-06,
INVERSOR MICRO INVERSOR ERA,Inversor: ; Micro Inversor: ERA,1,2.25,4.4682403907293115e-06,
10 24,"10,24",1,2.25,4.4682403907293115e-06,
NEO NORTHERN ELECTRIC,NEO NORTHERN ELECTRIC,1,2.25,4.4682403907293115e-06,
INVERSOR R5 3K S2 15 MICRO INVERSOR,Inversor: R5-3K-S2-15; Micro Inversor:,1,2.24,4.448381544548293e-06,
EDIN SOLAR,EDIN SOLAR,1,2.24,4.448381544548293e-06,
KRIPTSF,KRIPTSF,1,2.24,4.448381544548293e-06,
INVERSOR RESUN MICRO INVERSOR,Inversor: RESUN; Micro Inversor:,1,2.24,4.448381544548293e-06,
CENERGY SOLAR TECNOLOGIA LTDA,CENERGY SOLAR TECNOLOGIA LTDA,1,2.22,4.408663852186255e-06,
BEL 1600G3,Bel-1600G3,1,2.22,4.408663852186255e-06,
INVERSOR HONOR MICRO INVERSOR,Inversor: HONOR; Micro Inversor:,1,2.22,4.408663852186255e-06,
RENOVIGII,Renovigii,1,2.22,4.408663852186255e-06,
ILTENBRAS,ILTENBRAS,1,2.22,4.408663852186255e-06,
DEYEI,DEYEI,1,2.22,4.408663852186255e-06,
SA5,SA5,1,2.22,4.408663852186255e-06,
SOLAR GROWATT GOODWE,SOLAR GROWATT + GOODWE,1,2.22,4.408663852186255e-06,
LIVOLTECLIVOLTEC,LIVOLTECLIVOLTEC,1,2.2,4.3689461598242165e-06,
TP7F72M,TP7F72M,1,2.2,4.3689461598242165e-06,
DEYE SUN 29 SOLIS,63 - DEYE SUN/29 - SOLIS,1,2.2,4.3689461598242165e-06,
NXN3K,NXN3K,1,2.2,4.3689461598242165e-06,
MI 1500 E MI 700,MI-1500 e MI-700,1,2.2,4.3689461598242165e-06,
INVERSOR SUNNGROW MICRO INVERSOR,Inversor: SUNNGROW; Micro Inversor:,1,2.2,4.3689461598242165e-06,
GROAWWATT M,GROAWWATT M,1,2.2,4.3689461598242165e-06,
BELENERGY INVSBE MO 220V 3KW,BELENERGY/INVSBE-MO-220V-3KW,1,2.2,4.3689461598242165e-06,
INVERSOR LIVOL MICRO INVERSOR,Inversor: LIVOL; Micro Inversor:,1,2.2,4.3689461598242165e-06,
THINK POWER,Think Power,1,2.2,4.3689461598242165e-06,
AP SYSTEMS QS1 YC1200,AP SYSTEMS/ QS1 YC1200,1,2.19,4.349087313643197e-06,
LNGI SOLAR,LNGI SOLAR,1,2.18,4.329228467462178e-06,
VEL ENERGY,VEL ENERGY,1,2.18,4.329228467462178e-06,
MSC POWER LIMITED,MSC POWER LIMITED,1,2.18,4.329228467462178e-06,
SMASMA SB 2 5,SMASMA SB 2.5,1,2.16,4.28951077510014e-06,
CPS SCA 2 5KTL S,"502 - CPS SCA 2,5KTL-S",1,2.16,4.28951077510014e-06,
RNOVIGI B B,RNOVIGI/ B&B,1,2.16,4.28951077510014e-06,
RENACRENAC R1 3K3 SS,RENACRENAC/R1-3K3-SS,1,2.16,4.28951077510014e-06,
MIC3000TL X 220V,MIC3000TL-X-220V,1,2.16,4.28951077510014e-06,
APSYSTEMYC,Apsystemyc,1,2.16,4.28951077510014e-06,
SUN M130 160 180 200 225G4 EU Q0,SUN-M130/160/180/200/225G4-EU-Q0,1,2.16,4.28951077510014e-06,
MN5000TL X,MN5000TL-X,1,2.14,4.249793082738102e-06,
TRINA SOLAR ZHSHINE SOLAR,TRINA SOLAR | ZHSHINE SOLAR,1,2.13,4.229934236557082e-06,
WINEER SOLAR,Wineer Solar,1,2.1,4.170357698014025e-06,
ECOSOLYS APSYSTEMS DEYE,EcoSolys/APSYSTEMS/DEYE,1,2.1,4.170357698014025e-06,
3 APSYSTEMS E 1 RENOVIGI,3 Apsystems e 1 Renovigi,1,2.1,4.170357698014025e-06,
SOLAR ENERGY SE TL 2K,Solar Energy SE-TL 2K,1,2.1,4.170357698014025e-06,
TOURIGA EASTEA 3KSI,TOURIGA EASTEA 3KSI,1,2.04,4.05120462092791e-06,
WEG GOODWE SIW200 M030 GW3000N XS,WEG (GOODWE)/SIW200 M030 (GW3000N-XS),1,2.04,4.05120462092791e-06,
EAST TOURIGA 26 Z EA3KSI,EAST TOURIGA - 26 Z (EA3KSI),1,2.04,4.05120462092791e-06,
GT1 2KS21,GT1-2KS21,1,2.02,4.011486928565871e-06,
TERMONAX,TERMONAX,1,2.01,3.991628082384852e-06,
JKM 335 PP 72 V,JKM 335 PP-72-V,1,2.01,3.991628082384852e-06,
SENERGY SE 3KYL S1 G1,SENERGY SE 3KYL-S1/G1,1,2.01,3.991628082384852e-06,
INVERSOR ONGLID,INVERSOR ONGLID,1,2.0,3.971769236203833e-06,
JAM72D42 615 LBBELENERGY,JAM72D42-615/LBBELENERGY,1,2.0,3.971769236203833e-06,
HOYMILESEENPHASE,HOYMILESEENPHASE,1,2.0,3.971769236203833e-06,
GIN LONG,Gin Long,1,2.0,3.971769236203833e-06,
TSUNN,TSUNN,1,2.0,3.971769236203833e-06,
TSUNSESS,TSUNSESS,1,2.0,3.971769236203833e-06,
RENOMICRO 2000W RMI 2000,RenoMicro 2000W- RMI-2000,1,2.0,3.971769236203833e-06,
SOLAR AP,SOLAR AP,1,2.0,3.971769236203833e-06,
1 X DEYE 1 X SOLIS,"1 x (DEYE), 1 x (SOLIS)",1,2.0,3.971769236203833e-06,
HANNERSUN,Hannersun,1,2.0,3.971769236203833e-06,
DAYE MICRO INVERSOR MONOFASICO,DAYE MICRO INVERSOR MONOFÁSICO,1,2.0,3.971769236203833e-06,
DAYE SOLAR,Daye Solar,1,2.0,3.971769236203833e-06,
ENERGY DO BRASIL LTDA,Energy do Brasil Ltda.,1,2.0,3.971769236203833e-06,
SUN 2000 G3 US 220V,SUN 2000 G3-US-220V,1,2.0,3.971769236203833e-06,
AS 6P 330WTSUN,AS-6P-330WTSUN,2,2.0,3.971769236203833e-06,
ECOSOSYS,ECOSOSYS,1,2.0,3.971769236203833e-06,
POWER HIXI,POWER HIXI,1,2.0,3.971769236203833e-06,
FV MONO,FV MONO,1,2.0,3.971769236203833e-06,
85,85,1,2.0,3.971769236203833e-06,
HANERSUN HN18N 72H585W,HANERSUN HN18N-72H585W,1,2.0,3.971769236203833e-06,
ECOS2000,ECOS2000,1,2.0,3.971769236203833e-06,
ECOSOL YS,ECOSOL YS;,1,2.0,3.971769236203833e-06,
ECOSPLYS,ECOSPLYS,1,2.0,3.971769236203833e-06,
SUM2000G3 US 220 SUN2000G3 US 220,SUM2000G3-US-220 SUN2000G3-US-220,1,2.0,3.971769236203833e-06,
GF,GF,1,2.0,3.971769236203833e-06,
JKM450M 60HL 4 V,JKM450M-60HL-4-V,1,2.0,3.971769236203833e-06,
ECO 2000 1,ECO-2000-1,1,2.0,3.971769236203833e-06,
ULICA SOLAR HALF CELL,ULICA SOLAR HALF-CELL,1,2.0,3.971769236203833e-06,
G2K S,G2K-S,1,2.0,3.971769236203833e-06,
JKM550M 72HL,JKM550M-72HL,1,2.0,3.971769236203833e-06,
RSM132 8 700BHDG 33,RSM132-8-700BHDG-33,1,2.0,3.971769236203833e-06,
BELENERGY SOLAR SOLAR SOLAR SOLAR SOLAR 550 MR N SOLAR SOLAR BELENERGY,BelEnergy SOLAR SOLAR SOLAR SOLAR SOLAR 550/MR N SOLAR SOLAR BELENERGY,1,2.0,3.971769236203833e-06,
DHM SOLAR,DHM SOLAR,1,2.0,3.971769236203833e-06,
SUA ENERGIA,Sua Energia,1,2.0,3.971769236203833e-06,
BELERNEGY BEL2000G3 US 220,BELERNEGY/BEL2000G3-US-220,1,2.0,3.971769236203833e-06,
SOLAR ENER,Solar Ener,1,2.0,3.971769236203833e-06,
EGT 2000 LITE,EGT 2000 LITE,1,2.0,3.971769236203833e-06,
MICROINVERSOR HOYMILLES,Microinversor Hoymilles,1,2.0,3.971769236203833e-06,
ABSYSTEM,absystem,1,2.0,3.971769236203833e-06,
AWS,AWS,1,2.0,3.971769236203833e-06,
ODA555 36VMHINTELBRAS,Oda555-36VMHINTELBRAS,1,2.0,3.971769236203833e-06,
SS 550 72MDHSAJ,SS-550-72MDHSAJ,1,2.0,3.971769236203833e-06,
ABB SOFAR SOLAR ABB SOFAR SOLAR,ABB SOFAR SOLAR ABB / SOFAR SOLAR,2,2.0,3.971769236203833e-06,
SOLISMINI20004G,SOLISmini20004G,1,2.0,3.971769236203833e-06,
70,70,1,2.0,3.971769236203833e-06,
TRINASOLAR TSM DEG15H II 400W,TRINASOLAR TSM-DEG15H(II)- 400W,1,2.0,3.971769236203833e-06,
OSDA 580W ODA 144MH N TYPE,OSDA 580W | ODA-144MH N-TYPE,1,2.0,3.971769236203833e-06,
HUAWEI TECHNOLOGY WEG,Huawei Technology (WEG),1,2.0,3.971769236203833e-06,
SOLPLANE TSOLPLANE T,SOLPLANE TSOLPLANE T,1,2.0,3.971769236203833e-06,
CS6U 240P,CS6U-240P,1,2.0,3.971769236203833e-06,
INVERSON SOLYS,INVERSON SOLYS,1,2.0,3.971769236203833e-06,
ELTEK VALLERE,Eltek Vallere,1,2.0,3.971769236203833e-06,
27,27,2,2.0,3.971769236203833e-06,
GROWATTMIC2000TL X,GROWATTMIC2000TL-X,1,2.0,3.971769236203833e-06,
2 X OMNIK,2 x (OMNIK),1,2.0,3.971769236203833e-06,
2 X OMNIKSOL,2 x (omniksol),1,2.0,3.971769236203833e-06,
2 X RENOVIGI 1 X SOLIS,"2 x (RENOVIGI), 1 x (SOLIS)",1,2.0,3.971769236203833e-06,
2 X SMA,2 x (SMA),1,2.0,3.971769236203833e-06,
HOSOLA,Hosola,1,2.0,3.971769236203833e-06,
B B MODELO,"B&B, Modelo",1,2.0,3.971769236203833e-06,
DUNGROW,DUNGROW,1,2.0,3.971769236203833e-06,
DURALUXE DS,Duraluxe DS,1,2.0,3.971769236203833e-06,
PULLING JINKO SOLAR,PULLING JINKO SOLAR,1,2.0,3.971769236203833e-06,
AP SYSTEMS ALTERNEGY POWER,AP Systems Alternegy Power,1,2.0,3.971769236203833e-06,
HXYIPOWER,HXYiPOWER,1,2.0,3.971769236203833e-06,
SG50RS L,SG50RS-L,1,2.0,3.971769236203833e-06,
ECOS 2000 PLUS,ECOS-2000 PLUS,1,2.0,3.971769236203833e-06,
TS560S8B 144DEYE,TS560S8B-144DEYE,1,2.0,3.971769236203833e-06,
SUNUMO,Sunumo,1,2.0,3.971769236203833e-06,
GUANGZHOU SANTING,GUANGZHOU SANTING,1,2.0,3.971769236203833e-06,
BELENERGY BEL2000G3 US 220HY M10,BELENERGY BEL2000G3-US-220HY- M10,1,2.0,3.971769236203833e-06,
LEAPTON ENERGY CO L,Leapton Energy co.l,1,2.0,3.971769236203833e-06,
MICROINVERSOR BELENERGY PLUS 2 0KW MONO 220V,MICROINVERSOR BELENERGY PLUS 2.0KW MONO 220V,1,2.0,3.971769236203833e-06,
SPLITMAX,SPLITMAX,1,2.0,3.971769236203833e-06,
GROWAT MIC 2000TL X,GROWAT/MIC 2000TL-X,1,2.0,3.971769236203833e-06,
MAXPANWER,MAXPANWER,1,2.0,3.971769236203833e-06,
MBT,mbt,2,2.0,3.971769236203833e-06,
21,21,2,2.0,3.971769236203833e-06,
MBTECH IND,MBTECH IND.,1,2.0,3.971769236203833e-06,
SOLIC MINI 2000 4G,SOLIC MINI-2000-4G,1,2.0,3.971769236203833e-06,
MICRO INVERSOR BELNERGY,MICRO INVERSOR BELNERGY,1,2.0,3.971769236203833e-06,
INVERSOR SOLAR SIW300H M020,Inversor solar SIW300H M020,1,2.0,3.971769236203833e-06,
RSM110 8 530 550M 550W,RSM110-8- 530-550M 550W,1,2.0,3.971769236203833e-06,
MBTECH IND COM SIS,MBTECH IND. COM. SIS,1,2.0,3.971769236203833e-06,
JKM550M 72HL4 VHOYMILES,JKM550M-72HL4-VHOYMILES,1,2.0,3.971769236203833e-06,
SSJ,ssj,2,2.0,3.971769236203833e-06,
GRAWATT MIN2000TLX,GRAWATT MIN2000TLX,1,2.0,3.971769236203833e-06,
GRGOWATT,GRGOWATT,1,2.0,3.971769236203833e-06,
RENO 500W,RENO 500W,1,2.0,3.971769236203833e-06,
EMSH,EMSH-,1,2.0,3.971769236203833e-06,
NOTHERNEP,363 - NOTHERNEP,1,2.0,3.971769236203833e-06,
NOVIGI,NOVIGI,1,2.0,3.971769236203833e-06,
HMS 2000W,2097 - HMS-2000W,1,2.0,3.971769236203833e-06,
BEL EENERGY,BEL EENERGY,1,2.0,3.971769236203833e-06,
KM450M 60HL4 V,KM450M-60HL4-V,1,2.0,3.971769236203833e-06,
ECOSOLIS ECO2000PLUS,ECOSOLIS - ECO2000PLUS,1,2.0,3.971769236203833e-06,
ECOSOLLYS,Ecosollys,1,2.0,3.971769236203833e-06,
BEL 2000W G3 US 220,BEL 2000W G3 US 220,1,2.0,3.971769236203833e-06,
ANYGRID SOLAR SERVICE LTDA,ANYGRID SOLAR SERVICE LTDA,1,2.0,3.971769236203833e-06,
GROWATTMIC2500TL,GROWATTMIC2500TL,1,2.0,3.971769236203833e-06,
AP SYSTEMSAP SYSTEMSAP SYSTEMS,AP SYSTEMSAP SYSTEMSAP SYSTEMS,1,2.0,3.971769236203833e-06,
SJC,SJC,1,2.0,3.971769236203833e-06,
APSYSTEM DES3D,APSYSTEM / DES3D,1,2.0,3.971769236203833e-06,
SUNGROWSG2K S,SUNGROWSG2K-S,1,2.0,3.971769236203833e-06,
DHM 72X10 550WDEYE,DHM-72X10-550WDEYE,1,2.0,3.971769236203833e-06,
LEAPTON DMEGC,LEAPTON | DMEGC,1,2.0,3.971769236203833e-06,
ECODOLYS,ECODOLYS,1,2.0,3.971769236203833e-06,
ECOSOLYSECOS 2000,EcoSolysecos-2000,1,2.0,3.971769236203833e-06,
ECOSOLYSS,ECOSOLYSS,1,2.0,3.971769236203833e-06,
ECOLSOLIS,ECOLSOLIS,1,2.0,3.971769236203833e-06,
DEYESUN 2000G3 US 220,DEYESUN-2000G3-US-220,1,2.0,3.971769236203833e-06,
TSUN RENAC,TSUN / RENAC,1,2.0,3.971769236203833e-06,
DAYE SUN2000G3 US 220,DAYE SUN2000G3-US-220,1,2.0,3.971769236203833e-06,
TSM 565DEG19RCDEYE,TSM-565DEG19RCDEYE,1,2.0,3.971769236203833e-06,
550 HCBELENERGY,550 HCBELENERGY,1,2.0,3.971769236203833e-06,
MICRO BELERGY PLUS,MICRO BELERGY PLUS|,1,2.0,3.971769236203833e-06,
BELENERGY 2000G3 US 220,BELENERGY  2000G3-US-220,1,2.0,3.971769236203833e-06,
CSI 3K S22002E CSI 3K S22002 E,CSI-3K-S22002E CSI-3K-S22002-E,1,2.0,3.971769236203833e-06,
HN21RN 66HT,HN21RN-66HT,1,2.0,3.971769236203833e-06,
MAC36KTL3 XL,MAC36KTL3-XL,1,2.0,3.971769236203833e-06,
DDD,DDD,1,2.0,3.971769236203833e-06,
PATO BRANCO,PATO BRANCO,1,2.0,3.971769236203833e-06,
GROWAI,GROWAÍ,1,2.0,3.971769236203833e-06,
550W ODA550 36V MH,550W (ODA550-36V-MH),1,2.0,3.971769236203833e-06,
ECOSOLUS,ECOSOLUS,1,2.0,3.971769236203833e-06,
3 X OMNIKSOL,3 x (omniksol),1,2.0,3.971769236203833e-06,
M3 72H 405,M3-72H-405,1,2.0,3.971769236203833e-06,
00HOYMILES,00HOYMILES,1,2.0,3.971769236203833e-06,
NIGBO DAYA INVERTER TECHNOLOGY CO LTD,"NIGBO DAYA INVERTER TECHNOLOGY CO., LTD.",1,2.0,3.971769236203833e-06,
THEIA HE,THEIA HE-,1,2.0,3.971769236203833e-06,
INVERSOR BDM 300X2 EU D MICRO INVERSOR,Inversor: BDM-300X2-EU-D; Micro Inversor:,1,2.0,3.971769236203833e-06,
S5 GR1P9KA,S5-GR1P9Ka,1,2.0,3.971769236203833e-06,
SUNPRO POWER,213 - SUNPRO POWER,1,2.0,3.971769236203833e-06,
CS3W445MS 1500V,CS3W445MS- (1500V),1,2.0,3.971769236203833e-06,
ITCTS62941,ITCTS62941,1,2.0,3.971769236203833e-06,
FOXESSMOD,foxessmod,1,2.0,3.971769236203833e-06,
RONAMA,Ronama,1,2.0,3.971769236203833e-06,
ECOS 20000 PLUS,ECOS-20000.PLUS,1,2.0,3.971769236203833e-06,
ECOS 2KW,Ecos 2kW,1,2.0,3.971769236203833e-06,
ECOS SOLYS ECOS 2K PLUS,ECOS SOLYS ECOS 2K PLUS,1,2.0,3.971769236203833e-06,
LIOLTEK,LIOLTEK,1,2.0,3.971769236203833e-06,
50,50,2,2.0,3.971769236203833e-06,
GROWATTMOD,growattmod,1,2.0,3.971769236203833e-06,
INVERSOR JA MICRO INVERSOR,Inversor: JA; Micro Inversor:,1,2.0,3.971769236203833e-06,
GUANGZOU,GUANGZOU,1,2.0,3.971769236203833e-06,
GUANGZHOU SANJING EL,GUANGZHOU SANJING EL,1,2.0,3.971769236203833e-06,
JAM72DS30 545 MBAPSYSTEMS,JAM72DS30-545/MBAPSYSTEMS,1,2.0,3.971769236203833e-06,
SANTERNO GRUPPO,santerno gruppo,1,2.0,3.971769236203833e-06,
01XAPSYSTEMS 02XDEYE,01XAPSystems/02XDEYE,1,2.0,3.971769236203833e-06,
TSOL2000,TSOL2000,1,2.0,3.971769236203833e-06,
SUN2000G3US 220,SUN2000G3US-220,1,2.0,3.971769236203833e-06,
JAJ,JAJ,1,2.0,3.971769236203833e-06,
APYASTEMS,APYASTEMS,1,2.0,3.971769236203833e-06,
SOFAR1600,SOFAR1600,1,2.0,3.971769236203833e-06,
HOYMILL,HOYMILL,1,2.0,3.971769236203833e-06,
JA J,JÁ / J,1,2.0,3.971769236203833e-06,
INVERSOR MICRO INVERSOR HOUMILES,Inversor: ; Micro Inversor: HOUMILES,1,2.0,3.971769236203833e-06,
00629 2020,00629/2020,1,2.0,3.971769236203833e-06,
POWE ONE,POWE ONE,1,2.0,3.971769236203833e-06,
YEG,yeg,1,2.0,3.971769236203833e-06,
L EDVANCE,L EDVANCE,1,2.0,3.971769236203833e-06,
L G5 335W,L-G5-335W,1,2.0,3.971769236203833e-06,
WKSEM,wksem ,1,2.0,3.971769236203833e-06,
APSYSTEM YC500A,APSYSTEM YC500A,4,2.0,3.971769236203833e-06,
INVERSOR MICRO INVERSOR SUN2000G3,Inversor: ; Micro Inversor: SUN2000G3,1,2.0,3.971769236203833e-06,
GECOSOLYS,GECOSOLYS,1,2.0,3.971769236203833e-06,
TEPOWER,tepower,1,2.0,3.971769236203833e-06,
CENTRAL RENO 3000W,Central RENO 3000W,1,2.0,3.971769236203833e-06,
TRINA TSM DE09 400W,TRINA TSM-DE09 400W,1,2.0,3.971769236203833e-06,
N E P,N E P,1,2.0,3.971769236203833e-06,
NAO CONSTA,NÃO CONSTA,2,2.0,3.971769236203833e-06,
615 LBBELENERGY,-615/LBBELENERGY,1,2.0,3.971769236203833e-06,
CHINTT,CHINTT,1,2.0,3.971769236203833e-06,
SN 550,SN-550,1,2.0,3.971769236203833e-06,
B B SOLAR SF3000TL,B&B Solar SF3000TL,1,2.0,3.971769236203833e-06,
APSYSTEM ALTENERGY POWER,APSYSTEM-ALTENERGY POWER,1,1.98,3.932051543841795e-06,
B B SF3KTN,B&B/ SF3KTN,1,1.98,3.932051543841795e-06,
PHM,PHM,1,1.98,3.932051543841795e-06,
IQ7 PLUS,IQ7 PLUS,1,1.98,3.932051543841795e-06,
3F3KTN,3F3KTN,1,1.98,3.932051543841795e-06,
FLONIUS,Flonius,1,1.95,3.872475005298737e-06,
CANADIAN3,CANADIAN3,1,1.95,3.872475005298737e-06,
SCANADIAN SOLAR,SCANADIAN SOLAR,1,1.95,3.872475005298737e-06,
ECOSOLYUS,Ecosolyus,1,1.95,3.872475005298737e-06,
SAFA AKTAN,safa aktan,1,1.92,3.8128984667556797e-06,
AECONVERSION GMBH,AEconversion Gmbh,2,1.9,3.773180774393641e-06,
FOFOX,foFOX,1,1.89,3.753321928212622e-06,
NAO LOCALIZADO,NAO LOCALIZADO,1,1.89,3.753321928212622e-06,
GEOWSTT,geowstt,1,1.88,3.7334630820316024e-06,
VERTYS ENERGY GRUP,Vertys Energy Grup,1,1.87,3.713604235850584e-06,
SANDI ELETRIC,Sandi Eletric,1,1.84,3.6540276973075264e-06,
SUN 200,SUN 200,1,1.84,3.6540276973075264e-06,
MICRO BELENER GY PLUS,MICRO BELENER GY PLUS,1,1.84,3.6540276973075264e-06,
BEL3KG,BEL3KG,1,1.84,3.6540276973075264e-06,
ECOSOLYO,ECOSOLYO,1,1.83,3.6341688511265074e-06,
BEYONDSUN OSDA SOLAR,BEYONDSUN | Osda Solar,1,1.81,3.5944511587644685e-06,
SOLARENERGYDOBRASILSAJ,SOLARENERGYDOBRASILSAJ,1,1.8,3.5745923125834495e-06,
O AP SYSTEM,o AP SYSTEM,1,1.8,3.5745923125834495e-06,
STECA,Steca,1,1.8,3.5745923125834495e-06,
SUNWAYS 2K,SUNWAYS 2K,1,1.8,3.5745923125834495e-06,
AO SYSTEMS,AO SYSTEMS,1,1.8,3.5745923125834495e-06,
INVERSOR FV MONO 127 1800W,INVERSOR FV MONO 127 1800W,1,1.8,3.5745923125834495e-06,
ALTENERGY POWER SISTEM,ALTENERGY POWER SISTEM,1,1.8,3.5745923125834495e-06,
BEL ENERGYV,Bel EnergyV,1,1.8,3.5745923125834495e-06,
RECAN,RECAN,1,1.8,3.5745923125834495e-06,
PHB1800N XS,PHB1800N-XS,1,1.8,3.5745923125834495e-06,
APSYSTEM YC 1000 3 220,APSystem/YC-1000 – 3 – 220,1,1.8,3.5745923125834495e-06,
APSYSNTENS,ApSysntens,1,1.8,3.5745923125834495e-06,
HOYMOLES,HOYMOLES,1,1.8,3.5745923125834495e-06,
28 594 255 0001 49,28.594.255/0001-49,1,1.8,3.5745923125834495e-06,
HMS 2000D 4T,HMS-2000D-4T,2,1.8,3.5745923125834495e-06,
004584 2018,004584/2018,1,1.78,3.5348746202214115e-06,
BPE BADGER POWER ELECTRONICS LTD,BPE (Badger Power Electronics Ltd),1,1.75,3.4752980816783537e-06,
GOODWU,goodwu,1,1.7,3.376003850773258e-06,
APSYSTEM 1 HOYMILLES,2-Apsystem 1-Hoymilles,1,1.7,3.376003850773258e-06,
MASROCK,Masrock,1,1.68,3.33628615841122e-06,
CONEXT,CONEXT,1,1.68,3.33628615841122e-06,
CANADI,CANADI,1,1.68,3.33628615841122e-06,
B B GROWATTI,B&B + GROWATTI	,1,1.65,3.276709619868162e-06,
SMA SB 1 5 1,SMA - SB 1.5-1,1,1.65,3.276709619868162e-06,
INVERSOR BELENERGY PLUS,INVERSOR: BELENERGY PLUS,1,1.63,3.236991927506123e-06,
TECHNICAL,TECHNICAL,1,1.6,3.177415388963067e-06,
SB 1 5 1VL 40,SB 1.5-1VL-40,1,1.6,3.177415388963067e-06,
1600 TL G3,493 - 1600-TL-G3,1,1.6,3.177415388963067e-06,
SUN 1600 G3 220,SUN-1600-G3-220,1,1.6,3.177415388963067e-06,
KRIPT BY B B POWER,KRIPT BY B&B POWER,1,1.6,3.177415388963067e-06,
REFULSOL REFUONE,REFULSOL REFUONE,1,1.6,3.177415388963067e-06,
B B POMER,B&B POMER,1,1.6,3.177415388963067e-06,
MICROINVERSOR QS1 BR,MICROINVERSOR QS1-BR,1,1.6,3.177415388963067e-06,
ODA450 36 MHT,ODA450- 36-MHT,1,1.6,3.177415388963067e-06,
B B POWER CO LTDA,B&B POWER Co. LTDA,1,1.6,3.177415388963067e-06,
HAL CELL,Hal Cell,1,1.6,3.177415388963067e-06,
RENO3000,RENO3000,1,1.6,3.177415388963067e-06,
INVERSOR REFUONE 1 6K 1T MICRO INVERSOR,"Inversor: REFUone 1,6K-1T; Micro Inversor:",1,1.6,3.177415388963067e-06,
1600TL G3,1600TL-G3,1,1.6,3.177415388963067e-06,
SB 1 5 SMA,"SB 1,5 SMA",1,1.6,3.177415388963067e-06,
RAFUSOL,RAFUSOL,1,1.6,3.177415388963067e-06,
B B POWER 5000,B&B Power 5000,1,1.56,3.0979800042389896e-06,
TYNSUN SOLAR ENERGY CORP,Tynsun Solar Energy Corp.,1,1.52,3.018544619514913e-06,
MIC1500TL X 15KW,MIC1500TL -X 15KW,1,1.5,2.9788269271528748e-06,
BHP,BHP,1,1.5,2.9788269271528748e-06,
KLINE,KLINE,1,1.5,2.9788269271528748e-06,
PHBPHB 1500 SS,PHBPHB 1500-SS,1,1.5,2.9788269271528748e-06,
PHB1500 XS,567 - PHB1500-XS,1,1.5,2.9788269271528748e-06,
CS6U 35M,CS6U-35M,1,1.5,2.9788269271528748e-06,
AMERISOLAR AS 6P 320W,Amerisolar  AS - 6P 320W,3,1.5,2.9788269271528748e-06,
SUNNY BOY 1 5,Sunny Boy 1.5,1,1.5,2.9788269271528748e-06,
CS6U,cs6u,1,1.5,2.9788269271528748e-06,
OMNLK,OMNLK,1,1.5,2.9788269271528748e-06,
APSYTEMS YC500,Apsytems YC500,1,1.5,2.9788269271528748e-06,
RENOVISION,RENOVISION,1,1.5,2.9788269271528748e-06,
CS6W,CS6W,1,1.5,2.9788269271528748e-06,
OMINIK SOL,Ominik Sol,1,1.5,2.9788269271528748e-06,
SMA BRASI,SMA BRASI,1,1.5,2.9788269271528748e-06,
ECOPRO PRODUTOS SUSTENTAVEIS,Ecopro produtos sustentáveis,1,1.5,2.9788269271528748e-06,
BYC,BYC,1,1.5,2.9788269271528748e-06,
YD400MIK 36,YD400MIK-36,1,1.5,2.9788269271528748e-06,
GW1500 XS,728 - GW1500-XS,1,1.5,2.9788269271528748e-06,
NYFAN GFVI,Nyfan GFVI,1,1.5,2.9788269271528748e-06,
HOYMI,HOYMI,1,1.5,2.9788269271528748e-06,
ECORY,ecory,1,1.5,2.9788269271528748e-06,
PCH,PCH,1,1.5,2.9788269271528748e-06,
1 50,"1,50",1,1.5,2.9788269271528748e-06,
A P S YSTEMS,A P s ystems,1,1.5,2.9788269271528748e-06,
SOLAR LEADING GROUP LIMITED,Solar Leading Group Limited,1,1.5,2.9788269271528748e-06,
AP SYSTEMSQ,AP SYSTEMSQ,1,1.5,2.9788269271528748e-06,
GING LONG,GING LONG,1,1.5,2.9788269271528748e-06,
HYMILES M I 500,HYMILES M I - 500,1,1.5,2.9788269271528748e-06,
35B 330W,35B 330W,1,1.5,2.9788269271528748e-06,
HOYMILEHOYMILES,HOYMILEHOYMILES,1,1.5,2.9788269271528748e-06,
APP SYSTEM,APP SYSTEM,1,1.5,2.9788269271528748e-06,
XS,1500-XS,1,1.5,2.9788269271528748e-06,
HOUMILIS,houmilis,1,1.5,2.9788269271528748e-06,
GORWTT,gorwtt,1,1.5,2.9788269271528748e-06,
KSTA,KSTA,1,1.5,2.9788269271528748e-06,
SMA SUNY,SMA Suny,1,1.47,2.9192503886098173e-06,
STRING ON GRID,STRING ON-GRID,1,1.47,2.9192503886098173e-06,
SUN 3KG,Sun 3KG,1,1.42,2.819956157704721e-06,
SG60RS L,SG60RS-L,1,1.38,2.7405207729806446e-06,
MBTECH IND E COMELETRONICO DE SIST ELETRO LTDA,MBTECH IND E COMELETRONICO DE SIST ELETRO. LTDA,1,1.35,2.680944234437587e-06,
004648 2020,004648/2020,1,1.35,2.680944234437587e-06,
BYP,BYP,1,1.34,2.661085388256568e-06,
KAIDE NG ENERGY,KAIDE NG ENERGY,1,1.34,2.661085388256568e-06,
HMS 1600 4T,2100 - HMS-1600-4T,1,1.34,2.661085388256568e-06,
INTELBRAS E APSYSTEMS,Intelbrás e APSystems,1,1.32,2.6213676958945297e-06,
MBTECH INDUSTRIA LTDA,MBTECH INDUSTRIA LTDA,1,1.32,2.6213676958945297e-06,
SUN1300G US 220 PC,SUN1300G-US-220 (PC),1,1.3,2.5816500035324917e-06,
SUN 1300 G,SUN 1300 G,1,1.3,2.5816500035324917e-06,
LUXMAX SUN,LUXMAX SUN,1,1.3,2.5816500035324917e-06,
340W,340w,1,1.3,2.5816500035324917e-06,
H OYMILES,H OYMILES,2,1.2999999999999998,2.581650003532491e-06,
SB 1 5 1,SB 1.5-1,1,1.28,2.541932311170453e-06,
OMNIK NEL ENERGY,OMNIK NEL ENERGY,1,1.28,2.541932311170453e-06,
B B POWER SF1600 TL,B&B Power / SF1600 TL,1,1.25,2.4823557726273954e-06,
AP SYSTTEM,"AP Systtem,",1,1.24,2.4624969264463764e-06,
HOIMYLLES,Hoimylles,1,1.2,2.3830615417222995e-06,
BDM 600,BDM-600,1,1.2,2.3830615417222995e-06,
ML SOLAR,Ml solar,1,1.2,2.3830615417222995e-06,
HOYMILLER,HOYMILLER,1,1.2,2.3830615417222995e-06,
LITTON,LITTON,1,1.2,2.3830615417222995e-06,
APSISTENS,APsistens,1,1.2,2.3830615417222995e-06,
HOYMILLES 0,HOYMILLES | 0,1,1.2,2.3830615417222995e-06,
HM 1200T,HM-1200T,1,1.2,2.3830615417222995e-06,
APESISTEMS,Apesistems,1,1.2,2.3830615417222995e-06,
MICRO INVERSOR AP SYSTEM,MICRO INVERSOR AP SYSTEM,1,1.2,2.3830615417222995e-06,
MICRO INVERSOR MAYLAR,micro inversor Maylar,1,1.2,2.3830615417222995e-06,
325 00,"325,00",1,1.2,2.3830615417222995e-06,
NEOSOLAR M,NEOSOLAR M,1,1.2,2.3830615417222995e-06,
A DAH SOLARPSYSTEMS,A DAH SOLARPSYSTEMS,1,1.2,2.3830615417222995e-06,
CSOLAR,CSOLAR,1,1.2,2.3830615417222995e-06,
A SYSTEMS,A´SYSTEMS,1,1.2,2.3830615417222995e-06,
HOIMAYLES,HOIMAYLES,1,1.2,2.3830615417222995e-06,
ATO,ATO,1,1.2,2.3830615417222995e-06,
GOODWE FRONIUS SMA,GOODWE | FRONIUS | SMA,1,1.2,2.3830615417222995e-06,
APSYESTEMS,APSyestems,1,1.2,2.3830615417222995e-06,
HOYMI LES,hoymi-les,1,1.2,2.3830615417222995e-06,
ASYTEMS,Asytems,1,1.2,2.3830615417222995e-06,
OMNIK PINOTAGE 600 26 D,OMNIK PINOTAGE 600 26 D,1,1.2,2.3830615417222995e-06,
1 2,"1,2",1,1.2,2.3830615417222995e-06,
AS6P320W,AS6P320w,2,1.1600000000000001,2.3036261569982235e-06,
BENYI ZHELANG BENYI ELETRICAL CO LTD,"BENYI (ZHELANG BENYI ELETRICAL CO.,LTd)",2,1.16,2.303626156998223e-06,
FABRICANTE DO INVERSOR,Fabricante do Inversor,1,1.16,2.303626156998223e-06,
NTISOL,NTISOL,2,1.15,2.2837673108172037e-06,
SL320TU,SL320TU,1,1.14,2.2639084646361843e-06,
MINVDE MO 220V 2KW,MINVDE-MO-220V-2KW,1,1.12,2.2241907722741467e-06,
LEVER,LEVER,1,1.11,2.2043319260931277e-06,
INVERSOR RMI 2000 MICRO INVERSOR,Inversor: RMI 2000; Micro Inversor:,1,1.1,2.1844730799121082e-06,
TALESOL SUN,TALESOL SUN,1,1.1,2.1844730799121082e-06,
INTELBR S,INTELBR??S,2,1.1,2.1844730799121082e-06,
FOTLONGI 545W 35MM,FOTLONGI 545W (35MM),1,1.09,2.164614233731089e-06,
OHB,OHB,1,1.05,2.0851788490070124e-06,
GROWIT,GROWIT,1,1.05,2.0851788490070124e-06,
SOLAR CANDIAN 1 5 KW,SOLAR CANDIAN 1.5 KW,1,1.05,2.0851788490070124e-06,
APSYOTEMS,apsyotems,1,1.02,2.025602310463955e-06,
GENIX SOLAR POWER,GENIX SOLAR POWER,1,1.01,2.0057434642829355e-06,
GOLD,gold,1,1.0,1.9858846181019165e-06,
AUSOL,ausol,1,1.0,1.9858846181019165e-06,
ECOS 1000,ECOS 1000,1,1.0,1.9858846181019165e-06,
ELSYSELSYS,ELSYSELSYS,1,1.0,1.9858846181019165e-06,
RENO500 MASTER,RENO500 Master /,1,1.0,1.9858846181019165e-06,
SUN 2000 10KTL C0,SUN 2000-10KTL-C0,1,1.0,1.9858846181019165e-06,
98,98,1,1.0,1.9858846181019165e-06,
138,138,1,1.0,1.9858846181019165e-06,
INTELBRASMOD,intelbrasmod ,1,1.0,1.9858846181019165e-06,
SUOYANG SOLAR,Suoyang Solar,1,1.0,1.9858846181019165e-06,
AP SYSTEMS ALTERNERGY POWER,AP Systems – Alternergy Power,1,1.0,1.9858846181019165e-06,
34,34,1,1.0,1.9858846181019165e-06,
POWADOR 3002,POWADOR 3002,1,1.0,1.9858846181019165e-06,
INVERSOR LIVOLTE MICRO INVERSOR,Inversor: LIVOLTE; Micro Inversor:,1,1.0,1.9858846181019165e-06,
76,76,1,1.0,1.9858846181019165e-06,
33,33,1,1.0,1.9858846181019165e-06,
HOYSMILE,hoysmile,1,1.0,1.9858846181019165e-06,
AT SISTEM,AT SISTEM,1,1.0,1.9858846181019165e-06,
SMA SOLAR TCHNOLOGY AG,SMA SOLAR TCHNOLOGY AG,1,1.0,1.9858846181019165e-06,
NA O SE APLICA,nÃ o se aplica,1,1.0,1.9858846181019165e-06,
77,77,1,1.0,1.9858846181019165e-06,
NNN,nnn,1,1.0,1.9858846181019165e-06,
BYD35PHK 36,BYD35PHK-36,1,1.0,1.9858846181019165e-06,
7NHJ,7NHJ,1,1.0,1.9858846181019165e-06,
YC500 MX,YC500-MX,1,1.0,1.9858846181019165e-06,
29,29,1,1.0,1.9858846181019165e-06,
51,51,1,1.0,1.9858846181019165e-06,
86,86,1,1.0,1.9858846181019165e-06,
WFF,WFF,1,1.0,1.9858846181019165e-06,
23,23,1,1.0,1.9858846181019165e-06,
231,231,1,1.0,1.9858846181019165e-06,
84,84,1,1.0,1.9858846181019165e-06,
JAP72S01 335 SC,JAP72S01-335/SC,1,1.0,1.9858846181019165e-06,
54,54,1,1.0,1.9858846181019165e-06,
ECO1000PLUS,ECO1000PLUS,1,1.0,1.9858846181019165e-06,
L,L,1,1.0,1.9858846181019165e-06,
GERAC AO,Gerac ao ,1,1.0,1.9858846181019165e-06,
AMERISOLAR AS 6P320W,Amerisolar AS-6P320W,2,1.0,1.9858846181019165e-06,
42,42,1,1.0,1.9858846181019165e-06,
ECOS1000,ECOS1000,1,1.0,1.9858846181019165e-06,
MBTECH IND E CO DE SISTEMAS,MBTECH IND. E CO. DE SISTEMAS	,1,1.0,1.9858846181019165e-06,
PH,PH,1,1.0,1.9858846181019165e-06,
DEY5,DEY5,1,1.0,1.9858846181019165e-06,
INOCHSOL,INOCHSOL,1,1.0,1.9858846181019165e-06,
48,48,1,1.0,1.9858846181019165e-06,
204,204,1,1.0,1.9858846181019165e-06,
RONMOD,Ronmod,1,1.0,1.9858846181019165e-06,
SUNGROWMD,sungrowmd,1,1.0,1.9858846181019165e-06,
38,38,1,1.0,1.9858846181019165e-06,
NEO000,NEO000,1,1.0,1.9858846181019165e-06,
HAUAWRI,HAUAWRI,1,1.0,1.9858846181019165e-06,
NEPNORTHERN ELETRIC,NEPNORTHERN ELETRIC,1,1.0,1.9858846181019165e-06,
SOLAR MOD,solar mod,1,1.0,1.9858846181019165e-06,
192,192,1,1.0,1.9858846181019165e-06,
SAN,San ,1,1.0,1.9858846181019165e-06,
SUNGA 10K,sunga 10k,1,1.0,1.9858846181019165e-06,
R5 2K S1 15,R5-2K-S1-15,1,1.0,1.9858846181019165e-06,
GW6K,gw6k,1,1.0,1.9858846181019165e-06,
100,100,1,1.0,1.9858846181019165e-06,
125,125,1,1.0,1.9858846181019165e-06,
SYSTTEMS,Systtems,1,1.0,1.9858846181019165e-06,
MICRO INVERSOR ON GRID TIE,Micro Inversor On Grid Tie,1,1.0,1.9858846181019165e-06,
55,55,1,1.0,1.9858846181019165e-06,
MBTECH IND E COM DE SIST,MBTECH IND. E COM. DE SIST.,1,1.0,1.9858846181019165e-06,
APSYSMTEMS,APSysmtems,1,1.0,1.9858846181019165e-06,
SUNUNO TL 1 5 K,SUNUNO TL-1.5 K,1,1.0,1.9858846181019165e-06,
SOLAR EPIC,solar epic,1,1.0,1.9858846181019165e-06,
SOYO SOLAR, SOYO SOLAR,1,1.0,1.9858846181019165e-06,
10 5 KTLM G3,10.5 KTLM-G3,1,1.0,1.9858846181019165e-06,
SEGE,SEGE,2,0.99,1.9660257719208975e-06,
MBTECH INDUSTRIA,MBTECH INDUSTRIA,1,0.99,1.9660257719208975e-06,
ENECSYS,Enecsys,1,0.96,1.9064492333778398e-06,
DM585M10T B72HSWENPHASE ENERGY,DM585M10T-B72HSWEnphase Energy,1,0.94,1.8667315410158012e-06,
I ENERGY GT 260,i-Energy -GT-260,2,0.92,1.8270138486537632e-06,
INVERSOR BELENERGY 3KW MONO 220,Inversor Belenergy 3kW Mono 220,1,0.91,1.807155002472744e-06,
APYSIISTEM,APYSIistem,1,0.9,1.7872961562917248e-06,
INVERSOR APSYSTEM,Inversor Apsystem,1,0.9,1.7872961562917248e-06,
DELUXE,Deluxe,1,0.78,1.5489900021194948e-06,
AE CONVERSION,AE Conversion,2,0.77,1.5291311559384758e-06,
KAIDENG,KAIDENG,1,0.66,1.3106838479472649e-06,
DAH DHP 72 330,DAH DHP 72 330,1,0.66,1.3106838479472649e-06,
BMD,BMD,1,0.66,1.3106838479472649e-06,
PU620WNM101,PU620WNM101,1,0.62,1.2312484632231882e-06,
TITAN,TITAN,1,0.6,1.1915307708611498e-06,
ECOFORTE,ECOFORTE,1,0.6,1.1915307708611498e-06,
NORTHERN ELECTRI,Northern Electri,1,0.6,1.1915307708611498e-06,
AMERISOLAR AS 6P,AMERISOLAR AS-6P,1,0.6,1.1915307708611498e-06,
ORTHERN ELETRI,ORTHERN ELETRI,1,0.6,1.1915307708611498e-06,
SUN600G2 US 220,SUN600G2-US-220,1,0.6,1.1915307708611498e-06,
ALTERNENGY POWER SYSTEM INC,ALTERNENGY POWER SYSTEM INC,1,0.6,1.1915307708611498e-06,
EACH ENERGY SOLAR,EACH ENERGY SOLAR,1,0.59,1.1716719246801306e-06,
EASY ENERGY,Easy Energy,1,0.58,1.1518130784991116e-06,
NANCEN SOLAR,NANCEN SOLAR,1,0.57,1.1319542323180921e-06,
NANCEN,NANCEN,1,0.57,1.1319542323180921e-06,
CETRAL SOLAR,CETRAL SOLAR,1,0.57,1.1319542323180921e-06,
SOLAR EACH ENERGY,SOLAR EACH ENERGY,1,0.57,1.1319542323180921e-06,
HUAWEI TECHNOLOGIES CO LTDA WEG,Huawei Technologies Co. Ltda (WEG),1,0.56,1.1120953861370733e-06,
RENO560,RENO560,1,0.56,1.1120953861370733e-06,
INTELBRSA,Intelbrsa,1,0.56,1.1120953861370733e-06,
GINLONG TECHNOLOGY CO,Ginlong Technology Co,1,0.56,1.1120953861370733e-06,
ENGIL,ENGIL,1,0.56,1.1120953861370733e-06,
RS6 560ME3,RS6-560ME3,1,0.56,1.1120953861370733e-06,
CPS SCA 5K TL SM1 EU,CPS SCA 5k TL - SM1/EU,1,0.56,1.1120953861370733e-06,
EACH ENERGI,each energi,1,0.55,1.0922365399560541e-06,
KOMLOG IMPORTA O LTDA,KOMLOG IMPORTA????O LTDA,1,0.55,1.0922365399560541e-06,
AMERICO SOLAR,americo solar,1,0.55,1.0922365399560541e-06,
LEVANCE,LEVANCE,1,0.55,1.0922365399560541e-06,
TSUNTSOL M600,TSUNTSOL-M600,1,0.55,1.0922365399560541e-06,
NENSEN SOLAR,NENSEN SOLAR,1,0.55,1.0922365399560541e-06,
LIVOLTTEC,livolttec,1,0.55,1.0922365399560541e-06,
LICOLTEK,LICOLTEK,1,0.54,1.072377693775035e-06,
JAM72D30 540RENOVIGI,JAM72D30-540RENOVIGI,1,0.54,1.072377693775035e-06,
NET BDM,NET BDM,1,0.52,1.0326600014129965e-06,
DOONGGUAN MAYWAH ELETRONICS CO LTDA,DOONGGUAN MAYWAH ELETRONICS CO. LTDA,1,0.52,1.0326600014129965e-06,
Y SMART,Y Smart,1,0.5,9.929423090509583e-07,
YC500A 220 BR,YC500A 220 BR,1,0.5,9.929423090509583e-07,
JOYMILES,JOYMILES,1,0.5,9.929423090509583e-07,
PSYSTEM,PSYSTEM,1,0.5,9.929423090509583e-07,
SMP600,SMP600,1,0.5,9.929423090509583e-07,
AP SYSTMES,AP SYSTMES,1,0.5,9.929423090509583e-07,
MICROINVI RSOR RENO,MICROINVI RSOR RENO,1,0.5,9.929423090509583e-07,
SINTISOL,SIntisol,1,0.5,9.929423090509583e-07,
DEYES UN600G2 US 127,DEYES UN600G2-US-127,1,0.5,9.929423090509583e-07,
INTUSOL,Intusol,1,0.5,9.929423090509583e-07,
BLUESUN SOLAR,BLUESUN SOLAR,1,0.5,9.929423090509583e-07,
INTI,inti,1,0.5,9.929423090509583e-07,
AS 6P 320,AS-6P-320,1,0.5,9.929423090509583e-07,
OMNIKINTISOL,OmnikIntisol,1,0.5,9.929423090509583e-07,
INTESOL,INTESOL,1,0.5,9.929423090509583e-07,
AOSYSTEM,AoSystem,1,0.5,9.929423090509583e-07,
APS SYSTEMSC,APS Systemsc,1,0.5,9.929423090509583e-07,
NTISOL OMNIK,ntisol-Omnik	,1,0.5,9.929423090509583e-07,
APS MICROINVERTER,aps microinverter,1,0.5,9.929423090509583e-07,
SMP600 ISPV0 6O,"SMP600 (ISPV0,6O)",1,0.5,9.929423090509583e-07,
RIOSOLAR,RIOSOLAR,1,0.5,9.929423090509583e-07,
AS 6P330W,AS-6P330W,1,0.5,9.929423090509583e-07,
NORTHEN ELECTRIC E POWER INC,northen electric e power Inc,1,0.5,9.929423090509583e-07,
CS3Y 485W,CS3Y-485W,1,0.49,9.73083462869939e-07,
8000MTL S8000MTL S,8000MTL-S8000MTL-S,1,0.46,9.135069243268816e-07,
CS3W 450,CS3w-450,1,0.45,8.936480781458624e-07,
JKM440M 60HL4 V 440W TIGER PRO,JKM440M-60HL4-V 440W TIGER PRO,1,0.44,8.737892319648432e-07,
MIC300TL X,MIC300TL-X,1,0.41,8.142126934217856e-07,
PVS 100 TL SX2 FULL,PVS-100-TL-SX2-FULL,1,0.41,8.142126934217856e-07,
RSM 144 6 400M,RSM-144-6-400M,1,0.4,7.943538472407667e-07,
RENO 4 0,"RENO 4,0",1,0.37,7.347773086977091e-07,
BYD340W,BYD340W,1,0.34,6.752007701546516e-07,
3332771740,3332771740,1,0.33,6.553419239736324e-07,
GRID TIE INVERTER ECC,GRID TIE INVERTER ECC,1,0.26,5.163300007064982e-07,
CIDJD,cidjd,1,0.25,4.964711545254791e-07,
APSYSTESM,Apsystesm,1,0.25,4.964711545254791e-07,
KACO NEW ENERGY GMBH MODELO 12 0TL3,KACO new energy GmbH Modelo 12.0TL3,1,0.2,3.9717692362038336e-07,
INTI SOL,INTI SOL,1,0.05,9.929423090509584e-08,
11 7,"11,7",1,0.0,0.0,
